fondo,afp,mes,desviacion
A,BANSANDER,2008-02,0.001563
A,BANSANDER,2008-03,0.002100
A,CAPITAL,2011-03,0.001375
A,CAPITAL,2011-04,-0.000031
A,CAPITAL,2011-05,-0.000419
A,CAPITAL,2011-06,-0.000785
A,CAPITAL,2011-07,0.000653
A,CAPITAL,2011-08,0.000308
A,CAPITAL,2011-09,-0.000364
A,CAPITAL,2011-10,-0.006085
A,CAPITAL,2011-11,-0.008689
A,CAPITAL,2011-12,-0.011656
A,CAPITAL,2012-01,-0.010652
A,CAPITAL,2012-02,-0.010933
A,CAPITAL,2012-03,-0.009814
A,CAPITAL,2012-04,-0.007830
A,CAPITAL,2012-05,-0.007868
A,CAPITAL,2012-06,-0.007527
A,CAPITAL,2012-07,-0.006967
A,CAPITAL,2012-08,-0.007716
A,CAPITAL,2012-09,-0.008200
A,CAPITAL,2012-10,-0.008092
A,CAPITAL,2012-11,-0.007517
A,CAPITAL,2012-12,-0.006861
A,CAPITAL,2013-01,-0.007578
A,CAPITAL,2013-02,-0.006310
A,CAPITAL,2013-03,-0.005354
A,CAPITAL,2013-04,-0.006386
A,CAPITAL,2013-05,-0.004881
A,CAPITAL,2013-06,-0.005632
A,CAPITAL,2013-07,-0.004788
A,CAPITAL,2013-08,-0.005098
A,CAPITAL,2013-09,-0.004671
A,CAPITAL,2013-10,-0.003725
A,CAPITAL,2013-11,-0.003198
A,CAPITAL,2013-12,-0.003164
A,CAPITAL,2014-01,-0.003586
A,CAPITAL,2014-02,-0.003097
A,CAPITAL,2014-03,-0.002922
A,CAPITAL,2014-04,-0.003262
A,CAPITAL,2014-05,-0.003146
A,CAPITAL,2014-06,-0.003012
A,CAPITAL,2014-07,-0.002855
A,CAPITAL,2014-08,-0.002369
A,CAPITAL,2014-09,-0.003117
A,CAPITAL,2014-10,-0.002846
A,CAPITAL,2014-11,-0.001768
A,CAPITAL,2014-12,-0.001610
A,CAPITAL,2015-01,-0.000826
A,CAPITAL,2015-02,-0.000886
A,CAPITAL,2015-03,-0.000676
A,CAPITAL,2015-04,-0.001271
A,CAPITAL,2015-05,-0.001434
A,CAPITAL,2015-06,-0.000824
A,CAPITAL,2015-07,-0.000368
A,CAPITAL,2015-08,0.000043
A,CAPITAL,2015-09,-0.000814
A,CAPITAL,2015-10,-0.000762
A,CAPITAL,2015-11,-0.000439
A,CAPITAL,2015-12,-0.000459
A,CAPITAL,2016-01,-0.000438
A,CAPITAL,2016-02,-0.000841
A,CAPITAL,2016-03,-0.001964
A,CAPITAL,2016-04,-0.001026
A,CAPITAL,2016-05,-0.002194
A,CAPITAL,2016-06,-0.001353
A,CAPITAL,2016-07,-0.000961
A,CAPITAL,2016-08,-0.001353
A,CAPITAL,2016-09,-0.001576
A,CAPITAL,2016-10,-0.001217
A,CAPITAL,2016-11,-0.001261
A,CAPITAL,2016-12,-0.000572
A,CAPITAL,2017-01,-0.001047
A,CAPITAL,2017-02,-0.000559
A,CAPITAL,2017-03,0.000052
A,CAPITAL,2017-04,-0.000176
A,CAPITAL,2017-05,-0.000322
A,CAPITAL,2017-06,-0.000677
A,CAPITAL,2017-07,-0.000621
A,CAPITAL,2017-08,-0.000239
A,CAPITAL,2017-09,0.000366
A,CAPITAL,2017-10,-0.000074
A,CAPITAL,2017-11,-0.000862
A,CAPITAL,2017-12,0.000361
A,CAPITAL,2018-01,0.000222
A,CAPITAL,2018-02,0.000312
A,CAPITAL,2018-03,0.000268
A,CAPITAL,2018-04,0.000928
A,CAPITAL,2018-05,0.000496
A,CAPITAL,2018-06,0.000506
A,CAPITAL,2018-07,0.000247
A,CAPITAL,2018-08,-0.000219
A,CAPITAL,2018-09,0.000618
A,CAPITAL,2018-10,0.000373
A,CAPITAL,2018-11,0.000229
A,CAPITAL,2018-12,0.000738
A,CAPITAL,2019-01,0.000477
A,CAPITAL,2019-02,0.000680
A,CAPITAL,2019-03,0.001683
A,CAPITAL,2019-04,0.001430
A,CAPITAL,2019-05,0.002196
A,CAPITAL,2019-06,0.001697
A,CAPITAL,2019-07,0.001743
A,CAPITAL,2019-08,0.002716
A,CAPITAL,2019-09,0.003172
A,CAPITAL,2019-10,0.002045
A,CAPITAL,2019-11,0.000318
A,CAPITAL,2019-12,0.000302
A,CAPITAL,2020-01,0.001329
A,CAPITAL,2020-02,0.001777
A,CAPITAL,2020-03,0.000923
A,CAPITAL,2020-04,0.000441
A,CAPITAL,2020-05,0.000098
A,CAPITAL,2020-06,0.000264
A,CAPITAL,2020-07,0.000483
A,CAPITAL,2020-08,-0.000240
A,CAPITAL,2020-09,-0.001197
A,CAPITAL,2020-10,-0.001166
A,CAPITAL,2020-11,0.000305
A,CAPITAL,2020-12,0.000472
A,CAPITAL,2021-01,0.000597
A,CAPITAL,2021-02,0.000684
A,CAPITAL,2021-03,0.000624
A,CAPITAL,2021-04,0.000097
A,CAPITAL,2021-05,0.000616
A,CAPITAL,2021-06,0.000615
A,CAPITAL,2021-07,-0.000064
A,CAPITAL,2021-08,-0.000065
A,CAPITAL,2021-09,0.000012
A,CAPITAL,2021-10,0.000713
A,CAPITAL,2021-11,0.000548
A,CAPITAL,2021-12,0.000188
A,CAPITAL,2022-01,0.000270
A,CAPITAL,2022-02,0.000804
A,CAPITAL,2022-03,0.001636
A,CAPITAL,2022-04,0.002953
A,CAPITAL,2022-05,0.003314
A,CAPITAL,2022-06,0.003546
A,CAPITAL,2022-07,0.003668
A,CAPITAL,2022-08,0.002452
A,CAPITAL,2022-09,0.002909
A,CAPITAL,2022-10,0.003174
A,CAPITAL,2022-11,0.004167
A,CAPITAL,2022-12,0.003503
A,CAPITAL,2023-01,0.003003
A,CAPITAL,2023-02,0.002612
A,CAPITAL,2023-03,0.003048
A,CAPITAL,2023-04,0.003563
A,CAPITAL,2023-05,0.003859
A,CAPITAL,2023-06,0.004287
A,CAPITAL,2023-07,0.003377
A,CAPITAL,2023-08,0.003552
A,CAPITAL,2023-09,0.004696
A,CAPITAL,2023-10,0.004356
A,CAPITAL,2023-11,0.003523
A,CAPITAL,2023-12,0.002913
A,CAPITAL,2024-01,0.001286
A,CAPITAL,2024-02,0.001044
A,CAPITAL,2024-03,0.000418
A,CAPITAL,2024-04,0.000774
A,CAPITAL,2024-05,0.000693
A,CAPITAL,2024-06,0.000733
A,CAPITAL,2024-07,0.000787
A,CAPITAL,2024-08,0.001243
A,CAPITAL,2024-09,0.000095
A,CAPITAL,2024-10,-0.000365
A,CAPITAL,2024-11,-0.000094
A,CAPITAL,2024-12,0.000128
A,CAPITAL,2025-01,0.000052
A,CAPITAL,2025-02,-0.000071
A,CAPITAL,2025-03,-0.000297
A,CAPITAL,2025-04,-0.001115
A,CAPITAL,2025-05,-0.000941
A,CAPITAL,2025-06,-0.000884
A,CAPITAL,2025-07,-0.001485
A,CAPITAL,2025-08,-0.001187
A,CAPITAL,2025-09,-0.001442
A,CAPITAL,2025-10,-0.001231
A,CAPITAL,2025-11,-0.000710
A,CAPITAL,2025-12,0.000070
A,CAPITAL,2026-01,0.000576
A,CAPITAL,2026-02,0.000608
A,CAPITAL,2026-03,0.000873
A,CAPITAL,2026-04,0.001339
A,CAPITAL,2026-05,0.001401
A,CAPITAL,2026-06,0.000380
A,CAPITAL,2026-07,0.000875
A,CAPITAL,2026-08,0.001061
A,CUPRUM,2005-07,0.009530
A,CUPRUM,2005-08,0.009724
A,CUPRUM,2005-09,0.010588
A,CUPRUM,2005-10,0.010751
A,CUPRUM,2005-11,0.009476
A,CUPRUM,2005-12,0.006464
A,CUPRUM,2006-01,0.005776
A,CUPRUM,2006-02,0.006705
A,CUPRUM,2006-03,0.007449
A,CUPRUM,2006-04,0.007434
A,CUPRUM,2006-05,0.004275
A,CUPRUM,2006-06,0.005616
A,CUPRUM,2006-07,0.005372
A,CUPRUM,2006-08,0.005060
A,CUPRUM,2006-09,0.004310
A,CUPRUM,2006-10,0.004596
A,CUPRUM,2006-11,0.003557
A,CUPRUM,2006-12,0.002831
A,CUPRUM,2007-01,0.002197
A,CUPRUM,2007-02,0.001549
A,CUPRUM,2007-03,-0.000497
A,CUPRUM,2007-04,-0.001493
A,CUPRUM,2007-05,-0.001298
A,CUPRUM,2007-06,-0.002071
A,CUPRUM,2007-07,-0.002375
A,CUPRUM,2007-08,-0.001854
A,CUPRUM,2007-09,-0.004275
A,CUPRUM,2007-10,-0.005463
A,CUPRUM,2007-11,-0.005753
A,CUPRUM,2007-12,-0.005256
A,CUPRUM,2008-01,-0.006485
A,CUPRUM,2008-02,-0.006739
A,CUPRUM,2008-03,-0.005150
A,CUPRUM,2008-04,-0.005073
A,CUPRUM,2008-05,-0.005450
A,CUPRUM,2008-06,-0.004959
A,CUPRUM,2008-07,-0.006017
A,CUPRUM,2008-08,-0.006065
A,CUPRUM,2008-09,-0.004521
A,CUPRUM,2008-10,-0.010453
A,CUPRUM,2008-11,-0.008839
A,CUPRUM,2008-12,-0.007963
A,CUPRUM,2009-01,-0.006537
A,CUPRUM,2009-02,-0.007787
A,CUPRUM,2009-03,-0.007955
A,CUPRUM,2009-04,-0.007926
A,CUPRUM,2009-05,-0.010111
A,CUPRUM,2009-06,-0.010931
A,CUPRUM,2009-07,-0.011274
A,CUPRUM,2009-08,-0.011432
A,CUPRUM,2009-09,-0.011977
A,CUPRUM,2009-10,-0.010999
A,CUPRUM,2009-11,-0.011074
A,CUPRUM,2009-12,-0.010082
A,CUPRUM,2010-01,-0.008922
A,CUPRUM,2010-02,-0.008248
A,CUPRUM,2010-03,-0.008412
A,CUPRUM,2010-04,-0.008643
A,CUPRUM,2010-05,-0.007277
A,CUPRUM,2010-06,-0.005921
A,CUPRUM,2010-07,-0.005698
A,CUPRUM,2010-08,-0.005924
A,CUPRUM,2010-09,-0.005398
A,CUPRUM,2010-10,-0.004806
A,CUPRUM,2010-11,-0.003929
A,CUPRUM,2010-12,-0.004788
A,CUPRUM,2011-01,-0.002786
A,CUPRUM,2011-02,-0.002922
A,CUPRUM,2011-03,-0.004892
A,CUPRUM,2011-04,-0.005383
A,CUPRUM,2011-05,-0.005323
A,CUPRUM,2011-06,-0.005751
A,CUPRUM,2011-07,-0.004658
A,CUPRUM,2011-08,-0.003231
A,CUPRUM,2011-09,-0.004528
A,CUPRUM,2011-10,0.002522
A,CUPRUM,2011-11,0.002949
A,CUPRUM,2011-12,0.001310
A,CUPRUM,2012-01,0.000393
A,CUPRUM,2012-02,0.001611
A,CUPRUM,2012-03,0.002323
A,CUPRUM,2012-04,0.002340
A,CUPRUM,2012-05,0.004325
A,CUPRUM,2012-06,0.005213
A,CUPRUM,2012-07,0.004139
A,CUPRUM,2012-08,0.004216
A,CUPRUM,2012-09,0.004107
A,CUPRUM,2012-10,0.003617
A,CUPRUM,2012-11,0.004549
A,CUPRUM,2012-12,0.004121
A,CUPRUM,2013-01,0.004044
A,CUPRUM,2013-02,0.004421
A,CUPRUM,2013-03,0.004564
A,CUPRUM,2013-04,0.004624
A,CUPRUM,2013-05,0.002939
A,CUPRUM,2013-06,0.001697
A,CUPRUM,2013-07,0.001795
A,CUPRUM,2013-08,0.001423
A,CUPRUM,2013-09,0.002619
A,CUPRUM,2013-10,0.002623
A,CUPRUM,2013-11,0.002763
A,CUPRUM,2013-12,0.003537
A,CUPRUM,2014-01,0.002456
A,CUPRUM,2014-02,0.002978
A,CUPRUM,2014-03,0.003507
A,CUPRUM,2014-04,0.003425
A,CUPRUM,2014-05,0.003811
A,CUPRUM,2014-06,0.004189
A,CUPRUM,2014-07,0.004433
A,CUPRUM,2014-08,0.003458
A,CUPRUM,2014-09,0.004180
A,CUPRUM,2014-10,0.003648
A,CUPRUM,2014-11,0.002300
A,CUPRUM,2014-12,0.003068
A,CUPRUM,2015-01,0.003856
A,CUPRUM,2015-02,0.004182
A,CUPRUM,2015-03,0.004450
A,CUPRUM,2015-04,0.003894
A,CUPRUM,2015-05,0.003512
A,CUPRUM,2015-06,0.003059
A,CUPRUM,2015-07,0.003674
A,CUPRUM,2015-08,0.003861
A,CUPRUM,2015-09,0.003979
A,CUPRUM,2015-10,0.004400
A,CUPRUM,2015-11,0.004117
A,CUPRUM,2015-12,0.004190
A,CUPRUM,2016-01,0.003625
A,CUPRUM,2016-02,0.003809
A,CUPRUM,2016-03,0.003651
A,CUPRUM,2016-04,0.003724
A,CUPRUM,2016-05,0.003849
A,CUPRUM,2016-06,0.003552
A,CUPRUM,2016-07,0.003620
A,CUPRUM,2016-08,0.003867
A,CUPRUM,2016-09,0.003426
A,CUPRUM,2016-10,0.002989
A,CUPRUM,2016-11,0.003149
A,CUPRUM,2016-12,0.002857
A,CUPRUM,2017-01,0.002310
A,CUPRUM,2017-02,0.002224
A,CUPRUM,2017-03,0.002795
A,CUPRUM,2017-04,0.002786
A,CUPRUM,2017-05,0.002778
A,CUPRUM,2017-06,0.002956
A,CUPRUM,2017-07,0.002966
A,CUPRUM,2017-08,0.002370
A,CUPRUM,2017-09,0.002831
A,CUPRUM,2017-10,0.002855
A,CUPRUM,2017-11,0.002633
A,CUPRUM,2017-12,0.002790
A,CUPRUM,2018-01,0.002467
A,CUPRUM,2018-02,0.002000
A,CUPRUM,2018-03,0.001483
A,CUPRUM,2018-04,0.001826
A,CUPRUM,2018-05,0.001723
A,CUPRUM,2018-06,0.001735
A,CUPRUM,2018-07,0.001700
A,CUPRUM,2018-08,0.000785
A,CUPRUM,2018-09,0.001286
A,CUPRUM,2018-10,0.001242
A,CUPRUM,2018-11,0.001213
A,CUPRUM,2018-12,0.001700
A,CUPRUM,2019-01,0.000962
A,CUPRUM,2019-02,0.000439
A,CUPRUM,2019-03,0.000127
A,CUPRUM,2019-04,0.000056
A,CUPRUM,2019-05,0.000197
A,CUPRUM,2019-06,0.000400
A,CUPRUM,2019-07,0.000272
A,CUPRUM,2019-08,0.000182
A,CUPRUM,2019-09,-0.000031
A,CUPRUM,2019-10,-0.000272
A,CUPRUM,2019-11,-0.001190
A,CUPRUM,2019-12,-0.000813
A,CUPRUM,2020-01,-0.000966
A,CUPRUM,2020-02,-0.001269
A,CUPRUM,2020-03,-0.001407
A,CUPRUM,2020-04,-0.002671
A,CUPRUM,2020-05,-0.003083
A,CUPRUM,2020-06,-0.003943
A,CUPRUM,2020-07,-0.004005
A,CUPRUM,2020-08,-0.004518
A,CUPRUM,2020-09,-0.004546
A,CUPRUM,2020-10,-0.005317
A,CUPRUM,2020-11,-0.005342
A,CUPRUM,2020-12,-0.005139
A,CUPRUM,2021-01,-0.005705
A,CUPRUM,2021-02,-0.005159
A,CUPRUM,2021-03,-0.005405
A,CUPRUM,2021-04,-0.005034
A,CUPRUM,2021-05,-0.004227
A,CUPRUM,2021-06,-0.004006
A,CUPRUM,2021-07,-0.003920
A,CUPRUM,2021-08,-0.003475
A,CUPRUM,2021-09,-0.003200
A,CUPRUM,2021-10,-0.003166
A,CUPRUM,2021-11,-0.003580
A,CUPRUM,2021-12,-0.003303
A,CUPRUM,2022-01,-0.002808
A,CUPRUM,2022-02,-0.002230
A,CUPRUM,2022-03,-0.002276
A,CUPRUM,2022-04,-0.001749
A,CUPRUM,2022-05,-0.001718
A,CUPRUM,2022-06,-0.000823
A,CUPRUM,2022-07,-0.000229
A,CUPRUM,2022-08,-0.000436
A,CUPRUM,2022-09,0.000888
A,CUPRUM,2022-10,0.001197
A,CUPRUM,2022-11,0.000646
A,CUPRUM,2022-12,0.000414
A,CUPRUM,2023-01,0.000660
A,CUPRUM,2023-02,0.000894
A,CUPRUM,2023-03,0.000593
A,CUPRUM,2023-04,0.001341
A,CUPRUM,2023-05,0.001489
A,CUPRUM,2023-06,0.002288
A,CUPRUM,2023-07,0.001993
A,CUPRUM,2023-08,0.002994
A,CUPRUM,2023-09,0.003330
A,CUPRUM,2023-10,0.004321
A,CUPRUM,2023-11,0.003736
A,CUPRUM,2023-12,0.003290
A,CUPRUM,2024-01,0.003540
A,CUPRUM,2024-02,0.002976
A,CUPRUM,2024-03,0.002552
A,CUPRUM,2024-04,0.002003
A,CUPRUM,2024-05,0.001547
A,CUPRUM,2024-06,0.001355
A,CUPRUM,2024-07,0.000877
A,CUPRUM,2024-08,0.000921
A,CUPRUM,2024-09,0.000513
A,CUPRUM,2024-10,0.000670
A,CUPRUM,2024-11,0.001423
A,CUPRUM,2024-12,0.000652
A,CUPRUM,2025-01,0.001033
A,CUPRUM,2025-02,0.000578
A,CUPRUM,2025-03,0.001067
A,CUPRUM,2025-04,0.000791
A,CUPRUM,2025-05,0.000207
A,CUPRUM,2025-06,-0.000256
A,CUPRUM,2025-07,-0.000980
A,CUPRUM,2025-08,-0.000225
A,CUPRUM,2025-09,-0.001276
A,CUPRUM,2025-10,-0.001423
A,CUPRUM,2025-11,-0.000491
A,CUPRUM,2025-12,-0.000469
A,CUPRUM,2026-01,0.000617
A,CUPRUM,2026-02,0.000748
A,CUPRUM,2026-03,0.000376
A,CUPRUM,2026-04,0.001308
A,CUPRUM,2026-05,0.002409
A,CUPRUM,2026-06,0.002094
A,CUPRUM,2026-07,0.002575
A,CUPRUM,2026-08,0.001866
A,HABITAT,2005-07,-0.006511
A,HABITAT,2005-08,-0.007373
A,HABITAT,2005-09,-0.007027
A,HABITAT,2005-10,0.000106
A,HABITAT,2005-11,-0.001351
A,HABITAT,2005-12,-0.001384
A,HABITAT,2006-01,-0.003410
A,HABITAT,2006-02,-0.003673
A,HABITAT,2006-03,-0.003120
A,HABITAT,2006-04,-0.004831
A,HABITAT,2006-05,-0.003514
A,HABITAT,2006-06,-0.004261
A,HABITAT,2006-07,-0.004174
A,HABITAT,2006-08,-0.005328
A,HABITAT,2006-09,-0.003751
A,HABITAT,2006-10,-0.002727
A,HABITAT,2006-11,-0.002579
A,HABITAT,2006-12,-0.002017
A,HABITAT,2007-01,-0.001741
A,HABITAT,2007-02,-0.001880
A,HABITAT,2007-03,-0.002440
A,HABITAT,2007-04,-0.001860
A,HABITAT,2007-05,-0.003503
A,HABITAT,2007-06,-0.003915
A,HABITAT,2007-07,-0.004018
A,HABITAT,2007-08,-0.004597
A,HABITAT,2007-09,-0.005846
A,HABITAT,2007-10,-0.006211
A,HABITAT,2007-11,-0.005760
A,HABITAT,2007-12,-0.004471
A,HABITAT,2008-01,-0.002792
A,HABITAT,2008-02,-0.002584
A,HABITAT,2008-03,-0.000876
A,HABITAT,2008-04,-0.000665
A,HABITAT,2008-05,-0.001239
A,HABITAT,2008-06,-0.000169
A,HABITAT,2008-07,0.000566
A,HABITAT,2008-08,0.002085
A,HABITAT,2008-09,0.002181
A,HABITAT,2008-10,0.002629
A,HABITAT,2008-11,0.000942
A,HABITAT,2008-12,0.001580
A,HABITAT,2009-01,0.002643
A,HABITAT,2009-02,0.002945
A,HABITAT,2009-03,0.003347
A,HABITAT,2009-04,0.004561
A,HABITAT,2009-05,0.004968
A,HABITAT,2009-06,0.006387
A,HABITAT,2009-07,0.005992
A,HABITAT,2009-08,0.006605
A,HABITAT,2009-09,0.006219
A,HABITAT,2009-10,0.005699
A,HABITAT,2009-11,0.006952
A,HABITAT,2009-12,0.006633
A,HABITAT,2010-01,0.005795
A,HABITAT,2010-02,0.006490
A,HABITAT,2010-03,0.006789
A,HABITAT,2010-04,0.006459
A,HABITAT,2010-05,0.008132
A,HABITAT,2010-06,0.007676
A,HABITAT,2010-07,0.008533
A,HABITAT,2010-08,0.009062
A,HABITAT,2010-09,0.010122
A,HABITAT,2010-10,0.010061
A,HABITAT,2010-11,0.010684
A,HABITAT,2010-12,0.010156
A,HABITAT,2011-01,0.008594
A,HABITAT,2011-02,0.010448
A,HABITAT,2011-03,0.009006
A,HABITAT,2011-04,0.008689
A,HABITAT,2011-05,0.008641
A,HABITAT,2011-06,0.008037
A,HABITAT,2011-07,0.007875
A,HABITAT,2011-08,0.007118
A,HABITAT,2011-09,0.006793
A,HABITAT,2011-10,0.007469
A,HABITAT,2011-11,0.011385
A,HABITAT,2011-12,0.011551
A,HABITAT,2012-01,0.011979
A,HABITAT,2012-02,0.011582
A,HABITAT,2012-03,0.011244
A,HABITAT,2012-04,0.011043
A,HABITAT,2012-05,0.010332
A,HABITAT,2012-06,0.009223
A,HABITAT,2012-07,0.009169
A,HABITAT,2012-08,0.008400
A,HABITAT,2012-09,0.007736
A,HABITAT,2012-10,0.008015
A,HABITAT,2012-11,0.006805
A,HABITAT,2012-12,0.006594
A,HABITAT,2013-01,0.007654
A,HABITAT,2013-02,0.007082
A,HABITAT,2013-03,0.006730
A,HABITAT,2013-04,0.007523
A,HABITAT,2013-05,0.005766
A,HABITAT,2013-06,0.006272
A,HABITAT,2013-07,0.005771
A,HABITAT,2013-08,0.005159
A,HABITAT,2013-09,0.004851
A,HABITAT,2013-10,0.005028
A,HABITAT,2013-11,0.004898
A,HABITAT,2013-12,0.004473
A,HABITAT,2014-01,0.005220
A,HABITAT,2014-02,0.004241
A,HABITAT,2014-03,0.003832
A,HABITAT,2014-04,0.003796
A,HABITAT,2014-05,0.003386
A,HABITAT,2014-06,0.003312
A,HABITAT,2014-07,0.003415
A,HABITAT,2014-08,0.003573
A,HABITAT,2014-09,0.003939
A,HABITAT,2014-10,0.002663
A,HABITAT,2014-11,0.001692
A,HABITAT,2014-12,0.002308
A,HABITAT,2015-01,0.002255
A,HABITAT,2015-02,0.002010
A,HABITAT,2015-03,0.001308
A,HABITAT,2015-04,0.000595
A,HABITAT,2015-05,0.000943
A,HABITAT,2015-06,0.002067
A,HABITAT,2015-07,0.002477
A,HABITAT,2015-08,0.002826
A,HABITAT,2015-09,0.003361
A,HABITAT,2015-10,0.003099
A,HABITAT,2015-11,0.003522
A,HABITAT,2015-12,0.003630
A,HABITAT,2016-01,0.002219
A,HABITAT,2016-02,0.002583
A,HABITAT,2016-03,0.003190
A,HABITAT,2016-04,0.002769
A,HABITAT,2016-05,0.003070
A,HABITAT,2016-06,0.002484
A,HABITAT,2016-07,0.002855
A,HABITAT,2016-08,0.003108
A,HABITAT,2016-09,0.003448
A,HABITAT,2016-10,0.003828
A,HABITAT,2016-11,0.004439
A,HABITAT,2016-12,0.005018
A,HABITAT,2017-01,0.005356
A,HABITAT,2017-02,0.005046
A,HABITAT,2017-03,0.005167
A,HABITAT,2017-04,0.005398
A,HABITAT,2017-05,0.006053
A,HABITAT,2017-06,0.006322
A,HABITAT,2017-07,0.006195
A,HABITAT,2017-08,0.006409
A,HABITAT,2017-09,0.006602
A,HABITAT,2017-10,0.006753
A,HABITAT,2017-11,0.006907
A,HABITAT,2017-12,0.006879
A,HABITAT,2018-01,0.006197
A,HABITAT,2018-02,0.006185
A,HABITAT,2018-03,0.006145
A,HABITAT,2018-04,0.006204
A,HABITAT,2018-05,0.006703
A,HABITAT,2018-06,0.006512
A,HABITAT,2018-07,0.005761
A,HABITAT,2018-08,0.005744
A,HABITAT,2018-09,0.005981
A,HABITAT,2018-10,0.005637
A,HABITAT,2018-11,0.005453
A,HABITAT,2018-12,0.005381
A,HABITAT,2019-01,0.005434
A,HABITAT,2019-02,0.005063
A,HABITAT,2019-03,0.004072
A,HABITAT,2019-04,0.003833
A,HABITAT,2019-05,0.003747
A,HABITAT,2019-06,0.003744
A,HABITAT,2019-07,0.003720
A,HABITAT,2019-08,0.003347
A,HABITAT,2019-09,0.002954
A,HABITAT,2019-10,0.003104
A,HABITAT,2019-11,0.001143
A,HABITAT,2019-12,-0.000606
A,HABITAT,2020-01,0.000083
A,HABITAT,2020-02,0.000151
A,HABITAT,2020-03,0.001888
A,HABITAT,2020-04,0.000606
A,HABITAT,2020-05,-0.000207
A,HABITAT,2020-06,-0.002062
A,HABITAT,2020-07,-0.002415
A,HABITAT,2020-08,-0.002028
A,HABITAT,2020-09,-0.001443
A,HABITAT,2020-10,-0.000898
A,HABITAT,2020-11,-0.002216
A,HABITAT,2020-12,-0.002247
A,HABITAT,2021-01,-0.002313
A,HABITAT,2021-02,-0.001714
A,HABITAT,2021-03,-0.001888
A,HABITAT,2021-04,-0.002117
A,HABITAT,2021-05,-0.003921
A,HABITAT,2021-06,-0.004678
A,HABITAT,2021-07,-0.003834
A,HABITAT,2021-08,-0.002336
A,HABITAT,2021-09,-0.002853
A,HABITAT,2021-10,-0.002320
A,HABITAT,2021-11,-0.001683
A,HABITAT,2021-12,-0.002385
A,HABITAT,2022-01,-0.001432
A,HABITAT,2022-02,-0.000944
A,HABITAT,2022-03,-0.000804
A,HABITAT,2022-04,-0.000062
A,HABITAT,2022-05,0.000298
A,HABITAT,2022-06,0.000349
A,HABITAT,2022-07,0.000577
A,HABITAT,2022-08,0.000251
A,HABITAT,2022-09,0.001408
A,HABITAT,2022-10,0.000796
A,HABITAT,2022-11,0.000815
A,HABITAT,2022-12,0.001436
A,HABITAT,2023-01,0.001804
A,HABITAT,2023-02,0.001502
A,HABITAT,2023-03,0.000015
A,HABITAT,2023-04,0.000971
A,HABITAT,2023-05,0.002206
A,HABITAT,2023-06,0.002932
A,HABITAT,2023-07,0.003529
A,HABITAT,2023-08,0.003308
A,HABITAT,2023-09,0.002604
A,HABITAT,2023-10,0.001765
A,HABITAT,2023-11,0.002065
A,HABITAT,2023-12,0.001781
A,HABITAT,2024-01,0.002392
A,HABITAT,2024-02,0.001920
A,HABITAT,2024-03,0.001976
A,HABITAT,2024-04,0.001482
A,HABITAT,2024-05,0.002804
A,HABITAT,2024-06,0.003060
A,HABITAT,2024-07,0.002870
A,HABITAT,2024-08,0.001628
A,HABITAT,2024-09,0.001727
A,HABITAT,2024-10,0.001783
A,HABITAT,2024-11,0.001661
A,HABITAT,2024-12,0.002834
A,HABITAT,2025-01,0.002210
A,HABITAT,2025-02,0.001881
A,HABITAT,2025-03,0.001975
A,HABITAT,2025-04,0.001483
A,HABITAT,2025-05,0.001238
A,HABITAT,2025-06,0.000996
A,HABITAT,2025-07,0.000561
A,HABITAT,2025-08,0.001109
A,HABITAT,2025-09,-0.000003
A,HABITAT,2025-10,0.000508
A,HABITAT,2025-11,0.001597
A,HABITAT,2025-12,0.002517
A,HABITAT,2026-01,0.000900
A,HABITAT,2026-02,0.001262
A,HABITAT,2026-03,0.001093
A,HABITAT,2026-04,0.000379
A,HABITAT,2026-05,-0.001025
A,HABITAT,2026-06,-0.001577
A,HABITAT,2026-07,-0.002866
A,HABITAT,2026-08,-0.003578
A,MODELO,2013-08,-0.003715
A,MODELO,2013-09,0.003367
A,MODELO,2013-10,0.003942
A,MODELO,2013-11,0.003901
A,MODELO,2013-12,0.005278
A,MODELO,2014-01,0.005437
A,MODELO,2014-02,0.005439
A,MODELO,2014-03,0.005472
A,MODELO,2014-04,0.006838
A,MODELO,2014-05,0.005642
A,MODELO,2014-06,0.003979
A,MODELO,2014-07,0.005124
A,MODELO,2014-08,0.003878
A,MODELO,2014-09,0.001367
A,MODELO,2014-10,-0.001559
A,MODELO,2014-11,-0.002131
A,MODELO,2014-12,-0.003080
A,MODELO,2015-01,-0.003411
A,MODELO,2015-02,-0.003012
A,MODELO,2015-03,-0.002797
A,MODELO,2015-04,-0.003659
A,MODELO,2015-05,-0.002371
A,MODELO,2015-06,-0.002915
A,MODELO,2015-07,-0.004762
A,MODELO,2015-08,-0.005051
A,MODELO,2015-09,-0.004560
A,MODELO,2015-10,-0.003240
A,MODELO,2015-11,-0.003027
A,MODELO,2015-12,-0.002739
A,MODELO,2016-01,-0.002815
A,MODELO,2016-02,-0.001687
A,MODELO,2016-03,0.000400
A,MODELO,2016-04,0.001535
A,MODELO,2016-05,0.001501
A,MODELO,2016-06,0.001949
A,MODELO,2016-07,0.002112
A,MODELO,2016-08,0.001727
A,MODELO,2016-09,0.000284
A,MODELO,2016-10,0.000573
A,MODELO,2016-11,0.000960
A,MODELO,2016-12,0.001807
A,MODELO,2017-01,0.002703
A,MODELO,2017-02,0.003541
A,MODELO,2017-03,0.002406
A,MODELO,2017-04,0.002180
A,MODELO,2017-05,0.002119
A,MODELO,2017-06,0.002430
A,MODELO,2017-07,0.002456
A,MODELO,2017-08,0.002831
A,MODELO,2017-09,0.002143
A,MODELO,2017-10,0.003054
A,MODELO,2017-11,0.004105
A,MODELO,2017-12,0.002589
A,MODELO,2018-01,0.003894
A,MODELO,2018-02,0.002440
A,MODELO,2018-03,0.001256
A,MODELO,2018-04,0.001603
A,MODELO,2018-05,0.001014
A,MODELO,2018-06,0.000109
A,MODELO,2018-07,0.001449
A,MODELO,2018-08,0.002869
A,MODELO,2018-09,0.002678
A,MODELO,2018-10,0.001729
A,MODELO,2018-11,0.002129
A,MODELO,2018-12,0.000552
A,MODELO,2019-01,0.002025
A,MODELO,2019-02,0.002091
A,MODELO,2019-03,0.000696
A,MODELO,2019-04,0.000249
A,MODELO,2019-05,-0.000635
A,MODELO,2019-06,-0.000687
A,MODELO,2019-07,-0.001621
A,MODELO,2019-08,-0.002099
A,MODELO,2019-09,-0.002285
A,MODELO,2019-10,-0.002539
A,MODELO,2019-11,-0.002765
A,MODELO,2019-12,-0.003127
A,MODELO,2020-01,-0.004211
A,MODELO,2020-02,-0.005812
A,MODELO,2020-03,-0.007690
A,MODELO,2020-04,-0.007049
A,MODELO,2020-05,-0.005898
A,MODELO,2020-06,-0.005580
A,MODELO,2020-07,-0.005672
A,MODELO,2020-08,-0.005223
A,MODELO,2020-09,-0.005406
A,MODELO,2020-10,-0.005585
A,MODELO,2020-11,-0.005869
A,MODELO,2020-12,-0.005041
A,MODELO,2021-01,-0.004460
A,MODELO,2021-02,-0.004004
A,MODELO,2021-03,-0.002971
A,MODELO,2021-04,-0.003420
A,MODELO,2021-05,-0.003220
A,MODELO,2021-06,-0.002309
A,MODELO,2021-07,-0.003507
A,MODELO,2021-08,-0.005217
A,MODELO,2021-09,-0.004644
A,MODELO,2021-10,-0.003765
A,MODELO,2021-11,-0.004321
A,MODELO,2021-12,-0.002223
A,MODELO,2022-01,-0.003988
A,MODELO,2022-02,-0.004930
A,MODELO,2022-03,-0.004932
A,MODELO,2022-04,-0.006161
A,MODELO,2022-05,-0.005630
A,MODELO,2022-06,-0.007048
A,MODELO,2022-07,-0.005505
A,MODELO,2022-08,-0.005151
A,MODELO,2022-09,-0.006571
A,MODELO,2022-10,-0.006828
A,MODELO,2022-11,-0.006429
A,MODELO,2022-12,-0.006723
A,MODELO,2023-01,-0.005846
A,MODELO,2023-02,-0.004498
A,MODELO,2023-03,-0.002238
A,MODELO,2023-04,-0.002939
A,MODELO,2023-05,-0.003530
A,MODELO,2023-06,-0.003558
A,MODELO,2023-07,-0.002506
A,MODELO,2023-08,-0.002664
A,MODELO,2023-09,-0.002033
A,MODELO,2023-10,-0.002350
A,MODELO,2023-11,-0.003252
A,MODELO,2023-12,-0.002846
A,MODELO,2024-01,-0.002652
A,MODELO,2024-02,-0.001784
A,MODELO,2024-03,-0.001663
A,MODELO,2024-04,-0.001456
A,MODELO,2024-05,-0.001367
A,MODELO,2024-06,-0.001257
A,MODELO,2024-07,-0.000561
A,MODELO,2024-08,0.000062
A,MODELO,2024-09,0.000377
A,MODELO,2024-10,0.000144
A,MODELO,2024-11,0.000243
A,MODELO,2024-12,-0.000425
A,MODELO,2025-01,0.000641
A,MODELO,2025-02,0.000338
A,MODELO,2025-03,-0.000175
A,MODELO,2025-04,0.000644
A,MODELO,2025-05,0.000497
A,MODELO,2025-06,0.001852
A,MODELO,2025-07,0.000751
A,MODELO,2025-08,0.001117
A,MODELO,2025-09,0.002874
A,MODELO,2025-10,0.002896
A,MODELO,2025-11,0.001447
A,MODELO,2025-12,0.001022
A,MODELO,2026-01,-0.000067
A,MODELO,2026-02,-0.000069
A,MODELO,2026-03,0.001045
A,MODELO,2026-04,0.000758
A,MODELO,2026-05,0.000176
A,MODELO,2026-06,0.000046
A,MODELO,2026-07,-0.000869
A,MODELO,2026-08,-0.000967
A,PLANVITAL,2005-07,-0.024396
A,PLANVITAL,2005-08,-0.024837
A,PLANVITAL,2005-09,-0.026688
A,PLANVITAL,2005-10,-0.024375
A,PLANVITAL,2005-11,-0.028847
A,PLANVITAL,2005-12,-0.030175
A,PLANVITAL,2006-01,-0.029101
A,PLANVITAL,2006-02,-0.029550
A,PLANVITAL,2006-03,-0.027931
A,PLANVITAL,2006-04,-0.027389
A,PLANVITAL,2006-05,-0.026461
A,PLANVITAL,2006-06,-0.025734
A,PLANVITAL,2006-07,-0.025694
A,PLANVITAL,2006-08,-0.025823
A,PLANVITAL,2006-09,-0.025964
A,PLANVITAL,2006-10,-0.024380
A,PLANVITAL,2006-11,-0.024355
A,PLANVITAL,2006-12,-0.022767
A,PLANVITAL,2007-01,-0.020820
A,PLANVITAL,2007-02,-0.020731
A,PLANVITAL,2007-03,-0.000859
A,PLANVITAL,2007-04,-0.001983
A,PLANVITAL,2007-05,-0.003173
A,PLANVITAL,2007-06,-0.004160
A,PLANVITAL,2007-07,-0.005032
A,PLANVITAL,2007-08,-0.004298
A,PLANVITAL,2007-09,-0.007810
A,PLANVITAL,2007-10,-0.009469
A,PLANVITAL,2007-11,-0.008387
A,PLANVITAL,2007-12,-0.006981
A,PLANVITAL,2008-01,-0.010543
A,PLANVITAL,2008-02,-0.009665
A,PLANVITAL,2008-03,-0.011918
A,PLANVITAL,2008-04,-0.009222
A,PLANVITAL,2008-05,-0.006827
A,PLANVITAL,2008-06,-0.005896
A,PLANVITAL,2008-07,-0.007575
A,PLANVITAL,2008-08,-0.006809
A,PLANVITAL,2008-09,-0.002744
A,PLANVITAL,2008-10,0.000197
A,PLANVITAL,2008-11,0.002479
A,PLANVITAL,2008-12,0.003491
A,PLANVITAL,2009-01,0.001537
A,PLANVITAL,2009-02,-0.000565
A,PLANVITAL,2009-03,0.000657
A,PLANVITAL,2009-04,0.003218
A,PLANVITAL,2009-05,0.005165
A,PLANVITAL,2009-06,0.005831
A,PLANVITAL,2009-07,0.004887
A,PLANVITAL,2009-08,0.002724
A,PLANVITAL,2009-09,0.001903
A,PLANVITAL,2009-10,0.002228
A,PLANVITAL,2009-11,0.003529
A,PLANVITAL,2009-12,0.002429
A,PLANVITAL,2010-01,0.000571
A,PLANVITAL,2010-02,-0.000394
A,PLANVITAL,2010-03,-0.000237
A,PLANVITAL,2010-04,-0.000089
A,PLANVITAL,2010-05,0.000308
A,PLANVITAL,2010-06,0.000004
A,PLANVITAL,2010-07,0.001660
A,PLANVITAL,2010-08,0.002311
A,PLANVITAL,2010-09,0.006007
A,PLANVITAL,2010-10,0.007056
A,PLANVITAL,2010-11,0.006897
A,PLANVITAL,2010-12,0.006759
A,PLANVITAL,2011-01,0.010333
A,PLANVITAL,2011-02,0.007996
A,PLANVITAL,2011-03,0.011402
A,PLANVITAL,2011-04,0.010235
A,PLANVITAL,2011-05,0.007923
A,PLANVITAL,2011-06,0.007593
A,PLANVITAL,2011-07,0.009741
A,PLANVITAL,2011-08,0.009885
A,PLANVITAL,2011-09,0.005541
A,PLANVITAL,2011-10,0.005909
A,PLANVITAL,2011-11,0.002181
A,PLANVITAL,2011-12,0.002059
A,PLANVITAL,2012-01,0.005662
A,PLANVITAL,2012-02,0.009501
A,PLANVITAL,2012-03,0.007399
A,PLANVITAL,2012-04,0.005300
A,PLANVITAL,2012-05,0.003282
A,PLANVITAL,2012-06,0.001443
A,PLANVITAL,2012-07,0.003386
A,PLANVITAL,2012-08,0.005941
A,PLANVITAL,2012-09,0.006228
A,PLANVITAL,2012-10,0.005050
A,PLANVITAL,2012-11,0.004122
A,PLANVITAL,2012-12,0.003431
A,PLANVITAL,2013-01,0.005054
A,PLANVITAL,2013-02,0.005314
A,PLANVITAL,2013-03,0.005143
A,PLANVITAL,2013-04,0.005302
A,PLANVITAL,2013-05,0.006917
A,PLANVITAL,2013-06,0.008321
A,PLANVITAL,2013-07,0.007764
A,PLANVITAL,2013-08,0.007815
A,PLANVITAL,2013-09,0.007115
A,PLANVITAL,2013-10,0.006870
A,PLANVITAL,2013-11,0.006769
A,PLANVITAL,2013-12,0.006687
A,PLANVITAL,2014-01,0.006361
A,PLANVITAL,2014-02,0.007798
A,PLANVITAL,2014-03,0.006280
A,PLANVITAL,2014-04,0.005508
A,PLANVITAL,2014-05,0.005626
A,PLANVITAL,2014-06,0.005653
A,PLANVITAL,2014-07,0.005078
A,PLANVITAL,2014-08,0.004521
A,PLANVITAL,2014-09,0.005691
A,PLANVITAL,2014-10,0.002638
A,PLANVITAL,2014-11,0.003710
A,PLANVITAL,2014-12,0.003084
A,PLANVITAL,2015-01,0.000623
A,PLANVITAL,2015-02,0.000115
A,PLANVITAL,2015-03,-0.000524
A,PLANVITAL,2015-04,-0.001197
A,PLANVITAL,2015-05,-0.002193
A,PLANVITAL,2015-06,-0.001928
A,PLANVITAL,2015-07,-0.003849
A,PLANVITAL,2015-08,-0.004283
A,PLANVITAL,2015-09,-0.002864
A,PLANVITAL,2015-10,-0.002677
A,PLANVITAL,2015-11,-0.002989
A,PLANVITAL,2015-12,-0.002472
A,PLANVITAL,2016-01,-0.002340
A,PLANVITAL,2016-02,-0.003661
A,PLANVITAL,2016-03,-0.003842
A,PLANVITAL,2016-04,-0.003838
A,PLANVITAL,2016-05,-0.005092
A,PLANVITAL,2016-06,-0.005885
A,PLANVITAL,2016-07,-0.007264
A,PLANVITAL,2016-08,-0.007436
A,PLANVITAL,2016-09,-0.007378
A,PLANVITAL,2016-10,-0.007554
A,PLANVITAL,2016-11,-0.006935
A,PLANVITAL,2016-12,-0.006859
A,PLANVITAL,2017-01,-0.007131
A,PLANVITAL,2017-02,-0.008010
A,PLANVITAL,2017-03,-0.008043
A,PLANVITAL,2017-04,-0.008343
A,PLANVITAL,2017-05,-0.007746
A,PLANVITAL,2017-06,-0.008150
A,PLANVITAL,2017-07,-0.007716
A,PLANVITAL,2017-08,-0.007523
A,PLANVITAL,2017-09,-0.007626
A,PLANVITAL,2017-10,-0.008381
A,PLANVITAL,2017-11,-0.007765
A,PLANVITAL,2017-12,-0.007660
A,PLANVITAL,2018-01,-0.007310
A,PLANVITAL,2018-02,-0.007099
A,PLANVITAL,2018-03,-0.006640
A,PLANVITAL,2018-04,-0.006528
A,PLANVITAL,2018-05,-0.005727
A,PLANVITAL,2018-06,-0.005480
A,PLANVITAL,2018-07,-0.004606
A,PLANVITAL,2018-08,-0.005020
A,PLANVITAL,2018-09,-0.006047
A,PLANVITAL,2018-10,-0.005798
A,PLANVITAL,2018-11,-0.005727
A,PLANVITAL,2018-12,-0.005029
A,PLANVITAL,2019-01,-0.005462
A,PLANVITAL,2019-02,-0.004544
A,PLANVITAL,2019-03,-0.003904
A,PLANVITAL,2019-04,-0.003938
A,PLANVITAL,2019-05,-0.004397
A,PLANVITAL,2019-06,-0.004127
A,PLANVITAL,2019-07,-0.003665
A,PLANVITAL,2019-08,-0.004106
A,PLANVITAL,2019-09,-0.004296
A,PLANVITAL,2019-10,-0.003862
A,PLANVITAL,2019-11,-0.004588
A,PLANVITAL,2019-12,-0.004028
A,PLANVITAL,2020-01,-0.004377
A,PLANVITAL,2020-02,-0.003428
A,PLANVITAL,2020-03,-0.001689
A,PLANVITAL,2020-04,-0.001634
A,PLANVITAL,2020-05,-0.003055
A,PLANVITAL,2020-06,-0.002892
A,PLANVITAL,2020-07,-0.003216
A,PLANVITAL,2020-08,-0.004116
A,PLANVITAL,2020-09,-0.003860
A,PLANVITAL,2020-10,-0.003627
A,PLANVITAL,2020-11,-0.004116
A,PLANVITAL,2020-12,-0.003504
A,PLANVITAL,2021-01,-0.003272
A,PLANVITAL,2021-02,-0.003851
A,PLANVITAL,2021-03,-0.004046
A,PLANVITAL,2021-04,-0.004002
A,PLANVITAL,2021-05,-0.004077
A,PLANVITAL,2021-06,-0.004159
A,PLANVITAL,2021-07,-0.003792
A,PLANVITAL,2021-08,-0.003197
A,PLANVITAL,2021-09,-0.002363
A,PLANVITAL,2021-10,-0.001988
A,PLANVITAL,2021-11,-0.001534
A,PLANVITAL,2021-12,-0.001801
A,PLANVITAL,2022-01,-0.000472
A,PLANVITAL,2022-02,0.000256
A,PLANVITAL,2022-03,0.000763
A,PLANVITAL,2022-04,0.001144
A,PLANVITAL,2022-05,0.001844
A,PLANVITAL,2022-06,0.002173
A,PLANVITAL,2022-07,0.001884
A,PLANVITAL,2022-08,0.002488
A,PLANVITAL,2022-09,0.002682
A,PLANVITAL,2022-10,0.003207
A,PLANVITAL,2022-11,0.002535
A,PLANVITAL,2022-12,0.002285
A,PLANVITAL,2023-01,0.002189
A,PLANVITAL,2023-02,0.002361
A,PLANVITAL,2023-03,0.001095
A,PLANVITAL,2023-04,0.001383
A,PLANVITAL,2023-05,0.002814
A,PLANVITAL,2023-06,0.002266
A,PLANVITAL,2023-07,0.002905
A,PLANVITAL,2023-08,0.003891
A,PLANVITAL,2023-09,0.004740
A,PLANVITAL,2023-10,0.005293
A,PLANVITAL,2023-11,0.005062
A,PLANVITAL,2023-12,0.003672
A,PLANVITAL,2024-01,0.003825
A,PLANVITAL,2024-02,0.004823
A,PLANVITAL,2024-03,0.005288
A,PLANVITAL,2024-04,0.005513
A,PLANVITAL,2024-05,0.004933
A,PLANVITAL,2024-06,0.004336
A,PLANVITAL,2024-07,0.003819
A,PLANVITAL,2024-08,0.003298
A,PLANVITAL,2024-09,0.002429
A,PLANVITAL,2024-10,0.001852
A,PLANVITAL,2024-11,0.001262
A,PLANVITAL,2024-12,0.001614
A,PLANVITAL,2025-01,0.000872
A,PLANVITAL,2025-02,0.001282
A,PLANVITAL,2025-03,0.000932
A,PLANVITAL,2025-04,0.001011
A,PLANVITAL,2025-05,0.000643
A,PLANVITAL,2025-06,0.000293
A,PLANVITAL,2025-07,0.000884
A,PLANVITAL,2025-08,0.000654
A,PLANVITAL,2025-09,0.000401
A,PLANVITAL,2025-10,0.000268
A,PLANVITAL,2025-11,0.001262
A,PLANVITAL,2025-12,0.001100
A,PLANVITAL,2026-01,0.001116
A,PLANVITAL,2026-02,0.000875
A,PLANVITAL,2026-03,0.000949
A,PLANVITAL,2026-04,0.001015
A,PLANVITAL,2026-05,0.001000
A,PLANVITAL,2026-06,0.001458
A,PLANVITAL,2026-07,0.001426
A,PLANVITAL,2026-08,0.001485
A,PROVIDA,2005-07,0.010915
A,PROVIDA,2005-08,0.011397
A,PROVIDA,2005-09,0.011922
A,PROVIDA,2005-10,0.004416
A,PROVIDA,2005-11,0.008808
A,PROVIDA,2005-12,0.007174
A,PROVIDA,2006-01,0.009402
A,PROVIDA,2006-02,0.008961
A,PROVIDA,2006-03,0.008174
A,PROVIDA,2006-04,0.008317
A,PROVIDA,2006-05,0.007557
A,PROVIDA,2006-06,0.007500
A,PROVIDA,2006-07,0.007807
A,PROVIDA,2006-08,0.008825
A,PROVIDA,2006-09,0.007522
A,PROVIDA,2006-10,0.006247
A,PROVIDA,2006-11,0.006298
A,PROVIDA,2006-12,0.005188
A,PROVIDA,2007-01,0.004824
A,PROVIDA,2007-02,0.005291
A,PROVIDA,2007-03,0.002492
A,PROVIDA,2007-04,0.002513
A,PROVIDA,2007-05,0.003444
A,PROVIDA,2007-06,0.004024
A,PROVIDA,2007-07,0.004419
A,PROVIDA,2007-08,0.004983
A,PROVIDA,2007-09,0.008349
A,PROVIDA,2007-10,0.009642
A,PROVIDA,2007-11,0.010152
A,PROVIDA,2007-12,0.008461
A,PROVIDA,2008-01,0.008913
A,PROVIDA,2008-02,0.008030
A,PROVIDA,2008-03,0.006616
A,PROVIDA,2008-04,0.004659
A,PROVIDA,2008-05,0.004433
A,PROVIDA,2008-06,0.002943
A,PROVIDA,2008-07,0.004267
A,PROVIDA,2008-08,0.003220
A,PROVIDA,2008-09,0.000789
A,PROVIDA,2008-10,-0.002012
A,PROVIDA,2008-11,-0.002663
A,PROVIDA,2008-12,-0.004858
A,PROVIDA,2009-01,-0.004805
A,PROVIDA,2009-02,-0.004417
A,PROVIDA,2009-03,-0.004369
A,PROVIDA,2009-04,-0.004692
A,PROVIDA,2009-05,-0.004799
A,PROVIDA,2009-06,-0.005374
A,PROVIDA,2009-07,-0.004355
A,PROVIDA,2009-08,-0.004706
A,PROVIDA,2009-09,-0.004945
A,PROVIDA,2009-10,-0.004743
A,PROVIDA,2009-11,-0.005431
A,PROVIDA,2009-12,-0.005090
A,PROVIDA,2010-01,-0.005242
A,PROVIDA,2010-02,-0.005056
A,PROVIDA,2010-03,-0.004949
A,PROVIDA,2010-04,-0.004800
A,PROVIDA,2010-05,-0.005338
A,PROVIDA,2010-06,-0.005718
A,PROVIDA,2010-07,-0.006043
A,PROVIDA,2010-08,-0.007581
A,PROVIDA,2010-09,-0.009786
A,PROVIDA,2010-10,-0.009911
A,PROVIDA,2010-11,-0.010929
A,PROVIDA,2010-12,-0.009682
A,PROVIDA,2011-01,-0.010661
A,PROVIDA,2011-02,-0.009972
A,PROVIDA,2011-03,-0.008715
A,PROVIDA,2011-04,-0.007043
A,PROVIDA,2011-05,-0.006366
A,PROVIDA,2011-06,-0.005649
A,PROVIDA,2011-07,-0.007074
A,PROVIDA,2011-08,-0.006741
A,PROVIDA,2011-09,-0.005309
A,PROVIDA,2011-10,-0.004110
A,PROVIDA,2011-11,-0.004718
A,PROVIDA,2011-12,-0.002468
A,PROVIDA,2012-01,-0.003597
A,PROVIDA,2012-02,-0.004184
A,PROVIDA,2012-03,-0.004482
A,PROVIDA,2012-04,-0.005592
A,PROVIDA,2012-05,-0.004899
A,PROVIDA,2012-06,-0.004413
A,PROVIDA,2012-07,-0.005108
A,PROVIDA,2012-08,-0.004433
A,PROVIDA,2012-09,-0.003424
A,PROVIDA,2012-10,-0.003063
A,PROVIDA,2012-11,-0.002520
A,PROVIDA,2012-12,-0.002526
A,PROVIDA,2013-01,-0.002961
A,PROVIDA,2013-02,-0.003433
A,PROVIDA,2013-03,-0.003452
A,PROVIDA,2013-04,-0.003115
A,PROVIDA,2013-05,-0.002722
A,PROVIDA,2013-06,-0.002400
A,PROVIDA,2013-07,-0.002784
A,PROVIDA,2013-08,-0.002134
A,PROVIDA,2013-09,-0.003119
A,PROVIDA,2013-10,-0.003872
A,PROVIDA,2013-11,-0.004451
A,PROVIDA,2013-12,-0.004305
A,PROVIDA,2014-01,-0.004138
A,PROVIDA,2014-02,-0.003857
A,PROVIDA,2014-03,-0.003819
A,PROVIDA,2014-04,-0.003739
A,PROVIDA,2014-05,-0.003269
A,PROVIDA,2014-06,-0.003119
A,PROVIDA,2014-07,-0.003286
A,PROVIDA,2014-08,-0.002949
A,PROVIDA,2014-09,-0.002979
A,PROVIDA,2014-10,-0.000884
A,PROVIDA,2014-11,-0.000590
A,PROVIDA,2014-12,-0.001204
A,PROVIDA,2015-01,-0.000537
A,PROVIDA,2015-02,-0.000654
A,PROVIDA,2015-03,-0.000229
A,PROVIDA,2015-04,0.001102
A,PROVIDA,2015-05,0.000873
A,PROVIDA,2015-06,-0.000189
A,PROVIDA,2015-07,0.000232
A,PROVIDA,2015-08,-0.000091
A,PROVIDA,2015-09,-0.000441
A,PROVIDA,2015-10,-0.000904
A,PROVIDA,2015-11,-0.001321
A,PROVIDA,2015-12,-0.001536
A,PROVIDA,2016-01,-0.000184
A,PROVIDA,2016-02,-0.000347
A,PROVIDA,2016-03,-0.000870
A,PROVIDA,2016-04,-0.001719
A,PROVIDA,2016-05,-0.001036
A,PROVIDA,2016-06,-0.001063
A,PROVIDA,2016-07,-0.001439
A,PROVIDA,2016-08,-0.001284
A,PROVIDA,2016-09,-0.000692
A,PROVIDA,2016-10,-0.000999
A,PROVIDA,2016-11,-0.002030
A,PROVIDA,2016-12,-0.003339
A,PROVIDA,2017-01,-0.003674
A,PROVIDA,2017-02,-0.003813
A,PROVIDA,2017-03,-0.003710
A,PROVIDA,2017-04,-0.003446
A,PROVIDA,2017-05,-0.003990
A,PROVIDA,2017-06,-0.003973
A,PROVIDA,2017-07,-0.004008
A,PROVIDA,2017-08,-0.004417
A,PROVIDA,2017-09,-0.004617
A,PROVIDA,2017-10,-0.004603
A,PROVIDA,2017-11,-0.004846
A,PROVIDA,2017-12,-0.004732
A,PROVIDA,2018-01,-0.004708
A,PROVIDA,2018-02,-0.003988
A,PROVIDA,2018-03,-0.003097
A,PROVIDA,2018-04,-0.003953
A,PROVIDA,2018-05,-0.003977
A,PROVIDA,2018-06,-0.003341
A,PROVIDA,2018-07,-0.003562
A,PROVIDA,2018-08,-0.003590
A,PROVIDA,2018-09,-0.003935
A,PROVIDA,2018-10,-0.003039
A,PROVIDA,2018-11,-0.003036
A,PROVIDA,2018-12,-0.002692
A,PROVIDA,2019-01,-0.002961
A,PROVIDA,2019-02,-0.002930
A,PROVIDA,2019-03,-0.002190
A,PROVIDA,2019-04,-0.001526
A,PROVIDA,2019-05,-0.001135
A,PROVIDA,2019-06,-0.000946
A,PROVIDA,2019-07,-0.000520
A,PROVIDA,2019-08,-0.000246
A,PROVIDA,2019-09,0.000009
A,PROVIDA,2019-10,0.000605
A,PROVIDA,2019-11,0.003708
A,PROVIDA,2019-12,0.004698
A,PROVIDA,2020-01,0.004468
A,PROVIDA,2020-02,0.004964
A,PROVIDA,2020-03,0.004804
A,PROVIDA,2020-04,0.005842
A,PROVIDA,2020-05,0.006884
A,PROVIDA,2020-06,0.008028
A,PROVIDA,2020-07,0.008425
A,PROVIDA,2020-08,0.009107
A,PROVIDA,2020-09,0.009392
A,PROVIDA,2020-10,0.009027
A,PROVIDA,2020-11,0.009466
A,PROVIDA,2020-12,0.008485
A,PROVIDA,2021-01,0.008081
A,PROVIDA,2021-02,0.007683
A,PROVIDA,2021-03,0.007535
A,PROVIDA,2021-04,0.008475
A,PROVIDA,2021-05,0.009280
A,PROVIDA,2021-06,0.009058
A,PROVIDA,2021-07,0.009573
A,PROVIDA,2021-08,0.009133
A,PROVIDA,2021-09,0.008373
A,PROVIDA,2021-10,0.006588
A,PROVIDA,2021-11,0.006507
A,PROVIDA,2021-12,0.006013
A,PROVIDA,2022-01,0.005716
A,PROVIDA,2022-02,0.004981
A,PROVIDA,2022-03,0.004382
A,PROVIDA,2022-04,0.004072
A,PROVIDA,2022-05,0.002871
A,PROVIDA,2022-06,0.003839
A,PROVIDA,2022-07,0.001877
A,PROVIDA,2022-08,0.002224
A,PROVIDA,2022-09,0.002014
A,PROVIDA,2022-10,0.002303
A,PROVIDA,2022-11,0.001637
A,PROVIDA,2022-12,0.001998
A,PROVIDA,2023-01,0.001174
A,PROVIDA,2023-02,0.000453
A,PROVIDA,2023-03,0.000365
A,PROVIDA,2023-04,-0.000658
A,PROVIDA,2023-05,-0.002181
A,PROVIDA,2023-06,-0.002937
A,PROVIDA,2023-07,-0.003984
A,PROVIDA,2023-08,-0.004747
A,PROVIDA,2023-09,-0.006340
A,PROVIDA,2023-10,-0.005561
A,PROVIDA,2023-11,-0.004389
A,PROVIDA,2023-12,-0.003169
A,PROVIDA,2024-01,-0.002802
A,PROVIDA,2024-02,-0.003815
A,PROVIDA,2024-03,-0.004168
A,PROVIDA,2024-04,-0.004812
A,PROVIDA,2024-05,-0.005350
A,PROVIDA,2024-06,-0.004828
A,PROVIDA,2024-07,-0.004766
A,PROVIDA,2024-08,-0.004079
A,PROVIDA,2024-09,-0.003253
A,PROVIDA,2024-10,-0.002500
A,PROVIDA,2024-11,-0.002657
A,PROVIDA,2024-12,-0.002896
A,PROVIDA,2025-01,-0.003306
A,PROVIDA,2025-02,-0.002458
A,PROVIDA,2025-03,-0.001924
A,PROVIDA,2025-04,-0.001979
A,PROVIDA,2025-05,-0.001679
A,PROVIDA,2025-06,-0.003036
A,PROVIDA,2025-07,-0.001615
A,PROVIDA,2025-08,-0.002305
A,PROVIDA,2025-09,-0.002750
A,PROVIDA,2025-10,-0.003431
A,PROVIDA,2025-11,-0.003772
A,PROVIDA,2025-12,-0.004188
A,PROVIDA,2026-01,-0.002437
A,PROVIDA,2026-02,-0.002237
A,PROVIDA,2026-03,-0.003064
A,PROVIDA,2026-04,-0.003095
A,PROVIDA,2026-05,-0.002303
A,PROVIDA,2026-06,-0.001297
A,PROVIDA,2026-07,-0.000662
A,PROVIDA,2026-08,0.000335
A,SANTA MARIA,2005-07,-0.008452
A,SANTA MARIA,2005-08,-0.008131
A,SANTA MARIA,2005-09,-0.009660
A,SANTA MARIA,2005-10,-0.005974
A,SANTA MARIA,2005-11,-0.010237
A,SANTA MARIA,2005-12,-0.005155
A,SANTA MARIA,2006-01,-0.005656
A,SANTA MARIA,2006-02,-0.004406
A,SANTA MARIA,2006-03,-0.004955
A,SANTA MARIA,2006-04,-0.003290
A,SANTA MARIA,2006-05,-0.001843
A,SANTA MARIA,2006-06,-0.001623
A,SANTA MARIA,2006-07,-0.002100
A,SANTA MARIA,2006-08,-0.002188
A,SANTA MARIA,2006-09,-0.000805
A,SANTA MARIA,2006-10,-0.000804
A,SANTA MARIA,2006-11,-0.001575
A,SANTA MARIA,2006-12,-0.001002
A,SANTA MARIA,2007-01,-0.001011
A,SANTA MARIA,2007-02,-0.001082
A,SANTA MARIA,2007-03,-0.001988
A,SANTA MARIA,2007-04,-0.002242
A,SANTA MARIA,2007-05,-0.002541
A,SANTA MARIA,2007-06,-0.003096
A,SANTA MARIA,2007-07,-0.003794
A,SANTA MARIA,2007-08,-0.003609
A,SANTA MARIA,2007-09,-0.006204
A,SANTA MARIA,2007-10,-0.007186
A,SANTA MARIA,2007-11,-0.007679
A,SANTA MARIA,2007-12,-0.007015
A,SANTA MARIA,2008-01,-0.007924
A,SANTA MARIA,2008-02,-0.006547
A,SANTA MARIA,2008-03,-0.006759
A,UNO,2022-09,0.002851
A,UNO,2022-10,-0.007186
A,UNO,2022-11,-0.006657
A,UNO,2022-12,-0.007413
A,UNO,2023-01,-0.005677
A,UNO,2023-02,-0.006529
A,UNO,2023-03,-0.006423
A,UNO,2023-04,-0.005311
A,UNO,2023-05,-0.005642
A,UNO,2023-06,-0.005418
A,UNO,2023-07,-0.006692
A,UNO,2023-08,-0.005966
A,UNO,2023-09,-0.005001
A,UNO,2023-10,-0.006579
A,UNO,2023-11,-0.005670
A,UNO,2023-12,-0.005370
A,UNO,2024-01,-0.005835
A,UNO,2024-02,-0.004851
A,UNO,2024-03,-0.003435
A,UNO,2024-04,-0.001193
A,UNO,2024-05,-0.000879
A,UNO,2024-06,-0.002271
A,UNO,2024-07,-0.002287
A,UNO,2024-08,-0.002775
A,UNO,2024-09,-0.002537
A,UNO,2024-10,-0.002625
A,UNO,2024-11,-0.001993
A,UNO,2024-12,-0.002265
A,UNO,2025-01,-0.001163
A,UNO,2025-02,-0.001847
A,UNO,2025-03,-0.000871
A,UNO,2025-04,0.000504
A,UNO,2025-05,0.001421
A,UNO,2025-06,0.003237
A,UNO,2025-07,0.002569
A,UNO,2025-08,0.001932
A,UNO,2025-09,0.002750
A,UNO,2025-10,0.003469
A,UNO,2025-11,0.002607
A,UNO,2025-12,0.002173
A,UNO,2026-01,0.001870
A,UNO,2026-02,0.001379
A,UNO,2026-03,0.000546
A,UNO,2026-04,0.000794
A,UNO,2026-05,0.001746
A,UNO,2026-06,0.001573
A,UNO,2026-07,0.002703
A,UNO,2026-08,0.002416
B,BANSANDER,2008-02,0.003314
B,BANSANDER,2008-03,0.002369
B,CAPITAL,2011-03,-0.002770
B,CAPITAL,2011-04,-0.003602
B,CAPITAL,2011-05,-0.003377
B,CAPITAL,2011-06,-0.002938
B,CAPITAL,2011-07,-0.001448
B,CAPITAL,2011-08,-0.001921
B,CAPITAL,2011-09,-0.002934
B,CAPITAL,2011-10,-0.006030
B,CAPITAL,2011-11,-0.006698
B,CAPITAL,2011-12,-0.007432
B,CAPITAL,2012-01,-0.005670
B,CAPITAL,2012-02,-0.005556
B,CAPITAL,2012-03,-0.005806
B,CAPITAL,2012-04,-0.004759
B,CAPITAL,2012-05,-0.005202
B,CAPITAL,2012-06,-0.005132
B,CAPITAL,2012-07,-0.005778
B,CAPITAL,2012-08,-0.005948
B,CAPITAL,2012-09,-0.006462
B,CAPITAL,2012-10,-0.006720
B,CAPITAL,2012-11,-0.005672
B,CAPITAL,2012-12,-0.005781
B,CAPITAL,2013-01,-0.006129
B,CAPITAL,2013-02,-0.005110
B,CAPITAL,2013-03,-0.004554
B,CAPITAL,2013-04,-0.005747
B,CAPITAL,2013-05,-0.003961
B,CAPITAL,2013-06,-0.004339
B,CAPITAL,2013-07,-0.004482
B,CAPITAL,2013-08,-0.004297
B,CAPITAL,2013-09,-0.004586
B,CAPITAL,2013-10,-0.003560
B,CAPITAL,2013-11,-0.002978
B,CAPITAL,2013-12,-0.002928
B,CAPITAL,2014-01,-0.003525
B,CAPITAL,2014-02,-0.003072
B,CAPITAL,2014-03,-0.002913
B,CAPITAL,2014-04,-0.003117
B,CAPITAL,2014-05,-0.003214
B,CAPITAL,2014-06,-0.003540
B,CAPITAL,2014-07,-0.003680
B,CAPITAL,2014-08,-0.003112
B,CAPITAL,2014-09,-0.002583
B,CAPITAL,2014-10,-0.003195
B,CAPITAL,2014-11,-0.002257
B,CAPITAL,2014-12,-0.002197
B,CAPITAL,2015-01,-0.002047
B,CAPITAL,2015-02,-0.002005
B,CAPITAL,2015-03,-0.001788
B,CAPITAL,2015-04,-0.002228
B,CAPITAL,2015-05,-0.002114
B,CAPITAL,2015-06,-0.001736
B,CAPITAL,2015-07,-0.001217
B,CAPITAL,2015-08,-0.000896
B,CAPITAL,2015-09,-0.001772
B,CAPITAL,2015-10,-0.001688
B,CAPITAL,2015-11,-0.001419
B,CAPITAL,2015-12,-0.001276
B,CAPITAL,2016-01,-0.001097
B,CAPITAL,2016-02,-0.001505
B,CAPITAL,2016-03,-0.002443
B,CAPITAL,2016-04,-0.001409
B,CAPITAL,2016-05,-0.002255
B,CAPITAL,2016-06,-0.001197
B,CAPITAL,2016-07,-0.000711
B,CAPITAL,2016-08,-0.000901
B,CAPITAL,2016-09,-0.000796
B,CAPITAL,2016-10,-0.000745
B,CAPITAL,2016-11,-0.001269
B,CAPITAL,2016-12,-0.000758
B,CAPITAL,2017-01,-0.001128
B,CAPITAL,2017-02,-0.000723
B,CAPITAL,2017-03,-0.000294
B,CAPITAL,2017-04,-0.000498
B,CAPITAL,2017-05,-0.000484
B,CAPITAL,2017-06,-0.000698
B,CAPITAL,2017-07,-0.000363
B,CAPITAL,2017-08,0.000093
B,CAPITAL,2017-09,0.000728
B,CAPITAL,2017-10,0.000143
B,CAPITAL,2017-11,-0.000665
B,CAPITAL,2017-12,0.000147
B,CAPITAL,2018-01,0.000311
B,CAPITAL,2018-02,0.000242
B,CAPITAL,2018-03,0.000442
B,CAPITAL,2018-04,0.000822
B,CAPITAL,2018-05,0.000561
B,CAPITAL,2018-06,0.000795
B,CAPITAL,2018-07,0.000701
B,CAPITAL,2018-08,0.000383
B,CAPITAL,2018-09,0.001192
B,CAPITAL,2018-10,0.001050
B,CAPITAL,2018-11,0.000821
B,CAPITAL,2018-12,0.001223
B,CAPITAL,2019-01,0.000961
B,CAPITAL,2019-02,0.001203
B,CAPITAL,2019-03,0.001951
B,CAPITAL,2019-04,0.001578
B,CAPITAL,2019-05,0.002343
B,CAPITAL,2019-06,0.001643
B,CAPITAL,2019-07,0.001741
B,CAPITAL,2019-08,0.002438
B,CAPITAL,2019-09,0.002704
B,CAPITAL,2019-10,0.002023
B,CAPITAL,2019-11,0.002133
B,CAPITAL,2019-12,0.002114
B,CAPITAL,2020-01,0.002763
B,CAPITAL,2020-02,0.002867
B,CAPITAL,2020-03,0.002221
B,CAPITAL,2020-04,0.001575
B,CAPITAL,2020-05,0.001663
B,CAPITAL,2020-06,0.002353
B,CAPITAL,2020-07,0.001639
B,CAPITAL,2020-08,0.001050
B,CAPITAL,2020-09,0.000699
B,CAPITAL,2020-10,0.000742
B,CAPITAL,2020-11,0.002513
B,CAPITAL,2020-12,0.002149
B,CAPITAL,2021-01,0.001727
B,CAPITAL,2021-02,0.001653
B,CAPITAL,2021-03,0.001772
B,CAPITAL,2021-04,0.001504
B,CAPITAL,2021-05,0.001898
B,CAPITAL,2021-06,0.001882
B,CAPITAL,2021-07,0.001450
B,CAPITAL,2021-08,0.001049
B,CAPITAL,2021-09,0.001057
B,CAPITAL,2021-10,0.001700
B,CAPITAL,2021-11,0.001641
B,CAPITAL,2021-12,0.001513
B,CAPITAL,2022-01,0.001330
B,CAPITAL,2022-02,0.001810
B,CAPITAL,2022-03,0.002494
B,CAPITAL,2022-04,0.003268
B,CAPITAL,2022-05,0.003752
B,CAPITAL,2022-06,0.003661
B,CAPITAL,2022-07,0.003829
B,CAPITAL,2022-08,0.002954
B,CAPITAL,2022-09,0.003314
B,CAPITAL,2022-10,0.003405
B,CAPITAL,2022-11,0.003110
B,CAPITAL,2022-12,0.002657
B,CAPITAL,2023-01,0.002481
B,CAPITAL,2023-02,0.002373
B,CAPITAL,2023-03,0.002874
B,CAPITAL,2023-04,0.003537
B,CAPITAL,2023-05,0.003390
B,CAPITAL,2023-06,0.003409
B,CAPITAL,2023-07,0.003608
B,CAPITAL,2023-08,0.003813
B,CAPITAL,2023-09,0.004071
B,CAPITAL,2023-10,0.003820
B,CAPITAL,2023-11,0.002746
B,CAPITAL,2023-12,0.002961
B,CAPITAL,2024-01,0.002003
B,CAPITAL,2024-02,0.001884
B,CAPITAL,2024-03,0.000941
B,CAPITAL,2024-04,0.001233
B,CAPITAL,2024-05,0.000754
B,CAPITAL,2024-06,0.000847
B,CAPITAL,2024-07,0.000810
B,CAPITAL,2024-08,0.001339
B,CAPITAL,2024-09,0.000380
B,CAPITAL,2024-10,-0.000064
B,CAPITAL,2024-11,0.000114
B,CAPITAL,2024-12,0.000259
B,CAPITAL,2025-01,0.000369
B,CAPITAL,2025-02,0.000064
B,CAPITAL,2025-03,0.000070
B,CAPITAL,2025-04,-0.000267
B,CAPITAL,2025-05,-0.000087
B,CAPITAL,2025-06,0.000325
B,CAPITAL,2025-07,-0.000476
B,CAPITAL,2025-08,-0.000344
B,CAPITAL,2025-09,-0.000531
B,CAPITAL,2025-10,-0.000560
B,CAPITAL,2025-11,0.000189
B,CAPITAL,2025-12,0.001065
B,CAPITAL,2026-01,0.001442
B,CAPITAL,2026-02,0.001549
B,CAPITAL,2026-03,0.001146
B,CAPITAL,2026-04,0.001826
B,CAPITAL,2026-05,0.001783
B,CAPITAL,2026-06,0.000773
B,CAPITAL,2026-07,0.001267
B,CAPITAL,2026-08,0.001368
B,CUPRUM,2005-07,0.012846
B,CUPRUM,2005-08,0.012436
B,CUPRUM,2005-09,0.013128
B,CUPRUM,2005-10,0.013519
B,CUPRUM,2005-11,0.012079
B,CUPRUM,2005-12,0.010921
B,CUPRUM,2006-01,0.009546
B,CUPRUM,2006-02,0.010118
B,CUPRUM,2006-03,0.009432
B,CUPRUM,2006-04,0.008241
B,CUPRUM,2006-05,0.006969
B,CUPRUM,2006-06,0.007257
B,CUPRUM,2006-07,0.007312
B,CUPRUM,2006-08,0.007498
B,CUPRUM,2006-09,0.007362
B,CUPRUM,2006-10,0.006062
B,CUPRUM,2006-11,0.005433
B,CUPRUM,2006-12,0.004672
B,CUPRUM,2007-01,0.003482
B,CUPRUM,2007-02,0.003849
B,CUPRUM,2007-03,0.003078
B,CUPRUM,2007-04,0.001721
B,CUPRUM,2007-05,0.001015
B,CUPRUM,2007-06,-0.000976
B,CUPRUM,2007-07,-0.000501
B,CUPRUM,2007-08,0.000116
B,CUPRUM,2007-09,-0.001352
B,CUPRUM,2007-10,-0.003925
B,CUPRUM,2007-11,-0.002061
B,CUPRUM,2007-12,-0.002254
B,CUPRUM,2008-01,-0.002555
B,CUPRUM,2008-02,-0.002753
B,CUPRUM,2008-03,-0.002828
B,CUPRUM,2008-04,-0.002215
B,CUPRUM,2008-05,-0.002755
B,CUPRUM,2008-06,-0.002783
B,CUPRUM,2008-07,-0.003568
B,CUPRUM,2008-08,-0.003332
B,CUPRUM,2008-09,-0.004458
B,CUPRUM,2008-10,-0.009049
B,CUPRUM,2008-11,-0.008963
B,CUPRUM,2008-12,-0.008157
B,CUPRUM,2009-01,-0.006462
B,CUPRUM,2009-02,-0.007154
B,CUPRUM,2009-03,-0.006725
B,CUPRUM,2009-04,-0.007399
B,CUPRUM,2009-05,-0.008392
B,CUPRUM,2009-06,-0.008661
B,CUPRUM,2009-07,-0.008488
B,CUPRUM,2009-08,-0.008439
B,CUPRUM,2009-09,-0.009140
B,CUPRUM,2009-10,-0.008873
B,CUPRUM,2009-11,-0.009320
B,CUPRUM,2009-12,-0.007627
B,CUPRUM,2010-01,-0.007123
B,CUPRUM,2010-02,-0.006958
B,CUPRUM,2010-03,-0.007059
B,CUPRUM,2010-04,-0.006355
B,CUPRUM,2010-05,-0.004544
B,CUPRUM,2010-06,-0.002951
B,CUPRUM,2010-07,-0.003560
B,CUPRUM,2010-08,-0.003862
B,CUPRUM,2010-09,-0.004725
B,CUPRUM,2010-10,-0.002796
B,CUPRUM,2010-11,-0.003746
B,CUPRUM,2010-12,-0.003894
B,CUPRUM,2011-01,-0.003356
B,CUPRUM,2011-02,-0.002812
B,CUPRUM,2011-03,-0.002824
B,CUPRUM,2011-04,-0.003967
B,CUPRUM,2011-05,-0.003891
B,CUPRUM,2011-06,-0.003920
B,CUPRUM,2011-07,-0.003101
B,CUPRUM,2011-08,-0.001673
B,CUPRUM,2011-09,-0.000823
B,CUPRUM,2011-10,0.004654
B,CUPRUM,2011-11,0.006071
B,CUPRUM,2011-12,0.004404
B,CUPRUM,2012-01,0.003084
B,CUPRUM,2012-02,0.003736
B,CUPRUM,2012-03,0.003893
B,CUPRUM,2012-04,0.004598
B,CUPRUM,2012-05,0.004853
B,CUPRUM,2012-06,0.005066
B,CUPRUM,2012-07,0.003706
B,CUPRUM,2012-08,0.003420
B,CUPRUM,2012-09,0.003740
B,CUPRUM,2012-10,0.003905
B,CUPRUM,2012-11,0.004897
B,CUPRUM,2012-12,0.003918
B,CUPRUM,2013-01,0.004825
B,CUPRUM,2013-02,0.004872
B,CUPRUM,2013-03,0.005300
B,CUPRUM,2013-04,0.004977
B,CUPRUM,2013-05,0.002780
B,CUPRUM,2013-06,0.002510
B,CUPRUM,2013-07,0.002847
B,CUPRUM,2013-08,0.002362
B,CUPRUM,2013-09,0.003919
B,CUPRUM,2013-10,0.003646
B,CUPRUM,2013-11,0.003656
B,CUPRUM,2013-12,0.004088
B,CUPRUM,2014-01,0.003420
B,CUPRUM,2014-02,0.003352
B,CUPRUM,2014-03,0.003438
B,CUPRUM,2014-04,0.003532
B,CUPRUM,2014-05,0.003929
B,CUPRUM,2014-06,0.004279
B,CUPRUM,2014-07,0.004360
B,CUPRUM,2014-08,0.003423
B,CUPRUM,2014-09,0.003895
B,CUPRUM,2014-10,0.003092
B,CUPRUM,2014-11,0.002003
B,CUPRUM,2014-12,0.002534
B,CUPRUM,2015-01,0.003279
B,CUPRUM,2015-02,0.003807
B,CUPRUM,2015-03,0.004003
B,CUPRUM,2015-04,0.003846
B,CUPRUM,2015-05,0.003745
B,CUPRUM,2015-06,0.003289
B,CUPRUM,2015-07,0.003873
B,CUPRUM,2015-08,0.004351
B,CUPRUM,2015-09,0.004501
B,CUPRUM,2015-10,0.004755
B,CUPRUM,2015-11,0.004483
B,CUPRUM,2015-12,0.004387
B,CUPRUM,2016-01,0.003122
B,CUPRUM,2016-02,0.003137
B,CUPRUM,2016-03,0.002803
B,CUPRUM,2016-04,0.003138
B,CUPRUM,2016-05,0.003504
B,CUPRUM,2016-06,0.003467
B,CUPRUM,2016-07,0.003487
B,CUPRUM,2016-08,0.003403
B,CUPRUM,2016-09,0.002914
B,CUPRUM,2016-10,0.002900
B,CUPRUM,2016-11,0.002821
B,CUPRUM,2016-12,0.002614
B,CUPRUM,2017-01,0.002175
B,CUPRUM,2017-02,0.002431
B,CUPRUM,2017-03,0.002802
B,CUPRUM,2017-04,0.002838
B,CUPRUM,2017-05,0.002374
B,CUPRUM,2017-06,0.002173
B,CUPRUM,2017-07,0.002337
B,CUPRUM,2017-08,0.001733
B,CUPRUM,2017-09,0.002283
B,CUPRUM,2017-10,0.002279
B,CUPRUM,2017-11,0.002187
B,CUPRUM,2017-12,0.002474
B,CUPRUM,2018-01,0.001944
B,CUPRUM,2018-02,0.001681
B,CUPRUM,2018-03,0.001135
B,CUPRUM,2018-04,0.001175
B,CUPRUM,2018-05,0.000997
B,CUPRUM,2018-06,0.000698
B,CUPRUM,2018-07,0.000578
B,CUPRUM,2018-08,-0.000362
B,CUPRUM,2018-09,-0.000153
B,CUPRUM,2018-10,-0.000054
B,CUPRUM,2018-11,0.000187
B,CUPRUM,2018-12,0.000793
B,CUPRUM,2019-01,0.000494
B,CUPRUM,2019-02,0.000054
B,CUPRUM,2019-03,-0.000237
B,CUPRUM,2019-04,-0.000554
B,CUPRUM,2019-05,-0.000603
B,CUPRUM,2019-06,-0.000936
B,CUPRUM,2019-07,-0.001106
B,CUPRUM,2019-08,-0.000764
B,CUPRUM,2019-09,-0.000815
B,CUPRUM,2019-10,-0.001005
B,CUPRUM,2019-11,-0.001709
B,CUPRUM,2019-12,-0.001386
B,CUPRUM,2020-01,-0.001511
B,CUPRUM,2020-02,-0.001967
B,CUPRUM,2020-03,-0.002967
B,CUPRUM,2020-04,-0.003997
B,CUPRUM,2020-05,-0.004729
B,CUPRUM,2020-06,-0.005524
B,CUPRUM,2020-07,-0.005476
B,CUPRUM,2020-08,-0.005767
B,CUPRUM,2020-09,-0.005923
B,CUPRUM,2020-10,-0.006476
B,CUPRUM,2020-11,-0.006098
B,CUPRUM,2020-12,-0.006060
B,CUPRUM,2021-01,-0.006885
B,CUPRUM,2021-02,-0.006495
B,CUPRUM,2021-03,-0.006394
B,CUPRUM,2021-04,-0.006268
B,CUPRUM,2021-05,-0.005169
B,CUPRUM,2021-06,-0.004576
B,CUPRUM,2021-07,-0.004519
B,CUPRUM,2021-08,-0.004455
B,CUPRUM,2021-09,-0.003901
B,CUPRUM,2021-10,-0.003421
B,CUPRUM,2021-11,-0.004178
B,CUPRUM,2021-12,-0.004152
B,CUPRUM,2022-01,-0.003707
B,CUPRUM,2022-02,-0.003248
B,CUPRUM,2022-03,-0.003368
B,CUPRUM,2022-04,-0.002657
B,CUPRUM,2022-05,-0.002470
B,CUPRUM,2022-06,-0.001339
B,CUPRUM,2022-07,-0.000655
B,CUPRUM,2022-08,-0.001125
B,CUPRUM,2022-09,-0.000092
B,CUPRUM,2022-10,0.000472
B,CUPRUM,2022-11,-0.000701
B,CUPRUM,2022-12,-0.000742
B,CUPRUM,2023-01,-0.000537
B,CUPRUM,2023-02,-0.000130
B,CUPRUM,2023-03,0.000572
B,CUPRUM,2023-04,0.000834
B,CUPRUM,2023-05,0.001419
B,CUPRUM,2023-06,0.002558
B,CUPRUM,2023-07,0.002221
B,CUPRUM,2023-08,0.003032
B,CUPRUM,2023-09,0.003472
B,CUPRUM,2023-10,0.004374
B,CUPRUM,2023-11,0.003343
B,CUPRUM,2023-12,0.003069
B,CUPRUM,2024-01,0.003745
B,CUPRUM,2024-02,0.003166
B,CUPRUM,2024-03,0.002450
B,CUPRUM,2024-04,0.002430
B,CUPRUM,2024-05,0.001815
B,CUPRUM,2024-06,0.001449
B,CUPRUM,2024-07,0.001087
B,CUPRUM,2024-08,0.001410
B,CUPRUM,2024-09,0.000992
B,CUPRUM,2024-10,0.000827
B,CUPRUM,2024-11,0.001512
B,CUPRUM,2024-12,0.001202
B,CUPRUM,2025-01,0.001548
B,CUPRUM,2025-02,0.001036
B,CUPRUM,2025-03,0.001483
B,CUPRUM,2025-04,0.000720
B,CUPRUM,2025-05,0.000100
B,CUPRUM,2025-06,-0.000458
B,CUPRUM,2025-07,-0.001282
B,CUPRUM,2025-08,-0.000676
B,CUPRUM,2025-09,-0.001423
B,CUPRUM,2025-10,-0.001951
B,CUPRUM,2025-11,-0.000501
B,CUPRUM,2025-12,-0.000268
B,CUPRUM,2026-01,0.000774
B,CUPRUM,2026-02,0.000657
B,CUPRUM,2026-03,0.000675
B,CUPRUM,2026-04,0.001796
B,CUPRUM,2026-05,0.003123
B,CUPRUM,2026-06,0.002683
B,CUPRUM,2026-07,0.003361
B,CUPRUM,2026-08,0.003106
B,HABITAT,2005-07,-0.008090
B,HABITAT,2005-08,-0.008612
B,HABITAT,2005-09,-0.007734
B,HABITAT,2005-10,-0.004927
B,HABITAT,2005-11,-0.001622
B,HABITAT,2005-12,-0.001329
B,HABITAT,2006-01,-0.002378
B,HABITAT,2006-02,-0.003453
B,HABITAT,2006-03,-0.003919
B,HABITAT,2006-04,-0.003071
B,HABITAT,2006-05,-0.001252
B,HABITAT,2006-06,-0.002280
B,HABITAT,2006-07,-0.000830
B,HABITAT,2006-08,-0.000474
B,HABITAT,2006-09,0.001037
B,HABITAT,2006-10,0.001606
B,HABITAT,2006-11,0.002200
B,HABITAT,2006-12,0.003462
B,HABITAT,2007-01,0.003660
B,HABITAT,2007-02,0.003923
B,HABITAT,2007-03,0.003696
B,HABITAT,2007-04,0.004427
B,HABITAT,2007-05,0.003907
B,HABITAT,2007-06,0.003829
B,HABITAT,2007-07,0.004393
B,HABITAT,2007-08,0.003690
B,HABITAT,2007-09,0.003122
B,HABITAT,2007-10,0.003022
B,HABITAT,2007-11,0.003280
B,HABITAT,2007-12,0.003737
B,HABITAT,2008-01,0.003660
B,HABITAT,2008-02,0.004219
B,HABITAT,2008-03,0.005046
B,HABITAT,2008-04,0.005148
B,HABITAT,2008-05,0.004631
B,HABITAT,2008-06,0.006256
B,HABITAT,2008-07,0.007296
B,HABITAT,2008-08,0.008103
B,HABITAT,2008-09,0.008083
B,HABITAT,2008-10,0.006914
B,HABITAT,2008-11,0.005058
B,HABITAT,2008-12,0.005615
B,HABITAT,2009-01,0.005748
B,HABITAT,2009-02,0.006316
B,HABITAT,2009-03,0.006814
B,HABITAT,2009-04,0.007612
B,HABITAT,2009-05,0.007766
B,HABITAT,2009-06,0.008544
B,HABITAT,2009-07,0.008043
B,HABITAT,2009-08,0.008027
B,HABITAT,2009-09,0.007862
B,HABITAT,2009-10,0.007418
B,HABITAT,2009-11,0.008377
B,HABITAT,2009-12,0.008250
B,HABITAT,2010-01,0.008290
B,HABITAT,2010-02,0.008649
B,HABITAT,2010-03,0.009399
B,HABITAT,2010-04,0.008129
B,HABITAT,2010-05,0.009569
B,HABITAT,2010-06,0.008993
B,HABITAT,2010-07,0.009215
B,HABITAT,2010-08,0.009490
B,HABITAT,2010-09,0.009900
B,HABITAT,2010-10,0.009874
B,HABITAT,2010-11,0.010196
B,HABITAT,2010-12,0.010085
B,HABITAT,2011-01,0.009504
B,HABITAT,2011-02,0.010398
B,HABITAT,2011-03,0.009409
B,HABITAT,2011-04,0.009196
B,HABITAT,2011-05,0.009214
B,HABITAT,2011-06,0.007227
B,HABITAT,2011-07,0.006395
B,HABITAT,2011-08,0.006504
B,HABITAT,2011-09,0.006566
B,HABITAT,2011-10,0.007633
B,HABITAT,2011-11,0.010022
B,HABITAT,2011-12,0.008527
B,HABITAT,2012-01,0.007945
B,HABITAT,2012-02,0.007331
B,HABITAT,2012-03,0.007589
B,HABITAT,2012-04,0.007367
B,HABITAT,2012-05,0.007390
B,HABITAT,2012-06,0.007109
B,HABITAT,2012-07,0.007344
B,HABITAT,2012-08,0.006707
B,HABITAT,2012-09,0.006650
B,HABITAT,2012-10,0.006962
B,HABITAT,2012-11,0.006140
B,HABITAT,2012-12,0.005842
B,HABITAT,2013-01,0.005779
B,HABITAT,2013-02,0.006054
B,HABITAT,2013-03,0.005417
B,HABITAT,2013-04,0.006376
B,HABITAT,2013-05,0.004683
B,HABITAT,2013-06,0.005681
B,HABITAT,2013-07,0.005299
B,HABITAT,2013-08,0.004847
B,HABITAT,2013-09,0.004563
B,HABITAT,2013-10,0.004298
B,HABITAT,2013-11,0.004149
B,HABITAT,2013-12,0.003863
B,HABITAT,2014-01,0.004147
B,HABITAT,2014-02,0.003183
B,HABITAT,2014-03,0.003466
B,HABITAT,2014-04,0.003320
B,HABITAT,2014-05,0.002855
B,HABITAT,2014-06,0.003518
B,HABITAT,2014-07,0.003542
B,HABITAT,2014-08,0.002947
B,HABITAT,2014-09,0.002624
B,HABITAT,2014-10,0.002100
B,HABITAT,2014-11,0.001308
B,HABITAT,2014-12,0.002146
B,HABITAT,2015-01,0.002434
B,HABITAT,2015-02,0.002197
B,HABITAT,2015-03,0.001764
B,HABITAT,2015-04,0.001204
B,HABITAT,2015-05,0.001186
B,HABITAT,2015-06,0.002177
B,HABITAT,2015-07,0.002510
B,HABITAT,2015-08,0.003218
B,HABITAT,2015-09,0.003142
B,HABITAT,2015-10,0.003164
B,HABITAT,2015-11,0.003575
B,HABITAT,2015-12,0.004245
B,HABITAT,2016-01,0.003284
B,HABITAT,2016-02,0.003221
B,HABITAT,2016-03,0.003432
B,HABITAT,2016-04,0.003551
B,HABITAT,2016-05,0.003487
B,HABITAT,2016-06,0.002785
B,HABITAT,2016-07,0.003608
B,HABITAT,2016-08,0.003762
B,HABITAT,2016-09,0.003785
B,HABITAT,2016-10,0.004305
B,HABITAT,2016-11,0.004975
B,HABITAT,2016-12,0.005529
B,HABITAT,2017-01,0.006301
B,HABITAT,2017-02,0.006447
B,HABITAT,2017-03,0.006162
B,HABITAT,2017-04,0.006275
B,HABITAT,2017-05,0.006890
B,HABITAT,2017-06,0.007381
B,HABITAT,2017-07,0.007330
B,HABITAT,2017-08,0.007716
B,HABITAT,2017-09,0.007855
B,HABITAT,2017-10,0.008310
B,HABITAT,2017-11,0.008251
B,HABITAT,2017-12,0.007803
B,HABITAT,2018-01,0.007660
B,HABITAT,2018-02,0.007797
B,HABITAT,2018-03,0.007705
B,HABITAT,2018-04,0.007824
B,HABITAT,2018-05,0.008159
B,HABITAT,2018-06,0.008044
B,HABITAT,2018-07,0.007455
B,HABITAT,2018-08,0.007286
B,HABITAT,2018-09,0.007759
B,HABITAT,2018-10,0.007260
B,HABITAT,2018-11,0.006751
B,HABITAT,2018-12,0.006271
B,HABITAT,2019-01,0.006431
B,HABITAT,2019-02,0.006264
B,HABITAT,2019-03,0.005596
B,HABITAT,2019-04,0.005221
B,HABITAT,2019-05,0.005334
B,HABITAT,2019-06,0.005211
B,HABITAT,2019-07,0.004852
B,HABITAT,2019-08,0.004667
B,HABITAT,2019-09,0.004937
B,HABITAT,2019-10,0.005245
B,HABITAT,2019-11,0.004257
B,HABITAT,2019-12,0.002139
B,HABITAT,2020-01,0.002737
B,HABITAT,2020-02,0.003666
B,HABITAT,2020-03,0.005335
B,HABITAT,2020-04,0.003748
B,HABITAT,2020-05,0.002470
B,HABITAT,2020-06,0.001321
B,HABITAT,2020-07,0.001083
B,HABITAT,2020-08,0.001333
B,HABITAT,2020-09,0.001536
B,HABITAT,2020-10,0.001319
B,HABITAT,2020-11,0.000325
B,HABITAT,2020-12,0.000119
B,HABITAT,2021-01,-0.001008
B,HABITAT,2021-02,0.000031
B,HABITAT,2021-03,-0.000017
B,HABITAT,2021-04,-0.000048
B,HABITAT,2021-05,-0.000936
B,HABITAT,2021-06,-0.001057
B,HABITAT,2021-07,-0.000075
B,HABITAT,2021-08,0.001228
B,HABITAT,2021-09,0.001543
B,HABITAT,2021-10,0.002827
B,HABITAT,2021-11,0.002948
B,HABITAT,2021-12,0.002252
B,HABITAT,2022-01,0.002806
B,HABITAT,2022-02,0.002790
B,HABITAT,2022-03,0.002980
B,HABITAT,2022-04,0.003542
B,HABITAT,2022-05,0.003629
B,HABITAT,2022-06,0.003475
B,HABITAT,2022-07,0.003605
B,HABITAT,2022-08,0.003248
B,HABITAT,2022-09,0.004095
B,HABITAT,2022-10,0.003205
B,HABITAT,2022-11,0.002132
B,HABITAT,2022-12,0.003348
B,HABITAT,2023-01,0.003511
B,HABITAT,2023-02,0.002650
B,HABITAT,2023-03,0.001053
B,HABITAT,2023-04,0.002272
B,HABITAT,2023-05,0.003636
B,HABITAT,2023-06,0.003908
B,HABITAT,2023-07,0.004300
B,HABITAT,2023-08,0.003875
B,HABITAT,2023-09,0.003333
B,HABITAT,2023-10,0.003086
B,HABITAT,2023-11,0.003120
B,HABITAT,2023-12,0.003363
B,HABITAT,2024-01,0.004486
B,HABITAT,2024-02,0.003758
B,HABITAT,2024-03,0.003725
B,HABITAT,2024-04,0.003010
B,HABITAT,2024-05,0.003802
B,HABITAT,2024-06,0.003339
B,HABITAT,2024-07,0.002645
B,HABITAT,2024-08,0.001784
B,HABITAT,2024-09,0.000876
B,HABITAT,2024-10,0.000116
B,HABITAT,2024-11,0.000578
B,HABITAT,2024-12,0.001383
B,HABITAT,2025-01,0.000832
B,HABITAT,2025-02,0.000915
B,HABITAT,2025-03,0.000860
B,HABITAT,2025-04,0.000806
B,HABITAT,2025-05,0.000514
B,HABITAT,2025-06,0.000372
B,HABITAT,2025-07,0.000047
B,HABITAT,2025-08,0.000452
B,HABITAT,2025-09,-0.000579
B,HABITAT,2025-10,0.000217
B,HABITAT,2025-11,0.001262
B,HABITAT,2025-12,0.001870
B,HABITAT,2026-01,0.000597
B,HABITAT,2026-02,0.000338
B,HABITAT,2026-03,0.000306
B,HABITAT,2026-04,-0.000060
B,HABITAT,2026-05,-0.000631
B,HABITAT,2026-06,-0.001584
B,HABITAT,2026-07,-0.003140
B,HABITAT,2026-08,-0.003338
B,MODELO,2013-08,-0.001125
B,MODELO,2013-09,0.003415
B,MODELO,2013-10,0.003721
B,MODELO,2013-11,0.003758
B,MODELO,2013-12,0.004596
B,MODELO,2014-01,0.004373
B,MODELO,2014-02,0.004788
B,MODELO,2014-03,0.004769
B,MODELO,2014-04,0.005549
B,MODELO,2014-05,0.005124
B,MODELO,2014-06,0.003341
B,MODELO,2014-07,0.004017
B,MODELO,2014-08,0.003859
B,MODELO,2014-09,0.002299
B,MODELO,2014-10,-0.001489
B,MODELO,2014-11,-0.002496
B,MODELO,2014-12,-0.003139
B,MODELO,2015-01,-0.003775
B,MODELO,2015-02,-0.003706
B,MODELO,2015-03,-0.003545
B,MODELO,2015-04,-0.003939
B,MODELO,2015-05,-0.002800
B,MODELO,2015-06,-0.002450
B,MODELO,2015-07,-0.003924
B,MODELO,2015-08,-0.004628
B,MODELO,2015-09,-0.003408
B,MODELO,2015-10,-0.002953
B,MODELO,2015-11,-0.002876
B,MODELO,2015-12,-0.002827
B,MODELO,2016-01,-0.003114
B,MODELO,2016-02,-0.002701
B,MODELO,2016-03,-0.001405
B,MODELO,2016-04,-0.000224
B,MODELO,2016-05,0.000513
B,MODELO,2016-06,0.000087
B,MODELO,2016-07,0.000300
B,MODELO,2016-08,-0.000202
B,MODELO,2016-09,-0.000365
B,MODELO,2016-10,0.000267
B,MODELO,2016-11,0.000911
B,MODELO,2016-12,0.001230
B,MODELO,2017-01,0.001913
B,MODELO,2017-02,0.002522
B,MODELO,2017-03,0.002399
B,MODELO,2017-04,0.002269
B,MODELO,2017-05,0.002055
B,MODELO,2017-06,0.002804
B,MODELO,2017-07,0.003152
B,MODELO,2017-08,0.003877
B,MODELO,2017-09,0.002642
B,MODELO,2017-10,0.004099
B,MODELO,2017-11,0.004833
B,MODELO,2017-12,0.004440
B,MODELO,2018-01,0.005462
B,MODELO,2018-02,0.004154
B,MODELO,2018-03,0.003524
B,MODELO,2018-04,0.004392
B,MODELO,2018-05,0.003937
B,MODELO,2018-06,0.002821
B,MODELO,2018-07,0.003875
B,MODELO,2018-08,0.004752
B,MODELO,2018-09,0.004283
B,MODELO,2018-10,0.003932
B,MODELO,2018-11,0.004295
B,MODELO,2018-12,0.003548
B,MODELO,2019-01,0.003922
B,MODELO,2019-02,0.003978
B,MODELO,2019-03,0.002919
B,MODELO,2019-04,0.002410
B,MODELO,2019-05,0.001164
B,MODELO,2019-06,0.000606
B,MODELO,2019-07,-0.000615
B,MODELO,2019-08,-0.001299
B,MODELO,2019-09,-0.001745
B,MODELO,2019-10,-0.001863
B,MODELO,2019-11,-0.002197
B,MODELO,2019-12,-0.001961
B,MODELO,2020-01,-0.002734
B,MODELO,2020-02,-0.004372
B,MODELO,2020-03,-0.004999
B,MODELO,2020-04,-0.003821
B,MODELO,2020-05,-0.003017
B,MODELO,2020-06,-0.003452
B,MODELO,2020-07,-0.003313
B,MODELO,2020-08,-0.002585
B,MODELO,2020-09,-0.002829
B,MODELO,2020-10,-0.002937
B,MODELO,2020-11,-0.003073
B,MODELO,2020-12,-0.002301
B,MODELO,2021-01,-0.001584
B,MODELO,2021-02,-0.001599
B,MODELO,2021-03,-0.001550
B,MODELO,2021-04,-0.002272
B,MODELO,2021-05,-0.002856
B,MODELO,2021-06,-0.003179
B,MODELO,2021-07,-0.004083
B,MODELO,2021-08,-0.005150
B,MODELO,2021-09,-0.005690
B,MODELO,2021-10,-0.005547
B,MODELO,2021-11,-0.005800
B,MODELO,2021-12,-0.004221
B,MODELO,2022-01,-0.005258
B,MODELO,2022-02,-0.005935
B,MODELO,2022-03,-0.006028
B,MODELO,2022-04,-0.007153
B,MODELO,2022-05,-0.006971
B,MODELO,2022-06,-0.007840
B,MODELO,2022-07,-0.006171
B,MODELO,2022-08,-0.005424
B,MODELO,2022-09,-0.006861
B,MODELO,2022-10,-0.008006
B,MODELO,2022-11,-0.008009
B,MODELO,2022-12,-0.008893
B,MODELO,2023-01,-0.007904
B,MODELO,2023-02,-0.006696
B,MODELO,2023-03,-0.006647
B,MODELO,2023-04,-0.007592
B,MODELO,2023-05,-0.008106
B,MODELO,2023-06,-0.007878
B,MODELO,2023-07,-0.007518
B,MODELO,2023-08,-0.007648
B,MODELO,2023-09,-0.006488
B,MODELO,2023-10,-0.006487
B,MODELO,2023-11,-0.007258
B,MODELO,2023-12,-0.007853
B,MODELO,2024-01,-0.008167
B,MODELO,2024-02,-0.007321
B,MODELO,2024-03,-0.006850
B,MODELO,2024-04,-0.006879
B,MODELO,2024-05,-0.006194
B,MODELO,2024-06,-0.005185
B,MODELO,2024-07,-0.004778
B,MODELO,2024-08,-0.004074
B,MODELO,2024-09,-0.002906
B,MODELO,2024-10,-0.002402
B,MODELO,2024-11,-0.002423
B,MODELO,2024-12,-0.002613
B,MODELO,2025-01,-0.001569
B,MODELO,2025-02,-0.001659
B,MODELO,2025-03,-0.001576
B,MODELO,2025-04,-0.000953
B,MODELO,2025-05,-0.000571
B,MODELO,2025-06,0.000655
B,MODELO,2025-07,0.000142
B,MODELO,2025-08,0.000447
B,MODELO,2025-09,0.002114
B,MODELO,2025-10,0.002916
B,MODELO,2025-11,0.001906
B,MODELO,2025-12,0.001717
B,MODELO,2026-01,0.000279
B,MODELO,2026-02,0.000496
B,MODELO,2026-03,0.001070
B,MODELO,2026-04,0.000851
B,MODELO,2026-05,-0.000243
B,MODELO,2026-06,-0.000132
B,MODELO,2026-07,-0.001338
B,MODELO,2026-08,-0.001915
B,PLANVITAL,2005-07,-0.005872
B,PLANVITAL,2005-08,-0.006326
B,PLANVITAL,2005-09,-0.006935
B,PLANVITAL,2005-10,-0.005664
B,PLANVITAL,2005-11,-0.007062
B,PLANVITAL,2005-12,-0.007421
B,PLANVITAL,2006-01,-0.006608
B,PLANVITAL,2006-02,-0.006423
B,PLANVITAL,2006-03,-0.005924
B,PLANVITAL,2006-04,-0.006134
B,PLANVITAL,2006-05,-0.005886
B,PLANVITAL,2006-06,-0.006144
B,PLANVITAL,2006-07,-0.006289
B,PLANVITAL,2006-08,-0.006349
B,PLANVITAL,2006-09,-0.005643
B,PLANVITAL,2006-10,-0.005041
B,PLANVITAL,2006-11,-0.004766
B,PLANVITAL,2006-12,-0.003119
B,PLANVITAL,2007-01,-0.002510
B,PLANVITAL,2007-02,-0.002031
B,PLANVITAL,2007-03,0.002054
B,PLANVITAL,2007-04,0.003307
B,PLANVITAL,2007-05,0.004167
B,PLANVITAL,2007-06,0.004631
B,PLANVITAL,2007-07,0.004264
B,PLANVITAL,2007-08,0.003479
B,PLANVITAL,2007-09,0.002989
B,PLANVITAL,2007-10,0.003142
B,PLANVITAL,2007-11,0.002853
B,PLANVITAL,2007-12,0.002938
B,PLANVITAL,2008-01,0.002148
B,PLANVITAL,2008-02,0.000961
B,PLANVITAL,2008-03,0.000128
B,PLANVITAL,2008-04,0.001827
B,PLANVITAL,2008-05,0.003344
B,PLANVITAL,2008-06,0.005131
B,PLANVITAL,2008-07,0.002816
B,PLANVITAL,2008-08,0.005071
B,PLANVITAL,2008-09,0.007063
B,PLANVITAL,2008-10,0.007467
B,PLANVITAL,2008-11,0.009229
B,PLANVITAL,2008-12,0.008954
B,PLANVITAL,2009-01,0.007457
B,PLANVITAL,2009-02,0.005101
B,PLANVITAL,2009-03,0.005104
B,PLANVITAL,2009-04,0.005645
B,PLANVITAL,2009-05,0.007772
B,PLANVITAL,2009-06,0.009010
B,PLANVITAL,2009-07,0.007832
B,PLANVITAL,2009-08,0.006701
B,PLANVITAL,2009-09,0.005875
B,PLANVITAL,2009-10,0.005447
B,PLANVITAL,2009-11,0.006504
B,PLANVITAL,2009-12,0.004786
B,PLANVITAL,2010-01,0.003641
B,PLANVITAL,2010-02,0.003153
B,PLANVITAL,2010-03,0.002492
B,PLANVITAL,2010-04,0.000763
B,PLANVITAL,2010-05,0.000108
B,PLANVITAL,2010-06,-0.001279
B,PLANVITAL,2010-07,0.000212
B,PLANVITAL,2010-08,0.000532
B,PLANVITAL,2010-09,0.001150
B,PLANVITAL,2010-10,0.000925
B,PLANVITAL,2010-11,0.000828
B,PLANVITAL,2010-12,0.001400
B,PLANVITAL,2011-01,0.003027
B,PLANVITAL,2011-02,0.003251
B,PLANVITAL,2011-03,0.004259
B,PLANVITAL,2011-04,0.004158
B,PLANVITAL,2011-05,0.002946
B,PLANVITAL,2011-06,0.001466
B,PLANVITAL,2011-07,0.002644
B,PLANVITAL,2011-08,0.000130
B,PLANVITAL,2011-09,-0.002790
B,PLANVITAL,2011-10,-0.001718
B,PLANVITAL,2011-11,-0.004514
B,PLANVITAL,2011-12,-0.003355
B,PLANVITAL,2012-01,-0.000360
B,PLANVITAL,2012-02,0.002562
B,PLANVITAL,2012-03,0.002135
B,PLANVITAL,2012-04,0.002189
B,PLANVITAL,2012-05,0.000284
B,PLANVITAL,2012-06,-0.000915
B,PLANVITAL,2012-07,0.001205
B,PLANVITAL,2012-08,0.002906
B,PLANVITAL,2012-09,0.003320
B,PLANVITAL,2012-10,0.003001
B,PLANVITAL,2012-11,0.001731
B,PLANVITAL,2012-12,0.001459
B,PLANVITAL,2013-01,0.002081
B,PLANVITAL,2013-02,0.002258
B,PLANVITAL,2013-03,0.002602
B,PLANVITAL,2013-04,0.003142
B,PLANVITAL,2013-05,0.004140
B,PLANVITAL,2013-06,0.005313
B,PLANVITAL,2013-07,0.004952
B,PLANVITAL,2013-08,0.005984
B,PLANVITAL,2013-09,0.005363
B,PLANVITAL,2013-10,0.005012
B,PLANVITAL,2013-11,0.005612
B,PLANVITAL,2013-12,0.005547
B,PLANVITAL,2014-01,0.004814
B,PLANVITAL,2014-02,0.005690
B,PLANVITAL,2014-03,0.005018
B,PLANVITAL,2014-04,0.004223
B,PLANVITAL,2014-05,0.004074
B,PLANVITAL,2014-06,0.003844
B,PLANVITAL,2014-07,0.003668
B,PLANVITAL,2014-08,0.004397
B,PLANVITAL,2014-09,0.004921
B,PLANVITAL,2014-10,0.002375
B,PLANVITAL,2014-11,0.003165
B,PLANVITAL,2014-12,0.002093
B,PLANVITAL,2015-01,0.000339
B,PLANVITAL,2015-02,0.000200
B,PLANVITAL,2015-03,0.000117
B,PLANVITAL,2015-04,-0.000553
B,PLANVITAL,2015-05,-0.000906
B,PLANVITAL,2015-06,-0.000939
B,PLANVITAL,2015-07,-0.002954
B,PLANVITAL,2015-08,-0.003454
B,PLANVITAL,2015-09,-0.001938
B,PLANVITAL,2015-10,-0.002465
B,PLANVITAL,2015-11,-0.002572
B,PLANVITAL,2015-12,-0.001936
B,PLANVITAL,2016-01,-0.002425
B,PLANVITAL,2016-02,-0.003333
B,PLANVITAL,2016-03,-0.003903
B,PLANVITAL,2016-04,-0.004484
B,PLANVITAL,2016-05,-0.005205
B,PLANVITAL,2016-06,-0.006056
B,PLANVITAL,2016-07,-0.007455
B,PLANVITAL,2016-08,-0.007987
B,PLANVITAL,2016-09,-0.007694
B,PLANVITAL,2016-10,-0.007722
B,PLANVITAL,2016-11,-0.007798
B,PLANVITAL,2016-12,-0.007633
B,PLANVITAL,2017-01,-0.007917
B,PLANVITAL,2017-02,-0.008606
B,PLANVITAL,2017-03,-0.008805
B,PLANVITAL,2017-04,-0.009125
B,PLANVITAL,2017-05,-0.008709
B,PLANVITAL,2017-06,-0.009126
B,PLANVITAL,2017-07,-0.008868
B,PLANVITAL,2017-08,-0.008823
B,PLANVITAL,2017-09,-0.009160
B,PLANVITAL,2017-10,-0.009344
B,PLANVITAL,2017-11,-0.008686
B,PLANVITAL,2017-12,-0.008246
B,PLANVITAL,2018-01,-0.008224
B,PLANVITAL,2018-02,-0.008148
B,PLANVITAL,2018-03,-0.008015
B,PLANVITAL,2018-04,-0.007892
B,PLANVITAL,2018-05,-0.007514
B,PLANVITAL,2018-06,-0.007273
B,PLANVITAL,2018-07,-0.006218
B,PLANVITAL,2018-08,-0.006459
B,PLANVITAL,2018-09,-0.007842
B,PLANVITAL,2018-10,-0.006812
B,PLANVITAL,2018-11,-0.006994
B,PLANVITAL,2018-12,-0.006798
B,PLANVITAL,2019-01,-0.006623
B,PLANVITAL,2019-02,-0.006270
B,PLANVITAL,2019-03,-0.005125
B,PLANVITAL,2019-04,-0.004726
B,PLANVITAL,2019-05,-0.004720
B,PLANVITAL,2019-06,-0.004029
B,PLANVITAL,2019-07,-0.003479
B,PLANVITAL,2019-08,-0.003521
B,PLANVITAL,2019-09,-0.003723
B,PLANVITAL,2019-10,-0.003866
B,PLANVITAL,2019-11,-0.005156
B,PLANVITAL,2019-12,-0.005519
B,PLANVITAL,2020-01,-0.005603
B,PLANVITAL,2020-02,-0.004554
B,PLANVITAL,2020-03,-0.003110
B,PLANVITAL,2020-04,-0.002970
B,PLANVITAL,2020-05,-0.002985
B,PLANVITAL,2020-06,-0.002768
B,PLANVITAL,2020-07,-0.002904
B,PLANVITAL,2020-08,-0.004625
B,PLANVITAL,2020-09,-0.004508
B,PLANVITAL,2020-10,-0.004024
B,PLANVITAL,2020-11,-0.004802
B,PLANVITAL,2020-12,-0.004448
B,PLANVITAL,2021-01,-0.004691
B,PLANVITAL,2021-02,-0.004810
B,PLANVITAL,2021-03,-0.004289
B,PLANVITAL,2021-04,-0.004447
B,PLANVITAL,2021-05,-0.004956
B,PLANVITAL,2021-06,-0.004980
B,PLANVITAL,2021-07,-0.004934
B,PLANVITAL,2021-08,-0.004283
B,PLANVITAL,2021-09,-0.003414
B,PLANVITAL,2021-10,-0.003415
B,PLANVITAL,2021-11,-0.002361
B,PLANVITAL,2021-12,-0.002707
B,PLANVITAL,2022-01,-0.001788
B,PLANVITAL,2022-02,-0.000774
B,PLANVITAL,2022-03,-0.000912
B,PLANVITAL,2022-04,-0.000595
B,PLANVITAL,2022-05,0.000334
B,PLANVITAL,2022-06,0.000642
B,PLANVITAL,2022-07,0.000551
B,PLANVITAL,2022-08,0.001423
B,PLANVITAL,2022-09,0.002302
B,PLANVITAL,2022-10,0.003013
B,PLANVITAL,2022-11,0.003071
B,PLANVITAL,2022-12,0.003350
B,PLANVITAL,2023-01,0.002972
B,PLANVITAL,2023-02,0.003520
B,PLANVITAL,2023-03,0.002812
B,PLANVITAL,2023-04,0.002970
B,PLANVITAL,2023-05,0.003406
B,PLANVITAL,2023-06,0.002749
B,PLANVITAL,2023-07,0.003366
B,PLANVITAL,2023-08,0.005154
B,PLANVITAL,2023-09,0.006429
B,PLANVITAL,2023-10,0.006648
B,PLANVITAL,2023-11,0.006436
B,PLANVITAL,2023-12,0.005131
B,PLANVITAL,2024-01,0.005998
B,PLANVITAL,2024-02,0.006822
B,PLANVITAL,2024-03,0.006638
B,PLANVITAL,2024-04,0.007283
B,PLANVITAL,2024-05,0.007329
B,PLANVITAL,2024-06,0.006641
B,PLANVITAL,2024-07,0.006518
B,PLANVITAL,2024-08,0.005510
B,PLANVITAL,2024-09,0.004717
B,PLANVITAL,2024-10,0.004248
B,PLANVITAL,2024-11,0.003400
B,PLANVITAL,2024-12,0.003870
B,PLANVITAL,2025-01,0.003495
B,PLANVITAL,2025-02,0.003558
B,PLANVITAL,2025-03,0.003806
B,PLANVITAL,2025-04,0.003956
B,PLANVITAL,2025-05,0.003031
B,PLANVITAL,2025-06,0.002372
B,PLANVITAL,2025-07,0.002644
B,PLANVITAL,2025-08,0.001819
B,PLANVITAL,2025-09,0.000949
B,PLANVITAL,2025-10,0.000899
B,PLANVITAL,2025-11,0.002103
B,PLANVITAL,2025-12,0.001907
B,PLANVITAL,2026-01,0.002216
B,PLANVITAL,2026-02,0.001598
B,PLANVITAL,2026-03,0.002094
B,PLANVITAL,2026-04,0.002058
B,PLANVITAL,2026-05,0.001631
B,PLANVITAL,2026-06,0.002527
B,PLANVITAL,2026-07,0.002406
B,PLANVITAL,2026-08,0.002228
B,PROVIDA,2005-07,0.001381
B,PROVIDA,2005-08,0.001787
B,PROVIDA,2005-09,0.000813
B,PROVIDA,2005-10,-0.001092
B,PROVIDA,2005-11,-0.000930
B,PROVIDA,2005-12,-0.002343
B,PROVIDA,2006-01,-0.001451
B,PROVIDA,2006-02,-0.001275
B,PROVIDA,2006-03,-0.001255
B,PROVIDA,2006-04,-0.001507
B,PROVIDA,2006-05,-0.001790
B,PROVIDA,2006-06,-0.001252
B,PROVIDA,2006-07,-0.001480
B,PROVIDA,2006-08,-0.001560
B,PROVIDA,2006-09,-0.002653
B,PROVIDA,2006-10,-0.002367
B,PROVIDA,2006-11,-0.002408
B,PROVIDA,2006-12,-0.003674
B,PROVIDA,2007-01,-0.003254
B,PROVIDA,2007-02,-0.003843
B,PROVIDA,2007-03,-0.004407
B,PROVIDA,2007-04,-0.005177
B,PROVIDA,2007-05,-0.005707
B,PROVIDA,2007-06,-0.005006
B,PROVIDA,2007-07,-0.006042
B,PROVIDA,2007-08,-0.005682
B,PROVIDA,2007-09,-0.004951
B,PROVIDA,2007-10,-0.004704
B,PROVIDA,2007-11,-0.004732
B,PROVIDA,2007-12,-0.005274
B,PROVIDA,2008-01,-0.004106
B,PROVIDA,2008-02,-0.004766
B,PROVIDA,2008-03,-0.004670
B,PROVIDA,2008-04,-0.005882
B,PROVIDA,2008-05,-0.005465
B,PROVIDA,2008-06,-0.006825
B,PROVIDA,2008-07,-0.005729
B,PROVIDA,2008-08,-0.006557
B,PROVIDA,2008-09,-0.006488
B,PROVIDA,2008-10,-0.007020
B,PROVIDA,2008-11,-0.005764
B,PROVIDA,2008-12,-0.006522
B,PROVIDA,2009-01,-0.005509
B,PROVIDA,2009-02,-0.005307
B,PROVIDA,2009-03,-0.005852
B,PROVIDA,2009-04,-0.005693
B,PROVIDA,2009-05,-0.006447
B,PROVIDA,2009-06,-0.006856
B,PROVIDA,2009-07,-0.006320
B,PROVIDA,2009-08,-0.006249
B,PROVIDA,2009-09,-0.006580
B,PROVIDA,2009-10,-0.006161
B,PROVIDA,2009-11,-0.006110
B,PROVIDA,2009-12,-0.006285
B,PROVIDA,2010-01,-0.006710
B,PROVIDA,2010-02,-0.006418
B,PROVIDA,2010-03,-0.006430
B,PROVIDA,2010-04,-0.005412
B,PROVIDA,2010-05,-0.005352
B,PROVIDA,2010-06,-0.005329
B,PROVIDA,2010-07,-0.005113
B,PROVIDA,2010-08,-0.005479
B,PROVIDA,2010-09,-0.005616
B,PROVIDA,2010-10,-0.005110
B,PROVIDA,2010-11,-0.005109
B,PROVIDA,2010-12,-0.004667
B,PROVIDA,2011-01,-0.005926
B,PROVIDA,2011-02,-0.005687
B,PROVIDA,2011-03,-0.005283
B,PROVIDA,2011-04,-0.004154
B,PROVIDA,2011-05,-0.004148
B,PROVIDA,2011-06,-0.002812
B,PROVIDA,2011-07,-0.003557
B,PROVIDA,2011-08,-0.003150
B,PROVIDA,2011-09,-0.002530
B,PROVIDA,2011-10,-0.003215
B,PROVIDA,2011-11,-0.004501
B,PROVIDA,2011-12,-0.002759
B,PROVIDA,2012-01,-0.003621
B,PROVIDA,2012-02,-0.004078
B,PROVIDA,2012-03,-0.004063
B,PROVIDA,2012-04,-0.004866
B,PROVIDA,2012-05,-0.004085
B,PROVIDA,2012-06,-0.003853
B,PROVIDA,2012-07,-0.003805
B,PROVIDA,2012-08,-0.003509
B,PROVIDA,2012-09,-0.003038
B,PROVIDA,2012-10,-0.002870
B,PROVIDA,2012-11,-0.002924
B,PROVIDA,2012-12,-0.002244
B,PROVIDA,2013-01,-0.002373
B,PROVIDA,2013-02,-0.003319
B,PROVIDA,2013-03,-0.003118
B,PROVIDA,2013-04,-0.002802
B,PROVIDA,2013-05,-0.002250
B,PROVIDA,2013-06,-0.003182
B,PROVIDA,2013-07,-0.002845
B,PROVIDA,2013-08,-0.002745
B,PROVIDA,2013-09,-0.002954
B,PROVIDA,2013-10,-0.003271
B,PROVIDA,2013-11,-0.003902
B,PROVIDA,2013-12,-0.003853
B,PROVIDA,2014-01,-0.003194
B,PROVIDA,2014-02,-0.002831
B,PROVIDA,2014-03,-0.003116
B,PROVIDA,2014-04,-0.002913
B,PROVIDA,2014-05,-0.002483
B,PROVIDA,2014-06,-0.002392
B,PROVIDA,2014-07,-0.002202
B,PROVIDA,2014-08,-0.001604
B,PROVIDA,2014-09,-0.002140
B,PROVIDA,2014-10,0.000374
B,PROVIDA,2014-11,0.000824
B,PROVIDA,2014-12,0.000240
B,PROVIDA,2015-01,0.000740
B,PROVIDA,2015-02,0.000465
B,PROVIDA,2015-03,0.000531
B,PROVIDA,2015-04,0.001574
B,PROVIDA,2015-05,0.001214
B,PROVIDA,2015-06,0.000050
B,PROVIDA,2015-07,0.000377
B,PROVIDA,2015-08,-0.000112
B,PROVIDA,2015-09,-0.000430
B,PROVIDA,2015-10,-0.000483
B,PROVIDA,2015-11,-0.000848
B,PROVIDA,2015-12,-0.001489
B,PROVIDA,2016-01,-0.000245
B,PROVIDA,2016-02,0.000139
B,PROVIDA,2016-03,0.000363
B,PROVIDA,2016-04,-0.000889
B,PROVIDA,2016-05,-0.000627
B,PROVIDA,2016-06,-0.000367
B,PROVIDA,2016-07,-0.001071
B,PROVIDA,2016-08,-0.000695
B,PROVIDA,2016-09,-0.000706
B,PROVIDA,2016-10,-0.001326
B,PROVIDA,2016-11,-0.001903
B,PROVIDA,2016-12,-0.002883
B,PROVIDA,2017-01,-0.003472
B,PROVIDA,2017-02,-0.003888
B,PROVIDA,2017-03,-0.003758
B,PROVIDA,2017-04,-0.003478
B,PROVIDA,2017-05,-0.003806
B,PROVIDA,2017-06,-0.004174
B,PROVIDA,2017-07,-0.004599
B,PROVIDA,2017-08,-0.005387
B,PROVIDA,2017-09,-0.005195
B,PROVIDA,2017-10,-0.005713
B,PROVIDA,2017-11,-0.005708
B,PROVIDA,2017-12,-0.005818
B,PROVIDA,2018-01,-0.006091
B,PROVIDA,2018-02,-0.005425
B,PROVIDA,2018-03,-0.004908
B,PROVIDA,2018-04,-0.005849
B,PROVIDA,2018-05,-0.005813
B,PROVIDA,2018-06,-0.005272
B,PROVIDA,2018-07,-0.005609
B,PROVIDA,2018-08,-0.005417
B,PROVIDA,2018-09,-0.005536
B,PROVIDA,2018-10,-0.005310
B,PROVIDA,2018-11,-0.004958
B,PROVIDA,2018-12,-0.004590
B,PROVIDA,2019-01,-0.004623
B,PROVIDA,2019-02,-0.004588
B,PROVIDA,2019-03,-0.004347
B,PROVIDA,2019-04,-0.003592
B,PROVIDA,2019-05,-0.003336
B,PROVIDA,2019-06,-0.002657
B,PROVIDA,2019-07,-0.001748
B,PROVIDA,2019-08,-0.001583
B,PROVIDA,2019-09,-0.001560
B,PROVIDA,2019-10,-0.001095
B,PROVIDA,2019-11,0.000577
B,PROVIDA,2019-12,0.002035
B,PROVIDA,2020-01,0.001769
B,PROVIDA,2020-02,0.001840
B,PROVIDA,2020-03,0.000907
B,PROVIDA,2020-04,0.001771
B,PROVIDA,2020-05,0.002291
B,PROVIDA,2020-06,0.003136
B,PROVIDA,2020-07,0.003697
B,PROVIDA,2020-08,0.004614
B,PROVIDA,2020-09,0.004975
B,PROVIDA,2020-10,0.004992
B,PROVIDA,2020-11,0.005006
B,PROVIDA,2020-12,0.004586
B,PROVIDA,2021-01,0.005608
B,PROVIDA,2021-02,0.005061
B,PROVIDA,2021-03,0.004785
B,PROVIDA,2021-04,0.005795
B,PROVIDA,2021-05,0.006748
B,PROVIDA,2021-06,0.006966
B,PROVIDA,2021-07,0.007225
B,PROVIDA,2021-08,0.006893
B,PROVIDA,2021-09,0.006279
B,PROVIDA,2021-10,0.004709
B,PROVIDA,2021-11,0.004435
B,PROVIDA,2021-12,0.004160
B,PROVIDA,2022-01,0.004015
B,PROVIDA,2022-02,0.003404
B,PROVIDA,2022-03,0.003080
B,PROVIDA,2022-04,0.002997
B,PROVIDA,2022-05,0.002079
B,PROVIDA,2022-06,0.002798
B,PROVIDA,2022-07,0.000848
B,PROVIDA,2022-08,0.000635
B,PROVIDA,2022-09,0.000322
B,PROVIDA,2022-10,0.001384
B,PROVIDA,2022-11,0.002521
B,PROVIDA,2022-12,0.002513
B,PROVIDA,2023-01,0.001712
B,PROVIDA,2023-02,0.001102
B,PROVIDA,2023-03,0.002233
B,PROVIDA,2023-04,0.001394
B,PROVIDA,2023-05,0.000471
B,PROVIDA,2023-06,0.000198
B,PROVIDA,2023-07,-0.000795
B,PROVIDA,2023-08,-0.001996
B,PROVIDA,2023-09,-0.003983
B,PROVIDA,2023-10,-0.003884
B,PROVIDA,2023-11,-0.002095
B,PROVIDA,2023-12,-0.001053
B,PROVIDA,2024-01,-0.001700
B,PROVIDA,2024-02,-0.002437
B,PROVIDA,2024-03,-0.002234
B,PROVIDA,2024-04,-0.002827
B,PROVIDA,2024-05,-0.003556
B,PROVIDA,2024-06,-0.003289
B,PROVIDA,2024-07,-0.002793
B,PROVIDA,2024-08,-0.002249
B,PROVIDA,2024-09,-0.001495
B,PROVIDA,2024-10,-0.000802
B,PROVIDA,2024-11,-0.001012
B,PROVIDA,2024-12,-0.001700
B,PROVIDA,2025-01,-0.002436
B,PROVIDA,2025-02,-0.001957
B,PROVIDA,2025-03,-0.002077
B,PROVIDA,2025-04,-0.002354
B,PROVIDA,2025-05,-0.002102
B,PROVIDA,2025-06,-0.003120
B,PROVIDA,2025-07,-0.001949
B,PROVIDA,2025-08,-0.001962
B,PROVIDA,2025-09,-0.002089
B,PROVIDA,2025-10,-0.003432
B,PROVIDA,2025-11,-0.004774
B,PROVIDA,2025-12,-0.005420
B,PROVIDA,2026-01,-0.003703
B,PROVIDA,2026-02,-0.003117
B,PROVIDA,2026-03,-0.003632
B,PROVIDA,2026-04,-0.003698
B,PROVIDA,2026-05,-0.002684
B,PROVIDA,2026-06,-0.002171
B,PROVIDA,2026-07,-0.001079
B,PROVIDA,2026-08,0.000155
B,SANTA MARIA,2005-07,-0.000992
B,SANTA MARIA,2005-08,-0.000952
B,SANTA MARIA,2005-09,-0.001193
B,SANTA MARIA,2005-10,0.000197
B,SANTA MARIA,2005-11,-0.002549
B,SANTA MARIA,2005-12,-0.000049
B,SANTA MARIA,2006-01,0.000303
B,SANTA MARIA,2006-02,0.001243
B,SANTA MARIA,2006-03,0.001984
B,SANTA MARIA,2006-04,0.001922
B,SANTA MARIA,2006-05,0.001232
B,SANTA MARIA,2006-06,0.001046
B,SANTA MARIA,2006-07,0.000418
B,SANTA MARIA,2006-08,0.000321
B,SANTA MARIA,2006-09,0.000445
B,SANTA MARIA,2006-10,0.000143
B,SANTA MARIA,2006-11,-0.000653
B,SANTA MARIA,2006-12,-0.000605
B,SANTA MARIA,2007-01,-0.001033
B,SANTA MARIA,2007-02,-0.000396
B,SANTA MARIA,2007-03,-0.000232
B,SANTA MARIA,2007-04,0.000163
B,SANTA MARIA,2007-05,0.001079
B,SANTA MARIA,2007-06,0.000602
B,SANTA MARIA,2007-07,0.000798
B,SANTA MARIA,2007-08,0.001448
B,SANTA MARIA,2007-09,0.001852
B,SANTA MARIA,2007-10,0.002945
B,SANTA MARIA,2007-11,0.002253
B,SANTA MARIA,2007-12,0.002868
B,SANTA MARIA,2008-01,0.001117
B,SANTA MARIA,2008-02,0.002132
B,SANTA MARIA,2008-03,0.001704
B,UNO,2022-09,-0.004709
B,UNO,2022-10,-0.005500
B,UNO,2022-11,-0.007732
B,UNO,2022-12,-0.007850
B,UNO,2023-01,-0.006734
B,UNO,2023-02,-0.007118
B,UNO,2023-03,-0.007699
B,UNO,2023-04,-0.006662
B,UNO,2023-05,-0.005858
B,UNO,2023-06,-0.005513
B,UNO,2023-07,-0.006648
B,UNO,2023-08,-0.006121
B,UNO,2023-09,-0.005214
B,UNO,2023-10,-0.005826
B,UNO,2023-11,-0.005928
B,UNO,2023-12,-0.005802
B,UNO,2024-01,-0.005905
B,UNO,2024-02,-0.004891
B,UNO,2024-03,-0.003718
B,UNO,2024-04,-0.001441
B,UNO,2024-05,-0.001270
B,UNO,2024-06,-0.002118
B,UNO,2024-07,-0.002217
B,UNO,2024-08,-0.002718
B,UNO,2024-09,-0.002634
B,UNO,2024-10,-0.002561
B,UNO,2024-11,-0.002017
B,UNO,2024-12,-0.002294
B,UNO,2025-01,-0.001441
B,UNO,2025-02,-0.001570
B,UNO,2025-03,-0.001723
B,UNO,2025-04,-0.000897
B,UNO,2025-05,0.000067
B,UNO,2025-06,0.001153
B,UNO,2025-07,0.000760
B,UNO,2025-08,0.000251
B,UNO,2025-09,0.000986
B,UNO,2025-10,0.001578
B,UNO,2025-11,0.001249
B,UNO,2025-12,0.001286
B,UNO,2026-01,0.000981
B,UNO,2026-02,0.000796
B,UNO,2026-03,0.000318
B,UNO,2026-04,0.000099
B,UNO,2026-05,0.000980
B,UNO,2026-06,0.001339
B,UNO,2026-07,0.002626
B,UNO,2026-08,0.002208
C,BANSANDER,2008-02,0.000528
C,BANSANDER,2008-03,-0.000243
C,CAPITAL,2011-03,-0.004014
C,CAPITAL,2011-04,-0.004231
C,CAPITAL,2011-05,-0.004139
C,CAPITAL,2011-06,-0.003083
C,CAPITAL,2011-07,-0.001776
C,CAPITAL,2011-08,-0.002252
C,CAPITAL,2011-09,-0.003612
C,CAPITAL,2011-10,-0.002073
C,CAPITAL,2011-11,-0.004162
C,CAPITAL,2011-12,-0.005200
C,CAPITAL,2012-01,-0.003662
C,CAPITAL,2012-02,-0.003473
C,CAPITAL,2012-03,-0.002483
C,CAPITAL,2012-04,-0.001301
C,CAPITAL,2012-05,-0.001398
C,CAPITAL,2012-06,-0.001494
C,CAPITAL,2012-07,-0.002245
C,CAPITAL,2012-08,-0.002735
C,CAPITAL,2012-09,-0.003229
C,CAPITAL,2012-10,-0.003358
C,CAPITAL,2012-11,-0.002898
C,CAPITAL,2012-12,-0.002992
C,CAPITAL,2013-01,-0.002767
C,CAPITAL,2013-02,-0.002755
C,CAPITAL,2013-03,-0.002758
C,CAPITAL,2013-04,-0.003686
C,CAPITAL,2013-05,-0.002917
C,CAPITAL,2013-06,-0.003866
C,CAPITAL,2013-07,-0.003885
C,CAPITAL,2013-08,-0.003647
C,CAPITAL,2013-09,-0.003850
C,CAPITAL,2013-10,-0.003304
C,CAPITAL,2013-11,-0.003132
C,CAPITAL,2013-12,-0.002909
C,CAPITAL,2014-01,-0.003787
C,CAPITAL,2014-02,-0.003580
C,CAPITAL,2014-03,-0.003451
C,CAPITAL,2014-04,-0.003535
C,CAPITAL,2014-05,-0.003411
C,CAPITAL,2014-06,-0.003466
C,CAPITAL,2014-07,-0.003896
C,CAPITAL,2014-08,-0.002832
C,CAPITAL,2014-09,-0.002270
C,CAPITAL,2014-10,-0.003265
C,CAPITAL,2014-11,-0.002285
C,CAPITAL,2014-12,-0.001893
C,CAPITAL,2015-01,-0.002016
C,CAPITAL,2015-02,-0.002059
C,CAPITAL,2015-03,-0.001921
C,CAPITAL,2015-04,-0.002298
C,CAPITAL,2015-05,-0.002574
C,CAPITAL,2015-06,-0.002093
C,CAPITAL,2015-07,-0.001768
C,CAPITAL,2015-08,-0.001211
C,CAPITAL,2015-09,-0.002044
C,CAPITAL,2015-10,-0.002251
C,CAPITAL,2015-11,-0.001698
C,CAPITAL,2015-12,-0.001865
C,CAPITAL,2016-01,-0.001563
C,CAPITAL,2016-02,-0.001473
C,CAPITAL,2016-03,-0.002508
C,CAPITAL,2016-04,-0.001758
C,CAPITAL,2016-05,-0.002230
C,CAPITAL,2016-06,-0.001334
C,CAPITAL,2016-07,-0.000849
C,CAPITAL,2016-08,-0.000861
C,CAPITAL,2016-09,-0.000948
C,CAPITAL,2016-10,-0.000777
C,CAPITAL,2016-11,-0.001566
C,CAPITAL,2016-12,-0.001308
C,CAPITAL,2017-01,-0.001232
C,CAPITAL,2017-02,-0.000693
C,CAPITAL,2017-03,-0.000198
C,CAPITAL,2017-04,-0.000358
C,CAPITAL,2017-05,-0.000431
C,CAPITAL,2017-06,-0.000456
C,CAPITAL,2017-07,-0.000262
C,CAPITAL,2017-08,0.000109
C,CAPITAL,2017-09,0.000581
C,CAPITAL,2017-10,0.000409
C,CAPITAL,2017-11,-0.000425
C,CAPITAL,2017-12,-0.000008
C,CAPITAL,2018-01,0.000400
C,CAPITAL,2018-02,0.000527
C,CAPITAL,2018-03,0.000563
C,CAPITAL,2018-04,0.000609
C,CAPITAL,2018-05,0.000963
C,CAPITAL,2018-06,0.001133
C,CAPITAL,2018-07,0.001200
C,CAPITAL,2018-08,0.001185
C,CAPITAL,2018-09,0.001977
C,CAPITAL,2018-10,0.001880
C,CAPITAL,2018-11,0.001514
C,CAPITAL,2018-12,0.002326
C,CAPITAL,2019-01,0.001947
C,CAPITAL,2019-02,0.001882
C,CAPITAL,2019-03,0.002932
C,CAPITAL,2019-04,0.002696
C,CAPITAL,2019-05,0.003504
C,CAPITAL,2019-06,0.003334
C,CAPITAL,2019-07,0.003671
C,CAPITAL,2019-08,0.004368
C,CAPITAL,2019-09,0.004065
C,CAPITAL,2019-10,0.003221
C,CAPITAL,2019-11,0.003084
C,CAPITAL,2019-12,0.003691
C,CAPITAL,2020-01,0.003880
C,CAPITAL,2020-02,0.003662
C,CAPITAL,2020-03,0.003544
C,CAPITAL,2020-04,0.003629
C,CAPITAL,2020-05,0.003510
C,CAPITAL,2020-06,0.004304
C,CAPITAL,2020-07,0.004143
C,CAPITAL,2020-08,0.003695
C,CAPITAL,2020-09,0.004037
C,CAPITAL,2020-10,0.003660
C,CAPITAL,2020-11,0.005215
C,CAPITAL,2020-12,0.004749
C,CAPITAL,2021-01,0.004219
C,CAPITAL,2021-02,0.004458
C,CAPITAL,2021-03,0.004633
C,CAPITAL,2021-04,0.005188
C,CAPITAL,2021-05,0.005859
C,CAPITAL,2021-06,0.006212
C,CAPITAL,2021-07,0.006098
C,CAPITAL,2021-08,0.006050
C,CAPITAL,2021-09,0.006368
C,CAPITAL,2021-10,0.007209
C,CAPITAL,2021-11,0.007066
C,CAPITAL,2021-12,0.006700
C,CAPITAL,2022-01,0.006697
C,CAPITAL,2022-02,0.006907
C,CAPITAL,2022-03,0.006983
C,CAPITAL,2022-04,0.007239
C,CAPITAL,2022-05,0.007296
C,CAPITAL,2022-06,0.006835
C,CAPITAL,2022-07,0.006136
C,CAPITAL,2022-08,0.005292
C,CAPITAL,2022-09,0.005483
C,CAPITAL,2022-10,0.005828
C,CAPITAL,2022-11,0.007314
C,CAPITAL,2022-12,0.006287
C,CAPITAL,2023-01,0.006388
C,CAPITAL,2023-02,0.006014
C,CAPITAL,2023-03,0.006192
C,CAPITAL,2023-04,0.006058
C,CAPITAL,2023-05,0.006028
C,CAPITAL,2023-06,0.005725
C,CAPITAL,2023-07,0.005485
C,CAPITAL,2023-08,0.005762
C,CAPITAL,2023-09,0.005404
C,CAPITAL,2023-10,0.005594
C,CAPITAL,2023-11,0.005287
C,CAPITAL,2023-12,0.005758
C,CAPITAL,2024-01,0.005145
C,CAPITAL,2024-02,0.004725
C,CAPITAL,2024-03,0.004087
C,CAPITAL,2024-04,0.003954
C,CAPITAL,2024-05,0.003153
C,CAPITAL,2024-06,0.003094
C,CAPITAL,2024-07,0.002766
C,CAPITAL,2024-08,0.002740
C,CAPITAL,2024-09,0.001895
C,CAPITAL,2024-10,0.000866
C,CAPITAL,2024-11,0.001043
C,CAPITAL,2024-12,0.001131
C,CAPITAL,2025-01,0.001160
C,CAPITAL,2025-02,0.001403
C,CAPITAL,2025-03,0.001482
C,CAPITAL,2025-04,0.001184
C,CAPITAL,2025-05,0.001539
C,CAPITAL,2025-06,0.001812
C,CAPITAL,2025-07,0.001552
C,CAPITAL,2025-08,0.001712
C,CAPITAL,2025-09,0.002114
C,CAPITAL,2025-10,0.002044
C,CAPITAL,2025-11,0.001477
C,CAPITAL,2025-12,0.002584
C,CAPITAL,2026-01,0.002671
C,CAPITAL,2026-02,0.003017
C,CAPITAL,2026-03,0.002566
C,CAPITAL,2026-04,0.002912
C,CAPITAL,2026-05,0.002995
C,CAPITAL,2026-06,0.002042
C,CAPITAL,2026-07,0.002686
C,CAPITAL,2026-08,0.002960
C,CUPRUM,2005-07,0.005293
C,CUPRUM,2005-08,0.006418
C,CUPRUM,2005-09,0.009369
C,CUPRUM,2005-10,0.008808
C,CUPRUM,2005-11,0.007674
C,CUPRUM,2005-12,0.007020
C,CUPRUM,2006-01,0.005117
C,CUPRUM,2006-02,0.005564
C,CUPRUM,2006-03,0.005462
C,CUPRUM,2006-04,0.003614
C,CUPRUM,2006-05,0.003869
C,CUPRUM,2006-06,0.004471
C,CUPRUM,2006-07,0.004094
C,CUPRUM,2006-08,0.004119
C,CUPRUM,2006-09,0.004652
C,CUPRUM,2006-10,0.004057
C,CUPRUM,2006-11,0.003578
C,CUPRUM,2006-12,0.003062
C,CUPRUM,2007-01,0.001324
C,CUPRUM,2007-02,0.002434
C,CUPRUM,2007-03,0.001921
C,CUPRUM,2007-04,0.001561
C,CUPRUM,2007-05,0.002523
C,CUPRUM,2007-06,0.001047
C,CUPRUM,2007-07,0.002416
C,CUPRUM,2007-08,0.002366
C,CUPRUM,2007-09,0.001673
C,CUPRUM,2007-10,-0.000172
C,CUPRUM,2007-11,0.001948
C,CUPRUM,2007-12,0.002506
C,CUPRUM,2008-01,0.004866
C,CUPRUM,2008-02,0.003981
C,CUPRUM,2008-03,0.003851
C,CUPRUM,2008-04,0.004585
C,CUPRUM,2008-05,0.004395
C,CUPRUM,2008-06,0.004174
C,CUPRUM,2008-07,0.003700
C,CUPRUM,2008-08,0.003987
C,CUPRUM,2008-09,0.001829
C,CUPRUM,2008-10,-0.002465
C,CUPRUM,2008-11,-0.002872
C,CUPRUM,2008-12,-0.002635
C,CUPRUM,2009-01,-0.001172
C,CUPRUM,2009-02,-0.001364
C,CUPRUM,2009-03,-0.000189
C,CUPRUM,2009-04,0.000177
C,CUPRUM,2009-05,-0.001114
C,CUPRUM,2009-06,-0.001301
C,CUPRUM,2009-07,-0.000456
C,CUPRUM,2009-08,-0.000293
C,CUPRUM,2009-09,-0.001037
C,CUPRUM,2009-10,-0.000535
C,CUPRUM,2009-11,-0.001599
C,CUPRUM,2009-12,0.000478
C,CUPRUM,2010-01,0.000733
C,CUPRUM,2010-02,0.000223
C,CUPRUM,2010-03,0.000601
C,CUPRUM,2010-04,0.001898
C,CUPRUM,2010-05,0.002988
C,CUPRUM,2010-06,0.004227
C,CUPRUM,2010-07,0.004325
C,CUPRUM,2010-08,0.004143
C,CUPRUM,2010-09,0.003160
C,CUPRUM,2010-10,0.005289
C,CUPRUM,2010-11,0.004268
C,CUPRUM,2010-12,0.002903
C,CUPRUM,2011-01,0.000518
C,CUPRUM,2011-02,0.001277
C,CUPRUM,2011-03,0.001197
C,CUPRUM,2011-04,0.000076
C,CUPRUM,2011-05,0.000013
C,CUPRUM,2011-06,-0.000596
C,CUPRUM,2011-07,-0.000708
C,CUPRUM,2011-08,0.000751
C,CUPRUM,2011-09,0.001350
C,CUPRUM,2011-10,0.006434
C,CUPRUM,2011-11,0.007220
C,CUPRUM,2011-12,0.006325
C,CUPRUM,2012-01,0.005427
C,CUPRUM,2012-02,0.005501
C,CUPRUM,2012-03,0.004153
C,CUPRUM,2012-04,0.003742
C,CUPRUM,2012-05,0.004007
C,CUPRUM,2012-06,0.003660
C,CUPRUM,2012-07,0.002427
C,CUPRUM,2012-08,0.002294
C,CUPRUM,2012-09,0.002785
C,CUPRUM,2012-10,0.002794
C,CUPRUM,2012-11,0.004033
C,CUPRUM,2012-12,0.002561
C,CUPRUM,2013-01,0.003551
C,CUPRUM,2013-02,0.003458
C,CUPRUM,2013-03,0.003780
C,CUPRUM,2013-04,0.003122
C,CUPRUM,2013-05,0.001823
C,CUPRUM,2013-06,0.001646
C,CUPRUM,2013-07,0.001092
C,CUPRUM,2013-08,0.000640
C,CUPRUM,2013-09,0.002084
C,CUPRUM,2013-10,0.001634
C,CUPRUM,2013-11,0.001223
C,CUPRUM,2013-12,0.001806
C,CUPRUM,2014-01,0.001800
C,CUPRUM,2014-02,0.001681
C,CUPRUM,2014-03,0.002349
C,CUPRUM,2014-04,0.002796
C,CUPRUM,2014-05,0.003145
C,CUPRUM,2014-06,0.004477
C,CUPRUM,2014-07,0.004616
C,CUPRUM,2014-08,0.003559
C,CUPRUM,2014-09,0.004059
C,CUPRUM,2014-10,0.003429
C,CUPRUM,2014-11,0.003290
C,CUPRUM,2014-12,0.003970
C,CUPRUM,2015-01,0.004768
C,CUPRUM,2015-02,0.005412
C,CUPRUM,2015-03,0.005791
C,CUPRUM,2015-04,0.005724
C,CUPRUM,2015-05,0.005955
C,CUPRUM,2015-06,0.005789
C,CUPRUM,2015-07,0.006435
C,CUPRUM,2015-08,0.006827
C,CUPRUM,2015-09,0.007074
C,CUPRUM,2015-10,0.006855
C,CUPRUM,2015-11,0.006601
C,CUPRUM,2015-12,0.006636
C,CUPRUM,2016-01,0.005487
C,CUPRUM,2016-02,0.005937
C,CUPRUM,2016-03,0.005161
C,CUPRUM,2016-04,0.005458
C,CUPRUM,2016-05,0.004908
C,CUPRUM,2016-06,0.005457
C,CUPRUM,2016-07,0.005109
C,CUPRUM,2016-08,0.005313
C,CUPRUM,2016-09,0.004583
C,CUPRUM,2016-10,0.004115
C,CUPRUM,2016-11,0.003898
C,CUPRUM,2016-12,0.004286
C,CUPRUM,2017-01,0.003732
C,CUPRUM,2017-02,0.003960
C,CUPRUM,2017-03,0.003870
C,CUPRUM,2017-04,0.003970
C,CUPRUM,2017-05,0.003489
C,CUPRUM,2017-06,0.002888
C,CUPRUM,2017-07,0.002872
C,CUPRUM,2017-08,0.001957
C,CUPRUM,2017-09,0.002900
C,CUPRUM,2017-10,0.002259
C,CUPRUM,2017-11,0.001817
C,CUPRUM,2017-12,0.002030
C,CUPRUM,2018-01,0.001697
C,CUPRUM,2018-02,0.001127
C,CUPRUM,2018-03,0.000741
C,CUPRUM,2018-04,0.000606
C,CUPRUM,2018-05,0.000138
C,CUPRUM,2018-06,-0.000211
C,CUPRUM,2018-07,-0.000396
C,CUPRUM,2018-08,-0.001224
C,CUPRUM,2018-09,-0.001000
C,CUPRUM,2018-10,-0.000785
C,CUPRUM,2018-11,-0.000537
C,CUPRUM,2018-12,-0.000049
C,CUPRUM,2019-01,-0.000336
C,CUPRUM,2019-02,-0.000995
C,CUPRUM,2019-03,-0.000994
C,CUPRUM,2019-04,-0.001142
C,CUPRUM,2019-05,-0.000881
C,CUPRUM,2019-06,-0.001826
C,CUPRUM,2019-07,-0.001676
C,CUPRUM,2019-08,-0.001642
C,CUPRUM,2019-09,-0.001799
C,CUPRUM,2019-10,-0.001581
C,CUPRUM,2019-11,-0.001948
C,CUPRUM,2019-12,-0.002510
C,CUPRUM,2020-01,-0.002261
C,CUPRUM,2020-02,-0.002652
C,CUPRUM,2020-03,-0.004596
C,CUPRUM,2020-04,-0.005449
C,CUPRUM,2020-05,-0.005786
C,CUPRUM,2020-06,-0.006222
C,CUPRUM,2020-07,-0.005756
C,CUPRUM,2020-08,-0.005950
C,CUPRUM,2020-09,-0.005791
C,CUPRUM,2020-10,-0.005947
C,CUPRUM,2020-11,-0.005415
C,CUPRUM,2020-12,-0.005738
C,CUPRUM,2021-01,-0.006118
C,CUPRUM,2021-02,-0.005633
C,CUPRUM,2021-03,-0.005068
C,CUPRUM,2021-04,-0.004525
C,CUPRUM,2021-05,-0.003844
C,CUPRUM,2021-06,-0.003144
C,CUPRUM,2021-07,-0.003133
C,CUPRUM,2021-08,-0.002878
C,CUPRUM,2021-09,-0.002201
C,CUPRUM,2021-10,-0.001472
C,CUPRUM,2021-11,-0.002447
C,CUPRUM,2021-12,-0.002420
C,CUPRUM,2022-01,-0.001887
C,CUPRUM,2022-02,-0.001572
C,CUPRUM,2022-03,-0.001556
C,CUPRUM,2022-04,-0.000945
C,CUPRUM,2022-05,-0.000855
C,CUPRUM,2022-06,0.000299
C,CUPRUM,2022-07,0.000573
C,CUPRUM,2022-08,0.000236
C,CUPRUM,2022-09,0.001078
C,CUPRUM,2022-10,0.001280
C,CUPRUM,2022-11,-0.000635
C,CUPRUM,2022-12,-0.000309
C,CUPRUM,2023-01,-0.000148
C,CUPRUM,2023-02,0.000283
C,CUPRUM,2023-03,0.002080
C,CUPRUM,2023-04,0.002047
C,CUPRUM,2023-05,0.001987
C,CUPRUM,2023-06,0.003094
C,CUPRUM,2023-07,0.002449
C,CUPRUM,2023-08,0.002891
C,CUPRUM,2023-09,0.002823
C,CUPRUM,2023-10,0.003543
C,CUPRUM,2023-11,0.002805
C,CUPRUM,2023-12,0.003144
C,CUPRUM,2024-01,0.003044
C,CUPRUM,2024-02,0.002453
C,CUPRUM,2024-03,0.001414
C,CUPRUM,2024-04,0.001025
C,CUPRUM,2024-05,0.001283
C,CUPRUM,2024-06,0.001066
C,CUPRUM,2024-07,0.000782
C,CUPRUM,2024-08,0.001112
C,CUPRUM,2024-09,0.000420
C,CUPRUM,2024-10,-0.000114
C,CUPRUM,2024-11,0.000773
C,CUPRUM,2024-12,0.000708
C,CUPRUM,2025-01,0.000691
C,CUPRUM,2025-02,0.000545
C,CUPRUM,2025-03,0.001045
C,CUPRUM,2025-04,0.000279
C,CUPRUM,2025-05,-0.000140
C,CUPRUM,2025-06,-0.000436
C,CUPRUM,2025-07,-0.001083
C,CUPRUM,2025-08,-0.000396
C,CUPRUM,2025-09,-0.001450
C,CUPRUM,2025-10,-0.001610
C,CUPRUM,2025-11,0.000510
C,CUPRUM,2025-12,0.000659
C,CUPRUM,2026-01,0.001366
C,CUPRUM,2026-02,0.001367
C,CUPRUM,2026-03,0.001271
C,CUPRUM,2026-04,0.001788
C,CUPRUM,2026-05,0.003312
C,CUPRUM,2026-06,0.002211
C,CUPRUM,2026-07,0.002583
C,CUPRUM,2026-08,0.002282
C,HABITAT,2005-07,-0.001447
C,HABITAT,2005-08,-0.001507
C,HABITAT,2005-09,-0.002841
C,HABITAT,2005-10,-0.001888
C,HABITAT,2005-11,-0.001020
C,HABITAT,2005-12,-0.001097
C,HABITAT,2006-01,-0.001805
C,HABITAT,2006-02,-0.002325
C,HABITAT,2006-03,-0.002895
C,HABITAT,2006-04,-0.002385
C,HABITAT,2006-05,-0.002130
C,HABITAT,2006-06,-0.002557
C,HABITAT,2006-07,-0.001547
C,HABITAT,2006-08,-0.000728
C,HABITAT,2006-09,0.000056
C,HABITAT,2006-10,0.000572
C,HABITAT,2006-11,0.000812
C,HABITAT,2006-12,0.002259
C,HABITAT,2007-01,0.002980
C,HABITAT,2007-02,0.003349
C,HABITAT,2007-03,0.003518
C,HABITAT,2007-04,0.003944
C,HABITAT,2007-05,0.003785
C,HABITAT,2007-06,0.004135
C,HABITAT,2007-07,0.003993
C,HABITAT,2007-08,0.003369
C,HABITAT,2007-09,0.003036
C,HABITAT,2007-10,0.003716
C,HABITAT,2007-11,0.002585
C,HABITAT,2007-12,0.003143
C,HABITAT,2008-01,0.003408
C,HABITAT,2008-02,0.004308
C,HABITAT,2008-03,0.005100
C,HABITAT,2008-04,0.005852
C,HABITAT,2008-05,0.006223
C,HABITAT,2008-06,0.008760
C,HABITAT,2008-07,0.009165
C,HABITAT,2008-08,0.010099
C,HABITAT,2008-09,0.009627
C,HABITAT,2008-10,0.009933
C,HABITAT,2008-11,0.008942
C,HABITAT,2008-12,0.009255
C,HABITAT,2009-01,0.009059
C,HABITAT,2009-02,0.008458
C,HABITAT,2009-03,0.009092
C,HABITAT,2009-04,0.010418
C,HABITAT,2009-05,0.012268
C,HABITAT,2009-06,0.012747
C,HABITAT,2009-07,0.012420
C,HABITAT,2009-08,0.012026
C,HABITAT,2009-09,0.011456
C,HABITAT,2009-10,0.010512
C,HABITAT,2009-11,0.010708
C,HABITAT,2009-12,0.010451
C,HABITAT,2010-01,0.010543
C,HABITAT,2010-02,0.010176
C,HABITAT,2010-03,0.010772
C,HABITAT,2010-04,0.009532
C,HABITAT,2010-05,0.010136
C,HABITAT,2010-06,0.009384
C,HABITAT,2010-07,0.009596
C,HABITAT,2010-08,0.010547
C,HABITAT,2010-09,0.010839
C,HABITAT,2010-10,0.009863
C,HABITAT,2010-11,0.011258
C,HABITAT,2010-12,0.011577
C,HABITAT,2011-01,0.010571
C,HABITAT,2011-02,0.010407
C,HABITAT,2011-03,0.009789
C,HABITAT,2011-04,0.009417
C,HABITAT,2011-05,0.008616
C,HABITAT,2011-06,0.006287
C,HABITAT,2011-07,0.006274
C,HABITAT,2011-08,0.007089
C,HABITAT,2011-09,0.007712
C,HABITAT,2011-10,0.007283
C,HABITAT,2011-11,0.009178
C,HABITAT,2011-12,0.008373
C,HABITAT,2012-01,0.008490
C,HABITAT,2012-02,0.009116
C,HABITAT,2012-03,0.008936
C,HABITAT,2012-04,0.007863
C,HABITAT,2012-05,0.006675
C,HABITAT,2012-06,0.006615
C,HABITAT,2012-07,0.006656
C,HABITAT,2012-08,0.006472
C,HABITAT,2012-09,0.006626
C,HABITAT,2012-10,0.006913
C,HABITAT,2012-11,0.006627
C,HABITAT,2012-12,0.006370
C,HABITAT,2013-01,0.005899
C,HABITAT,2013-02,0.006725
C,HABITAT,2013-03,0.006280
C,HABITAT,2013-04,0.007002
C,HABITAT,2013-05,0.006062
C,HABITAT,2013-06,0.007020
C,HABITAT,2013-07,0.006798
C,HABITAT,2013-08,0.005706
C,HABITAT,2013-09,0.005425
C,HABITAT,2013-10,0.005510
C,HABITAT,2013-11,0.005685
C,HABITAT,2013-12,0.004914
C,HABITAT,2014-01,0.005657
C,HABITAT,2014-02,0.005086
C,HABITAT,2014-03,0.004788
C,HABITAT,2014-04,0.004482
C,HABITAT,2014-05,0.004597
C,HABITAT,2014-06,0.005035
C,HABITAT,2014-07,0.004695
C,HABITAT,2014-08,0.003501
C,HABITAT,2014-09,0.002931
C,HABITAT,2014-10,0.002627
C,HABITAT,2014-11,0.002381
C,HABITAT,2014-12,0.002974
C,HABITAT,2015-01,0.003395
C,HABITAT,2015-02,0.003337
C,HABITAT,2015-03,0.002497
C,HABITAT,2015-04,0.002733
C,HABITAT,2015-05,0.002653
C,HABITAT,2015-06,0.003498
C,HABITAT,2015-07,0.004096
C,HABITAT,2015-08,0.004796
C,HABITAT,2015-09,0.004486
C,HABITAT,2015-10,0.004905
C,HABITAT,2015-11,0.004885
C,HABITAT,2015-12,0.005439
C,HABITAT,2016-01,0.003978
C,HABITAT,2016-02,0.004017
C,HABITAT,2016-03,0.004246
C,HABITAT,2016-04,0.004740
C,HABITAT,2016-05,0.004822
C,HABITAT,2016-06,0.004677
C,HABITAT,2016-07,0.005965
C,HABITAT,2016-08,0.006246
C,HABITAT,2016-09,0.006468
C,HABITAT,2016-10,0.006611
C,HABITAT,2016-11,0.006727
C,HABITAT,2016-12,0.007300
C,HABITAT,2017-01,0.008039
C,HABITAT,2017-02,0.008213
C,HABITAT,2017-03,0.007934
C,HABITAT,2017-04,0.008197
C,HABITAT,2017-05,0.008575
C,HABITAT,2017-06,0.008718
C,HABITAT,2017-07,0.008686
C,HABITAT,2017-08,0.008549
C,HABITAT,2017-09,0.009274
C,HABITAT,2017-10,0.009002
C,HABITAT,2017-11,0.008952
C,HABITAT,2017-12,0.008566
C,HABITAT,2018-01,0.008069
C,HABITAT,2018-02,0.008390
C,HABITAT,2018-03,0.008724
C,HABITAT,2018-04,0.008491
C,HABITAT,2018-05,0.008613
C,HABITAT,2018-06,0.008667
C,HABITAT,2018-07,0.007903
C,HABITAT,2018-08,0.007171
C,HABITAT,2018-09,0.007651
C,HABITAT,2018-10,0.006710
C,HABITAT,2018-11,0.006780
C,HABITAT,2018-12,0.006468
C,HABITAT,2019-01,0.006930
C,HABITAT,2019-02,0.006779
C,HABITAT,2019-03,0.006470
C,HABITAT,2019-04,0.005899
C,HABITAT,2019-05,0.005649
C,HABITAT,2019-06,0.005336
C,HABITAT,2019-07,0.004659
C,HABITAT,2019-08,0.005157
C,HABITAT,2019-09,0.005131
C,HABITAT,2019-10,0.005074
C,HABITAT,2019-11,0.004737
C,HABITAT,2019-12,0.002786
C,HABITAT,2020-01,0.003243
C,HABITAT,2020-02,0.004198
C,HABITAT,2020-03,0.005664
C,HABITAT,2020-04,0.004751
C,HABITAT,2020-05,0.003566
C,HABITAT,2020-06,0.003331
C,HABITAT,2020-07,0.003347
C,HABITAT,2020-08,0.003628
C,HABITAT,2020-09,0.003892
C,HABITAT,2020-10,0.003901
C,HABITAT,2020-11,0.002549
C,HABITAT,2020-12,0.002908
C,HABITAT,2021-01,0.001995
C,HABITAT,2021-02,0.002400
C,HABITAT,2021-03,0.003191
C,HABITAT,2021-04,0.003318
C,HABITAT,2021-05,0.003684
C,HABITAT,2021-06,0.003236
C,HABITAT,2021-07,0.003625
C,HABITAT,2021-08,0.004513
C,HABITAT,2021-09,0.004816
C,HABITAT,2021-10,0.006239
C,HABITAT,2021-11,0.006505
C,HABITAT,2021-12,0.005960
C,HABITAT,2022-01,0.006455
C,HABITAT,2022-02,0.006355
C,HABITAT,2022-03,0.006054
C,HABITAT,2022-04,0.006275
C,HABITAT,2022-05,0.006328
C,HABITAT,2022-06,0.005996
C,HABITAT,2022-07,0.006099
C,HABITAT,2022-08,0.005754
C,HABITAT,2022-09,0.006343
C,HABITAT,2022-10,0.006244
C,HABITAT,2022-11,0.005069
C,HABITAT,2022-12,0.006534
C,HABITAT,2023-01,0.006530
C,HABITAT,2023-02,0.005220
C,HABITAT,2023-03,0.003911
C,HABITAT,2023-04,0.004398
C,HABITAT,2023-05,0.005378
C,HABITAT,2023-06,0.005042
C,HABITAT,2023-07,0.005237
C,HABITAT,2023-08,0.004952
C,HABITAT,2023-09,0.004126
C,HABITAT,2023-10,0.003532
C,HABITAT,2023-11,0.004121
C,HABITAT,2023-12,0.004121
C,HABITAT,2024-01,0.004914
C,HABITAT,2024-02,0.004513
C,HABITAT,2024-03,0.003980
C,HABITAT,2024-04,0.003264
C,HABITAT,2024-05,0.002973
C,HABITAT,2024-06,0.002677
C,HABITAT,2024-07,0.002495
C,HABITAT,2024-08,0.002088
C,HABITAT,2024-09,0.001462
C,HABITAT,2024-10,0.000501
C,HABITAT,2024-11,0.000434
C,HABITAT,2024-12,0.000864
C,HABITAT,2025-01,0.000652
C,HABITAT,2025-02,0.000689
C,HABITAT,2025-03,0.000901
C,HABITAT,2025-04,0.001279
C,HABITAT,2025-05,0.001281
C,HABITAT,2025-06,0.001239
C,HABITAT,2025-07,0.000966
C,HABITAT,2025-08,0.000830
C,HABITAT,2025-09,-0.000340
C,HABITAT,2025-10,-0.000141
C,HABITAT,2025-11,0.001226
C,HABITAT,2025-12,0.001713
C,HABITAT,2026-01,0.001021
C,HABITAT,2026-02,0.001260
C,HABITAT,2026-03,0.000069
C,HABITAT,2026-04,0.000239
C,HABITAT,2026-05,0.000350
C,HABITAT,2026-06,0.000172
C,HABITAT,2026-07,0.000045
C,HABITAT,2026-08,0.000183
C,MODELO,2013-08,-0.000794
C,MODELO,2013-09,0.003812
C,MODELO,2013-10,0.003561
C,MODELO,2013-11,0.002827
C,MODELO,2013-12,0.004055
C,MODELO,2014-01,0.002975
C,MODELO,2014-02,0.003954
C,MODELO,2014-03,0.003972
C,MODELO,2014-04,0.004356
C,MODELO,2014-05,0.004431
C,MODELO,2014-06,0.000919
C,MODELO,2014-07,0.000115
C,MODELO,2014-08,0.001074
C,MODELO,2014-09,0.000736
C,MODELO,2014-10,-0.003907
C,MODELO,2014-11,-0.004814
C,MODELO,2014-12,-0.005329
C,MODELO,2015-01,-0.006280
C,MODELO,2015-02,-0.006748
C,MODELO,2015-03,-0.006143
C,MODELO,2015-04,-0.006422
C,MODELO,2015-05,-0.004733
C,MODELO,2015-06,-0.004108
C,MODELO,2015-07,-0.006049
C,MODELO,2015-08,-0.006898
C,MODELO,2015-09,-0.005855
C,MODELO,2015-10,-0.005562
C,MODELO,2015-11,-0.005707
C,MODELO,2015-12,-0.005380
C,MODELO,2016-01,-0.006413
C,MODELO,2016-02,-0.006419
C,MODELO,2016-03,-0.005410
C,MODELO,2016-04,-0.003313
C,MODELO,2016-05,-0.001892
C,MODELO,2016-06,-0.002241
C,MODELO,2016-07,-0.002391
C,MODELO,2016-08,-0.003196
C,MODELO,2016-09,-0.002945
C,MODELO,2016-10,-0.001930
C,MODELO,2016-11,-0.000712
C,MODELO,2016-12,-0.001134
C,MODELO,2017-01,-0.000059
C,MODELO,2017-02,-0.000096
C,MODELO,2017-03,-0.000011
C,MODELO,2017-04,-0.000177
C,MODELO,2017-05,-0.000887
C,MODELO,2017-06,0.000536
C,MODELO,2017-07,0.001225
C,MODELO,2017-08,0.003410
C,MODELO,2017-09,0.001561
C,MODELO,2017-10,0.004338
C,MODELO,2017-11,0.004859
C,MODELO,2017-12,0.005402
C,MODELO,2018-01,0.006247
C,MODELO,2018-02,0.005031
C,MODELO,2018-03,0.003973
C,MODELO,2018-04,0.004725
C,MODELO,2018-05,0.004180
C,MODELO,2018-06,0.002467
C,MODELO,2018-07,0.003655
C,MODELO,2018-08,0.004158
C,MODELO,2018-09,0.003682
C,MODELO,2018-10,0.003472
C,MODELO,2018-11,0.003545
C,MODELO,2018-12,0.002169
C,MODELO,2019-01,0.002655
C,MODELO,2019-02,0.002814
C,MODELO,2019-03,0.001334
C,MODELO,2019-04,0.000505
C,MODELO,2019-05,-0.001330
C,MODELO,2019-06,-0.003006
C,MODELO,2019-07,-0.004609
C,MODELO,2019-08,-0.005638
C,MODELO,2019-09,-0.005684
C,MODELO,2019-10,-0.004606
C,MODELO,2019-11,-0.004764
C,MODELO,2019-12,-0.004088
C,MODELO,2020-01,-0.004536
C,MODELO,2020-02,-0.005513
C,MODELO,2020-03,-0.004997
C,MODELO,2020-04,-0.005065
C,MODELO,2020-05,-0.004391
C,MODELO,2020-06,-0.005868
C,MODELO,2020-07,-0.005579
C,MODELO,2020-08,-0.005503
C,MODELO,2020-09,-0.005233
C,MODELO,2020-10,-0.006079
C,MODELO,2020-11,-0.006042
C,MODELO,2020-12,-0.005609
C,MODELO,2021-01,-0.005001
C,MODELO,2021-02,-0.004873
C,MODELO,2021-03,-0.005060
C,MODELO,2021-04,-0.005412
C,MODELO,2021-05,-0.006402
C,MODELO,2021-06,-0.006406
C,MODELO,2021-07,-0.006602
C,MODELO,2021-08,-0.007137
C,MODELO,2021-09,-0.007537
C,MODELO,2021-10,-0.007143
C,MODELO,2021-11,-0.007479
C,MODELO,2021-12,-0.005606
C,MODELO,2022-01,-0.006702
C,MODELO,2022-02,-0.006930
C,MODELO,2022-03,-0.005912
C,MODELO,2022-04,-0.006274
C,MODELO,2022-05,-0.005874
C,MODELO,2022-06,-0.005778
C,MODELO,2022-07,-0.003461
C,MODELO,2022-08,-0.001840
C,MODELO,2022-09,-0.003433
C,MODELO,2022-10,-0.005586
C,MODELO,2022-11,-0.006963
C,MODELO,2022-12,-0.007567
C,MODELO,2023-01,-0.007077
C,MODELO,2023-02,-0.005929
C,MODELO,2023-03,-0.006712
C,MODELO,2023-04,-0.006079
C,MODELO,2023-05,-0.006091
C,MODELO,2023-06,-0.004965
C,MODELO,2023-07,-0.004574
C,MODELO,2023-08,-0.004246
C,MODELO,2023-09,-0.003389
C,MODELO,2023-10,-0.003023
C,MODELO,2023-11,-0.003905
C,MODELO,2023-12,-0.004684
C,MODELO,2024-01,-0.005038
C,MODELO,2024-02,-0.004364
C,MODELO,2024-03,-0.003995
C,MODELO,2024-04,-0.004484
C,MODELO,2024-05,-0.004026
C,MODELO,2024-06,-0.003459
C,MODELO,2024-07,-0.003047
C,MODELO,2024-08,-0.001844
C,MODELO,2024-09,-0.000662
C,MODELO,2024-10,-0.000312
C,MODELO,2024-11,-0.000146
C,MODELO,2024-12,-0.000279
C,MODELO,2025-01,0.000977
C,MODELO,2025-02,0.000564
C,MODELO,2025-03,0.000393
C,MODELO,2025-04,0.000565
C,MODELO,2025-05,0.000532
C,MODELO,2025-06,0.001704
C,MODELO,2025-07,0.001280
C,MODELO,2025-08,0.001725
C,MODELO,2025-09,0.003307
C,MODELO,2025-10,0.004085
C,MODELO,2025-11,0.003227
C,MODELO,2025-12,0.002489
C,MODELO,2026-01,0.001400
C,MODELO,2026-02,0.001600
C,MODELO,2026-03,0.002841
C,MODELO,2026-04,0.002015
C,MODELO,2026-05,0.000857
C,MODELO,2026-06,0.001033
C,MODELO,2026-07,-0.000600
C,MODELO,2026-08,-0.001434
C,PLANVITAL,2005-07,0.001247
C,PLANVITAL,2005-08,0.000547
C,PLANVITAL,2005-09,0.000712
C,PLANVITAL,2005-10,0.001140
C,PLANVITAL,2005-11,0.000915
C,PLANVITAL,2005-12,0.000399
C,PLANVITAL,2006-01,0.000201
C,PLANVITAL,2006-02,0.000224
C,PLANVITAL,2006-03,-0.000151
C,PLANVITAL,2006-04,0.000519
C,PLANVITAL,2006-05,0.000365
C,PLANVITAL,2006-06,0.000009
C,PLANVITAL,2006-07,-0.000219
C,PLANVITAL,2006-08,-0.000185
C,PLANVITAL,2006-09,-0.000298
C,PLANVITAL,2006-10,0.000575
C,PLANVITAL,2006-11,0.000572
C,PLANVITAL,2006-12,0.001512
C,PLANVITAL,2007-01,0.001520
C,PLANVITAL,2007-02,0.001718
C,PLANVITAL,2007-03,0.001777
C,PLANVITAL,2007-04,0.002774
C,PLANVITAL,2007-05,0.003057
C,PLANVITAL,2007-06,0.003512
C,PLANVITAL,2007-07,0.002867
C,PLANVITAL,2007-08,0.002651
C,PLANVITAL,2007-09,0.002385
C,PLANVITAL,2007-10,0.003031
C,PLANVITAL,2007-11,0.002295
C,PLANVITAL,2007-12,0.002759
C,PLANVITAL,2008-01,0.000938
C,PLANVITAL,2008-02,0.000847
C,PLANVITAL,2008-03,0.000876
C,PLANVITAL,2008-04,0.002038
C,PLANVITAL,2008-05,0.003391
C,PLANVITAL,2008-06,0.004585
C,PLANVITAL,2008-07,0.003057
C,PLANVITAL,2008-08,0.004113
C,PLANVITAL,2008-09,0.006000
C,PLANVITAL,2008-10,0.008423
C,PLANVITAL,2008-11,0.008391
C,PLANVITAL,2008-12,0.007975
C,PLANVITAL,2009-01,0.006723
C,PLANVITAL,2009-02,0.005073
C,PLANVITAL,2009-03,0.005595
C,PLANVITAL,2009-04,0.005549
C,PLANVITAL,2009-05,0.006357
C,PLANVITAL,2009-06,0.006431
C,PLANVITAL,2009-07,0.004983
C,PLANVITAL,2009-08,0.004228
C,PLANVITAL,2009-09,0.003079
C,PLANVITAL,2009-10,0.003064
C,PLANVITAL,2009-11,0.003698
C,PLANVITAL,2009-12,0.002883
C,PLANVITAL,2010-01,0.002770
C,PLANVITAL,2010-02,0.002619
C,PLANVITAL,2010-03,0.001463
C,PLANVITAL,2010-04,0.000260
C,PLANVITAL,2010-05,0.000866
C,PLANVITAL,2010-06,0.000663
C,PLANVITAL,2010-07,0.001994
C,PLANVITAL,2010-08,0.001962
C,PLANVITAL,2010-09,0.002087
C,PLANVITAL,2010-10,0.001447
C,PLANVITAL,2010-11,0.001899
C,PLANVITAL,2010-12,0.001230
C,PLANVITAL,2011-01,0.003933
C,PLANVITAL,2011-02,0.002913
C,PLANVITAL,2011-03,0.003173
C,PLANVITAL,2011-04,0.002873
C,PLANVITAL,2011-05,0.001819
C,PLANVITAL,2011-06,0.000353
C,PLANVITAL,2011-07,-0.000302
C,PLANVITAL,2011-08,-0.002623
C,PLANVITAL,2011-09,-0.004052
C,PLANVITAL,2011-10,-0.004636
C,PLANVITAL,2011-11,-0.004455
C,PLANVITAL,2011-12,-0.003581
C,PLANVITAL,2012-01,-0.001843
C,PLANVITAL,2012-02,0.000030
C,PLANVITAL,2012-03,-0.000610
C,PLANVITAL,2012-04,-0.000254
C,PLANVITAL,2012-05,-0.001217
C,PLANVITAL,2012-06,-0.001168
C,PLANVITAL,2012-07,0.001269
C,PLANVITAL,2012-08,0.002283
C,PLANVITAL,2012-09,0.003407
C,PLANVITAL,2012-10,0.003312
C,PLANVITAL,2012-11,0.002779
C,PLANVITAL,2012-12,0.002328
C,PLANVITAL,2013-01,0.002048
C,PLANVITAL,2013-02,0.001990
C,PLANVITAL,2013-03,0.002929
C,PLANVITAL,2013-04,0.003440
C,PLANVITAL,2013-05,0.002369
C,PLANVITAL,2013-06,0.002065
C,PLANVITAL,2013-07,0.001789
C,PLANVITAL,2013-08,0.002689
C,PLANVITAL,2013-09,0.002235
C,PLANVITAL,2013-10,0.001659
C,PLANVITAL,2013-11,0.002000
C,PLANVITAL,2013-12,0.002799
C,PLANVITAL,2014-01,0.001845
C,PLANVITAL,2014-02,0.002506
C,PLANVITAL,2014-03,0.001818
C,PLANVITAL,2014-04,0.001478
C,PLANVITAL,2014-05,0.001494
C,PLANVITAL,2014-06,0.001202
C,PLANVITAL,2014-07,0.001659
C,PLANVITAL,2014-08,0.002130
C,PLANVITAL,2014-09,0.001797
C,PLANVITAL,2014-10,-0.000826
C,PLANVITAL,2014-11,-0.001176
C,PLANVITAL,2014-12,-0.002142
C,PLANVITAL,2015-01,-0.003176
C,PLANVITAL,2015-02,-0.003200
C,PLANVITAL,2015-03,-0.003367
C,PLANVITAL,2015-04,-0.003922
C,PLANVITAL,2015-05,-0.003598
C,PLANVITAL,2015-06,-0.003417
C,PLANVITAL,2015-07,-0.005430
C,PLANVITAL,2015-08,-0.005959
C,PLANVITAL,2015-09,-0.004991
C,PLANVITAL,2015-10,-0.005440
C,PLANVITAL,2015-11,-0.005195
C,PLANVITAL,2015-12,-0.004555
C,PLANVITAL,2016-01,-0.005358
C,PLANVITAL,2016-02,-0.005977
C,PLANVITAL,2016-03,-0.006145
C,PLANVITAL,2016-04,-0.006488
C,PLANVITAL,2016-05,-0.006518
C,PLANVITAL,2016-06,-0.006540
C,PLANVITAL,2016-07,-0.007744
C,PLANVITAL,2016-08,-0.008311
C,PLANVITAL,2016-09,-0.008287
C,PLANVITAL,2016-10,-0.007694
C,PLANVITAL,2016-11,-0.007436
C,PLANVITAL,2016-12,-0.007379
C,PLANVITAL,2017-01,-0.007145
C,PLANVITAL,2017-02,-0.007732
C,PLANVITAL,2017-03,-0.007924
C,PLANVITAL,2017-04,-0.008193
C,PLANVITAL,2017-05,-0.008022
C,PLANVITAL,2017-06,-0.007862
C,PLANVITAL,2017-07,-0.007126
C,PLANVITAL,2017-08,-0.006401
C,PLANVITAL,2017-09,-0.006854
C,PLANVITAL,2017-10,-0.006565
C,PLANVITAL,2017-11,-0.005999
C,PLANVITAL,2017-12,-0.005462
C,PLANVITAL,2018-01,-0.004886
C,PLANVITAL,2018-02,-0.004895
C,PLANVITAL,2018-03,-0.004797
C,PLANVITAL,2018-04,-0.004869
C,PLANVITAL,2018-05,-0.005138
C,PLANVITAL,2018-06,-0.004946
C,PLANVITAL,2018-07,-0.003720
C,PLANVITAL,2018-08,-0.003610
C,PLANVITAL,2018-09,-0.004566
C,PLANVITAL,2018-10,-0.003862
C,PLANVITAL,2018-11,-0.004201
C,PLANVITAL,2018-12,-0.003982
C,PLANVITAL,2019-01,-0.003319
C,PLANVITAL,2019-02,-0.003073
C,PLANVITAL,2019-03,-0.002232
C,PLANVITAL,2019-04,-0.001970
C,PLANVITAL,2019-05,-0.001899
C,PLANVITAL,2019-06,-0.001515
C,PLANVITAL,2019-07,-0.000489
C,PLANVITAL,2019-08,0.000035
C,PLANVITAL,2019-09,-0.000112
C,PLANVITAL,2019-10,-0.001041
C,PLANVITAL,2019-11,-0.003462
C,PLANVITAL,2019-12,-0.004441
C,PLANVITAL,2020-01,-0.004583
C,PLANVITAL,2020-02,-0.003775
C,PLANVITAL,2020-03,-0.003433
C,PLANVITAL,2020-04,-0.003994
C,PLANVITAL,2020-05,-0.004194
C,PLANVITAL,2020-06,-0.004261
C,PLANVITAL,2020-07,-0.004400
C,PLANVITAL,2020-08,-0.005103
C,PLANVITAL,2020-09,-0.004981
C,PLANVITAL,2020-10,-0.004506
C,PLANVITAL,2020-11,-0.004832
C,PLANVITAL,2020-12,-0.004722
C,PLANVITAL,2021-01,-0.005326
C,PLANVITAL,2021-02,-0.005690
C,PLANVITAL,2021-03,-0.005474
C,PLANVITAL,2021-04,-0.005559
C,PLANVITAL,2021-05,-0.005968
C,PLANVITAL,2021-06,-0.005734
C,PLANVITAL,2021-07,-0.005712
C,PLANVITAL,2021-08,-0.005406
C,PLANVITAL,2021-09,-0.004827
C,PLANVITAL,2021-10,-0.004725
C,PLANVITAL,2021-11,-0.004765
C,PLANVITAL,2021-12,-0.005185
C,PLANVITAL,2022-01,-0.004099
C,PLANVITAL,2022-02,-0.003541
C,PLANVITAL,2022-03,-0.003782
C,PLANVITAL,2022-04,-0.003659
C,PLANVITAL,2022-05,-0.002847
C,PLANVITAL,2022-06,-0.002562
C,PLANVITAL,2022-07,-0.002716
C,PLANVITAL,2022-08,-0.002529
C,PLANVITAL,2022-09,-0.001474
C,PLANVITAL,2022-10,-0.000258
C,PLANVITAL,2022-11,0.000975
C,PLANVITAL,2022-12,0.001589
C,PLANVITAL,2023-01,0.001361
C,PLANVITAL,2023-02,0.002202
C,PLANVITAL,2023-03,0.002612
C,PLANVITAL,2023-04,0.003417
C,PLANVITAL,2023-05,0.003655
C,PLANVITAL,2023-06,0.003212
C,PLANVITAL,2023-07,0.003540
C,PLANVITAL,2023-08,0.004327
C,PLANVITAL,2023-09,0.005243
C,PLANVITAL,2023-10,0.005331
C,PLANVITAL,2023-11,0.004581
C,PLANVITAL,2023-12,0.003657
C,PLANVITAL,2024-01,0.004661
C,PLANVITAL,2024-02,0.005479
C,PLANVITAL,2024-03,0.005548
C,PLANVITAL,2024-04,0.006297
C,PLANVITAL,2024-05,0.006587
C,PLANVITAL,2024-06,0.005778
C,PLANVITAL,2024-07,0.005462
C,PLANVITAL,2024-08,0.004579
C,PLANVITAL,2024-09,0.004020
C,PLANVITAL,2024-10,0.003463
C,PLANVITAL,2024-11,0.003595
C,PLANVITAL,2024-12,0.004304
C,PLANVITAL,2025-01,0.003598
C,PLANVITAL,2025-02,0.004108
C,PLANVITAL,2025-03,0.004452
C,PLANVITAL,2025-04,0.004886
C,PLANVITAL,2025-05,0.003976
C,PLANVITAL,2025-06,0.003183
C,PLANVITAL,2025-07,0.003118
C,PLANVITAL,2025-08,0.002404
C,PLANVITAL,2025-09,0.001400
C,PLANVITAL,2025-10,0.001074
C,PLANVITAL,2025-11,0.001998
C,PLANVITAL,2025-12,0.002132
C,PLANVITAL,2026-01,0.002434
C,PLANVITAL,2026-02,0.001446
C,PLANVITAL,2026-03,0.001787
C,PLANVITAL,2026-04,0.001935
C,PLANVITAL,2026-05,0.001813
C,PLANVITAL,2026-06,0.002854
C,PLANVITAL,2026-07,0.002434
C,PLANVITAL,2026-08,0.002092
C,PROVIDA,2005-07,-0.000663
C,PROVIDA,2005-08,-0.000817
C,PROVIDA,2005-09,-0.000494
C,PROVIDA,2005-10,-0.001177
C,PROVIDA,2005-11,-0.001692
C,PROVIDA,2005-12,-0.000845
C,PROVIDA,2006-01,-0.000154
C,PROVIDA,2006-02,0.000291
C,PROVIDA,2006-03,0.000771
C,PROVIDA,2006-04,0.000417
C,PROVIDA,2006-05,0.000959
C,PROVIDA,2006-06,0.000730
C,PROVIDA,2006-07,0.000506
C,PROVIDA,2006-08,0.000065
C,PROVIDA,2006-09,0.000038
C,PROVIDA,2006-10,-0.000310
C,PROVIDA,2006-11,-0.000475
C,PROVIDA,2006-12,-0.001889
C,PROVIDA,2007-01,-0.002133
C,PROVIDA,2007-02,-0.002756
C,PROVIDA,2007-03,-0.003174
C,PROVIDA,2007-04,-0.003697
C,PROVIDA,2007-05,-0.004260
C,PROVIDA,2007-06,-0.004055
C,PROVIDA,2007-07,-0.004626
C,PROVIDA,2007-08,-0.004607
C,PROVIDA,2007-09,-0.004258
C,PROVIDA,2007-10,-0.004624
C,PROVIDA,2007-11,-0.003841
C,PROVIDA,2007-12,-0.004247
C,PROVIDA,2008-01,-0.004237
C,PROVIDA,2008-02,-0.004643
C,PROVIDA,2008-03,-0.004715
C,PROVIDA,2008-04,-0.005826
C,PROVIDA,2008-05,-0.006253
C,PROVIDA,2008-06,-0.007648
C,PROVIDA,2008-07,-0.006894
C,PROVIDA,2008-08,-0.007350
C,PROVIDA,2008-09,-0.007081
C,PROVIDA,2008-10,-0.006349
C,PROVIDA,2008-11,-0.006202
C,PROVIDA,2008-12,-0.006904
C,PROVIDA,2009-01,-0.005864
C,PROVIDA,2009-02,-0.005199
C,PROVIDA,2009-03,-0.005405
C,PROVIDA,2009-04,-0.005655
C,PROVIDA,2009-05,-0.006993
C,PROVIDA,2009-06,-0.006935
C,PROVIDA,2009-07,-0.006935
C,PROVIDA,2009-08,-0.006791
C,PROVIDA,2009-09,-0.006678
C,PROVIDA,2009-10,-0.006225
C,PROVIDA,2009-11,-0.005734
C,PROVIDA,2009-12,-0.006126
C,PROVIDA,2010-01,-0.006136
C,PROVIDA,2010-02,-0.005764
C,PROVIDA,2010-03,-0.006020
C,PROVIDA,2010-04,-0.005477
C,PROVIDA,2010-05,-0.005504
C,PROVIDA,2010-06,-0.005580
C,PROVIDA,2010-07,-0.005693
C,PROVIDA,2010-08,-0.006265
C,PROVIDA,2010-09,-0.006245
C,PROVIDA,2010-10,-0.005581
C,PROVIDA,2010-11,-0.006689
C,PROVIDA,2010-12,-0.006195
C,PROVIDA,2011-01,-0.006313
C,PROVIDA,2011-02,-0.005725
C,PROVIDA,2011-03,-0.005490
C,PROVIDA,2011-04,-0.004679
C,PROVIDA,2011-05,-0.003935
C,PROVIDA,2011-06,-0.002765
C,PROVIDA,2011-07,-0.003545
C,PROVIDA,2011-08,-0.003454
C,PROVIDA,2011-09,-0.003127
C,PROVIDA,2011-10,-0.005545
C,PROVIDA,2011-11,-0.005790
C,PROVIDA,2011-12,-0.004395
C,PROVIDA,2012-01,-0.005616
C,PROVIDA,2012-02,-0.006804
C,PROVIDA,2012-03,-0.006955
C,PROVIDA,2012-04,-0.006933
C,PROVIDA,2012-05,-0.005678
C,PROVIDA,2012-06,-0.005633
C,PROVIDA,2012-07,-0.005507
C,PROVIDA,2012-08,-0.005245
C,PROVIDA,2012-09,-0.005234
C,PROVIDA,2012-10,-0.005164
C,PROVIDA,2012-11,-0.005490
C,PROVIDA,2012-12,-0.004698
C,PROVIDA,2013-01,-0.004930
C,PROVIDA,2013-02,-0.005498
C,PROVIDA,2013-03,-0.005092
C,PROVIDA,2013-04,-0.004380
C,PROVIDA,2013-05,-0.003441
C,PROVIDA,2013-06,-0.003844
C,PROVIDA,2013-07,-0.003445
C,PROVIDA,2013-08,-0.002793
C,PROVIDA,2013-09,-0.002946
C,PROVIDA,2013-10,-0.002897
C,PROVIDA,2013-11,-0.003499
C,PROVIDA,2013-12,-0.003554
C,PROVIDA,2014-01,-0.002838
C,PROVIDA,2014-02,-0.002747
C,PROVIDA,2014-03,-0.002529
C,PROVIDA,2014-04,-0.002362
C,PROVIDA,2014-05,-0.002725
C,PROVIDA,2014-06,-0.002433
C,PROVIDA,2014-07,-0.001522
C,PROVIDA,2014-08,-0.000301
C,PROVIDA,2014-09,-0.001019
C,PROVIDA,2014-10,0.002043
C,PROVIDA,2014-11,0.002055
C,PROVIDA,2014-12,0.001550
C,PROVIDA,2015-01,0.001963
C,PROVIDA,2015-02,0.001646
C,PROVIDA,2015-03,0.001707
C,PROVIDA,2015-04,0.002048
C,PROVIDA,2015-05,0.001444
C,PROVIDA,2015-06,-0.000013
C,PROVIDA,2015-07,0.000466
C,PROVIDA,2015-08,-0.000024
C,PROVIDA,2015-09,-0.000065
C,PROVIDA,2015-10,-0.000073
C,PROVIDA,2015-11,-0.000338
C,PROVIDA,2015-12,-0.000892
C,PROVIDA,2016-01,0.001034
C,PROVIDA,2016-02,0.001035
C,PROVIDA,2016-03,0.001442
C,PROVIDA,2016-04,-0.000362
C,PROVIDA,2016-05,-0.000677
C,PROVIDA,2016-06,-0.001253
C,PROVIDA,2016-07,-0.001972
C,PROVIDA,2016-08,-0.001660
C,PROVIDA,2016-09,-0.001792
C,PROVIDA,2016-10,-0.002518
C,PROVIDA,2016-11,-0.002918
C,PROVIDA,2016-12,-0.003525
C,PROVIDA,2017-01,-0.004621
C,PROVIDA,2017-02,-0.004812
C,PROVIDA,2017-03,-0.004695
C,PROVIDA,2017-04,-0.004553
C,PROVIDA,2017-05,-0.004306
C,PROVIDA,2017-06,-0.004997
C,PROVIDA,2017-07,-0.005642
C,PROVIDA,2017-08,-0.006822
C,PROVIDA,2017-09,-0.006834
C,PROVIDA,2017-10,-0.007889
C,PROVIDA,2017-11,-0.007536
C,PROVIDA,2017-12,-0.007929
C,PROVIDA,2018-01,-0.008298
C,PROVIDA,2018-02,-0.007855
C,PROVIDA,2018-03,-0.007381
C,PROVIDA,2018-04,-0.007666
C,PROVIDA,2018-05,-0.007488
C,PROVIDA,2018-06,-0.006651
C,PROVIDA,2018-07,-0.007090
C,PROVIDA,2018-08,-0.006578
C,PROVIDA,2018-09,-0.006832
C,PROVIDA,2018-10,-0.006357
C,PROVIDA,2018-11,-0.006122
C,PROVIDA,2018-12,-0.005742
C,PROVIDA,2019-01,-0.006209
C,PROVIDA,2019-02,-0.005980
C,PROVIDA,2019-03,-0.005862
C,PROVIDA,2019-04,-0.004858
C,PROVIDA,2019-05,-0.004118
C,PROVIDA,2019-06,-0.002629
C,PROVIDA,2019-07,-0.001626
C,PROVIDA,2019-08,-0.001881
C,PROVIDA,2019-09,-0.001636
C,PROVIDA,2019-10,-0.001480
C,PROVIDA,2019-11,0.000146
C,PROVIDA,2019-12,0.001438
C,PROVIDA,2020-01,0.001314
C,PROVIDA,2020-02,0.001243
C,PROVIDA,2020-03,0.000266
C,PROVIDA,2020-04,0.001622
C,PROVIDA,2020-05,0.002359
C,PROVIDA,2020-06,0.003375
C,PROVIDA,2020-07,0.003155
C,PROVIDA,2020-08,0.003777
C,PROVIDA,2020-09,0.003091
C,PROVIDA,2020-10,0.003616
C,PROVIDA,2020-11,0.003685
C,PROVIDA,2020-12,0.003396
C,PROVIDA,2021-01,0.004553
C,PROVIDA,2021-02,0.004292
C,PROVIDA,2021-03,0.003497
C,PROVIDA,2021-04,0.003333
C,PROVIDA,2021-05,0.003541
C,PROVIDA,2021-06,0.003258
C,PROVIDA,2021-07,0.003431
C,PROVIDA,2021-08,0.003087
C,PROVIDA,2021-09,0.002166
C,PROVIDA,2021-10,0.000191
C,PROVIDA,2021-11,0.000646
C,PROVIDA,2021-12,0.000187
C,PROVIDA,2022-01,-0.000147
C,PROVIDA,2022-02,-0.000415
C,PROVIDA,2022-03,-0.000665
C,PROVIDA,2022-04,-0.000601
C,PROVIDA,2022-05,-0.001375
C,PROVIDA,2022-06,-0.001042
C,PROVIDA,2022-07,-0.002816
C,PROVIDA,2022-08,-0.003311
C,PROVIDA,2022-09,-0.003216
C,PROVIDA,2022-10,-0.002141
C,PROVIDA,2022-11,-0.001622
C,PROVIDA,2022-12,-0.002026
C,PROVIDA,2023-01,-0.002594
C,PROVIDA,2023-02,-0.002924
C,PROVIDA,2023-03,-0.002257
C,PROVIDA,2023-04,-0.003764
C,PROVIDA,2023-05,-0.004587
C,PROVIDA,2023-06,-0.005049
C,PROVIDA,2023-07,-0.005404
C,PROVIDA,2023-08,-0.006402
C,PROVIDA,2023-09,-0.007178
C,PROVIDA,2023-10,-0.007438
C,PROVIDA,2023-11,-0.006080
C,PROVIDA,2023-12,-0.005200
C,PROVIDA,2024-01,-0.005587
C,PROVIDA,2024-02,-0.006244
C,PROVIDA,2024-03,-0.005723
C,PROVIDA,2024-04,-0.005487
C,PROVIDA,2024-05,-0.005484
C,PROVIDA,2024-06,-0.004795
C,PROVIDA,2024-07,-0.004501
C,PROVIDA,2024-08,-0.004644
C,PROVIDA,2024-09,-0.004215
C,PROVIDA,2024-10,-0.002842
C,PROVIDA,2024-11,-0.003429
C,PROVIDA,2024-12,-0.004188
C,PROVIDA,2025-01,-0.004686
C,PROVIDA,2025-02,-0.004689
C,PROVIDA,2025-03,-0.005099
C,PROVIDA,2025-04,-0.005494
C,PROVIDA,2025-05,-0.005389
C,PROVIDA,2025-06,-0.006309
C,PROVIDA,2025-07,-0.005406
C,PROVIDA,2025-08,-0.005400
C,PROVIDA,2025-09,-0.005679
C,PROVIDA,2025-10,-0.006697
C,PROVIDA,2025-11,-0.007272
C,PROVIDA,2025-12,-0.007681
C,PROVIDA,2026-01,-0.006481
C,PROVIDA,2026-02,-0.006133
C,PROVIDA,2026-03,-0.006398
C,PROVIDA,2026-04,-0.006159
C,PROVIDA,2026-05,-0.005709
C,PROVIDA,2026-06,-0.005891
C,PROVIDA,2026-07,-0.004883
C,PROVIDA,2026-08,-0.004037
C,SANTA MARIA,2005-07,-0.001835
C,SANTA MARIA,2005-08,-0.001403
C,SANTA MARIA,2005-09,-0.001895
C,SANTA MARIA,2005-10,-0.002270
C,SANTA MARIA,2005-11,-0.001680
C,SANTA MARIA,2005-12,-0.002745
C,SANTA MARIA,2006-01,-0.002013
C,SANTA MARIA,2006-02,-0.002164
C,SANTA MARIA,2006-03,-0.002019
C,SANTA MARIA,2006-04,-0.001738
C,SANTA MARIA,2006-05,-0.002446
C,SANTA MARIA,2006-06,-0.002231
C,SANTA MARIA,2006-07,-0.002260
C,SANTA MARIA,2006-08,-0.002343
C,SANTA MARIA,2006-09,-0.003420
C,SANTA MARIA,2006-10,-0.003514
C,SANTA MARIA,2006-11,-0.003466
C,SANTA MARIA,2006-12,-0.003057
C,SANTA MARIA,2007-01,-0.002723
C,SANTA MARIA,2007-02,-0.002346
C,SANTA MARIA,2007-03,-0.001561
C,SANTA MARIA,2007-04,-0.001696
C,SANTA MARIA,2007-05,-0.001256
C,SANTA MARIA,2007-06,-0.001683
C,SANTA MARIA,2007-07,-0.000884
C,SANTA MARIA,2007-08,-0.000127
C,SANTA MARIA,2007-09,0.000668
C,SANTA MARIA,2007-10,0.000743
C,SANTA MARIA,2007-11,0.000548
C,SANTA MARIA,2007-12,0.000935
C,SANTA MARIA,2008-01,-0.000215
C,SANTA MARIA,2008-02,0.000003
C,SANTA MARIA,2008-03,-0.000409
C,UNO,2022-09,-0.000496
C,UNO,2022-10,-0.005036
C,UNO,2022-11,-0.010376
C,UNO,2022-12,-0.009603
C,UNO,2023-01,-0.008637
C,UNO,2023-02,-0.009365
C,UNO,2023-03,-0.009059
C,UNO,2023-04,-0.007539
C,UNO,2023-05,-0.006945
C,UNO,2023-06,-0.006455
C,UNO,2023-07,-0.007451
C,UNO,2023-08,-0.006468
C,UNO,2023-09,-0.005781
C,UNO,2023-10,-0.005751
C,UNO,2023-11,-0.005790
C,UNO,2023-12,-0.005704
C,UNO,2024-01,-0.005893
C,UNO,2024-02,-0.004760
C,UNO,2024-03,-0.004119
C,UNO,2024-04,-0.002374
C,UNO,2024-05,-0.001745
C,UNO,2024-06,-0.002648
C,UNO,2024-07,-0.002520
C,UNO,2024-08,-0.002670
C,UNO,2024-09,-0.003026
C,UNO,2024-10,-0.002531
C,UNO,2024-11,-0.002209
C,UNO,2024-12,-0.002366
C,UNO,2025-01,-0.002125
C,UNO,2025-02,-0.002005
C,UNO,2025-03,-0.001672
C,UNO,2025-04,-0.000945
C,UNO,2025-05,0.000247
C,UNO,2025-06,0.001233
C,UNO,2025-07,0.000689
C,UNO,2025-08,0.000352
C,UNO,2025-09,0.001345
C,UNO,2025-10,0.002659
C,UNO,2025-11,0.001636
C,UNO,2025-12,0.001761
C,UNO,2026-01,0.001396
C,UNO,2026-02,0.001004
C,UNO,2026-03,0.000492
C,UNO,2026-04,0.000368
C,UNO,2026-05,0.000963
C,UNO,2026-06,0.001489
C,UNO,2026-07,0.002319
C,UNO,2026-08,0.002494
D,BANSANDER,2008-02,-0.000223
D,BANSANDER,2008-03,-0.001491
D,CAPITAL,2011-03,0.002669
D,CAPITAL,2011-04,0.002703
D,CAPITAL,2011-05,0.003032
D,CAPITAL,2011-06,0.004119
D,CAPITAL,2011-07,0.005271
D,CAPITAL,2011-08,0.005140
D,CAPITAL,2011-09,0.003237
D,CAPITAL,2011-10,0.003622
D,CAPITAL,2011-11,0.003054
D,CAPITAL,2011-12,0.001425
D,CAPITAL,2012-01,0.001772
D,CAPITAL,2012-02,0.000877
D,CAPITAL,2012-03,0.001975
D,CAPITAL,2012-04,0.002056
D,CAPITAL,2012-05,0.002021
D,CAPITAL,2012-06,0.001312
D,CAPITAL,2012-07,-0.000001
D,CAPITAL,2012-08,-0.000793
D,CAPITAL,2012-09,-0.001441
D,CAPITAL,2012-10,-0.001615
D,CAPITAL,2012-11,-0.001205
D,CAPITAL,2012-12,-0.001482
D,CAPITAL,2013-01,-0.001476
D,CAPITAL,2013-02,-0.001767
D,CAPITAL,2013-03,-0.002177
D,CAPITAL,2013-04,-0.003082
D,CAPITAL,2013-05,-0.002799
D,CAPITAL,2013-06,-0.003776
D,CAPITAL,2013-07,-0.003990
D,CAPITAL,2013-08,-0.003645
D,CAPITAL,2013-09,-0.004259
D,CAPITAL,2013-10,-0.004767
D,CAPITAL,2013-11,-0.005007
D,CAPITAL,2013-12,-0.005040
D,CAPITAL,2014-01,-0.005849
D,CAPITAL,2014-02,-0.006079
D,CAPITAL,2014-03,-0.005307
D,CAPITAL,2014-04,-0.005459
D,CAPITAL,2014-05,-0.005289
D,CAPITAL,2014-06,-0.005766
D,CAPITAL,2014-07,-0.005705
D,CAPITAL,2014-08,-0.004260
D,CAPITAL,2014-09,-0.003328
D,CAPITAL,2014-10,-0.003963
D,CAPITAL,2014-11,-0.003186
D,CAPITAL,2014-12,-0.003106
D,CAPITAL,2015-01,-0.003260
D,CAPITAL,2015-02,-0.003476
D,CAPITAL,2015-03,-0.003621
D,CAPITAL,2015-04,-0.003699
D,CAPITAL,2015-05,-0.004017
D,CAPITAL,2015-06,-0.003860
D,CAPITAL,2015-07,-0.003428
D,CAPITAL,2015-08,-0.002998
D,CAPITAL,2015-09,-0.003613
D,CAPITAL,2015-10,-0.003498
D,CAPITAL,2015-11,-0.002868
D,CAPITAL,2015-12,-0.002761
D,CAPITAL,2016-01,-0.002634
D,CAPITAL,2016-02,-0.002470
D,CAPITAL,2016-03,-0.003473
D,CAPITAL,2016-04,-0.002452
D,CAPITAL,2016-05,-0.003144
D,CAPITAL,2016-06,-0.002407
D,CAPITAL,2016-07,-0.001937
D,CAPITAL,2016-08,-0.001930
D,CAPITAL,2016-09,-0.002192
D,CAPITAL,2016-10,-0.001786
D,CAPITAL,2016-11,-0.001810
D,CAPITAL,2016-12,-0.001276
D,CAPITAL,2017-01,-0.001440
D,CAPITAL,2017-02,-0.000660
D,CAPITAL,2017-03,-0.000250
D,CAPITAL,2017-04,-0.000416
D,CAPITAL,2017-05,-0.000668
D,CAPITAL,2017-06,-0.000544
D,CAPITAL,2017-07,-0.000911
D,CAPITAL,2017-08,-0.000516
D,CAPITAL,2017-09,0.000142
D,CAPITAL,2017-10,0.000109
D,CAPITAL,2017-11,-0.000441
D,CAPITAL,2017-12,-0.000386
D,CAPITAL,2018-01,-0.000035
D,CAPITAL,2018-02,0.000196
D,CAPITAL,2018-03,0.000185
D,CAPITAL,2018-04,0.000450
D,CAPITAL,2018-05,0.000573
D,CAPITAL,2018-06,0.000842
D,CAPITAL,2018-07,0.001004
D,CAPITAL,2018-08,0.000884
D,CAPITAL,2018-09,0.001395
D,CAPITAL,2018-10,0.000820
D,CAPITAL,2018-11,0.000702
D,CAPITAL,2018-12,0.000801
D,CAPITAL,2019-01,0.000795
D,CAPITAL,2019-02,0.000815
D,CAPITAL,2019-03,0.001827
D,CAPITAL,2019-04,0.001693
D,CAPITAL,2019-05,0.002611
D,CAPITAL,2019-06,0.002428
D,CAPITAL,2019-07,0.002763
D,CAPITAL,2019-08,0.003078
D,CAPITAL,2019-09,0.002829
D,CAPITAL,2019-10,0.002126
D,CAPITAL,2019-11,0.002053
D,CAPITAL,2019-12,0.002136
D,CAPITAL,2020-01,0.002278
D,CAPITAL,2020-02,0.001861
D,CAPITAL,2020-03,0.001519
D,CAPITAL,2020-04,0.001781
D,CAPITAL,2020-05,0.001927
D,CAPITAL,2020-06,0.002049
D,CAPITAL,2020-07,0.002377
D,CAPITAL,2020-08,0.002134
D,CAPITAL,2020-09,0.002170
D,CAPITAL,2020-10,0.002206
D,CAPITAL,2020-11,0.002794
D,CAPITAL,2020-12,0.002711
D,CAPITAL,2021-01,0.002333
D,CAPITAL,2021-02,0.002564
D,CAPITAL,2021-03,0.002566
D,CAPITAL,2021-04,0.002588
D,CAPITAL,2021-05,0.003289
D,CAPITAL,2021-06,0.003383
D,CAPITAL,2021-07,0.003186
D,CAPITAL,2021-08,0.003194
D,CAPITAL,2021-09,0.003214
D,CAPITAL,2021-10,0.003311
D,CAPITAL,2021-11,0.002747
D,CAPITAL,2021-12,0.002722
D,CAPITAL,2022-01,0.002680
D,CAPITAL,2022-02,0.002998
D,CAPITAL,2022-03,0.002966
D,CAPITAL,2022-04,0.002863
D,CAPITAL,2022-05,0.003079
D,CAPITAL,2022-06,0.002561
D,CAPITAL,2022-07,0.001875
D,CAPITAL,2022-08,0.001441
D,CAPITAL,2022-09,0.001667
D,CAPITAL,2022-10,0.001727
D,CAPITAL,2022-11,0.002733
D,CAPITAL,2022-12,0.002449
D,CAPITAL,2023-01,0.002694
D,CAPITAL,2023-02,0.002381
D,CAPITAL,2023-03,0.002714
D,CAPITAL,2023-04,0.002253
D,CAPITAL,2023-05,0.001896
D,CAPITAL,2023-06,0.002092
D,CAPITAL,2023-07,0.001775
D,CAPITAL,2023-08,0.001599
D,CAPITAL,2023-09,0.001534
D,CAPITAL,2023-10,0.001757
D,CAPITAL,2023-11,0.002208
D,CAPITAL,2023-12,0.003013
D,CAPITAL,2024-01,0.002418
D,CAPITAL,2024-02,0.001672
D,CAPITAL,2024-03,0.001285
D,CAPITAL,2024-04,0.001263
D,CAPITAL,2024-05,0.000942
D,CAPITAL,2024-06,0.000889
D,CAPITAL,2024-07,0.000740
D,CAPITAL,2024-08,0.000787
D,CAPITAL,2024-09,0.000527
D,CAPITAL,2024-10,0.000685
D,CAPITAL,2024-11,0.001198
D,CAPITAL,2024-12,0.001229
D,CAPITAL,2025-01,0.001171
D,CAPITAL,2025-02,0.001007
D,CAPITAL,2025-03,0.001400
D,CAPITAL,2025-04,0.001672
D,CAPITAL,2025-05,0.001652
D,CAPITAL,2025-06,0.001791
D,CAPITAL,2025-07,0.001949
D,CAPITAL,2025-08,0.001721
D,CAPITAL,2025-09,0.002042
D,CAPITAL,2025-10,0.002001
D,CAPITAL,2025-11,0.001202
D,CAPITAL,2025-12,0.001724
D,CAPITAL,2026-01,0.001793
D,CAPITAL,2026-02,0.002256
D,CAPITAL,2026-03,0.001440
D,CAPITAL,2026-04,0.002023
D,CAPITAL,2026-05,0.002485
D,CAPITAL,2026-06,0.001429
D,CAPITAL,2026-07,0.001920
D,CAPITAL,2026-08,0.002214
D,CUPRUM,2005-07,0.013968
D,CUPRUM,2005-08,0.013881
D,CUPRUM,2005-09,0.014165
D,CUPRUM,2005-10,0.011541
D,CUPRUM,2005-11,0.008907
D,CUPRUM,2005-12,0.007190
D,CUPRUM,2006-01,0.007050
D,CUPRUM,2006-02,0.007616
D,CUPRUM,2006-03,0.006978
D,CUPRUM,2006-04,0.003080
D,CUPRUM,2006-05,0.001666
D,CUPRUM,2006-06,0.001452
D,CUPRUM,2006-07,0.000138
D,CUPRUM,2006-08,-0.000330
D,CUPRUM,2006-09,0.000797
D,CUPRUM,2006-10,0.000118
D,CUPRUM,2006-11,-0.001900
D,CUPRUM,2006-12,-0.001243
D,CUPRUM,2007-01,-0.002431
D,CUPRUM,2007-02,-0.002300
D,CUPRUM,2007-03,-0.003062
D,CUPRUM,2007-04,-0.003862
D,CUPRUM,2007-05,-0.004090
D,CUPRUM,2007-06,-0.005425
D,CUPRUM,2007-07,-0.004467
D,CUPRUM,2007-08,-0.004558
D,CUPRUM,2007-09,-0.004436
D,CUPRUM,2007-10,-0.006405
D,CUPRUM,2007-11,-0.004129
D,CUPRUM,2007-12,-0.002567
D,CUPRUM,2008-01,-0.001883
D,CUPRUM,2008-02,-0.003061
D,CUPRUM,2008-03,-0.002857
D,CUPRUM,2008-04,-0.002053
D,CUPRUM,2008-05,-0.001298
D,CUPRUM,2008-06,-0.001488
D,CUPRUM,2008-07,-0.001655
D,CUPRUM,2008-08,-0.001541
D,CUPRUM,2008-09,-0.003476
D,CUPRUM,2008-10,-0.006391
D,CUPRUM,2008-11,-0.006531
D,CUPRUM,2008-12,-0.006025
D,CUPRUM,2009-01,-0.005971
D,CUPRUM,2009-02,-0.006547
D,CUPRUM,2009-03,-0.006390
D,CUPRUM,2009-04,-0.005404
D,CUPRUM,2009-05,-0.005883
D,CUPRUM,2009-06,-0.005368
D,CUPRUM,2009-07,-0.004795
D,CUPRUM,2009-08,-0.004165
D,CUPRUM,2009-09,-0.004955
D,CUPRUM,2009-10,-0.004022
D,CUPRUM,2009-11,-0.004512
D,CUPRUM,2009-12,-0.003421
D,CUPRUM,2010-01,-0.002772
D,CUPRUM,2010-02,-0.002451
D,CUPRUM,2010-03,-0.002395
D,CUPRUM,2010-04,-0.000707
D,CUPRUM,2010-05,0.000121
D,CUPRUM,2010-06,0.001453
D,CUPRUM,2010-07,0.001492
D,CUPRUM,2010-08,0.001039
D,CUPRUM,2010-09,0.000067
D,CUPRUM,2010-10,0.001891
D,CUPRUM,2010-11,0.001835
D,CUPRUM,2010-12,0.001482
D,CUPRUM,2011-01,0.000970
D,CUPRUM,2011-02,0.002373
D,CUPRUM,2011-03,0.002309
D,CUPRUM,2011-04,0.001399
D,CUPRUM,2011-05,0.001151
D,CUPRUM,2011-06,-0.000533
D,CUPRUM,2011-07,-0.000332
D,CUPRUM,2011-08,-0.000807
D,CUPRUM,2011-09,0.000190
D,CUPRUM,2011-10,0.005577
D,CUPRUM,2011-11,0.006196
D,CUPRUM,2011-12,0.004635
D,CUPRUM,2012-01,0.004805
D,CUPRUM,2012-02,0.005100
D,CUPRUM,2012-03,0.004689
D,CUPRUM,2012-04,0.003620
D,CUPRUM,2012-05,0.003266
D,CUPRUM,2012-06,0.001929
D,CUPRUM,2012-07,0.000822
D,CUPRUM,2012-08,0.000365
D,CUPRUM,2012-09,0.000898
D,CUPRUM,2012-10,0.000894
D,CUPRUM,2012-11,0.001733
D,CUPRUM,2012-12,0.001087
D,CUPRUM,2013-01,0.001800
D,CUPRUM,2013-02,0.001317
D,CUPRUM,2013-03,0.001832
D,CUPRUM,2013-04,0.001591
D,CUPRUM,2013-05,0.000250
D,CUPRUM,2013-06,0.000359
D,CUPRUM,2013-07,-0.000541
D,CUPRUM,2013-08,-0.000603
D,CUPRUM,2013-09,0.000497
D,CUPRUM,2013-10,0.000074
D,CUPRUM,2013-11,-0.000927
D,CUPRUM,2013-12,-0.000620
D,CUPRUM,2014-01,-0.000139
D,CUPRUM,2014-02,-0.000987
D,CUPRUM,2014-03,-0.000432
D,CUPRUM,2014-04,-0.000248
D,CUPRUM,2014-05,0.000122
D,CUPRUM,2014-06,0.002127
D,CUPRUM,2014-07,0.001760
D,CUPRUM,2014-08,0.002668
D,CUPRUM,2014-09,0.002820
D,CUPRUM,2014-10,0.001530
D,CUPRUM,2014-11,0.002003
D,CUPRUM,2014-12,0.002938
D,CUPRUM,2015-01,0.003235
D,CUPRUM,2015-02,0.003949
D,CUPRUM,2015-03,0.004512
D,CUPRUM,2015-04,0.004235
D,CUPRUM,2015-05,0.004056
D,CUPRUM,2015-06,0.004285
D,CUPRUM,2015-07,0.004857
D,CUPRUM,2015-08,0.005197
D,CUPRUM,2015-09,0.005757
D,CUPRUM,2015-10,0.005953
D,CUPRUM,2015-11,0.005853
D,CUPRUM,2015-12,0.005994
D,CUPRUM,2016-01,0.004877
D,CUPRUM,2016-02,0.005339
D,CUPRUM,2016-03,0.004504
D,CUPRUM,2016-04,0.004277
D,CUPRUM,2016-05,0.004337
D,CUPRUM,2016-06,0.004107
D,CUPRUM,2016-07,0.004318
D,CUPRUM,2016-08,0.004755
D,CUPRUM,2016-09,0.004574
D,CUPRUM,2016-10,0.004363
D,CUPRUM,2016-11,0.004504
D,CUPRUM,2016-12,0.004583
D,CUPRUM,2017-01,0.003696
D,CUPRUM,2017-02,0.003993
D,CUPRUM,2017-03,0.004092
D,CUPRUM,2017-04,0.003788
D,CUPRUM,2017-05,0.003296
D,CUPRUM,2017-06,0.002447
D,CUPRUM,2017-07,0.002480
D,CUPRUM,2017-08,0.001773
D,CUPRUM,2017-09,0.002502
D,CUPRUM,2017-10,0.001604
D,CUPRUM,2017-11,0.001176
D,CUPRUM,2017-12,0.001214
D,CUPRUM,2018-01,0.000794
D,CUPRUM,2018-02,0.000682
D,CUPRUM,2018-03,0.000274
D,CUPRUM,2018-04,0.000187
D,CUPRUM,2018-05,0.000353
D,CUPRUM,2018-06,0.000054
D,CUPRUM,2018-07,-0.000196
D,CUPRUM,2018-08,-0.000983
D,CUPRUM,2018-09,-0.001058
D,CUPRUM,2018-10,-0.001322
D,CUPRUM,2018-11,-0.000997
D,CUPRUM,2018-12,-0.000763
D,CUPRUM,2019-01,-0.000968
D,CUPRUM,2019-02,-0.001558
D,CUPRUM,2019-03,-0.001333
D,CUPRUM,2019-04,-0.001426
D,CUPRUM,2019-05,-0.001263
D,CUPRUM,2019-06,-0.001693
D,CUPRUM,2019-07,-0.001651
D,CUPRUM,2019-08,-0.001515
D,CUPRUM,2019-09,-0.001847
D,CUPRUM,2019-10,-0.001878
D,CUPRUM,2019-11,-0.002537
D,CUPRUM,2019-12,-0.002122
D,CUPRUM,2020-01,-0.001791
D,CUPRUM,2020-02,-0.001907
D,CUPRUM,2020-03,-0.003096
D,CUPRUM,2020-04,-0.002586
D,CUPRUM,2020-05,-0.003365
D,CUPRUM,2020-06,-0.003678
D,CUPRUM,2020-07,-0.003354
D,CUPRUM,2020-08,-0.003124
D,CUPRUM,2020-09,-0.003155
D,CUPRUM,2020-10,-0.002731
D,CUPRUM,2020-11,-0.001970
D,CUPRUM,2020-12,-0.002319
D,CUPRUM,2021-01,-0.001989
D,CUPRUM,2021-02,-0.001573
D,CUPRUM,2021-03,-0.001359
D,CUPRUM,2021-04,-0.001088
D,CUPRUM,2021-05,-0.000239
D,CUPRUM,2021-06,0.000095
D,CUPRUM,2021-07,0.000146
D,CUPRUM,2021-08,0.000532
D,CUPRUM,2021-09,0.000990
D,CUPRUM,2021-10,0.001517
D,CUPRUM,2021-11,0.000813
D,CUPRUM,2021-12,0.000312
D,CUPRUM,2022-01,0.001353
D,CUPRUM,2022-02,0.001451
D,CUPRUM,2022-03,0.001373
D,CUPRUM,2022-04,0.001936
D,CUPRUM,2022-05,0.001935
D,CUPRUM,2022-06,0.002984
D,CUPRUM,2022-07,0.003257
D,CUPRUM,2022-08,0.002274
D,CUPRUM,2022-09,0.003000
D,CUPRUM,2022-10,0.003713
D,CUPRUM,2022-11,0.001842
D,CUPRUM,2022-12,0.001194
D,CUPRUM,2023-01,0.001227
D,CUPRUM,2023-02,0.001503
D,CUPRUM,2023-03,0.003044
D,CUPRUM,2023-04,0.001941
D,CUPRUM,2023-05,0.002460
D,CUPRUM,2023-06,0.003639
D,CUPRUM,2023-07,0.002967
D,CUPRUM,2023-08,0.003281
D,CUPRUM,2023-09,0.003320
D,CUPRUM,2023-10,0.003738
D,CUPRUM,2023-11,0.002927
D,CUPRUM,2023-12,0.003406
D,CUPRUM,2024-01,0.003604
D,CUPRUM,2024-02,0.002747
D,CUPRUM,2024-03,0.001902
D,CUPRUM,2024-04,0.001668
D,CUPRUM,2024-05,0.001595
D,CUPRUM,2024-06,0.001850
D,CUPRUM,2024-07,0.001672
D,CUPRUM,2024-08,0.001796
D,CUPRUM,2024-09,0.001056
D,CUPRUM,2024-10,0.000627
D,CUPRUM,2024-11,0.001082
D,CUPRUM,2024-12,0.001251
D,CUPRUM,2025-01,0.000626
D,CUPRUM,2025-02,0.001115
D,CUPRUM,2025-03,0.001389
D,CUPRUM,2025-04,0.000845
D,CUPRUM,2025-05,0.000458
D,CUPRUM,2025-06,0.000183
D,CUPRUM,2025-07,-0.000549
D,CUPRUM,2025-08,0.000511
D,CUPRUM,2025-09,-0.000469
D,CUPRUM,2025-10,-0.000771
D,CUPRUM,2025-11,0.001476
D,CUPRUM,2025-12,0.001751
D,CUPRUM,2026-01,0.002345
D,CUPRUM,2026-02,0.002433
D,CUPRUM,2026-03,0.001695
D,CUPRUM,2026-04,0.002193
D,CUPRUM,2026-05,0.003136
D,CUPRUM,2026-06,0.001919
D,CUPRUM,2026-07,0.002884
D,CUPRUM,2026-08,0.002568
D,HABITAT,2005-07,-0.002171
D,HABITAT,2005-08,-0.002299
D,HABITAT,2005-09,-0.002342
D,HABITAT,2005-10,-0.000221
D,HABITAT,2005-11,0.001750
D,HABITAT,2005-12,0.002802
D,HABITAT,2006-01,0.003167
D,HABITAT,2006-02,0.002862
D,HABITAT,2006-03,0.002761
D,HABITAT,2006-04,0.002957
D,HABITAT,2006-05,0.003554
D,HABITAT,2006-06,0.003722
D,HABITAT,2006-07,0.004663
D,HABITAT,2006-08,0.005453
D,HABITAT,2006-09,0.006220
D,HABITAT,2006-10,0.005993
D,HABITAT,2006-11,0.006729
D,HABITAT,2006-12,0.007501
D,HABITAT,2007-01,0.008263
D,HABITAT,2007-02,0.008497
D,HABITAT,2007-03,0.008118
D,HABITAT,2007-04,0.009295
D,HABITAT,2007-05,0.009294
D,HABITAT,2007-06,0.009122
D,HABITAT,2007-07,0.008371
D,HABITAT,2007-08,0.007827
D,HABITAT,2007-09,0.007404
D,HABITAT,2007-10,0.008563
D,HABITAT,2007-11,0.007125
D,HABITAT,2007-12,0.006633
D,HABITAT,2008-01,0.007083
D,HABITAT,2008-02,0.007580
D,HABITAT,2008-03,0.008241
D,HABITAT,2008-04,0.009254
D,HABITAT,2008-05,0.008762
D,HABITAT,2008-06,0.011420
D,HABITAT,2008-07,0.011350
D,HABITAT,2008-08,0.012103
D,HABITAT,2008-09,0.010286
D,HABITAT,2008-10,0.010805
D,HABITAT,2008-11,0.009462
D,HABITAT,2008-12,0.008882
D,HABITAT,2009-01,0.007938
D,HABITAT,2009-02,0.007238
D,HABITAT,2009-03,0.008948
D,HABITAT,2009-04,0.009439
D,HABITAT,2009-05,0.010629
D,HABITAT,2009-06,0.010155
D,HABITAT,2009-07,0.009842
D,HABITAT,2009-08,0.008942
D,HABITAT,2009-09,0.008011
D,HABITAT,2009-10,0.007571
D,HABITAT,2009-11,0.007875
D,HABITAT,2009-12,0.007068
D,HABITAT,2010-01,0.006414
D,HABITAT,2010-02,0.005939
D,HABITAT,2010-03,0.006689
D,HABITAT,2010-04,0.005546
D,HABITAT,2010-05,0.006269
D,HABITAT,2010-06,0.005146
D,HABITAT,2010-07,0.005696
D,HABITAT,2010-08,0.006159
D,HABITAT,2010-09,0.006292
D,HABITAT,2010-10,0.004938
D,HABITAT,2010-11,0.005620
D,HABITAT,2010-12,0.006491
D,HABITAT,2011-01,0.004385
D,HABITAT,2011-02,0.004302
D,HABITAT,2011-03,0.004795
D,HABITAT,2011-04,0.003789
D,HABITAT,2011-05,0.003638
D,HABITAT,2011-06,0.001637
D,HABITAT,2011-07,0.001528
D,HABITAT,2011-08,0.003019
D,HABITAT,2011-09,0.004587
D,HABITAT,2011-10,0.004549
D,HABITAT,2011-11,0.005715
D,HABITAT,2011-12,0.005150
D,HABITAT,2012-01,0.005237
D,HABITAT,2012-02,0.006024
D,HABITAT,2012-03,0.004654
D,HABITAT,2012-04,0.004349
D,HABITAT,2012-05,0.004053
D,HABITAT,2012-06,0.004453
D,HABITAT,2012-07,0.004355
D,HABITAT,2012-08,0.004838
D,HABITAT,2012-09,0.005100
D,HABITAT,2012-10,0.004812
D,HABITAT,2012-11,0.004047
D,HABITAT,2012-12,0.004449
D,HABITAT,2013-01,0.004324
D,HABITAT,2013-02,0.005184
D,HABITAT,2013-03,0.004998
D,HABITAT,2013-04,0.005174
D,HABITAT,2013-05,0.004258
D,HABITAT,2013-06,0.005340
D,HABITAT,2013-07,0.005546
D,HABITAT,2013-08,0.004493
D,HABITAT,2013-09,0.004731
D,HABITAT,2013-10,0.005067
D,HABITAT,2013-11,0.005578
D,HABITAT,2013-12,0.004823
D,HABITAT,2014-01,0.006538
D,HABITAT,2014-02,0.005613
D,HABITAT,2014-03,0.005046
D,HABITAT,2014-04,0.005107
D,HABITAT,2014-05,0.005161
D,HABITAT,2014-06,0.005741
D,HABITAT,2014-07,0.005603
D,HABITAT,2014-08,0.003717
D,HABITAT,2014-09,0.002852
D,HABITAT,2014-10,0.002507
D,HABITAT,2014-11,0.003049
D,HABITAT,2014-12,0.003583
D,HABITAT,2015-01,0.004261
D,HABITAT,2015-02,0.004054
D,HABITAT,2015-03,0.002917
D,HABITAT,2015-04,0.003071
D,HABITAT,2015-05,0.002771
D,HABITAT,2015-06,0.003501
D,HABITAT,2015-07,0.004084
D,HABITAT,2015-08,0.004378
D,HABITAT,2015-09,0.003794
D,HABITAT,2015-10,0.004315
D,HABITAT,2015-11,0.004269
D,HABITAT,2015-12,0.004304
D,HABITAT,2016-01,0.003350
D,HABITAT,2016-02,0.003440
D,HABITAT,2016-03,0.003453
D,HABITAT,2016-04,0.003736
D,HABITAT,2016-05,0.003891
D,HABITAT,2016-06,0.003876
D,HABITAT,2016-07,0.004634
D,HABITAT,2016-08,0.005309
D,HABITAT,2016-09,0.005344
D,HABITAT,2016-10,0.005519
D,HABITAT,2016-11,0.006092
D,HABITAT,2016-12,0.006730
D,HABITAT,2017-01,0.007479
D,HABITAT,2017-02,0.007605
D,HABITAT,2017-03,0.007206
D,HABITAT,2017-04,0.007418
D,HABITAT,2017-05,0.007808
D,HABITAT,2017-06,0.007441
D,HABITAT,2017-07,0.007486
D,HABITAT,2017-08,0.007205
D,HABITAT,2017-09,0.008211
D,HABITAT,2017-10,0.007841
D,HABITAT,2017-11,0.007245
D,HABITAT,2017-12,0.006917
D,HABITAT,2018-01,0.006209
D,HABITAT,2018-02,0.006414
D,HABITAT,2018-03,0.006955
D,HABITAT,2018-04,0.006974
D,HABITAT,2018-05,0.007333
D,HABITAT,2018-06,0.007138
D,HABITAT,2018-07,0.006676
D,HABITAT,2018-08,0.005894
D,HABITAT,2018-09,0.006613
D,HABITAT,2018-10,0.005865
D,HABITAT,2018-11,0.006149
D,HABITAT,2018-12,0.005913
D,HABITAT,2019-01,0.006296
D,HABITAT,2019-02,0.006342
D,HABITAT,2019-03,0.005948
D,HABITAT,2019-04,0.005537
D,HABITAT,2019-05,0.005279
D,HABITAT,2019-06,0.005215
D,HABITAT,2019-07,0.004570
D,HABITAT,2019-08,0.005212
D,HABITAT,2019-09,0.005150
D,HABITAT,2019-10,0.004706
D,HABITAT,2019-11,0.004378
D,HABITAT,2019-12,0.002359
D,HABITAT,2020-01,0.002704
D,HABITAT,2020-02,0.003596
D,HABITAT,2020-03,0.004772
D,HABITAT,2020-04,0.003761
D,HABITAT,2020-05,0.002330
D,HABITAT,2020-06,0.002410
D,HABITAT,2020-07,0.001863
D,HABITAT,2020-08,0.002103
D,HABITAT,2020-09,0.002099
D,HABITAT,2020-10,0.001923
D,HABITAT,2020-11,0.001217
D,HABITAT,2020-12,0.000965
D,HABITAT,2021-01,0.000001
D,HABITAT,2021-02,0.000355
D,HABITAT,2021-03,0.000732
D,HABITAT,2021-04,0.000785
D,HABITAT,2021-05,0.000593
D,HABITAT,2021-06,0.000469
D,HABITAT,2021-07,0.000450
D,HABITAT,2021-08,0.001235
D,HABITAT,2021-09,0.001167
D,HABITAT,2021-10,0.002409
D,HABITAT,2021-11,0.002887
D,HABITAT,2021-12,0.002812
D,HABITAT,2022-01,0.003438
D,HABITAT,2022-02,0.003000
D,HABITAT,2022-03,0.002961
D,HABITAT,2022-04,0.002936
D,HABITAT,2022-05,0.003161
D,HABITAT,2022-06,0.002356
D,HABITAT,2022-07,0.003195
D,HABITAT,2022-08,0.002500
D,HABITAT,2022-09,0.002952
D,HABITAT,2022-10,0.003166
D,HABITAT,2022-11,0.002535
D,HABITAT,2022-12,0.003810
D,HABITAT,2023-01,0.003848
D,HABITAT,2023-02,0.002354
D,HABITAT,2023-03,0.001191
D,HABITAT,2023-04,0.001682
D,HABITAT,2023-05,0.002514
D,HABITAT,2023-06,0.002575
D,HABITAT,2023-07,0.003024
D,HABITAT,2023-08,0.002839
D,HABITAT,2023-09,0.001887
D,HABITAT,2023-10,0.001205
D,HABITAT,2023-11,0.002073
D,HABITAT,2023-12,0.002648
D,HABITAT,2024-01,0.003166
D,HABITAT,2024-02,0.002545
D,HABITAT,2024-03,0.002261
D,HABITAT,2024-04,0.001638
D,HABITAT,2024-05,0.001956
D,HABITAT,2024-06,0.001725
D,HABITAT,2024-07,0.002114
D,HABITAT,2024-08,0.001900
D,HABITAT,2024-09,0.001595
D,HABITAT,2024-10,0.000279
D,HABITAT,2024-11,-0.000443
D,HABITAT,2024-12,0.000472
D,HABITAT,2025-01,0.000110
D,HABITAT,2025-02,0.000729
D,HABITAT,2025-03,0.001132
D,HABITAT,2025-04,0.002240
D,HABITAT,2025-05,0.002055
D,HABITAT,2025-06,0.002216
D,HABITAT,2025-07,0.001390
D,HABITAT,2025-08,0.001736
D,HABITAT,2025-09,0.000512
D,HABITAT,2025-10,0.000584
D,HABITAT,2025-11,0.000865
D,HABITAT,2025-12,0.001392
D,HABITAT,2026-01,0.000862
D,HABITAT,2026-02,0.001547
D,HABITAT,2026-03,0.000174
D,HABITAT,2026-04,0.001207
D,HABITAT,2026-05,0.002006
D,HABITAT,2026-06,0.001628
D,HABITAT,2026-07,0.002259
D,HABITAT,2026-08,0.002253
D,MODELO,2013-08,0.005501
D,MODELO,2013-09,0.005131
D,MODELO,2013-10,0.003531
D,MODELO,2013-11,0.002498
D,MODELO,2013-12,0.002981
D,MODELO,2014-01,0.002414
D,MODELO,2014-02,0.003278
D,MODELO,2014-03,0.004287
D,MODELO,2014-04,0.004118
D,MODELO,2014-05,0.004647
D,MODELO,2014-06,0.002326
D,MODELO,2014-07,0.001635
D,MODELO,2014-08,0.002092
D,MODELO,2014-09,0.002561
D,MODELO,2014-10,-0.002099
D,MODELO,2014-11,-0.002766
D,MODELO,2014-12,-0.003350
D,MODELO,2015-01,-0.004508
D,MODELO,2015-02,-0.004680
D,MODELO,2015-03,-0.004148
D,MODELO,2015-04,-0.004151
D,MODELO,2015-05,-0.002156
D,MODELO,2015-06,-0.001161
D,MODELO,2015-07,-0.002959
D,MODELO,2015-08,-0.003555
D,MODELO,2015-09,-0.002422
D,MODELO,2015-10,-0.002785
D,MODELO,2015-11,-0.002600
D,MODELO,2015-12,-0.001985
D,MODELO,2016-01,-0.003030
D,MODELO,2016-02,-0.003581
D,MODELO,2016-03,-0.003245
D,MODELO,2016-04,-0.001497
D,MODELO,2016-05,-0.000095
D,MODELO,2016-06,-0.000044
D,MODELO,2016-07,-0.001035
D,MODELO,2016-08,-0.002096
D,MODELO,2016-09,-0.002202
D,MODELO,2016-10,-0.000992
D,MODELO,2016-11,0.001681
D,MODELO,2016-12,0.001293
D,MODELO,2017-01,0.002203
D,MODELO,2017-02,0.001827
D,MODELO,2017-03,0.002052
D,MODELO,2017-04,0.001992
D,MODELO,2017-05,0.000919
D,MODELO,2017-06,0.002712
D,MODELO,2017-07,0.003664
D,MODELO,2017-08,0.006054
D,MODELO,2017-09,0.004169
D,MODELO,2017-10,0.006397
D,MODELO,2017-11,0.007017
D,MODELO,2017-12,0.007906
D,MODELO,2018-01,0.008715
D,MODELO,2018-02,0.008008
D,MODELO,2018-03,0.006773
D,MODELO,2018-04,0.006898
D,MODELO,2018-05,0.006084
D,MODELO,2018-06,0.004600
D,MODELO,2018-07,0.005956
D,MODELO,2018-08,0.006446
D,MODELO,2018-09,0.005631
D,MODELO,2018-10,0.006305
D,MODELO,2018-11,0.005852
D,MODELO,2018-12,0.004764
D,MODELO,2019-01,0.005220
D,MODELO,2019-02,0.005388
D,MODELO,2019-03,0.004188
D,MODELO,2019-04,0.003137
D,MODELO,2019-05,0.000877
D,MODELO,2019-06,-0.001383
D,MODELO,2019-07,-0.003211
D,MODELO,2019-08,-0.004796
D,MODELO,2019-09,-0.004419
D,MODELO,2019-10,-0.002706
D,MODELO,2019-11,-0.003438
D,MODELO,2019-12,-0.003177
D,MODELO,2020-01,-0.003003
D,MODELO,2020-02,-0.003439
D,MODELO,2020-03,-0.001972
D,MODELO,2020-04,-0.002673
D,MODELO,2020-05,-0.002027
D,MODELO,2020-06,-0.003273
D,MODELO,2020-07,-0.003630
D,MODELO,2020-08,-0.003732
D,MODELO,2020-09,-0.003238
D,MODELO,2020-10,-0.003786
D,MODELO,2020-11,-0.004045
D,MODELO,2020-12,-0.004413
D,MODELO,2021-01,-0.004346
D,MODELO,2021-02,-0.003939
D,MODELO,2021-03,-0.003486
D,MODELO,2021-04,-0.003542
D,MODELO,2021-05,-0.004525
D,MODELO,2021-06,-0.003932
D,MODELO,2021-07,-0.003296
D,MODELO,2021-08,-0.004074
D,MODELO,2021-09,-0.003332
D,MODELO,2021-10,-0.002843
D,MODELO,2021-11,-0.003115
D,MODELO,2021-12,-0.001598
D,MODELO,2022-01,-0.002728
D,MODELO,2022-02,-0.002415
D,MODELO,2022-03,-0.001855
D,MODELO,2022-04,-0.001651
D,MODELO,2022-05,-0.001277
D,MODELO,2022-06,-0.000350
D,MODELO,2022-07,0.001997
D,MODELO,2022-08,0.004493
D,MODELO,2022-09,0.003395
D,MODELO,2022-10,-0.000081
D,MODELO,2022-11,-0.002834
D,MODELO,2022-12,-0.003159
D,MODELO,2023-01,-0.002999
D,MODELO,2023-02,-0.002053
D,MODELO,2023-03,-0.004371
D,MODELO,2023-04,-0.002785
D,MODELO,2023-05,-0.002578
D,MODELO,2023-06,-0.002158
D,MODELO,2023-07,-0.001745
D,MODELO,2023-08,-0.001204
D,MODELO,2023-09,-0.000495
D,MODELO,2023-10,-0.000172
D,MODELO,2023-11,-0.001282
D,MODELO,2023-12,-0.001880
D,MODELO,2024-01,-0.001946
D,MODELO,2024-02,-0.001563
D,MODELO,2024-03,-0.001527
D,MODELO,2024-04,-0.001946
D,MODELO,2024-05,-0.001667
D,MODELO,2024-06,-0.001860
D,MODELO,2024-07,-0.002160
D,MODELO,2024-08,-0.001143
D,MODELO,2024-09,-0.001360
D,MODELO,2024-10,-0.001598
D,MODELO,2024-11,-0.000910
D,MODELO,2024-12,-0.001605
D,MODELO,2025-01,-0.000596
D,MODELO,2025-02,-0.001476
D,MODELO,2025-03,-0.001416
D,MODELO,2025-04,-0.002212
D,MODELO,2025-05,-0.002172
D,MODELO,2025-06,-0.000995
D,MODELO,2025-07,-0.000937
D,MODELO,2025-08,-0.001072
D,MODELO,2025-09,-0.000093
D,MODELO,2025-10,0.001096
D,MODELO,2025-11,0.001043
D,MODELO,2025-12,0.000296
D,MODELO,2026-01,-0.000960
D,MODELO,2026-02,-0.000938
D,MODELO,2026-03,0.001363
D,MODELO,2026-04,-0.000233
D,MODELO,2026-05,-0.001872
D,MODELO,2026-06,-0.001216
D,MODELO,2026-07,-0.003064
D,MODELO,2026-08,-0.003518
D,PLANVITAL,2005-07,-0.005773
D,PLANVITAL,2005-08,-0.005930
D,PLANVITAL,2005-09,-0.006001
D,PLANVITAL,2005-10,-0.005005
D,PLANVITAL,2005-11,-0.007069
D,PLANVITAL,2005-12,-0.007416
D,PLANVITAL,2006-01,-0.007592
D,PLANVITAL,2006-02,-0.007273
D,PLANVITAL,2006-03,-0.007750
D,PLANVITAL,2006-04,-0.006896
D,PLANVITAL,2006-05,-0.005738
D,PLANVITAL,2006-06,-0.005340
D,PLANVITAL,2006-07,-0.005546
D,PLANVITAL,2006-08,-0.005658
D,PLANVITAL,2006-09,-0.005309
D,PLANVITAL,2006-10,-0.005319
D,PLANVITAL,2006-11,-0.005010
D,PLANVITAL,2006-12,-0.003917
D,PLANVITAL,2007-01,-0.003719
D,PLANVITAL,2007-02,-0.003272
D,PLANVITAL,2007-03,0.000121
D,PLANVITAL,2007-04,0.000835
D,PLANVITAL,2007-05,0.001129
D,PLANVITAL,2007-06,0.001652
D,PLANVITAL,2007-07,0.001155
D,PLANVITAL,2007-08,0.001270
D,PLANVITAL,2007-09,0.000897
D,PLANVITAL,2007-10,0.001133
D,PLANVITAL,2007-11,0.000115
D,PLANVITAL,2007-12,0.000606
D,PLANVITAL,2008-01,-0.000996
D,PLANVITAL,2008-02,-0.000973
D,PLANVITAL,2008-03,-0.000878
D,PLANVITAL,2008-04,0.000107
D,PLANVITAL,2008-05,0.001818
D,PLANVITAL,2008-06,0.003988
D,PLANVITAL,2008-07,0.002130
D,PLANVITAL,2008-08,0.002786
D,PLANVITAL,2008-09,0.003935
D,PLANVITAL,2008-10,0.005091
D,PLANVITAL,2008-11,0.005378
D,PLANVITAL,2008-12,0.004789
D,PLANVITAL,2009-01,0.002434
D,PLANVITAL,2009-02,0.000975
D,PLANVITAL,2009-03,0.002213
D,PLANVITAL,2009-04,0.002082
D,PLANVITAL,2009-05,0.003629
D,PLANVITAL,2009-06,0.002422
D,PLANVITAL,2009-07,0.000980
D,PLANVITAL,2009-08,0.000797
D,PLANVITAL,2009-09,-0.000522
D,PLANVITAL,2009-10,-0.000367
D,PLANVITAL,2009-11,-0.000007
D,PLANVITAL,2009-12,-0.001285
D,PLANVITAL,2010-01,-0.000798
D,PLANVITAL,2010-02,-0.001433
D,PLANVITAL,2010-03,-0.002461
D,PLANVITAL,2010-04,-0.003395
D,PLANVITAL,2010-05,-0.003478
D,PLANVITAL,2010-06,-0.004012
D,PLANVITAL,2010-07,-0.003449
D,PLANVITAL,2010-08,-0.005152
D,PLANVITAL,2010-09,-0.004778
D,PLANVITAL,2010-10,-0.004288
D,PLANVITAL,2010-11,-0.004092
D,PLANVITAL,2010-12,-0.005192
D,PLANVITAL,2011-01,-0.001923
D,PLANVITAL,2011-02,-0.003071
D,PLANVITAL,2011-03,-0.002911
D,PLANVITAL,2011-04,-0.003731
D,PLANVITAL,2011-05,-0.005143
D,PLANVITAL,2011-06,-0.007530
D,PLANVITAL,2011-07,-0.007105
D,PLANVITAL,2011-08,-0.009185
D,PLANVITAL,2011-09,-0.009835
D,PLANVITAL,2011-10,-0.009394
D,PLANVITAL,2011-11,-0.009208
D,PLANVITAL,2011-12,-0.008574
D,PLANVITAL,2012-01,-0.006589
D,PLANVITAL,2012-02,-0.005259
D,PLANVITAL,2012-03,-0.006611
D,PLANVITAL,2012-04,-0.006273
D,PLANVITAL,2012-05,-0.007512
D,PLANVITAL,2012-06,-0.006698
D,PLANVITAL,2012-07,-0.004826
D,PLANVITAL,2012-08,-0.004272
D,PLANVITAL,2012-09,-0.002878
D,PLANVITAL,2012-10,-0.002546
D,PLANVITAL,2012-11,-0.002830
D,PLANVITAL,2012-12,-0.002846
D,PLANVITAL,2013-01,-0.003478
D,PLANVITAL,2013-02,-0.002907
D,PLANVITAL,2013-03,-0.002110
D,PLANVITAL,2013-04,-0.001752
D,PLANVITAL,2013-05,-0.001789
D,PLANVITAL,2013-06,-0.001890
D,PLANVITAL,2013-07,-0.001612
D,PLANVITAL,2013-08,0.000398
D,PLANVITAL,2013-09,0.000219
D,PLANVITAL,2013-10,-0.001033
D,PLANVITAL,2013-11,-0.000321
D,PLANVITAL,2013-12,0.000813
D,PLANVITAL,2014-01,-0.000706
D,PLANVITAL,2014-02,0.000707
D,PLANVITAL,2014-03,0.000196
D,PLANVITAL,2014-04,0.000861
D,PLANVITAL,2014-05,0.000432
D,PLANVITAL,2014-06,0.000348
D,PLANVITAL,2014-07,0.000817
D,PLANVITAL,2014-08,0.002015
D,PLANVITAL,2014-09,0.001082
D,PLANVITAL,2014-10,-0.001387
D,PLANVITAL,2014-11,-0.001500
D,PLANVITAL,2014-12,-0.001943
D,PLANVITAL,2015-01,-0.001917
D,PLANVITAL,2015-02,-0.002162
D,PLANVITAL,2015-03,-0.002385
D,PLANVITAL,2015-04,-0.002937
D,PLANVITAL,2015-05,-0.003034
D,PLANVITAL,2015-06,-0.002594
D,PLANVITAL,2015-07,-0.003702
D,PLANVITAL,2015-08,-0.003935
D,PLANVITAL,2015-09,-0.003096
D,PLANVITAL,2015-10,-0.003700
D,PLANVITAL,2015-11,-0.003405
D,PLANVITAL,2015-12,-0.002770
D,PLANVITAL,2016-01,-0.003182
D,PLANVITAL,2016-02,-0.003695
D,PLANVITAL,2016-03,-0.003930
D,PLANVITAL,2016-04,-0.003748
D,PLANVITAL,2016-05,-0.003613
D,PLANVITAL,2016-06,-0.003918
D,PLANVITAL,2016-07,-0.004536
D,PLANVITAL,2016-08,-0.004580
D,PLANVITAL,2016-09,-0.004740
D,PLANVITAL,2016-10,-0.004580
D,PLANVITAL,2016-11,-0.004479
D,PLANVITAL,2016-12,-0.004259
D,PLANVITAL,2017-01,-0.004349
D,PLANVITAL,2017-02,-0.005098
D,PLANVITAL,2017-03,-0.005212
D,PLANVITAL,2017-04,-0.005671
D,PLANVITAL,2017-05,-0.005326
D,PLANVITAL,2017-06,-0.005429
D,PLANVITAL,2017-07,-0.005184
D,PLANVITAL,2017-08,-0.004932
D,PLANVITAL,2017-09,-0.005183
D,PLANVITAL,2017-10,-0.004627
D,PLANVITAL,2017-11,-0.004579
D,PLANVITAL,2017-12,-0.004263
D,PLANVITAL,2018-01,-0.004017
D,PLANVITAL,2018-02,-0.003983
D,PLANVITAL,2018-03,-0.003759
D,PLANVITAL,2018-04,-0.003621
D,PLANVITAL,2018-05,-0.003754
D,PLANVITAL,2018-06,-0.003838
D,PLANVITAL,2018-07,-0.002951
D,PLANVITAL,2018-08,-0.002937
D,PLANVITAL,2018-09,-0.003658
D,PLANVITAL,2018-10,-0.003092
D,PLANVITAL,2018-11,-0.003359
D,PLANVITAL,2018-12,-0.003570
D,PLANVITAL,2019-01,-0.003535
D,PLANVITAL,2019-02,-0.003388
D,PLANVITAL,2019-03,-0.002519
D,PLANVITAL,2019-04,-0.002225
D,PLANVITAL,2019-05,-0.002350
D,PLANVITAL,2019-06,-0.001514
D,PLANVITAL,2019-07,-0.000619
D,PLANVITAL,2019-08,-0.000373
D,PLANVITAL,2019-09,-0.000554
D,PLANVITAL,2019-10,-0.001009
D,PLANVITAL,2019-11,-0.003933
D,PLANVITAL,2019-12,-0.005072
D,PLANVITAL,2020-01,-0.005302
D,PLANVITAL,2020-02,-0.004798
D,PLANVITAL,2020-03,-0.004699
D,PLANVITAL,2020-04,-0.005705
D,PLANVITAL,2020-05,-0.006011
D,PLANVITAL,2020-06,-0.006110
D,PLANVITAL,2020-07,-0.006006
D,PLANVITAL,2020-08,-0.006667
D,PLANVITAL,2020-09,-0.006412
D,PLANVITAL,2020-10,-0.005849
D,PLANVITAL,2020-11,-0.006136
D,PLANVITAL,2020-12,-0.005713
D,PLANVITAL,2021-01,-0.006122
D,PLANVITAL,2021-02,-0.005804
D,PLANVITAL,2021-03,-0.005687
D,PLANVITAL,2021-04,-0.005628
D,PLANVITAL,2021-05,-0.005985
D,PLANVITAL,2021-06,-0.005904
D,PLANVITAL,2021-07,-0.005912
D,PLANVITAL,2021-08,-0.005391
D,PLANVITAL,2021-09,-0.004921
D,PLANVITAL,2021-10,-0.004701
D,PLANVITAL,2021-11,-0.004572
D,PLANVITAL,2021-12,-0.004653
D,PLANVITAL,2022-01,-0.003690
D,PLANVITAL,2022-02,-0.002602
D,PLANVITAL,2022-03,-0.002408
D,PLANVITAL,2022-04,-0.002420
D,PLANVITAL,2022-05,-0.001741
D,PLANVITAL,2022-06,-0.001695
D,PLANVITAL,2022-07,-0.001508
D,PLANVITAL,2022-08,-0.001217
D,PLANVITAL,2022-09,-0.000319
D,PLANVITAL,2022-10,0.000156
D,PLANVITAL,2022-11,0.001790
D,PLANVITAL,2022-12,0.002534
D,PLANVITAL,2023-01,0.002531
D,PLANVITAL,2023-02,0.003650
D,PLANVITAL,2023-03,0.004273
D,PLANVITAL,2023-04,0.005418
D,PLANVITAL,2023-05,0.005516
D,PLANVITAL,2023-06,0.005489
D,PLANVITAL,2023-07,0.005533
D,PLANVITAL,2023-08,0.006391
D,PLANVITAL,2023-09,0.007174
D,PLANVITAL,2023-10,0.007235
D,PLANVITAL,2023-11,0.005824
D,PLANVITAL,2023-12,0.004436
D,PLANVITAL,2024-01,0.005367
D,PLANVITAL,2024-02,0.006433
D,PLANVITAL,2024-03,0.006529
D,PLANVITAL,2024-04,0.006761
D,PLANVITAL,2024-05,0.006806
D,PLANVITAL,2024-06,0.006481
D,PLANVITAL,2024-07,0.006252
D,PLANVITAL,2024-08,0.005069
D,PLANVITAL,2024-09,0.004707
D,PLANVITAL,2024-10,0.004237
D,PLANVITAL,2024-11,0.004299
D,PLANVITAL,2024-12,0.004533
D,PLANVITAL,2025-01,0.003995
D,PLANVITAL,2025-02,0.003591
D,PLANVITAL,2025-03,0.003432
D,PLANVITAL,2025-04,0.003856
D,PLANVITAL,2025-05,0.003408
D,PLANVITAL,2025-06,0.002323
D,PLANVITAL,2025-07,0.001712
D,PLANVITAL,2025-08,0.001115
D,PLANVITAL,2025-09,0.000372
D,PLANVITAL,2025-10,0.000683
D,PLANVITAL,2025-11,0.001837
D,PLANVITAL,2025-12,0.001807
D,PLANVITAL,2026-01,0.002006
D,PLANVITAL,2026-02,0.000877
D,PLANVITAL,2026-03,0.001042
D,PLANVITAL,2026-04,0.000977
D,PLANVITAL,2026-05,0.001001
D,PLANVITAL,2026-06,0.001883
D,PLANVITAL,2026-07,0.001648
D,PLANVITAL,2026-08,0.001182
D,PROVIDA,2005-07,-0.002697
D,PROVIDA,2005-08,-0.002312
D,PROVIDA,2005-09,-0.002843
D,PROVIDA,2005-10,-0.003129
D,PROVIDA,2005-11,-0.002920
D,PROVIDA,2005-12,-0.003517
D,PROVIDA,2006-01,-0.004397
D,PROVIDA,2006-02,-0.004366
D,PROVIDA,2006-03,-0.004085
D,PROVIDA,2006-04,-0.003244
D,PROVIDA,2006-05,-0.003393
D,PROVIDA,2006-06,-0.003866
D,PROVIDA,2006-07,-0.003903
D,PROVIDA,2006-08,-0.004246
D,PROVIDA,2006-09,-0.004731
D,PROVIDA,2006-10,-0.003794
D,PROVIDA,2006-11,-0.004163
D,PROVIDA,2006-12,-0.004861
D,PROVIDA,2007-01,-0.004773
D,PROVIDA,2007-02,-0.005210
D,PROVIDA,2007-03,-0.005346
D,PROVIDA,2007-04,-0.006383
D,PROVIDA,2007-05,-0.006945
D,PROVIDA,2007-06,-0.006067
D,PROVIDA,2007-07,-0.005624
D,PROVIDA,2007-08,-0.005234
D,PROVIDA,2007-09,-0.004907
D,PROVIDA,2007-10,-0.005172
D,PROVIDA,2007-11,-0.004305
D,PROVIDA,2007-12,-0.004014
D,PROVIDA,2008-01,-0.003844
D,PROVIDA,2008-02,-0.004105
D,PROVIDA,2008-03,-0.003668
D,PROVIDA,2008-04,-0.005087
D,PROVIDA,2008-05,-0.004871
D,PROVIDA,2008-06,-0.006633
D,PROVIDA,2008-07,-0.005441
D,PROVIDA,2008-08,-0.005411
D,PROVIDA,2008-09,-0.003817
D,PROVIDA,2008-10,-0.003502
D,PROVIDA,2008-11,-0.002678
D,PROVIDA,2008-12,-0.003367
D,PROVIDA,2009-01,-0.001703
D,PROVIDA,2009-02,-0.001648
D,PROVIDA,2009-03,-0.002468
D,PROVIDA,2009-04,-0.002747
D,PROVIDA,2009-05,-0.004085
D,PROVIDA,2009-06,-0.003828
D,PROVIDA,2009-07,-0.003841
D,PROVIDA,2009-08,-0.003852
D,PROVIDA,2009-09,-0.003518
D,PROVIDA,2009-10,-0.003675
D,PROVIDA,2009-11,-0.003215
D,PROVIDA,2009-12,-0.002887
D,PROVIDA,2010-01,-0.002783
D,PROVIDA,2010-02,-0.002515
D,PROVIDA,2010-03,-0.003159
D,PROVIDA,2010-04,-0.002568
D,PROVIDA,2010-05,-0.002962
D,PROVIDA,2010-06,-0.002997
D,PROVIDA,2010-07,-0.003526
D,PROVIDA,2010-08,-0.003563
D,PROVIDA,2010-09,-0.003923
D,PROVIDA,2010-10,-0.003954
D,PROVIDA,2010-11,-0.004953
D,PROVIDA,2010-12,-0.005273
D,PROVIDA,2011-01,-0.005184
D,PROVIDA,2011-02,-0.004913
D,PROVIDA,2011-03,-0.005621
D,PROVIDA,2011-04,-0.004504
D,PROVIDA,2011-05,-0.004281
D,PROVIDA,2011-06,-0.002749
D,PROVIDA,2011-07,-0.003633
D,PROVIDA,2011-08,-0.003878
D,PROVIDA,2011-09,-0.004045
D,PROVIDA,2011-10,-0.006238
D,PROVIDA,2011-11,-0.006920
D,PROVIDA,2011-12,-0.005094
D,PROVIDA,2012-01,-0.005861
D,PROVIDA,2012-02,-0.006248
D,PROVIDA,2012-03,-0.005760
D,PROVIDA,2012-04,-0.005412
D,PROVIDA,2012-05,-0.004649
D,PROVIDA,2012-06,-0.004333
D,PROVIDA,2012-07,-0.003527
D,PROVIDA,2012-08,-0.003380
D,PROVIDA,2012-09,-0.003447
D,PROVIDA,2012-10,-0.003156
D,PROVIDA,2012-11,-0.003021
D,PROVIDA,2012-12,-0.002843
D,PROVIDA,2013-01,-0.003047
D,PROVIDA,2013-02,-0.003531
D,PROVIDA,2013-03,-0.003233
D,PROVIDA,2013-04,-0.002359
D,PROVIDA,2013-05,-0.001386
D,PROVIDA,2013-06,-0.001761
D,PROVIDA,2013-07,-0.001710
D,PROVIDA,2013-08,-0.001496
D,PROVIDA,2013-09,-0.001663
D,PROVIDA,2013-10,-0.000973
D,PROVIDA,2013-11,-0.001379
D,PROVIDA,2013-12,-0.001248
D,PROVIDA,2014-01,-0.001225
D,PROVIDA,2014-02,-0.000639
D,PROVIDA,2014-03,-0.000821
D,PROVIDA,2014-04,-0.000851
D,PROVIDA,2014-05,-0.001312
D,PROVIDA,2014-06,-0.001083
D,PROVIDA,2014-07,-0.000635
D,PROVIDA,2014-08,0.000318
D,PROVIDA,2014-09,-0.000474
D,PROVIDA,2014-10,0.002449
D,PROVIDA,2014-11,0.001781
D,PROVIDA,2014-12,0.001364
D,PROVIDA,2015-01,0.001465
D,PROVIDA,2015-02,0.001485
D,PROVIDA,2015-03,0.001831
D,PROVIDA,2015-04,0.001868
D,PROVIDA,2015-05,0.001503
D,PROVIDA,2015-06,0.000029
D,PROVIDA,2015-07,0.000294
D,PROVIDA,2015-08,0.000011
D,PROVIDA,2015-09,-0.000114
D,PROVIDA,2015-10,-0.000266
D,PROVIDA,2015-11,-0.000806
D,PROVIDA,2015-12,-0.001371
D,PROVIDA,2016-01,0.000120
D,PROVIDA,2016-02,0.000242
D,PROVIDA,2016-03,0.001117
D,PROVIDA,2016-04,-0.000542
D,PROVIDA,2016-05,-0.001038
D,PROVIDA,2016-06,-0.001484
D,PROVIDA,2016-07,-0.001679
D,PROVIDA,2016-08,-0.001694
D,PROVIDA,2016-09,-0.001441
D,PROVIDA,2016-10,-0.002365
D,PROVIDA,2016-11,-0.004502
D,PROVIDA,2016-12,-0.005317
D,PROVIDA,2017-01,-0.005945
D,PROVIDA,2017-02,-0.006182
D,PROVIDA,2017-03,-0.006085
D,PROVIDA,2017-04,-0.005813
D,PROVIDA,2017-05,-0.005266
D,PROVIDA,2017-06,-0.005697
D,PROVIDA,2017-07,-0.006103
D,PROVIDA,2017-08,-0.007285
D,PROVIDA,2017-09,-0.007615
D,PROVIDA,2017-10,-0.008323
D,PROVIDA,2017-11,-0.007724
D,PROVIDA,2017-12,-0.008005
D,PROVIDA,2018-01,-0.008095
D,PROVIDA,2018-02,-0.007909
D,PROVIDA,2018-03,-0.007570
D,PROVIDA,2018-04,-0.007865
D,PROVIDA,2018-05,-0.007827
D,PROVIDA,2018-06,-0.006939
D,PROVIDA,2018-07,-0.007659
D,PROVIDA,2018-08,-0.007056
D,PROVIDA,2018-09,-0.007158
D,PROVIDA,2018-10,-0.006822
D,PROVIDA,2018-11,-0.006651
D,PROVIDA,2018-12,-0.005846
D,PROVIDA,2019-01,-0.006278
D,PROVIDA,2019-02,-0.006217
D,PROVIDA,2019-03,-0.006265
D,PROVIDA,2019-04,-0.005338
D,PROVIDA,2019-05,-0.004295
D,PROVIDA,2019-06,-0.002950
D,PROVIDA,2019-07,-0.001660
D,PROVIDA,2019-08,-0.001154
D,PROVIDA,2019-09,-0.001082
D,PROVIDA,2019-10,-0.001526
D,PROVIDA,2019-11,0.000628
D,PROVIDA,2019-12,0.002514
D,PROVIDA,2020-01,0.002176
D,PROVIDA,2020-02,0.001919
D,PROVIDA,2020-03,0.000371
D,PROVIDA,2020-04,0.002120
D,PROVIDA,2020-05,0.003096
D,PROVIDA,2020-06,0.004117
D,PROVIDA,2020-07,0.004308
D,PROVIDA,2020-08,0.004828
D,PROVIDA,2020-09,0.004234
D,PROVIDA,2020-10,0.004223
D,PROVIDA,2020-11,0.004601
D,PROVIDA,2020-12,0.004863
D,PROVIDA,2021-01,0.006041
D,PROVIDA,2021-02,0.005061
D,PROVIDA,2021-03,0.004319
D,PROVIDA,2021-04,0.004351
D,PROVIDA,2021-05,0.004738
D,PROVIDA,2021-06,0.003984
D,PROVIDA,2021-07,0.003655
D,PROVIDA,2021-08,0.003296
D,PROVIDA,2021-09,0.001988
D,PROVIDA,2021-10,0.000095
D,PROVIDA,2021-11,0.000641
D,PROVIDA,2021-12,-0.000258
D,PROVIDA,2022-01,-0.000780
D,PROVIDA,2022-02,-0.001598
D,PROVIDA,2022-03,-0.001774
D,PROVIDA,2022-04,-0.001761
D,PROVIDA,2022-05,-0.002543
D,PROVIDA,2022-06,-0.002142
D,PROVIDA,2022-07,-0.004480
D,PROVIDA,2022-08,-0.005428
D,PROVIDA,2022-09,-0.005665
D,PROVIDA,2022-10,-0.003157
D,PROVIDA,2022-11,-0.001830
D,PROVIDA,2022-12,-0.002724
D,PROVIDA,2023-01,-0.003198
D,PROVIDA,2023-02,-0.003562
D,PROVIDA,2023-03,-0.001815
D,PROVIDA,2023-04,-0.003821
D,PROVIDA,2023-05,-0.004552
D,PROVIDA,2023-06,-0.005285
D,PROVIDA,2023-07,-0.005656
D,PROVIDA,2023-08,-0.006676
D,PROVIDA,2023-09,-0.007475
D,PROVIDA,2023-10,-0.007660
D,PROVIDA,2023-11,-0.005988
D,PROVIDA,2023-12,-0.005514
D,PROVIDA,2024-01,-0.006090
D,PROVIDA,2024-02,-0.006270
D,PROVIDA,2024-03,-0.005910
D,PROVIDA,2024-04,-0.005774
D,PROVIDA,2024-05,-0.005813
D,PROVIDA,2024-06,-0.004929
D,PROVIDA,2024-07,-0.004493
D,PROVIDA,2024-08,-0.004251
D,PROVIDA,2024-09,-0.003183
D,PROVIDA,2024-10,-0.001652
D,PROVIDA,2024-11,-0.002417
D,PROVIDA,2024-12,-0.002866
D,PROVIDA,2025-01,-0.002899
D,PROVIDA,2025-02,-0.002387
D,PROVIDA,2025-03,-0.002970
D,PROVIDA,2025-04,-0.003292
D,PROVIDA,2025-05,-0.003131
D,PROVIDA,2025-06,-0.003891
D,PROVIDA,2025-07,-0.002843
D,PROVIDA,2025-08,-0.002751
D,PROVIDA,2025-09,-0.002573
D,PROVIDA,2025-10,-0.004183
D,PROVIDA,2025-11,-0.004822
D,PROVIDA,2025-12,-0.004907
D,PROVIDA,2026-01,-0.003628
D,PROVIDA,2026-02,-0.003481
D,PROVIDA,2026-03,-0.004308
D,PROVIDA,2026-04,-0.003821
D,PROVIDA,2026-05,-0.003782
D,PROVIDA,2026-06,-0.003831
D,PROVIDA,2026-07,-0.003208
D,PROVIDA,2026-08,-0.002618
D,SANTA MARIA,2005-07,-0.000722
D,SANTA MARIA,2005-08,-0.000977
D,SANTA MARIA,2005-09,-0.000505
D,SANTA MARIA,2005-10,-0.000149
D,SANTA MARIA,2005-11,-0.000385
D,SANTA MARIA,2005-12,-0.000568
D,SANTA MARIA,2006-01,0.000429
D,SANTA MARIA,2006-02,0.000753
D,SANTA MARIA,2006-03,0.000444
D,SANTA MARIA,2006-04,0.000107
D,SANTA MARIA,2006-05,0.000178
D,SANTA MARIA,2006-06,0.000398
D,SANTA MARIA,2006-07,0.000252
D,SANTA MARIA,2006-08,0.000253
D,SANTA MARIA,2006-09,-0.000706
D,SANTA MARIA,2006-10,-0.001731
D,SANTA MARIA,2006-11,-0.001408
D,SANTA MARIA,2006-12,-0.001420
D,SANTA MARIA,2007-01,-0.001513
D,SANTA MARIA,2007-02,-0.001254
D,SANTA MARIA,2007-03,-0.001291
D,SANTA MARIA,2007-04,-0.001066
D,SANTA MARIA,2007-05,-0.000455
D,SANTA MARIA,2007-06,-0.000933
D,SANTA MARIA,2007-07,-0.001046
D,SANTA MARIA,2007-08,-0.000950
D,SANTA MARIA,2007-09,-0.000483
D,SANTA MARIA,2007-10,-0.000475
D,SANTA MARIA,2007-11,-0.000650
D,SANTA MARIA,2007-12,-0.000703
D,SANTA MARIA,2008-01,-0.001413
D,SANTA MARIA,2008-02,-0.001032
D,SANTA MARIA,2008-03,-0.002191
D,UNO,2022-09,0.010725
D,UNO,2022-10,0.001619
D,UNO,2022-11,-0.007804
D,UNO,2022-12,-0.003875
D,UNO,2023-01,-0.002819
D,UNO,2023-02,-0.002754
D,UNO,2023-03,-0.004378
D,UNO,2023-04,-0.003936
D,UNO,2023-05,-0.003423
D,UNO,2023-06,-0.002886
D,UNO,2023-07,-0.003534
D,UNO,2023-08,-0.002389
D,UNO,2023-09,-0.001808
D,UNO,2023-10,-0.001568
D,UNO,2023-11,-0.002385
D,UNO,2023-12,-0.002545
D,UNO,2024-01,-0.002353
D,UNO,2024-02,-0.001583
D,UNO,2024-03,-0.001164
D,UNO,2024-04,0.001067
D,UNO,2024-05,0.000630
D,UNO,2024-06,-0.000732
D,UNO,2024-07,-0.001462
D,UNO,2024-08,-0.001960
D,UNO,2024-09,-0.002933
D,UNO,2024-10,-0.003697
D,UNO,2024-11,-0.002871
D,UNO,2024-12,-0.002657
D,UNO,2025-01,-0.002558
D,UNO,2025-02,-0.002132
D,UNO,2025-03,-0.001571
D,UNO,2025-04,-0.001178
D,UNO,2025-05,0.000030
D,UNO,2025-06,0.001099
D,UNO,2025-07,0.000790
D,UNO,2025-08,0.001000
D,UNO,2025-09,0.001758
D,UNO,2025-10,0.002918
D,UNO,2025-11,0.001989
D,UNO,2025-12,0.002155
D,UNO,2026-01,0.002080
D,UNO,2026-02,0.001525
D,UNO,2026-03,0.001304
D,UNO,2026-04,0.001061
D,UNO,2026-05,0.002037
D,UNO,2026-06,0.002206
D,UNO,2026-07,0.002736
D,UNO,2026-08,0.002862
E,BANSANDER,2008-02,0.008178
E,BANSANDER,2008-03,0.007556
E,CAPITAL,2011-03,0.008458
E,CAPITAL,2011-04,0.008494
E,CAPITAL,2011-05,0.010175
E,CAPITAL,2011-06,0.013369
E,CAPITAL,2011-07,0.012235
E,CAPITAL,2011-08,0.012371
E,CAPITAL,2011-09,0.010196
E,CAPITAL,2011-10,0.007564
E,CAPITAL,2011-11,0.007830
E,CAPITAL,2011-12,0.006180
E,CAPITAL,2012-01,0.005651
E,CAPITAL,2012-02,0.005453
E,CAPITAL,2012-03,0.007535
E,CAPITAL,2012-04,0.007484
E,CAPITAL,2012-05,0.007951
E,CAPITAL,2012-06,0.006663
E,CAPITAL,2012-07,0.005771
E,CAPITAL,2012-08,0.005034
E,CAPITAL,2012-09,0.004017
E,CAPITAL,2012-10,0.003769
E,CAPITAL,2012-11,0.003692
E,CAPITAL,2012-12,0.002521
E,CAPITAL,2013-01,0.003619
E,CAPITAL,2013-02,0.002687
E,CAPITAL,2013-03,0.001544
E,CAPITAL,2013-04,0.000741
E,CAPITAL,2013-05,-0.000242
E,CAPITAL,2013-06,-0.000440
E,CAPITAL,2013-07,-0.000547
E,CAPITAL,2013-08,-0.000561
E,CAPITAL,2013-09,-0.000846
E,CAPITAL,2013-10,-0.002167
E,CAPITAL,2013-11,-0.001871
E,CAPITAL,2013-12,-0.000902
E,CAPITAL,2014-01,-0.001589
E,CAPITAL,2014-02,-0.002430
E,CAPITAL,2014-03,-0.001970
E,CAPITAL,2014-04,-0.001567
E,CAPITAL,2014-05,-0.001389
E,CAPITAL,2014-06,-0.003684
E,CAPITAL,2014-07,-0.002456
E,CAPITAL,2014-08,-0.001429
E,CAPITAL,2014-09,-0.000807
E,CAPITAL,2014-10,-0.000429
E,CAPITAL,2014-11,-0.000507
E,CAPITAL,2014-12,-0.000927
E,CAPITAL,2015-01,-0.000506
E,CAPITAL,2015-02,-0.001019
E,CAPITAL,2015-03,-0.001717
E,CAPITAL,2015-04,-0.001787
E,CAPITAL,2015-05,-0.001721
E,CAPITAL,2015-06,-0.001276
E,CAPITAL,2015-07,-0.000598
E,CAPITAL,2015-08,-0.000104
E,CAPITAL,2015-09,0.000049
E,CAPITAL,2015-10,-0.000286
E,CAPITAL,2015-11,0.000077
E,CAPITAL,2015-12,0.000284
E,CAPITAL,2016-01,-0.000183
E,CAPITAL,2016-02,0.000154
E,CAPITAL,2016-03,-0.000344
E,CAPITAL,2016-04,0.000298
E,CAPITAL,2016-05,0.000020
E,CAPITAL,2016-06,0.000530
E,CAPITAL,2016-07,0.000974
E,CAPITAL,2016-08,0.001244
E,CAPITAL,2016-09,0.001468
E,CAPITAL,2016-10,0.001504
E,CAPITAL,2016-11,0.001860
E,CAPITAL,2016-12,0.002172
E,CAPITAL,2017-01,0.002609
E,CAPITAL,2017-02,0.003229
E,CAPITAL,2017-03,0.003695
E,CAPITAL,2017-04,0.003352
E,CAPITAL,2017-05,0.003070
E,CAPITAL,2017-06,0.003411
E,CAPITAL,2017-07,0.002653
E,CAPITAL,2017-08,0.002207
E,CAPITAL,2017-09,0.002893
E,CAPITAL,2017-10,0.003167
E,CAPITAL,2017-11,0.003380
E,CAPITAL,2017-12,0.003166
E,CAPITAL,2018-01,0.003627
E,CAPITAL,2018-02,0.004131
E,CAPITAL,2018-03,0.003973
E,CAPITAL,2018-04,0.004260
E,CAPITAL,2018-05,0.004358
E,CAPITAL,2018-06,0.004224
E,CAPITAL,2018-07,0.004135
E,CAPITAL,2018-08,0.003884
E,CAPITAL,2018-09,0.003606
E,CAPITAL,2018-10,0.003645
E,CAPITAL,2018-11,0.003734
E,CAPITAL,2018-12,0.003748
E,CAPITAL,2019-01,0.003961
E,CAPITAL,2019-02,0.004177
E,CAPITAL,2019-03,0.004901
E,CAPITAL,2019-04,0.004770
E,CAPITAL,2019-05,0.005242
E,CAPITAL,2019-06,0.005251
E,CAPITAL,2019-07,0.005713
E,CAPITAL,2019-08,0.005849
E,CAPITAL,2019-09,0.005479
E,CAPITAL,2019-10,0.005082
E,CAPITAL,2019-11,0.004286
E,CAPITAL,2019-12,0.004510
E,CAPITAL,2020-01,0.004234
E,CAPITAL,2020-02,0.004000
E,CAPITAL,2020-03,0.002072
E,CAPITAL,2020-04,0.002580
E,CAPITAL,2020-05,0.002293
E,CAPITAL,2020-06,0.001978
E,CAPITAL,2020-07,0.002486
E,CAPITAL,2020-08,0.002250
E,CAPITAL,2020-09,0.003214
E,CAPITAL,2020-10,0.003056
E,CAPITAL,2020-11,0.003305
E,CAPITAL,2020-12,0.003225
E,CAPITAL,2021-01,0.003072
E,CAPITAL,2021-02,0.003271
E,CAPITAL,2021-03,0.003414
E,CAPITAL,2021-04,0.003543
E,CAPITAL,2021-05,0.003957
E,CAPITAL,2021-06,0.004387
E,CAPITAL,2021-07,0.004171
E,CAPITAL,2021-08,0.004749
E,CAPITAL,2021-09,0.005288
E,CAPITAL,2021-10,0.006477
E,CAPITAL,2021-11,0.005797
E,CAPITAL,2021-12,0.005559
E,CAPITAL,2022-01,0.005127
E,CAPITAL,2022-02,0.005617
E,CAPITAL,2022-03,0.005717
E,CAPITAL,2022-04,0.005302
E,CAPITAL,2022-05,0.005061
E,CAPITAL,2022-06,0.004150
E,CAPITAL,2022-07,0.002929
E,CAPITAL,2022-08,0.003092
E,CAPITAL,2022-09,0.003112
E,CAPITAL,2022-10,0.003596
E,CAPITAL,2022-11,0.004862
E,CAPITAL,2022-12,0.004081
E,CAPITAL,2023-01,0.004551
E,CAPITAL,2023-02,0.004071
E,CAPITAL,2023-03,0.005449
E,CAPITAL,2023-04,0.004414
E,CAPITAL,2023-05,0.004897
E,CAPITAL,2023-06,0.005556
E,CAPITAL,2023-07,0.005362
E,CAPITAL,2023-08,0.005096
E,CAPITAL,2023-09,0.004589
E,CAPITAL,2023-10,0.005105
E,CAPITAL,2023-11,0.005349
E,CAPITAL,2023-12,0.006267
E,CAPITAL,2024-01,0.005446
E,CAPITAL,2024-02,0.004291
E,CAPITAL,2024-03,0.003787
E,CAPITAL,2024-04,0.004064
E,CAPITAL,2024-05,0.003872
E,CAPITAL,2024-06,0.003330
E,CAPITAL,2024-07,0.003410
E,CAPITAL,2024-08,0.003230
E,CAPITAL,2024-09,0.002620
E,CAPITAL,2024-10,0.001275
E,CAPITAL,2024-11,0.001946
E,CAPITAL,2024-12,0.001906
E,CAPITAL,2025-01,0.001767
E,CAPITAL,2025-02,0.001317
E,CAPITAL,2025-03,0.001454
E,CAPITAL,2025-04,0.001749
E,CAPITAL,2025-05,0.002145
E,CAPITAL,2025-06,0.002478
E,CAPITAL,2025-07,0.002742
E,CAPITAL,2025-08,0.001821
E,CAPITAL,2025-09,0.002131
E,CAPITAL,2025-10,0.001765
E,CAPITAL,2025-11,0.001017
E,CAPITAL,2025-12,0.002167
E,CAPITAL,2026-01,0.002175
E,CAPITAL,2026-02,0.002358
E,CAPITAL,2026-03,0.002538
E,CAPITAL,2026-04,0.002990
E,CAPITAL,2026-05,0.002716
E,CAPITAL,2026-06,0.001180
E,CAPITAL,2026-07,0.001767
E,CAPITAL,2026-08,0.001848
E,CUPRUM,2005-07,0.005036
E,CUPRUM,2005-08,0.008433
E,CUPRUM,2005-09,0.007090
E,CUPRUM,2005-10,0.002982
E,CUPRUM,2005-11,0.001681
E,CUPRUM,2005-12,0.000741
E,CUPRUM,2006-01,0.001105
E,CUPRUM,2006-02,0.001671
E,CUPRUM,2006-03,0.001920
E,CUPRUM,2006-04,0.000681
E,CUPRUM,2006-05,0.000328
E,CUPRUM,2006-06,0.001048
E,CUPRUM,2006-07,0.000647
E,CUPRUM,2006-08,-0.000306
E,CUPRUM,2006-09,0.001358
E,CUPRUM,2006-10,0.000278
E,CUPRUM,2006-11,0.000038
E,CUPRUM,2006-12,0.001164
E,CUPRUM,2007-01,0.000177
E,CUPRUM,2007-02,0.000772
E,CUPRUM,2007-03,0.000905
E,CUPRUM,2007-04,0.001256
E,CUPRUM,2007-05,0.000026
E,CUPRUM,2007-06,-0.000930
E,CUPRUM,2007-07,-0.000671
E,CUPRUM,2007-08,-0.000094
E,CUPRUM,2007-09,0.000057
E,CUPRUM,2007-10,-0.000706
E,CUPRUM,2007-11,-0.000779
E,CUPRUM,2007-12,-0.000526
E,CUPRUM,2008-01,0.000185
E,CUPRUM,2008-02,0.000735
E,CUPRUM,2008-03,0.000171
E,CUPRUM,2008-04,0.000993
E,CUPRUM,2008-05,0.002203
E,CUPRUM,2008-06,0.002320
E,CUPRUM,2008-07,0.001477
E,CUPRUM,2008-08,0.000721
E,CUPRUM,2008-09,-0.000126
E,CUPRUM,2008-10,-0.002573
E,CUPRUM,2008-11,-0.001506
E,CUPRUM,2008-12,-0.003144
E,CUPRUM,2009-01,-0.002932
E,CUPRUM,2009-02,-0.002000
E,CUPRUM,2009-03,-0.001691
E,CUPRUM,2009-04,-0.001446
E,CUPRUM,2009-05,-0.003251
E,CUPRUM,2009-06,-0.002092
E,CUPRUM,2009-07,-0.002002
E,CUPRUM,2009-08,-0.001117
E,CUPRUM,2009-09,-0.002206
E,CUPRUM,2009-10,-0.000868
E,CUPRUM,2009-11,-0.000944
E,CUPRUM,2009-12,-0.000186
E,CUPRUM,2010-01,-0.001194
E,CUPRUM,2010-02,-0.001729
E,CUPRUM,2010-03,-0.001392
E,CUPRUM,2010-04,-0.000572
E,CUPRUM,2010-05,-0.000437
E,CUPRUM,2010-06,-0.000062
E,CUPRUM,2010-07,0.000544
E,CUPRUM,2010-08,-0.000624
E,CUPRUM,2010-09,-0.001189
E,CUPRUM,2010-10,-0.000679
E,CUPRUM,2010-11,0.000636
E,CUPRUM,2010-12,0.001211
E,CUPRUM,2011-01,0.001183
E,CUPRUM,2011-02,0.001322
E,CUPRUM,2011-03,0.000852
E,CUPRUM,2011-04,0.000244
E,CUPRUM,2011-05,0.000119
E,CUPRUM,2011-06,-0.001687
E,CUPRUM,2011-07,-0.000857
E,CUPRUM,2011-08,-0.001033
E,CUPRUM,2011-09,0.001059
E,CUPRUM,2011-10,0.005137
E,CUPRUM,2011-11,0.004417
E,CUPRUM,2011-12,0.004941
E,CUPRUM,2012-01,0.005089
E,CUPRUM,2012-02,0.002881
E,CUPRUM,2012-03,0.001990
E,CUPRUM,2012-04,0.002133
E,CUPRUM,2012-05,0.002662
E,CUPRUM,2012-06,0.000895
E,CUPRUM,2012-07,0.000593
E,CUPRUM,2012-08,0.000071
E,CUPRUM,2012-09,0.000392
E,CUPRUM,2012-10,-0.000677
E,CUPRUM,2012-11,-0.000646
E,CUPRUM,2012-12,-0.001705
E,CUPRUM,2013-01,-0.000714
E,CUPRUM,2013-02,-0.000571
E,CUPRUM,2013-03,-0.000417
E,CUPRUM,2013-04,-0.000732
E,CUPRUM,2013-05,-0.001023
E,CUPRUM,2013-06,-0.000952
E,CUPRUM,2013-07,-0.001411
E,CUPRUM,2013-08,-0.000857
E,CUPRUM,2013-09,-0.000269
E,CUPRUM,2013-10,-0.000630
E,CUPRUM,2013-11,-0.001282
E,CUPRUM,2013-12,-0.001917
E,CUPRUM,2014-01,-0.000889
E,CUPRUM,2014-02,-0.000890
E,CUPRUM,2014-03,-0.000795
E,CUPRUM,2014-04,-0.000317
E,CUPRUM,2014-05,-0.000238
E,CUPRUM,2014-06,0.002474
E,CUPRUM,2014-07,0.001981
E,CUPRUM,2014-08,0.003076
E,CUPRUM,2014-09,0.000213
E,CUPRUM,2014-10,0.000272
E,CUPRUM,2014-11,0.000755
E,CUPRUM,2014-12,0.000845
E,CUPRUM,2015-01,0.000768
E,CUPRUM,2015-02,0.001526
E,CUPRUM,2015-03,0.001935
E,CUPRUM,2015-04,0.001600
E,CUPRUM,2015-05,0.001505
E,CUPRUM,2015-06,0.001705
E,CUPRUM,2015-07,0.002387
E,CUPRUM,2015-08,0.002714
E,CUPRUM,2015-09,0.002913
E,CUPRUM,2015-10,0.002509
E,CUPRUM,2015-11,0.002646
E,CUPRUM,2015-12,0.002751
E,CUPRUM,2016-01,0.002524
E,CUPRUM,2016-02,0.002925
E,CUPRUM,2016-03,0.001995
E,CUPRUM,2016-04,0.001745
E,CUPRUM,2016-05,0.002005
E,CUPRUM,2016-06,0.002157
E,CUPRUM,2016-07,0.002098
E,CUPRUM,2016-08,0.002502
E,CUPRUM,2016-09,0.002447
E,CUPRUM,2016-10,0.002027
E,CUPRUM,2016-11,0.001958
E,CUPRUM,2016-12,0.002610
E,CUPRUM,2017-01,0.001735
E,CUPRUM,2017-02,0.002155
E,CUPRUM,2017-03,0.002392
E,CUPRUM,2017-04,0.002243
E,CUPRUM,2017-05,0.001557
E,CUPRUM,2017-06,0.000617
E,CUPRUM,2017-07,0.000272
E,CUPRUM,2017-08,-0.000432
E,CUPRUM,2017-09,0.000661
E,CUPRUM,2017-10,-0.000183
E,CUPRUM,2017-11,-0.000784
E,CUPRUM,2017-12,-0.001234
E,CUPRUM,2018-01,-0.001766
E,CUPRUM,2018-02,-0.001603
E,CUPRUM,2018-03,-0.001691
E,CUPRUM,2018-04,-0.001678
E,CUPRUM,2018-05,-0.000966
E,CUPRUM,2018-06,-0.001098
E,CUPRUM,2018-07,-0.001662
E,CUPRUM,2018-08,-0.002245
E,CUPRUM,2018-09,-0.002189
E,CUPRUM,2018-10,-0.002119
E,CUPRUM,2018-11,-0.002072
E,CUPRUM,2018-12,-0.001597
E,CUPRUM,2019-01,-0.001785
E,CUPRUM,2019-02,-0.002109
E,CUPRUM,2019-03,-0.001764
E,CUPRUM,2019-04,-0.001885
E,CUPRUM,2019-05,-0.002131
E,CUPRUM,2019-06,-0.002089
E,CUPRUM,2019-07,-0.001695
E,CUPRUM,2019-08,-0.001205
E,CUPRUM,2019-09,-0.001847
E,CUPRUM,2019-10,-0.001510
E,CUPRUM,2019-11,-0.002369
E,CUPRUM,2019-12,-0.002376
E,CUPRUM,2020-01,-0.001674
E,CUPRUM,2020-02,-0.001655
E,CUPRUM,2020-03,0.000282
E,CUPRUM,2020-04,-0.000076
E,CUPRUM,2020-05,-0.001732
E,CUPRUM,2020-06,-0.001855
E,CUPRUM,2020-07,-0.001767
E,CUPRUM,2020-08,-0.001293
E,CUPRUM,2020-09,-0.001962
E,CUPRUM,2020-10,-0.001540
E,CUPRUM,2020-11,-0.001029
E,CUPRUM,2020-12,-0.000377
E,CUPRUM,2021-01,0.000133
E,CUPRUM,2021-02,0.000519
E,CUPRUM,2021-03,0.000807
E,CUPRUM,2021-04,0.000764
E,CUPRUM,2021-05,0.001610
E,CUPRUM,2021-06,0.001496
E,CUPRUM,2021-07,0.001819
E,CUPRUM,2021-08,0.002271
E,CUPRUM,2021-09,0.002366
E,CUPRUM,2021-10,0.004133
E,CUPRUM,2021-11,0.003510
E,CUPRUM,2021-12,0.003221
E,CUPRUM,2022-01,0.003701
E,CUPRUM,2022-02,0.003431
E,CUPRUM,2022-03,0.003226
E,CUPRUM,2022-04,0.002878
E,CUPRUM,2022-05,0.003101
E,CUPRUM,2022-06,0.003461
E,CUPRUM,2022-07,0.003263
E,CUPRUM,2022-08,0.001703
E,CUPRUM,2022-09,0.002903
E,CUPRUM,2022-10,0.003124
E,CUPRUM,2022-11,0.001551
E,CUPRUM,2022-12,0.000788
E,CUPRUM,2023-01,0.000495
E,CUPRUM,2023-02,0.000797
E,CUPRUM,2023-03,-0.000904
E,CUPRUM,2023-04,-0.000903
E,CUPRUM,2023-05,0.000355
E,CUPRUM,2023-06,0.001126
E,CUPRUM,2023-07,0.000879
E,CUPRUM,2023-08,0.001050
E,CUPRUM,2023-09,0.001891
E,CUPRUM,2023-10,0.002192
E,CUPRUM,2023-11,0.001975
E,CUPRUM,2023-12,0.002433
E,CUPRUM,2024-01,0.002486
E,CUPRUM,2024-02,0.001679
E,CUPRUM,2024-03,0.000890
E,CUPRUM,2024-04,0.000875
E,CUPRUM,2024-05,0.000567
E,CUPRUM,2024-06,0.000666
E,CUPRUM,2024-07,0.000300
E,CUPRUM,2024-08,0.000613
E,CUPRUM,2024-09,0.000054
E,CUPRUM,2024-10,-0.001556
E,CUPRUM,2024-11,-0.001066
E,CUPRUM,2024-12,-0.001013
E,CUPRUM,2025-01,-0.001336
E,CUPRUM,2025-02,-0.000500
E,CUPRUM,2025-03,0.000105
E,CUPRUM,2025-04,0.000433
E,CUPRUM,2025-05,0.000584
E,CUPRUM,2025-06,0.000300
E,CUPRUM,2025-07,0.000015
E,CUPRUM,2025-08,0.000970
E,CUPRUM,2025-09,-0.000134
E,CUPRUM,2025-10,-0.000082
E,CUPRUM,2025-11,0.002455
E,CUPRUM,2025-12,0.003059
E,CUPRUM,2026-01,0.003122
E,CUPRUM,2026-02,0.002376
E,CUPRUM,2026-03,0.001642
E,CUPRUM,2026-04,0.002081
E,CUPRUM,2026-05,0.002991
E,CUPRUM,2026-06,0.002306
E,CUPRUM,2026-07,0.003513
E,CUPRUM,2026-08,0.003033
E,HABITAT,2005-07,0.003111
E,HABITAT,2005-08,0.001543
E,HABITAT,2005-09,0.000706
E,HABITAT,2005-10,0.000952
E,HABITAT,2005-11,0.002951
E,HABITAT,2005-12,0.003011
E,HABITAT,2006-01,0.003563
E,HABITAT,2006-02,0.003527
E,HABITAT,2006-03,0.003080
E,HABITAT,2006-04,0.002981
E,HABITAT,2006-05,0.003243
E,HABITAT,2006-06,0.003326
E,HABITAT,2006-07,0.002989
E,HABITAT,2006-08,0.003090
E,HABITAT,2006-09,0.004845
E,HABITAT,2006-10,0.003198
E,HABITAT,2006-11,0.003783
E,HABITAT,2006-12,0.005207
E,HABITAT,2007-01,0.005323
E,HABITAT,2007-02,0.004597
E,HABITAT,2007-03,0.005544
E,HABITAT,2007-04,0.006795
E,HABITAT,2007-05,0.007169
E,HABITAT,2007-06,0.006331
E,HABITAT,2007-07,0.006994
E,HABITAT,2007-08,0.005596
E,HABITAT,2007-09,0.004542
E,HABITAT,2007-10,0.005242
E,HABITAT,2007-11,0.005860
E,HABITAT,2007-12,0.006573
E,HABITAT,2008-01,0.006242
E,HABITAT,2008-02,0.006405
E,HABITAT,2008-03,0.008092
E,HABITAT,2008-04,0.007605
E,HABITAT,2008-05,0.007046
E,HABITAT,2008-06,0.010234
E,HABITAT,2008-07,0.010258
E,HABITAT,2008-08,0.010865
E,HABITAT,2008-09,0.010444
E,HABITAT,2008-10,0.010207
E,HABITAT,2008-11,0.008841
E,HABITAT,2008-12,0.008933
E,HABITAT,2009-01,0.008234
E,HABITAT,2009-02,0.006966
E,HABITAT,2009-03,0.009451
E,HABITAT,2009-04,0.009290
E,HABITAT,2009-05,0.011074
E,HABITAT,2009-06,0.010352
E,HABITAT,2009-07,0.009994
E,HABITAT,2009-08,0.009521
E,HABITAT,2009-09,0.009324
E,HABITAT,2009-10,0.009731
E,HABITAT,2009-11,0.009457
E,HABITAT,2009-12,0.007573
E,HABITAT,2010-01,0.008324
E,HABITAT,2010-02,0.008476
E,HABITAT,2010-03,0.007372
E,HABITAT,2010-04,0.005943
E,HABITAT,2010-05,0.005657
E,HABITAT,2010-06,0.005157
E,HABITAT,2010-07,0.005767
E,HABITAT,2010-08,0.007582
E,HABITAT,2010-09,0.007925
E,HABITAT,2010-10,0.006419
E,HABITAT,2010-11,0.005910
E,HABITAT,2010-12,0.006194
E,HABITAT,2011-01,0.004041
E,HABITAT,2011-02,0.004538
E,HABITAT,2011-03,0.003995
E,HABITAT,2011-04,0.003945
E,HABITAT,2011-05,0.003742
E,HABITAT,2011-06,0.002672
E,HABITAT,2011-07,0.002680
E,HABITAT,2011-08,0.004232
E,HABITAT,2011-09,0.003958
E,HABITAT,2011-10,0.004930
E,HABITAT,2011-11,0.006539
E,HABITAT,2011-12,0.005938
E,HABITAT,2012-01,0.006095
E,HABITAT,2012-02,0.007235
E,HABITAT,2012-03,0.005767
E,HABITAT,2012-04,0.005917
E,HABITAT,2012-05,0.004758
E,HABITAT,2012-06,0.005300
E,HABITAT,2012-07,0.005148
E,HABITAT,2012-08,0.005693
E,HABITAT,2012-09,0.005049
E,HABITAT,2012-10,0.004996
E,HABITAT,2012-11,0.004635
E,HABITAT,2012-12,0.005862
E,HABITAT,2013-01,0.004155
E,HABITAT,2013-02,0.004725
E,HABITAT,2013-03,0.005162
E,HABITAT,2013-04,0.005682
E,HABITAT,2013-05,0.005164
E,HABITAT,2013-06,0.006350
E,HABITAT,2013-07,0.006099
E,HABITAT,2013-08,0.003850
E,HABITAT,2013-09,0.004300
E,HABITAT,2013-10,0.005195
E,HABITAT,2013-11,0.004900
E,HABITAT,2013-12,0.003506
E,HABITAT,2014-01,0.006712
E,HABITAT,2014-02,0.005211
E,HABITAT,2014-03,0.004509
E,HABITAT,2014-04,0.004487
E,HABITAT,2014-05,0.004593
E,HABITAT,2014-06,0.003903
E,HABITAT,2014-07,0.003739
E,HABITAT,2014-08,0.001843
E,HABITAT,2014-09,0.001110
E,HABITAT,2014-10,0.001383
E,HABITAT,2014-11,0.002269
E,HABITAT,2014-12,0.003374
E,HABITAT,2015-01,0.003379
E,HABITAT,2015-02,0.003553
E,HABITAT,2015-03,0.001901
E,HABITAT,2015-04,0.001903
E,HABITAT,2015-05,0.000752
E,HABITAT,2015-06,0.000811
E,HABITAT,2015-07,0.002024
E,HABITAT,2015-08,0.001891
E,HABITAT,2015-09,0.001589
E,HABITAT,2015-10,0.002421
E,HABITAT,2015-11,0.002512
E,HABITAT,2015-12,0.002449
E,HABITAT,2016-01,0.002221
E,HABITAT,2016-02,0.001778
E,HABITAT,2016-03,0.001616
E,HABITAT,2016-04,0.002173
E,HABITAT,2016-05,0.002756
E,HABITAT,2016-06,0.003087
E,HABITAT,2016-07,0.003700
E,HABITAT,2016-08,0.004085
E,HABITAT,2016-09,0.003600
E,HABITAT,2016-10,0.003705
E,HABITAT,2016-11,0.004154
E,HABITAT,2016-12,0.004952
E,HABITAT,2017-01,0.004745
E,HABITAT,2017-02,0.005679
E,HABITAT,2017-03,0.005464
E,HABITAT,2017-04,0.005752
E,HABITAT,2017-05,0.005965
E,HABITAT,2017-06,0.005088
E,HABITAT,2017-07,0.005123
E,HABITAT,2017-08,0.004795
E,HABITAT,2017-09,0.006492
E,HABITAT,2017-10,0.005682
E,HABITAT,2017-11,0.005272
E,HABITAT,2017-12,0.005059
E,HABITAT,2018-01,0.004923
E,HABITAT,2018-02,0.004738
E,HABITAT,2018-03,0.005833
E,HABITAT,2018-04,0.005718
E,HABITAT,2018-05,0.006837
E,HABITAT,2018-06,0.006816
E,HABITAT,2018-07,0.005860
E,HABITAT,2018-08,0.005479
E,HABITAT,2018-09,0.006029
E,HABITAT,2018-10,0.005426
E,HABITAT,2018-11,0.005730
E,HABITAT,2018-12,0.005560
E,HABITAT,2019-01,0.006250
E,HABITAT,2019-02,0.006464
E,HABITAT,2019-03,0.006473
E,HABITAT,2019-04,0.005978
E,HABITAT,2019-05,0.006032
E,HABITAT,2019-06,0.005548
E,HABITAT,2019-07,0.005086
E,HABITAT,2019-08,0.005237
E,HABITAT,2019-09,0.005690
E,HABITAT,2019-10,0.005623
E,HABITAT,2019-11,0.006337
E,HABITAT,2019-12,0.003998
E,HABITAT,2020-01,0.004125
E,HABITAT,2020-02,0.004902
E,HABITAT,2020-03,0.006819
E,HABITAT,2020-04,0.005059
E,HABITAT,2020-05,0.003426
E,HABITAT,2020-06,0.004285
E,HABITAT,2020-07,0.003963
E,HABITAT,2020-08,0.004127
E,HABITAT,2020-09,0.004494
E,HABITAT,2020-10,0.004312
E,HABITAT,2020-11,0.003794
E,HABITAT,2020-12,0.002377
E,HABITAT,2021-01,0.001834
E,HABITAT,2021-02,0.002364
E,HABITAT,2021-03,0.002679
E,HABITAT,2021-04,0.002511
E,HABITAT,2021-05,0.002628
E,HABITAT,2021-06,0.003135
E,HABITAT,2021-07,0.003558
E,HABITAT,2021-08,0.003591
E,HABITAT,2021-09,0.003239
E,HABITAT,2021-10,0.004115
E,HABITAT,2021-11,0.004804
E,HABITAT,2021-12,0.004587
E,HABITAT,2022-01,0.004564
E,HABITAT,2022-02,0.004280
E,HABITAT,2022-03,0.003631
E,HABITAT,2022-04,0.003435
E,HABITAT,2022-05,0.003457
E,HABITAT,2022-06,0.002892
E,HABITAT,2022-07,0.003961
E,HABITAT,2022-08,0.003747
E,HABITAT,2022-09,0.003946
E,HABITAT,2022-10,0.003965
E,HABITAT,2022-11,0.002508
E,HABITAT,2022-12,0.004243
E,HABITAT,2023-01,0.004840
E,HABITAT,2023-02,0.002925
E,HABITAT,2023-03,0.000603
E,HABITAT,2023-04,0.001805
E,HABITAT,2023-05,0.002882
E,HABITAT,2023-06,0.002160
E,HABITAT,2023-07,0.002394
E,HABITAT,2023-08,0.002249
E,HABITAT,2023-09,0.001101
E,HABITAT,2023-10,0.000721
E,HABITAT,2023-11,0.001889
E,HABITAT,2023-12,0.003439
E,HABITAT,2024-01,0.003590
E,HABITAT,2024-02,0.003136
E,HABITAT,2024-03,0.002925
E,HABITAT,2024-04,0.002103
E,HABITAT,2024-05,0.001995
E,HABITAT,2024-06,0.001634
E,HABITAT,2024-07,0.001383
E,HABITAT,2024-08,0.001452
E,HABITAT,2024-09,0.001484
E,HABITAT,2024-10,0.000455
E,HABITAT,2024-11,-0.000113
E,HABITAT,2024-12,0.000170
E,HABITAT,2025-01,0.000527
E,HABITAT,2025-02,0.000825
E,HABITAT,2025-03,0.001570
E,HABITAT,2025-04,0.002788
E,HABITAT,2025-05,0.002295
E,HABITAT,2025-06,0.002176
E,HABITAT,2025-07,0.000680
E,HABITAT,2025-08,0.001250
E,HABITAT,2025-09,0.000139
E,HABITAT,2025-10,-0.000182
E,HABITAT,2025-11,0.000322
E,HABITAT,2025-12,0.000384
E,HABITAT,2026-01,-0.000523
E,HABITAT,2026-02,0.000758
E,HABITAT,2026-03,0.000097
E,HABITAT,2026-04,0.000877
E,HABITAT,2026-05,0.002123
E,HABITAT,2026-06,0.002275
E,HABITAT,2026-07,0.002230
E,HABITAT,2026-08,0.002623
E,MODELO,2013-08,0.013534
E,MODELO,2013-09,0.006781
E,MODELO,2013-10,0.001331
E,MODELO,2013-11,-0.001034
E,MODELO,2013-12,-0.000552
E,MODELO,2014-01,-0.006885
E,MODELO,2014-02,-0.003565
E,MODELO,2014-03,-0.000867
E,MODELO,2014-04,-0.001103
E,MODELO,2014-05,-0.000665
E,MODELO,2014-06,-0.005513
E,MODELO,2014-07,-0.005111
E,MODELO,2014-08,-0.003142
E,MODELO,2014-09,-0.001894
E,MODELO,2014-10,-0.006996
E,MODELO,2014-11,-0.006660
E,MODELO,2014-12,-0.006364
E,MODELO,2015-01,-0.007688
E,MODELO,2015-02,-0.008104
E,MODELO,2015-03,-0.008078
E,MODELO,2015-04,-0.007690
E,MODELO,2015-05,-0.004686
E,MODELO,2015-06,-0.003237
E,MODELO,2015-07,-0.004756
E,MODELO,2015-08,-0.005466
E,MODELO,2015-09,-0.004626
E,MODELO,2015-10,-0.005569
E,MODELO,2015-11,-0.005134
E,MODELO,2015-12,-0.004198
E,MODELO,2016-01,-0.005804
E,MODELO,2016-02,-0.006637
E,MODELO,2016-03,-0.006900
E,MODELO,2016-04,-0.004509
E,MODELO,2016-05,-0.002955
E,MODELO,2016-06,-0.002709
E,MODELO,2016-07,-0.003001
E,MODELO,2016-08,-0.003810
E,MODELO,2016-09,-0.003952
E,MODELO,2016-10,-0.002751
E,MODELO,2016-11,0.000370
E,MODELO,2016-12,-0.000599
E,MODELO,2017-01,0.000220
E,MODELO,2017-02,-0.001204
E,MODELO,2017-03,-0.000842
E,MODELO,2017-04,-0.001590
E,MODELO,2017-05,-0.001888
E,MODELO,2017-06,0.000506
E,MODELO,2017-07,0.002253
E,MODELO,2017-08,0.006216
E,MODELO,2017-09,0.003172
E,MODELO,2017-10,0.005199
E,MODELO,2017-11,0.005361
E,MODELO,2017-12,0.006055
E,MODELO,2018-01,0.006891
E,MODELO,2018-02,0.005757
E,MODELO,2018-03,0.004494
E,MODELO,2018-04,0.004638
E,MODELO,2018-05,0.002765
E,MODELO,2018-06,0.001239
E,MODELO,2018-07,0.002718
E,MODELO,2018-08,0.003081
E,MODELO,2018-09,0.002307
E,MODELO,2018-10,0.003012
E,MODELO,2018-11,0.002277
E,MODELO,2018-12,0.000555
E,MODELO,2019-01,0.000531
E,MODELO,2019-02,0.000708
E,MODELO,2019-03,-0.000258
E,MODELO,2019-04,-0.000983
E,MODELO,2019-05,-0.003617
E,MODELO,2019-06,-0.006076
E,MODELO,2019-07,-0.008569
E,MODELO,2019-08,-0.010355
E,MODELO,2019-09,-0.009803
E,MODELO,2019-10,-0.008475
E,MODELO,2019-11,-0.008722
E,MODELO,2019-12,-0.008063
E,MODELO,2020-01,-0.007541
E,MODELO,2020-02,-0.006603
E,MODELO,2020-03,-0.004562
E,MODELO,2020-04,-0.003608
E,MODELO,2020-05,-0.003495
E,MODELO,2020-06,-0.005469
E,MODELO,2020-07,-0.006640
E,MODELO,2020-08,-0.007458
E,MODELO,2020-09,-0.007307
E,MODELO,2020-10,-0.006982
E,MODELO,2020-11,-0.007327
E,MODELO,2020-12,-0.007320
E,MODELO,2021-01,-0.007441
E,MODELO,2021-02,-0.006878
E,MODELO,2021-03,-0.006654
E,MODELO,2021-04,-0.006970
E,MODELO,2021-05,-0.006904
E,MODELO,2021-06,-0.006491
E,MODELO,2021-07,-0.005695
E,MODELO,2021-08,-0.005678
E,MODELO,2021-09,-0.004919
E,MODELO,2021-10,-0.003748
E,MODELO,2021-11,-0.004923
E,MODELO,2021-12,-0.003530
E,MODELO,2022-01,-0.003268
E,MODELO,2022-02,-0.003490
E,MODELO,2022-03,-0.001908
E,MODELO,2022-04,-0.001215
E,MODELO,2022-05,-0.000766
E,MODELO,2022-06,0.000567
E,MODELO,2022-07,0.003913
E,MODELO,2022-08,0.006096
E,MODELO,2022-09,0.005128
E,MODELO,2022-10,0.001807
E,MODELO,2022-11,-0.002259
E,MODELO,2022-12,-0.002567
E,MODELO,2023-01,-0.002584
E,MODELO,2023-02,-0.001958
E,MODELO,2023-03,-0.004502
E,MODELO,2023-04,-0.003291
E,MODELO,2023-05,-0.003591
E,MODELO,2023-06,-0.003120
E,MODELO,2023-07,-0.002997
E,MODELO,2023-08,-0.001818
E,MODELO,2023-09,-0.000692
E,MODELO,2023-10,-0.000954
E,MODELO,2023-11,-0.002179
E,MODELO,2023-12,-0.003435
E,MODELO,2024-01,-0.003570
E,MODELO,2024-02,-0.003091
E,MODELO,2024-03,-0.002952
E,MODELO,2024-04,-0.002878
E,MODELO,2024-05,-0.003361
E,MODELO,2024-06,-0.003284
E,MODELO,2024-07,-0.003773
E,MODELO,2024-08,-0.003409
E,MODELO,2024-09,-0.003923
E,MODELO,2024-10,-0.005036
E,MODELO,2024-11,-0.003231
E,MODELO,2024-12,-0.003419
E,MODELO,2025-01,-0.002976
E,MODELO,2025-02,-0.002904
E,MODELO,2025-03,-0.003679
E,MODELO,2025-04,-0.005761
E,MODELO,2025-05,-0.005163
E,MODELO,2025-06,-0.004202
E,MODELO,2025-07,-0.004597
E,MODELO,2025-08,-0.003904
E,MODELO,2025-09,-0.002862
E,MODELO,2025-10,-0.001309
E,MODELO,2025-11,-0.000767
E,MODELO,2025-12,-0.001456
E,MODELO,2026-01,-0.002480
E,MODELO,2026-02,-0.002536
E,MODELO,2026-03,-0.001507
E,MODELO,2026-04,-0.003029
E,MODELO,2026-05,-0.004771
E,MODELO,2026-06,-0.004099
E,MODELO,2026-07,-0.005628
E,MODELO,2026-08,-0.006282
E,PLANVITAL,2005-07,-0.007828
E,PLANVITAL,2005-08,-0.006353
E,PLANVITAL,2005-09,-0.003779
E,PLANVITAL,2005-10,-0.007672
E,PLANVITAL,2005-11,-0.007102
E,PLANVITAL,2005-12,-0.007121
E,PLANVITAL,2006-01,-0.006575
E,PLANVITAL,2006-02,-0.006351
E,PLANVITAL,2006-03,-0.006848
E,PLANVITAL,2006-04,-0.005723
E,PLANVITAL,2006-05,-0.004953
E,PLANVITAL,2006-06,-0.004461
E,PLANVITAL,2006-07,-0.004854
E,PLANVITAL,2006-08,-0.004895
E,PLANVITAL,2006-09,-0.005138
E,PLANVITAL,2006-10,-0.006048
E,PLANVITAL,2006-11,-0.005212
E,PLANVITAL,2006-12,-0.004710
E,PLANVITAL,2007-01,-0.004417
E,PLANVITAL,2007-02,-0.004584
E,PLANVITAL,2007-03,-0.004834
E,PLANVITAL,2007-04,-0.004749
E,PLANVITAL,2007-05,-0.004657
E,PLANVITAL,2007-06,-0.004165
E,PLANVITAL,2007-07,-0.004370
E,PLANVITAL,2007-08,-0.003845
E,PLANVITAL,2007-09,-0.003819
E,PLANVITAL,2007-10,-0.004212
E,PLANVITAL,2007-11,-0.004947
E,PLANVITAL,2007-12,-0.004156
E,PLANVITAL,2008-01,-0.005537
E,PLANVITAL,2008-02,-0.005622
E,PLANVITAL,2008-03,-0.004609
E,PLANVITAL,2008-04,-0.003318
E,PLANVITAL,2008-05,-0.001353
E,PLANVITAL,2008-06,-0.001715
E,PLANVITAL,2008-07,-0.003078
E,PLANVITAL,2008-08,-0.003460
E,PLANVITAL,2008-09,-0.003501
E,PLANVITAL,2008-10,-0.003256
E,PLANVITAL,2008-11,-0.003224
E,PLANVITAL,2008-12,-0.003346
E,PLANVITAL,2009-01,-0.005773
E,PLANVITAL,2009-02,-0.007389
E,PLANVITAL,2009-03,-0.005775
E,PLANVITAL,2009-04,-0.007232
E,PLANVITAL,2009-05,-0.004081
E,PLANVITAL,2009-06,-0.006063
E,PLANVITAL,2009-07,-0.007099
E,PLANVITAL,2009-08,-0.007350
E,PLANVITAL,2009-09,-0.008446
E,PLANVITAL,2009-10,-0.008433
E,PLANVITAL,2009-11,-0.007460
E,PLANVITAL,2009-12,-0.007636
E,PLANVITAL,2010-01,-0.008081
E,PLANVITAL,2010-02,-0.008448
E,PLANVITAL,2010-03,-0.008882
E,PLANVITAL,2010-04,-0.008745
E,PLANVITAL,2010-05,-0.007889
E,PLANVITAL,2010-06,-0.008750
E,PLANVITAL,2010-07,-0.008717
E,PLANVITAL,2010-08,-0.010569
E,PLANVITAL,2010-09,-0.010014
E,PLANVITAL,2010-10,-0.009266
E,PLANVITAL,2010-11,-0.008185
E,PLANVITAL,2010-12,-0.009394
E,PLANVITAL,2011-01,-0.006734
E,PLANVITAL,2011-02,-0.007495
E,PLANVITAL,2011-03,-0.008618
E,PLANVITAL,2011-04,-0.009903
E,PLANVITAL,2011-05,-0.011986
E,PLANVITAL,2011-06,-0.010718
E,PLANVITAL,2011-07,-0.010731
E,PLANVITAL,2011-08,-0.012756
E,PLANVITAL,2011-09,-0.012487
E,PLANVITAL,2011-10,-0.010241
E,PLANVITAL,2011-11,-0.010865
E,PLANVITAL,2011-12,-0.010661
E,PLANVITAL,2012-01,-0.008702
E,PLANVITAL,2012-02,-0.007173
E,PLANVITAL,2012-03,-0.008766
E,PLANVITAL,2012-04,-0.007773
E,PLANVITAL,2012-05,-0.010924
E,PLANVITAL,2012-06,-0.009293
E,PLANVITAL,2012-07,-0.008458
E,PLANVITAL,2012-08,-0.007941
E,PLANVITAL,2012-09,-0.006221
E,PLANVITAL,2012-10,-0.006006
E,PLANVITAL,2012-11,-0.006776
E,PLANVITAL,2012-12,-0.006704
E,PLANVITAL,2013-01,-0.006485
E,PLANVITAL,2013-02,-0.006205
E,PLANVITAL,2013-03,-0.005533
E,PLANVITAL,2013-04,-0.005032
E,PLANVITAL,2013-05,-0.005770
E,PLANVITAL,2013-06,-0.005408
E,PLANVITAL,2013-07,-0.004908
E,PLANVITAL,2013-08,-0.002768
E,PLANVITAL,2013-09,-0.003313
E,PLANVITAL,2013-10,-0.003931
E,PLANVITAL,2013-11,-0.003883
E,PLANVITAL,2013-12,-0.002821
E,PLANVITAL,2014-01,-0.004633
E,PLANVITAL,2014-02,-0.003799
E,PLANVITAL,2014-03,-0.002971
E,PLANVITAL,2014-04,-0.001918
E,PLANVITAL,2014-05,-0.002414
E,PLANVITAL,2014-06,-0.003523
E,PLANVITAL,2014-07,-0.003055
E,PLANVITAL,2014-08,-0.001246
E,PLANVITAL,2014-09,-0.001025
E,PLANVITAL,2014-10,-0.003473
E,PLANVITAL,2014-11,-0.003119
E,PLANVITAL,2014-12,-0.003108
E,PLANVITAL,2015-01,-0.003162
E,PLANVITAL,2015-02,-0.003297
E,PLANVITAL,2015-03,-0.002969
E,PLANVITAL,2015-04,-0.003283
E,PLANVITAL,2015-05,-0.002632
E,PLANVITAL,2015-06,-0.002218
E,PLANVITAL,2015-07,-0.003126
E,PLANVITAL,2015-08,-0.003430
E,PLANVITAL,2015-09,-0.003489
E,PLANVITAL,2015-10,-0.004037
E,PLANVITAL,2015-11,-0.003816
E,PLANVITAL,2015-12,-0.003457
E,PLANVITAL,2016-01,-0.003492
E,PLANVITAL,2016-02,-0.003580
E,PLANVITAL,2016-03,-0.004365
E,PLANVITAL,2016-04,-0.004846
E,PLANVITAL,2016-05,-0.004675
E,PLANVITAL,2016-06,-0.004517
E,PLANVITAL,2016-07,-0.004759
E,PLANVITAL,2016-08,-0.004887
E,PLANVITAL,2016-09,-0.004870
E,PLANVITAL,2016-10,-0.004755
E,PLANVITAL,2016-11,-0.004709
E,PLANVITAL,2016-12,-0.004490
E,PLANVITAL,2017-01,-0.004409
E,PLANVITAL,2017-02,-0.004394
E,PLANVITAL,2017-03,-0.004423
E,PLANVITAL,2017-04,-0.004196
E,PLANVITAL,2017-05,-0.003821
E,PLANVITAL,2017-06,-0.004005
E,PLANVITAL,2017-07,-0.003919
E,PLANVITAL,2017-08,-0.003433
E,PLANVITAL,2017-09,-0.004253
E,PLANVITAL,2017-10,-0.003175
E,PLANVITAL,2017-11,-0.003213
E,PLANVITAL,2017-12,-0.003246
E,PLANVITAL,2018-01,-0.002628
E,PLANVITAL,2018-02,-0.002371
E,PLANVITAL,2018-03,-0.002698
E,PLANVITAL,2018-04,-0.002564
E,PLANVITAL,2018-05,-0.002896
E,PLANVITAL,2018-06,-0.002887
E,PLANVITAL,2018-07,-0.001779
E,PLANVITAL,2018-08,-0.001537
E,PLANVITAL,2018-09,-0.001696
E,PLANVITAL,2018-10,-0.001363
E,PLANVITAL,2018-11,-0.001411
E,PLANVITAL,2018-12,-0.001706
E,PLANVITAL,2019-01,-0.001766
E,PLANVITAL,2019-02,-0.001518
E,PLANVITAL,2019-03,-0.000476
E,PLANVITAL,2019-04,-0.000039
E,PLANVITAL,2019-05,0.000051
E,PLANVITAL,2019-06,0.000324
E,PLANVITAL,2019-07,0.001508
E,PLANVITAL,2019-08,0.002334
E,PLANVITAL,2019-09,0.001784
E,PLANVITAL,2019-10,0.000991
E,PLANVITAL,2019-11,-0.002585
E,PLANVITAL,2019-12,-0.003592
E,PLANVITAL,2020-01,-0.003916
E,PLANVITAL,2020-02,-0.003276
E,PLANVITAL,2020-03,-0.004000
E,PLANVITAL,2020-04,-0.006906
E,PLANVITAL,2020-05,-0.006785
E,PLANVITAL,2020-06,-0.007824
E,PLANVITAL,2020-07,-0.007891
E,PLANVITAL,2020-08,-0.007957
E,PLANVITAL,2020-09,-0.007944
E,PLANVITAL,2020-10,-0.007806
E,PLANVITAL,2020-11,-0.007836
E,PLANVITAL,2020-12,-0.007027
E,PLANVITAL,2021-01,-0.007946
E,PLANVITAL,2021-02,-0.007508
E,PLANVITAL,2021-03,-0.006753
E,PLANVITAL,2021-04,-0.006511
E,PLANVITAL,2021-05,-0.007192
E,PLANVITAL,2021-06,-0.006996
E,PLANVITAL,2021-07,-0.006807
E,PLANVITAL,2021-08,-0.006203
E,PLANVITAL,2021-09,-0.005152
E,PLANVITAL,2021-10,-0.004308
E,PLANVITAL,2021-11,-0.004646
E,PLANVITAL,2021-12,-0.004754
E,PLANVITAL,2022-01,-0.004233
E,PLANVITAL,2022-02,-0.003501
E,PLANVITAL,2022-03,-0.003088
E,PLANVITAL,2022-04,-0.003274
E,PLANVITAL,2022-05,-0.003165
E,PLANVITAL,2022-06,-0.003586
E,PLANVITAL,2022-07,-0.004061
E,PLANVITAL,2022-08,-0.004538
E,PLANVITAL,2022-09,-0.002610
E,PLANVITAL,2022-10,-0.002119
E,PLANVITAL,2022-11,-0.000541
E,PLANVITAL,2022-12,-0.000231
E,PLANVITAL,2023-01,-0.000144
E,PLANVITAL,2023-02,0.000760
E,PLANVITAL,2023-03,0.001419
E,PLANVITAL,2023-04,0.004108
E,PLANVITAL,2023-05,0.003715
E,PLANVITAL,2023-06,0.004579
E,PLANVITAL,2023-07,0.004737
E,PLANVITAL,2023-08,0.005048
E,PLANVITAL,2023-09,0.005722
E,PLANVITAL,2023-10,0.006151
E,PLANVITAL,2023-11,0.004894
E,PLANVITAL,2023-12,0.003497
E,PLANVITAL,2024-01,0.004664
E,PLANVITAL,2024-02,0.005379
E,PLANVITAL,2024-03,0.005027
E,PLANVITAL,2024-04,0.005064
E,PLANVITAL,2024-05,0.005584
E,PLANVITAL,2024-06,0.004768
E,PLANVITAL,2024-07,0.004407
E,PLANVITAL,2024-08,0.003447
E,PLANVITAL,2024-09,0.002453
E,PLANVITAL,2024-10,0.001684
E,PLANVITAL,2024-11,0.002296
E,PLANVITAL,2024-12,0.002353
E,PLANVITAL,2025-01,0.001951
E,PLANVITAL,2025-02,0.001492
E,PLANVITAL,2025-03,0.000816
E,PLANVITAL,2025-04,0.001295
E,PLANVITAL,2025-05,0.001228
E,PLANVITAL,2025-06,0.000848
E,PLANVITAL,2025-07,0.000722
E,PLANVITAL,2025-08,0.000272
E,PLANVITAL,2025-09,-0.001223
E,PLANVITAL,2025-10,-0.000897
E,PLANVITAL,2025-11,0.000805
E,PLANVITAL,2025-12,0.001418
E,PLANVITAL,2026-01,0.001825
E,PLANVITAL,2026-02,0.000286
E,PLANVITAL,2026-03,0.001007
E,PLANVITAL,2026-04,0.001122
E,PLANVITAL,2026-05,0.001613
E,PLANVITAL,2026-06,0.002443
E,PLANVITAL,2026-07,0.002512
E,PLANVITAL,2026-08,0.001903
E,PROVIDA,2005-07,-0.000178
E,PROVIDA,2005-08,-0.000770
E,PROVIDA,2005-09,-0.000701
E,PROVIDA,2005-10,0.001387
E,PROVIDA,2005-11,0.000377
E,PROVIDA,2005-12,0.000496
E,PROVIDA,2006-01,-0.000592
E,PROVIDA,2006-02,-0.000686
E,PROVIDA,2006-03,-0.000440
E,PROVIDA,2006-04,-0.000181
E,PROVIDA,2006-05,-0.000771
E,PROVIDA,2006-06,-0.001557
E,PROVIDA,2006-07,-0.000909
E,PROVIDA,2006-08,-0.000446
E,PROVIDA,2006-09,-0.001755
E,PROVIDA,2006-10,-0.000259
E,PROVIDA,2006-11,-0.000597
E,PROVIDA,2006-12,-0.001977
E,PROVIDA,2007-01,-0.001815
E,PROVIDA,2007-02,-0.001645
E,PROVIDA,2007-03,-0.002483
E,PROVIDA,2007-04,-0.003105
E,PROVIDA,2007-05,-0.003902
E,PROVIDA,2007-06,-0.002925
E,PROVIDA,2007-07,-0.003540
E,PROVIDA,2007-08,-0.003447
E,PROVIDA,2007-09,-0.003277
E,PROVIDA,2007-10,-0.003261
E,PROVIDA,2007-11,-0.003688
E,PROVIDA,2007-12,-0.004446
E,PROVIDA,2008-01,-0.004324
E,PROVIDA,2008-02,-0.005177
E,PROVIDA,2008-03,-0.006846
E,PROVIDA,2008-04,-0.007086
E,PROVIDA,2008-05,-0.006164
E,PROVIDA,2008-06,-0.007825
E,PROVIDA,2008-07,-0.007796
E,PROVIDA,2008-08,-0.008045
E,PROVIDA,2008-09,-0.007937
E,PROVIDA,2008-10,-0.007929
E,PROVIDA,2008-11,-0.007126
E,PROVIDA,2008-12,-0.007988
E,PROVIDA,2009-01,-0.007305
E,PROVIDA,2009-02,-0.006719
E,PROVIDA,2009-03,-0.007946
E,PROVIDA,2009-04,-0.007701
E,PROVIDA,2009-05,-0.008626
E,PROVIDA,2009-06,-0.008906
E,PROVIDA,2009-07,-0.008727
E,PROVIDA,2009-08,-0.009118
E,PROVIDA,2009-09,-0.009473
E,PROVIDA,2009-10,-0.010164
E,PROVIDA,2009-11,-0.009826
E,PROVIDA,2009-12,-0.009218
E,PROVIDA,2010-01,-0.009149
E,PROVIDA,2010-02,-0.009386
E,PROVIDA,2010-03,-0.009248
E,PROVIDA,2010-04,-0.008994
E,PROVIDA,2010-05,-0.009417
E,PROVIDA,2010-06,-0.009113
E,PROVIDA,2010-07,-0.009444
E,PROVIDA,2010-08,-0.010328
E,PROVIDA,2010-09,-0.010272
E,PROVIDA,2010-10,-0.010693
E,PROVIDA,2010-11,-0.010768
E,PROVIDA,2010-12,-0.010307
E,PROVIDA,2011-01,-0.009209
E,PROVIDA,2011-02,-0.009598
E,PROVIDA,2011-03,-0.007671
E,PROVIDA,2011-04,-0.007247
E,PROVIDA,2011-05,-0.007850
E,PROVIDA,2011-06,-0.009423
E,PROVIDA,2011-07,-0.008740
E,PROVIDA,2011-08,-0.008989
E,PROVIDA,2011-09,-0.008119
E,PROVIDA,2011-10,-0.008997
E,PROVIDA,2011-11,-0.009996
E,PROVIDA,2011-12,-0.008488
E,PROVIDA,2012-01,-0.008730
E,PROVIDA,2012-02,-0.009343
E,PROVIDA,2012-03,-0.009455
E,PROVIDA,2012-04,-0.009673
E,PROVIDA,2012-05,-0.008418
E,PROVIDA,2012-06,-0.007688
E,PROVIDA,2012-07,-0.006938
E,PROVIDA,2012-08,-0.006809
E,PROVIDA,2012-09,-0.005968
E,PROVIDA,2012-10,-0.005667
E,PROVIDA,2012-11,-0.005111
E,PROVIDA,2012-12,-0.004908
E,PROVIDA,2013-01,-0.005107
E,PROVIDA,2013-02,-0.005023
E,PROVIDA,2013-03,-0.004570
E,PROVIDA,2013-04,-0.003682
E,PROVIDA,2013-05,-0.002113
E,PROVIDA,2013-06,-0.003128
E,PROVIDA,2013-07,-0.002520
E,PROVIDA,2013-08,-0.001229
E,PROVIDA,2013-09,-0.001456
E,PROVIDA,2013-10,-0.000790
E,PROVIDA,2013-11,-0.000876
E,PROVIDA,2013-12,-0.000826
E,PROVIDA,2014-01,-0.001812
E,PROVIDA,2014-02,-0.000637
E,PROVIDA,2014-03,-0.000649
E,PROVIDA,2014-04,-0.000969
E,PROVIDA,2014-05,-0.001412
E,PROVIDA,2014-06,0.001603
E,PROVIDA,2014-07,0.001152
E,PROVIDA,2014-08,0.002699
E,PROVIDA,2014-09,0.001965
E,PROVIDA,2014-10,0.003400
E,PROVIDA,2014-11,0.002681
E,PROVIDA,2014-12,0.002062
E,PROVIDA,2015-01,0.002379
E,PROVIDA,2015-02,0.002236
E,PROVIDA,2015-03,0.003328
E,PROVIDA,2015-04,0.003448
E,PROVIDA,2015-05,0.002836
E,PROVIDA,2015-06,0.001560
E,PROVIDA,2015-07,0.001222
E,PROVIDA,2015-08,0.001397
E,PROVIDA,2015-09,0.000991
E,PROVIDA,2015-10,0.001264
E,PROVIDA,2015-11,0.000691
E,PROVIDA,2015-12,-0.000060
E,PROVIDA,2016-01,0.001127
E,PROVIDA,2016-02,0.001626
E,PROVIDA,2016-03,0.002773
E,PROVIDA,2016-04,0.001110
E,PROVIDA,2016-05,-0.000032
E,PROVIDA,2016-06,-0.000947
E,PROVIDA,2016-07,-0.001293
E,PROVIDA,2016-08,-0.001329
E,PROVIDA,2016-09,-0.001076
E,PROVIDA,2016-10,-0.001704
E,PROVIDA,2016-11,-0.004204
E,PROVIDA,2016-12,-0.004792
E,PROVIDA,2017-01,-0.005064
E,PROVIDA,2017-02,-0.005434
E,PROVIDA,2017-03,-0.005791
E,PROVIDA,2017-04,-0.005305
E,PROVIDA,2017-05,-0.005032
E,PROVIDA,2017-06,-0.005629
E,PROVIDA,2017-07,-0.006047
E,PROVIDA,2017-08,-0.007542
E,PROVIDA,2017-09,-0.007757
E,PROVIDA,2017-10,-0.008330
E,PROVIDA,2017-11,-0.008036
E,PROVIDA,2017-12,-0.007872
E,PROVIDA,2018-01,-0.008616
E,PROVIDA,2018-02,-0.008193
E,PROVIDA,2018-03,-0.008020
E,PROVIDA,2018-04,-0.008262
E,PROVIDA,2018-05,-0.008260
E,PROVIDA,2018-06,-0.007367
E,PROVIDA,2018-07,-0.007584
E,PROVIDA,2018-08,-0.007139
E,PROVIDA,2018-09,-0.006873
E,PROVIDA,2018-10,-0.006971
E,PROVIDA,2018-11,-0.006782
E,PROVIDA,2018-12,-0.005646
E,PROVIDA,2019-01,-0.006142
E,PROVIDA,2019-02,-0.006470
E,PROVIDA,2019-03,-0.006831
E,PROVIDA,2019-04,-0.006090
E,PROVIDA,2019-05,-0.004681
E,PROVIDA,2019-06,-0.002844
E,PROVIDA,2019-07,-0.001538
E,PROVIDA,2019-08,-0.000847
E,PROVIDA,2019-09,-0.000872
E,PROVIDA,2019-10,-0.001405
E,PROVIDA,2019-11,0.000490
E,PROVIDA,2019-12,0.002280
E,PROVIDA,2020-01,0.002141
E,PROVIDA,2020-02,0.000762
E,PROVIDA,2020-03,-0.001068
E,PROVIDA,2020-04,0.001418
E,PROVIDA,2020-05,0.003041
E,PROVIDA,2020-06,0.004888
E,PROVIDA,2020-07,0.005558
E,PROVIDA,2020-08,0.006149
E,PROVIDA,2020-09,0.005333
E,PROVIDA,2020-10,0.005068
E,PROVIDA,2020-11,0.005542
E,PROVIDA,2020-12,0.005782
E,PROVIDA,2021-01,0.006874
E,PROVIDA,2021-02,0.005604
E,PROVIDA,2021-03,0.004583
E,PROVIDA,2021-04,0.004802
E,PROVIDA,2021-05,0.004604
E,PROVIDA,2021-06,0.003539
E,PROVIDA,2021-07,0.002922
E,PROVIDA,2021-08,0.002004
E,PROVIDA,2021-09,0.000307
E,PROVIDA,2021-10,-0.003214
E,PROVIDA,2021-11,-0.001747
E,PROVIDA,2021-12,-0.002366
E,PROVIDA,2022-01,-0.002656
E,PROVIDA,2022-02,-0.002798
E,PROVIDA,2022-03,-0.003525
E,PROVIDA,2022-04,-0.003366
E,PROVIDA,2022-05,-0.003462
E,PROVIDA,2022-06,-0.003101
E,PROVIDA,2022-07,-0.005555
E,PROVIDA,2022-08,-0.006381
E,PROVIDA,2022-09,-0.007257
E,PROVIDA,2022-10,-0.004630
E,PROVIDA,2022-11,-0.001490
E,PROVIDA,2022-12,-0.002149
E,PROVIDA,2023-01,-0.002874
E,PROVIDA,2023-02,-0.002549
E,PROVIDA,2023-03,0.000335
E,PROVIDA,2023-04,-0.002931
E,PROVIDA,2023-05,-0.003915
E,PROVIDA,2023-06,-0.004786
E,PROVIDA,2023-07,-0.004994
E,PROVIDA,2023-08,-0.006128
E,PROVIDA,2023-09,-0.007031
E,PROVIDA,2023-10,-0.007461
E,PROVIDA,2023-11,-0.005783
E,PROVIDA,2023-12,-0.005381
E,PROVIDA,2024-01,-0.005697
E,PROVIDA,2024-02,-0.005653
E,PROVIDA,2024-03,-0.005115
E,PROVIDA,2024-04,-0.005270
E,PROVIDA,2024-05,-0.004625
E,PROVIDA,2024-06,-0.003377
E,PROVIDA,2024-07,-0.002446
E,PROVIDA,2024-08,-0.001579
E,PROVIDA,2024-09,0.000262
E,PROVIDA,2024-10,0.003860
E,PROVIDA,2024-11,0.001612
E,PROVIDA,2024-12,0.001361
E,PROVIDA,2025-01,0.000950
E,PROVIDA,2025-02,0.001048
E,PROVIDA,2025-03,0.001432
E,PROVIDA,2025-04,0.002121
E,PROVIDA,2025-05,0.001412
E,PROVIDA,2025-06,0.000719
E,PROVIDA,2025-07,0.002271
E,PROVIDA,2025-08,0.002017
E,PROVIDA,2025-09,0.002544
E,PROVIDA,2025-10,0.000786
E,PROVIDA,2025-11,-0.001455
E,PROVIDA,2025-12,-0.002196
E,PROVIDA,2026-01,-0.000965
E,PROVIDA,2026-02,-0.000349
E,PROVIDA,2026-03,-0.001537
E,PROVIDA,2026-04,-0.001063
E,PROVIDA,2026-05,-0.000987
E,PROVIDA,2026-06,-0.001053
E,PROVIDA,2026-07,-0.000364
E,PROVIDA,2026-08,0.000399
E,SANTA MARIA,2005-07,-0.009004
E,SANTA MARIA,2005-08,-0.007652
E,SANTA MARIA,2005-09,-0.005893
E,SANTA MARIA,2005-10,-0.005410
E,SANTA MARIA,2005-11,-0.005443
E,SANTA MARIA,2005-12,-0.005897
E,SANTA MARIA,2006-01,-0.005470
E,SANTA MARIA,2006-02,-0.005355
E,SANTA MARIA,2006-03,-0.005254
E,SANTA MARIA,2006-04,-0.005293
E,SANTA MARIA,2006-05,-0.004925
E,SANTA MARIA,2006-06,-0.004393
E,SANTA MARIA,2006-07,-0.004600
E,SANTA MARIA,2006-08,-0.005313
E,SANTA MARIA,2006-09,-0.006171
E,SANTA MARIA,2006-10,-0.006581
E,SANTA MARIA,2006-11,-0.007149
E,SANTA MARIA,2006-12,-0.007485
E,SANTA MARIA,2007-01,-0.006813
E,SANTA MARIA,2007-02,-0.006180
E,SANTA MARIA,2007-03,-0.005720
E,SANTA MARIA,2007-04,-0.006327
E,SANTA MARIA,2007-05,-0.005469
E,SANTA MARIA,2007-06,-0.006257
E,SANTA MARIA,2007-07,-0.006343
E,SANTA MARIA,2007-08,-0.005406
E,SANTA MARIA,2007-09,-0.004232
E,SANTA MARIA,2007-10,-0.004333
E,SANTA MARIA,2007-11,-0.004274
E,SANTA MARIA,2007-12,-0.004335
E,SANTA MARIA,2008-01,-0.004456
E,SANTA MARIA,2008-02,-0.003174
E,SANTA MARIA,2008-03,-0.001984
E,UNO,2022-09,0.006516
E,UNO,2022-10,-0.001314
E,UNO,2022-11,-0.010333
E,UNO,2022-12,-0.008186
E,UNO,2023-01,-0.007279
E,UNO,2023-02,-0.006994
E,UNO,2023-03,-0.007922
E,UNO,2023-04,-0.006892
E,UNO,2023-05,-0.005062
E,UNO,2023-06,-0.004398
E,UNO,2023-07,-0.004372
E,UNO,2023-08,-0.003709
E,UNO,2023-09,-0.002589
E,UNO,2023-10,-0.002097
E,UNO,2023-11,-0.003434
E,UNO,2023-12,-0.004309
E,UNO,2024-01,-0.003887
E,UNO,2024-02,-0.003037
E,UNO,2024-03,-0.002373
E,UNO,2024-04,-0.000601
E,UNO,2024-05,-0.001231
E,UNO,2024-06,-0.001823
E,UNO,2024-07,-0.001531
E,UNO,2024-08,-0.002981
E,UNO,2024-09,-0.004176
E,UNO,2024-10,-0.004932
E,UNO,2024-11,-0.003977
E,UNO,2024-12,-0.003876
E,UNO,2025-01,-0.003511
E,UNO,2025-02,-0.002935
E,UNO,2025-03,-0.002469
E,UNO,2025-04,-0.002533
E,UNO,2025-05,-0.001514
E,UNO,2025-06,-0.001366
E,UNO,2025-07,-0.001949
E,UNO,2025-08,-0.002307
E,UNO,2025-09,-0.001587
E,UNO,2025-10,0.000330
E,UNO,2025-11,0.000701
E,UNO,2025-12,0.000788
E,UNO,2026-01,0.001164
E,UNO,2026-02,0.000170
E,UNO,2026-03,0.000243
E,UNO,2026-04,0.000024
E,UNO,2026-05,0.000754
E,UNO,2026-06,0.000788
E,UNO,2026-07,0.001138
E,UNO,2026-08,0.001191
