fecha,A,B,C,D,E
2002-08-01,100.0000,100.0000,100.0000,100.0000,100.0000
2002-08-02,100.0032,100.0032,100.2000,100.0032,100.2053
2002-08-03,100.0064,100.0064,100.2032,100.0064,100.2085
2002-08-04,100.0097,100.0097,100.2065,100.0097,100.2117
2002-08-05,100.0129,100.0129,100.2089,100.0129,100.5402
2002-08-06,100.0162,100.0162,100.2214,100.0162,100.6669
2002-08-07,100.0194,100.0194,100.2698,100.0194,100.7503
2002-08-08,100.0226,100.0226,100.1971,100.0226,100.7944
2002-08-09,100.0258,100.0258,100.3744,100.0258,101.2418
2002-08-10,100.0130,100.0130,100.3615,100.0130,101.2288
2002-08-11,100.0001,100.0001,100.3486,100.0001,101.2157
2002-08-12,99.9872,99.9872,100.7788,99.9872,101.2005
2002-08-13,99.9743,99.9743,101.1473,99.9743,101.2455
2002-08-14,99.9614,99.9614,100.9705,99.9614,100.9223
2002-08-15,99.9486,99.9486,100.9575,99.9486,100.9093
2002-08-16,99.9357,99.9357,101.0903,99.9357,101.0055
2002-08-17,99.9228,99.9228,101.0773,99.9228,100.9925
2002-08-18,99.9100,99.9100,101.0643,99.9100,100.9795
2002-08-19,99.8971,99.8971,101.1969,99.8971,101.0665
2002-08-20,99.8842,99.8842,101.3316,99.8842,101.2003
2002-08-21,99.8713,99.8713,101.4913,99.8713,101.3129
2002-08-22,99.8585,99.8585,101.7080,99.8585,101.8419
2002-08-23,99.8457,99.8457,101.9677,99.8457,101.9905
2002-08-24,99.8328,99.8328,101.9545,99.8328,101.9774
2002-08-25,99.8199,99.8199,101.9414,99.8199,101.9643
2002-08-26,99.8071,99.8071,102.1349,99.8071,102.0881
2002-08-27,99.7942,99.7942,102.0945,99.7942,102.0134
2002-08-28,99.7814,99.7814,102.1672,99.7814,102.0518
2002-08-29,99.7685,99.7685,102.4456,99.7685,102.3515
2002-08-30,99.7557,99.7557,102.2815,99.7557,102.5061
2002-08-31,99.7428,99.7428,102.2684,99.7428,102.4929
2002-09-01,99.7300,99.7300,102.2552,99.7300,102.4797
2002-09-02,99.7172,99.7172,101.9887,99.7172,102.4041
2002-09-03,99.7043,99.7043,102.0767,99.7043,102.5679
2002-09-04,99.6915,99.6915,102.5915,99.6915,103.0791
2002-09-05,99.6787,99.6787,102.5329,99.6787,103.3528
2002-09-06,99.6658,99.6658,102.5062,99.6658,103.4221
2002-09-07,99.6530,99.6530,102.4930,99.6530,103.4088
2002-09-08,99.6402,99.6402,102.4799,99.6402,103.3955
2002-09-09,99.6273,99.6273,102.3502,99.6273,103.3512
2002-09-10,99.6141,99.6141,102.3305,99.6141,103.2388
2002-09-11,99.6008,99.6008,102.4528,99.6008,103.0892
2002-09-12,99.5876,99.5876,102.5364,99.5876,103.1684
2002-09-13,99.5743,99.5743,102.8835,99.5743,103.6896
2002-09-14,99.5611,99.5611,102.8699,99.5611,103.6759
2002-09-15,99.5478,99.5478,102.8561,99.5478,103.6620
2002-09-16,99.5346,99.5346,102.9430,99.5346,104.1332
2002-09-17,99.5213,99.5213,102.7895,99.5213,103.8996
2002-09-18,99.5081,99.5081,102.7759,99.5081,103.8858
2002-09-19,99.4949,99.4949,102.7622,99.4949,103.8719
2002-09-20,99.4816,99.4816,102.7481,99.4816,103.8004
2002-09-21,99.4684,99.4684,102.7344,99.4684,103.7867
2002-09-22,99.4551,99.4551,102.7207,99.4551,103.7728
2002-09-23,99.4419,99.4419,102.6381,99.4419,103.7461
2002-09-24,99.4287,99.4287,102.5573,99.4287,103.7472
2002-09-25,99.4155,99.4155,102.0372,99.4155,103.5485
2002-09-26,99.4022,99.4022,101.9623,99.4022,103.7712
2002-09-27,99.3888,99.3885,102.0936,99.3888,103.7588
2002-09-28,99.3755,99.3752,102.0800,99.3756,103.7450
2002-09-29,99.3623,99.3620,102.0664,99.3624,103.7311
2002-09-30,100.1593,99.8514,102.2854,99.4798,103.7384
2002-10-01,99.6516,99.4576,101.8831,99.0919,103.2263
2002-10-02,98.5306,98.7770,101.4952,98.8575,103.1029
2002-10-03,99.0544,99.1127,101.7081,99.0618,103.3811
2002-10-04,99.0240,99.1726,101.7729,99.1097,103.3959
2002-10-05,99.0108,99.1594,101.7594,99.0965,103.3821
2002-10-06,98.9977,99.1462,101.7459,99.0833,103.3684
2002-10-07,98.7779,98.9776,101.6654,99.0925,103.3885
2002-10-08,98.5041,98.9245,101.7145,99.2042,103.6601
2002-10-09,97.4994,98.4453,101.5532,99.1964,103.8620
2002-10-10,97.4213,98.4671,101.6150,99.2157,103.8144
2002-10-11,96.9013,98.1977,101.3819,99.0125,103.5635
2002-10-12,96.8764,98.1725,101.3558,98.9870,103.5369
2002-10-13,96.8514,98.1472,101.3297,98.9616,103.5103
2002-10-14,96.6313,97.9151,101.1162,98.8874,103.5764
2002-10-15,97.7065,98.5308,101.4206,99.0773,103.5580
2002-10-16,97.6938,98.4697,101.3166,99.0021,103.4953
2002-10-17,98.5471,98.8674,101.4908,99.1106,103.5145
2002-10-18,98.4740,98.8561,101.3354,99.0017,103.4179
2002-10-19,98.4488,98.8307,101.3094,98.9763,103.3914
2002-10-20,98.4234,98.8053,101.2833,98.9508,103.3648
2002-10-21,99.0482,99.0807,101.5210,99.0539,103.3954
2002-10-22,99.2179,99.0902,101.4237,98.9531,103.2206
2002-10-23,99.2834,99.0376,101.3858,99.0001,103.1417
2002-10-24,98.7989,98.7867,101.1863,98.7936,103.0918
2002-10-25,99.1531,98.9822,101.3125,98.9214,103.0844
2002-10-26,99.1275,98.9568,101.2864,98.8959,103.0579
2002-10-27,99.1021,98.9313,101.2604,98.8705,103.0314
2002-10-28,99.1834,98.9214,101.2422,98.8027,102.9050
2002-10-29,99.4252,99.0574,101.2452,98.8103,102.9549
2002-10-30,99.6516,99.2449,101.3916,98.9185,102.9352
2002-10-31,99.2233,99.0361,101.3382,98.9162,102.9306
2002-11-01,99.1977,99.0106,101.3121,98.8908,102.9041
2002-11-02,99.1723,98.9852,101.2861,98.8654,102.8777
2002-11-03,99.1468,98.9598,101.2601,98.8400,102.8512
2002-11-04,99.5570,99.0520,101.3611,98.8387,102.9074
2002-11-05,99.8840,99.2197,101.4134,98.9309,102.9868
2002-11-06,100.6361,99.5981,101.7462,99.1805,103.3137
2002-11-07,100.9646,99.6960,101.7259,99.0756,103.0895
2002-11-08,101.1038,99.7216,101.7145,99.0238,103.0405
2002-11-09,101.0779,99.6959,101.6883,98.9983,103.0140
2002-11-10,101.0477,99.6662,101.6580,98.9687,102.9832
2002-11-11,100.2387,99.2025,101.4139,98.8164,102.9857
2002-11-12,99.6492,98.9162,101.3284,98.7673,103.0169
2002-11-13,98.8937,98.5442,101.1542,98.6590,102.9858
2002-11-14,98.9794,98.6461,101.2352,98.7123,103.0715
2002-11-15,98.9456,98.5144,101.0330,98.5530,102.8360
2002-11-16,98.9160,98.4850,101.0028,98.5235,102.8053
2002-11-17,98.8865,98.4556,100.9726,98.4941,102.7746
2002-11-18,99.7452,98.9563,101.2996,98.6919,102.9088
2002-11-19,99.8596,98.9816,101.2122,98.6506,102.8662
2002-11-20,99.4745,98.7605,101.0749,98.5621,102.7972
2002-11-21,99.0295,98.5732,101.0214,98.5695,102.8987
2002-11-22,99.2819,98.5882,100.9958,98.4799,102.7575
2002-11-23,99.2522,98.5587,100.9657,98.4505,102.7268
2002-11-24,99.2226,98.5293,100.9355,98.4211,102.6962
2002-11-25,100.6194,99.2825,101.3596,98.7111,102.8399
2002-11-26,100.6242,99.1609,101.2259,98.5458,102.6188
2002-11-27,100.3847,99.0233,101.1224,98.4771,102.5493
2002-11-28,99.6049,98.5045,100.7633,98.1058,102.2188
2002-11-29,99.9695,98.5496,100.7084,97.9298,101.9788
2002-11-30,99.9397,98.5201,100.6783,97.9006,101.9483
2002-12-01,99.9099,98.4907,100.6482,97.8714,101.9179
2002-12-02,100.2947,98.6485,100.7694,97.8811,101.8706
2002-12-03,100.3799,98.6140,100.6007,97.7652,101.6733
2002-12-04,100.8086,98.9807,100.9461,98.1410,102.0242
2002-12-05,100.7302,99.0731,101.1143,98.3654,102.2768
2002-12-06,100.1135,98.7464,100.9343,98.1981,102.2063
2002-12-07,100.0836,98.7170,100.9042,98.1687,102.1758
2002-12-08,100.0537,98.6874,100.8740,98.1394,102.1452
2002-12-09,99.8679,98.5510,100.7019,98.0297,102.1658
2002-12-10,100.1039,98.7653,100.9134,98.2386,102.3192
2002-12-11,99.3743,98.4127,100.7271,98.1061,102.2843
2002-12-12,99.3303,98.2672,100.5356,97.8630,102.0218
2002-12-13,99.3381,98.2542,100.5144,97.8456,102.0059
2002-12-14,99.3413,98.2574,100.5176,97.8488,102.0092
2002-12-15,99.3445,98.2606,100.5208,97.8519,102.0125
2002-12-16,99.6851,98.5855,100.8277,98.1571,102.2712
2002-12-17,99.2083,98.3205,100.6042,97.9835,102.0702
2002-12-18,99.6568,98.4700,100.6211,97.9454,101.9626
2002-12-19,100.1244,98.7996,100.8651,98.1294,102.0492
2002-12-20,100.1367,98.8607,100.9124,98.1849,102.0750
2002-12-21,100.1399,98.8639,100.9157,98.1881,102.0783
2002-12-22,100.1432,98.8671,100.9189,98.1912,102.0816
2002-12-23,100.1870,98.8312,100.9136,98.0497,101.9044
2002-12-24,100.7914,99.1605,101.1339,98.2229,101.9786
2002-12-25,100.7947,99.1637,101.1372,98.2261,101.9819
2002-12-26,100.9524,99.2654,101.1770,98.3161,102.0340
2002-12-27,101.1051,99.4402,101.3780,98.5710,102.3020
2002-12-28,101.1084,99.4434,101.3813,98.5742,102.3053
2002-12-29,101.1116,99.4466,101.3845,98.5774,102.3086
2002-12-30,101.1319,99.3477,101.3069,98.3679,102.0785
2002-12-31,100.7862,99.3047,101.4376,98.5939,102.4516
2003-01-01,100.7894,99.3079,101.4409,98.5971,102.4549
2003-01-02,101.1627,99.5635,101.6560,98.7569,102.5422
2003-01-03,101.1168,99.5710,101.7434,98.8070,102.6567
2003-01-04,101.1201,99.5742,101.7467,98.8102,102.6600
2003-01-05,101.1233,99.5774,101.7500,98.8133,102.6633
2003-01-06,101.6243,99.6646,101.6461,98.6336,102.3918
2003-01-07,101.9770,99.8394,101.6879,98.6631,102.3880
2003-01-08,102.8189,100.3812,102.0634,98.9422,102.5324
2003-01-09,102.2457,100.0798,101.9315,98.9249,102.6477
2003-01-10,102.0563,100.0771,102.0079,99.0510,102.8014
2003-01-11,102.0696,100.0901,102.0211,99.0639,102.8147
2003-01-12,102.0827,100.1030,102.0343,99.0767,102.8280
2003-01-13,102.7186,100.4627,102.2743,99.2263,102.9054
2003-01-14,103.0282,100.6453,102.3741,99.3156,102.9728
2003-01-15,103.3797,100.9725,102.6258,99.6445,103.2891
2003-01-16,103.7771,101.1612,102.7494,99.6649,103.2392
2003-01-17,103.6834,101.1949,102.8877,99.8097,103.4161
2003-01-18,103.6969,101.2080,102.9011,99.8227,103.4295
2003-01-19,103.7103,101.2211,102.9143,99.8356,103.4429
2003-01-20,103.7387,101.2832,103.0481,99.9514,103.5519
2003-01-21,103.0031,100.9601,102.9101,99.9118,103.6017
2003-01-22,102.9129,100.9684,102.9676,100.0127,103.7581
2003-01-23,102.7275,100.8923,103.0027,100.0808,103.8329
2003-01-24,102.0102,100.5173,102.8041,99.8904,103.7782
2003-01-25,102.0234,100.5303,102.8174,99.9033,103.7916
2003-01-26,102.0366,100.5433,102.8307,99.9162,103.8050
2003-01-27,102.5464,100.8724,103.1134,100.1309,103.9509
2003-01-28,101.8876,100.5645,103.0023,100.0642,103.9631
2003-01-29,100.8170,99.9655,102.5730,99.7779,103.8816
2003-01-30,100.9615,100.0318,102.6401,99.8239,103.9229
2003-01-31,100.6511,99.8307,102.4369,99.6470,103.8029
2003-02-01,100.6641,99.8436,102.4501,99.6598,103.8162
2003-02-02,100.6771,99.8565,102.4633,99.6727,103.8297
2003-02-03,100.9543,100.1064,102.6955,99.8517,103.9679
2003-02-04,101.1631,100.1901,102.7243,99.8489,103.9533
2003-02-05,101.9978,100.7757,103.2028,100.3618,104.3133
2003-02-06,101.9273,100.7712,103.1998,100.3292,104.3364
2003-02-07,102.0221,100.7995,103.2089,100.2604,104.2610
2003-02-08,102.0352,100.8125,103.2222,100.2734,104.2745
2003-02-09,102.0485,100.8256,103.2356,100.2864,104.2880
2003-02-10,101.4775,100.5117,103.0553,100.1373,104.1877
2003-02-11,101.3712,100.5454,103.1284,100.2229,104.3025
2003-02-12,101.3487,100.5682,103.1157,100.2518,104.3252
2003-02-13,101.6535,100.7351,103.2472,100.3454,104.3316
2003-02-14,101.4289,100.5173,103.0765,100.0862,104.1537
2003-02-15,101.4253,100.5137,103.0729,100.0826,104.1500
2003-02-16,101.4217,100.5101,103.0692,100.0790,104.1462
2003-02-17,101.0893,100.3304,102.9691,99.9627,104.0893
2003-02-18,100.8827,100.1506,102.7952,99.8470,104.0321
2003-02-19,101.0841,100.3851,103.0092,100.1633,104.3530
2003-02-20,101.9180,100.8541,103.4001,100.4895,104.6609
2003-02-21,101.8180,100.7818,103.3592,100.4016,104.5538
2003-02-22,101.8144,100.7781,103.3555,100.3980,104.5501
2003-02-23,101.8108,100.7746,103.3518,100.3944,104.5464
2003-02-24,101.7112,100.8163,103.4834,100.5416,104.7077
2003-02-25,102.0401,101.0138,103.6270,100.6538,104.8021
2003-02-26,101.7493,100.9128,103.6037,100.6674,104.8302
2003-02-27,101.2417,100.6740,103.4801,100.6205,104.8508
2003-02-28,101.0573,100.6422,103.5536,100.7452,105.0079
2003-03-01,101.0537,100.6386,103.5499,100.7416,105.0041
2003-03-02,101.0501,100.6350,103.5462,100.7380,105.0004
2003-03-03,101.2457,100.6942,103.5325,100.6697,104.9135
2003-03-04,101.6715,100.9502,103.7098,100.8022,105.0116
2003-03-05,102.1150,101.3914,104.1678,101.3018,105.4973
2003-03-06,102.0167,101.4606,104.3000,101.4390,105.7354
2003-03-07,101.7726,101.3696,104.2496,101.4592,105.7349
2003-03-08,101.7690,101.3660,104.2458,101.4556,105.7311
2003-03-09,101.7654,101.3624,104.2421,101.4520,105.7274
2003-03-10,101.8920,101.5048,104.3695,101.5517,105.7898
2003-03-11,101.8177,101.4048,104.2682,101.4277,105.5951
2003-03-12,100.6350,100.7087,103.7231,100.9710,105.2903
2003-03-13,100.2338,100.6161,103.7439,101.0760,105.5123
2003-03-14,99.7134,100.3206,103.4684,100.9218,105.3535
2003-03-15,99.6878,100.2948,103.4418,100.8958,105.3263
2003-03-16,99.6622,100.2691,103.4153,100.8699,105.2993
2003-03-17,100.1142,100.3104,103.3620,100.7248,105.0958
2003-03-18,100.4545,100.5518,103.5766,100.9279,105.2928
2003-03-19,100.5953,100.4959,103.4586,100.8064,105.1326
2003-03-20,101.1823,100.8411,103.6833,100.9932,105.2745
2003-03-21,101.6676,101.0398,103.7982,101.0227,105.2342
2003-03-22,101.6415,101.0138,103.7716,100.9968,105.2072
2003-03-23,101.6154,100.9879,103.7449,100.9709,105.1802
2003-03-24,101.3757,100.7559,103.4888,100.7083,104.9445
2003-03-25,101.9914,100.9824,103.6619,100.8207,105.0104
2003-03-26,100.7902,100.3879,103.2661,100.5581,104.8568
2003-03-27,100.9203,100.5468,103.3646,100.7455,105.0132
2003-03-28,101.1572,100.6986,103.4899,100.8508,105.0721
2003-03-29,101.1312,100.6727,103.4633,100.8248,105.0451
2003-03-30,101.1052,100.6468,103.4367,100.7989,105.0181
2003-03-31,100.7039,100.4183,103.2558,100.6780,104.9513
2003-04-01,100.8844,100.6061,103.4571,100.8879,105.1482
2003-04-02,100.0450,100.2374,103.3037,100.7950,105.1728
2003-04-03,99.7172,99.9265,102.9784,100.4736,104.8490
2003-04-04,100.6569,100.4191,103.3527,100.8078,105.0928
2003-04-05,100.6311,100.3934,103.3262,100.7819,105.0659
2003-04-06,100.6052,100.3676,103.2996,100.7560,105.0389
2003-04-07,100.7956,100.4649,103.3350,100.7412,104.9735
2003-04-08,100.9258,100.4231,103.2005,100.5773,104.7890
2003-04-09,101.6484,100.8259,103.4730,100.8206,104.9637
2003-04-10,101.6630,100.8416,103.4878,100.8066,104.9021
2003-04-11,101.9060,101.0246,103.6484,100.9401,104.9582
2003-04-12,101.8655,100.9844,103.6072,100.8999,104.9165
2003-04-13,101.8250,100.9442,103.5660,100.8598,104.8747
2003-04-14,101.8579,100.9630,103.5557,100.8597,104.8910
2003-04-15,102.0595,101.0835,103.6501,100.9014,104.8324
2003-04-16,102.6769,101.3015,103.6741,100.8155,104.6681
2003-04-17,103.1708,101.5583,103.8415,100.9035,104.6612
2003-04-18,103.1298,101.5180,103.8002,100.8634,104.6196
2003-04-19,103.0888,101.4777,103.7590,100.8234,104.5780
2003-04-20,103.0478,101.4373,103.7177,100.7833,104.5364
2003-04-21,103.0399,101.5019,103.7664,100.8415,104.5923
2003-04-22,103.5014,101.7046,103.8761,100.8950,104.5724
2003-04-23,103.7741,101.8543,104.0240,100.9847,104.5069
2003-04-24,104.0175,101.9032,103.9996,100.9678,104.4685
2003-04-25,104.7180,102.3619,104.2984,101.2159,104.5874
2003-04-26,104.6763,102.3212,104.2569,101.1756,104.5458
2003-04-27,104.6347,102.2805,104.2154,101.1354,104.5043
2003-04-28,104.6712,102.4189,104.4117,101.3123,104.6310
2003-04-29,104.1464,102.2212,104.3276,101.2915,104.6331
2003-04-30,104.8541,102.4111,104.2777,101.1132,104.3458
2003-05-01,104.8125,102.3704,104.2363,101.0731,104.3043
2003-05-02,105.7445,102.8814,104.5427,101.2818,104.2898
2003-05-03,105.7025,102.8405,104.5012,101.2415,104.2483
2003-05-04,105.6604,102.7996,104.4596,101.2013,104.2068
2003-05-05,106.1542,103.1127,104.6557,101.3278,104.2408
2003-05-06,106.9795,103.4706,104.8616,101.4924,104.2735
2003-05-07,107.4621,103.7630,105.0316,101.5777,104.2442
2003-05-08,107.1324,103.5202,104.8046,101.3844,104.0872
2003-05-09,107.1073,103.5883,104.9106,101.5174,104.2685
2003-05-10,107.1108,103.5916,104.9140,101.5207,104.2719
2003-05-11,107.1142,103.5950,104.9174,101.5240,104.2752
2003-05-12,107.0367,103.5783,104.8877,101.4880,104.2161
2003-05-13,107.9920,103.9918,105.0654,101.5618,104.1211
2003-05-14,108.5820,104.2622,105.2292,101.6788,104.1271
2003-05-15,109.0899,104.5401,105.4295,101.8361,104.1460
2003-05-16,109.5369,104.7965,105.6642,102.0082,104.2832
2003-05-17,109.5405,104.7999,105.6676,102.0115,104.2865
2003-05-18,109.5440,104.8032,105.6710,102.0148,104.2898
2003-05-19,109.7627,104.9224,105.7434,102.0797,104.3719
2003-05-20,109.2035,104.6653,105.5810,101.9909,104.3718
2003-05-21,109.2071,104.6687,105.5844,101.9942,104.3751
2003-05-22,108.0527,104.1890,105.4234,101.9653,104.5628
2003-05-23,107.7409,104.0102,105.2775,101.8243,104.4655
2003-05-24,107.7444,104.0136,105.2809,101.8276,104.4689
2003-05-25,107.7478,104.0169,105.2843,101.8309,104.4723
2003-05-26,108.6675,104.5095,105.6013,102.0938,104.6114
2003-05-27,109.1610,104.7775,105.7770,102.2434,104.6730
2003-05-28,109.3219,104.8909,105.9005,102.3729,104.7590
2003-05-29,110.3796,105.3493,106.1265,102.4699,104.7031
2003-05-30,110.8946,105.6491,106.2903,102.5400,104.6865
2003-05-31,110.8982,105.6525,106.2937,102.5433,104.6899
2003-06-01,110.9018,105.6559,106.2972,102.5466,104.6932
2003-06-02,111.3415,105.9185,106.5015,102.7475,104.8383
2003-06-03,111.5127,105.9059,106.4509,102.6232,104.6876
2003-06-04,112.1994,106.3405,106.7597,102.8519,104.8063
2003-06-05,112.0586,106.2289,106.6479,102.7292,104.6876
2003-06-06,113.1796,106.8882,107.1485,103.1387,104.9475
2003-06-07,113.1833,106.8916,107.1520,103.1420,104.9509
2003-06-08,113.1869,106.8951,107.1554,103.1453,104.9543
2003-06-09,113.2602,106.8223,107.0593,103.0438,104.8186
2003-06-10,114.2613,107.4983,107.5357,103.4294,104.9909
2003-06-11,113.9757,107.4347,107.5472,103.4334,105.0292
2003-06-12,114.1510,107.4541,107.5477,103.4079,104.9955
2003-06-13,114.1307,107.4036,107.4175,103.2879,104.8786
2003-06-14,114.1459,107.4179,107.4318,103.3017,104.8926
2003-06-15,114.1612,107.4323,107.4462,103.3155,104.9066
2003-06-16,114.1764,107.4466,107.4605,103.3293,104.9206
2003-06-17,114.8891,107.8534,107.7481,103.5952,105.0941
2003-06-18,115.3293,107.9875,107.7726,103.6179,105.0079
2003-06-19,115.4717,108.0158,107.8238,103.7202,105.0841
2003-06-20,115.1314,107.8236,107.7058,103.6259,105.0699
2003-06-21,115.1468,107.8379,107.7201,103.6397,105.0839
2003-06-22,115.1621,107.8523,107.7345,103.6536,105.0979
2003-06-23,114.2669,107.3939,107.4788,103.4848,105.1019
2003-06-24,113.9724,107.2637,107.4266,103.4726,105.1626
2003-06-25,112.5358,106.5697,107.0197,103.2197,105.1755
2003-06-26,112.3506,106.5531,107.0492,103.2835,105.3010
2003-06-27,112.1731,106.4080,106.9353,103.1671,105.1923
2003-06-28,112.1881,106.4222,106.9496,103.1809,105.2064
2003-06-29,112.2031,106.4364,106.9638,103.1947,105.2204
2003-06-30,111.8885,106.2147,106.7393,103.0438,105.1768
2003-07-01,112.4135,106.4874,106.9257,103.1775,105.1721
2003-07-02,112.5258,106.5060,106.9536,103.2089,105.1032
2003-07-03,113.1941,106.9385,107.1827,103.4068,105.1973
2003-07-04,114.0947,107.3565,107.4307,103.5814,105.1993
2003-07-05,114.1099,107.3708,107.4450,103.5952,105.2134
2003-07-06,114.1252,107.3852,107.4594,103.6091,105.2274
2003-07-07,114.1025,107.3594,107.4568,103.5755,105.1933
2003-07-08,114.2450,107.4843,107.5853,103.7035,105.2959
2003-07-09,115.4285,108.0463,107.9705,103.9726,105.4279
2003-07-10,115.3468,107.9239,107.9007,103.8563,105.3320
2003-07-11,115.1015,107.8632,107.9283,103.9227,105.4627
2003-07-12,115.1015,107.8632,107.9283,103.9227,105.4627
2003-07-13,115.1015,107.8632,107.9283,103.9227,105.4627
2003-07-14,114.5399,107.6830,107.8669,103.8736,105.5215
2003-07-15,114.9137,107.8884,107.9792,103.9758,105.5895
2003-07-16,114.9378,107.8527,107.9465,103.9193,105.5574
2003-07-17,114.7257,107.7369,107.8638,103.8630,105.5259
2003-07-18,114.1821,107.4705,107.7184,103.7866,105.5574
2003-07-19,114.1821,107.4705,107.7184,103.7866,105.5574
2003-07-20,114.1821,107.4705,107.7184,103.7866,105.5574
2003-07-21,113.8789,107.3960,107.7565,103.8419,105.6802
2003-07-22,114.0719,107.4768,107.8037,103.8131,105.5826
2003-07-23,114.0167,107.4823,107.8372,103.8562,105.6078
2003-07-24,115.0942,108.2069,108.3732,104.3204,105.9319
2003-07-25,115.2457,108.2509,108.3753,104.2888,105.8826
2003-07-26,115.2457,108.2509,108.3753,104.2888,105.8826
2003-07-27,115.2457,108.2509,108.3753,104.2888,105.8826
2003-07-28,115.6556,108.5699,108.6463,104.5201,106.0142
2003-07-29,116.1076,108.7035,108.6490,104.4763,105.8651
2003-07-30,116.6401,109.0707,108.9536,104.7350,106.0890
2003-07-31,116.5295,108.9325,108.8394,104.5915,105.9626
2003-08-01,116.4428,108.9006,108.8371,104.5861,105.9333
2003-08-02,116.4428,108.9006,108.8371,104.5861,105.9333
2003-08-03,116.4428,108.9006,108.8371,104.5861,105.9333
2003-08-04,117.1661,109.2787,109.0649,104.7535,105.9805
2003-08-05,117.5210,109.6116,109.4165,104.9916,106.1654
2003-08-06,116.9207,109.2574,109.1639,104.8281,106.0801
2003-08-07,116.0648,108.7263,108.7635,104.5057,105.8940
2003-08-08,116.0954,108.7248,108.7231,104.4700,105.8513
2003-08-09,116.0954,108.7248,108.7231,104.4700,105.8513
2003-08-10,116.0992,108.7283,108.7266,104.4734,105.8548
2003-08-11,116.2613,108.8195,108.7529,104.5138,105.8435
2003-08-12,117.0450,109.3331,109.0783,104.7735,105.9676
2003-08-13,117.8054,109.7814,109.3888,105.0076,106.0510
2003-08-14,118.6101,110.2455,109.6918,105.1953,106.0732
2003-08-15,118.6139,110.2491,109.6953,105.1987,106.0767
2003-08-16,118.6178,110.2527,109.6989,105.2021,106.0801
2003-08-17,118.6216,110.2562,109.7024,105.2055,106.0835
2003-08-18,119.0625,110.4212,109.7204,105.1401,105.8714
2003-08-19,119.9036,110.8974,110.0013,105.3261,105.8627
2003-08-20,120.5866,111.3290,110.3332,105.6198,106.1043
2003-08-21,120.6734,111.3628,110.3565,105.6258,106.0919
2003-08-22,120.4331,111.1980,110.2753,105.5210,105.9830
2003-08-23,120.4369,111.2015,110.2789,105.5244,105.9864
2003-08-24,120.4408,111.2052,110.2824,105.5278,105.9899
2003-08-25,120.3058,111.0716,110.1717,105.4823,106.0072
2003-08-26,119.8422,110.8128,110.0119,105.3891,106.0182
2003-08-27,119.1665,110.4087,109.7546,105.2596,106.0284
2003-08-28,119.3302,110.5088,109.8477,105.3432,106.1220
2003-08-29,119.9141,110.7546,109.9568,105.3311,105.9249
2003-08-30,119.9180,110.7582,109.9604,105.3345,105.9283
2003-08-31,119.9218,110.7618,109.9639,105.3379,105.9317
2003-09-01,120.3838,111.1580,110.2713,105.6054,106.1019
2003-09-02,120.9720,111.4578,110.4145,105.6587,106.0173
2003-09-03,120.7538,111.2360,110.2426,105.5115,105.8972
2003-09-04,120.9585,111.2594,110.1762,105.4362,105.7645
2003-09-05,120.6959,111.0199,109.9380,105.2474,105.5569
2003-09-06,120.6998,111.0235,109.9415,105.2508,105.5604
2003-09-07,120.7037,111.0271,109.9451,105.2542,105.5638
2003-09-08,120.6223,111.0728,110.0399,105.4178,105.8209
2003-09-09,120.9462,111.3046,110.1888,105.5529,105.8482
2003-09-10,121.5330,111.7196,110.4859,105.7736,105.9939
2003-09-11,120.9927,111.4270,110.2599,105.5717,105.8715
2003-09-12,120.0775,110.9424,109.8994,105.3039,105.6989
2003-09-13,120.0695,110.9350,109.8920,105.2969,105.6919
2003-09-14,120.0615,110.9276,109.8847,105.2899,105.6848
2003-09-15,120.3306,111.0146,109.8332,105.2766,105.5198
2003-09-16,120.1722,110.8825,109.6920,105.2267,105.5381
2003-09-17,119.9184,110.6685,109.5054,105.0698,105.4063
2003-09-18,119.9104,110.6611,109.4981,105.0628,105.3993
2003-09-19,119.9025,110.6538,109.4909,105.0559,105.3923
2003-09-20,119.8945,110.6464,109.4836,105.0489,105.3853
2003-09-21,119.8865,110.6390,109.4763,105.0419,105.3783
2003-09-22,120.6205,111.1053,109.7839,105.2916,105.4985
2003-09-23,120.2653,110.8848,109.6104,105.1316,105.3984
2003-09-24,119.7218,110.6069,109.3842,105.0319,105.3317
2003-09-25,120.7307,111.2869,109.8717,105.4564,105.5782
2003-09-26,120.5168,111.1967,109.8328,105.4117,105.5679
2003-09-27,120.5088,111.1893,109.8255,105.4047,105.5609
2003-09-28,120.5008,111.1819,109.8182,105.3977,105.5538
2003-09-29,120.9835,111.5894,110.1614,105.6446,105.6683
2003-09-30,121.0357,111.6496,110.1710,105.6413,105.6350
2003-10-01,120.8654,111.4993,110.0155,105.4898,105.5076
2003-10-02,121.1198,111.7366,110.2109,105.7157,105.6985
2003-10-03,122.7848,112.6551,110.7933,106.1585,105.8247
2003-10-04,122.7766,112.6476,110.7859,106.1514,105.8177
2003-10-05,122.7684,112.6401,110.7785,106.1443,105.8106
2003-10-06,122.9256,112.6427,110.7596,106.0392,105.5883
2003-10-07,124.1643,113.2809,111.1546,106.2921,105.6126
2003-10-08,123.9456,113.0322,110.9303,106.0809,105.4038
2003-10-09,123.7422,112.8617,110.7453,105.9724,105.2820
2003-10-10,124.6228,113.3171,111.0265,106.2147,105.3184
2003-10-11,124.6147,113.3097,111.0193,106.2078,105.3116
2003-10-12,124.6067,113.3024,111.0122,106.2010,105.3048
2003-10-13,125.2221,113.7087,111.3148,106.4423,105.4780
2003-10-14,125.8302,114.0636,111.5660,106.5824,105.4476
2003-10-15,126.3683,114.4880,111.9787,106.8962,105.7407
2003-10-16,127.4646,115.2574,112.5607,107.3310,105.9170
2003-10-17,127.0179,114.9676,112.3580,107.0959,105.7540
2003-10-18,127.0097,114.9602,112.3508,107.0890,105.7472
2003-10-19,127.0015,114.9528,112.3436,107.0821,105.7405
2003-10-20,127.8168,115.4331,112.6801,107.3161,105.8056
2003-10-21,127.1954,115.1317,112.5136,107.2051,105.8029
2003-10-22,127.7896,115.4628,112.6975,107.3172,105.7316
2003-10-23,127.7031,115.4646,112.7332,107.3704,105.8575
2003-10-24,126.0093,114.5268,112.0989,106.9274,105.6874
2003-10-25,126.0012,114.5195,112.0917,106.9206,105.6806
2003-10-26,125.9931,114.5121,112.0845,106.9136,105.6737
2003-10-27,125.6170,114.3008,111.8893,106.9032,105.7437
2003-10-28,125.6120,114.3491,111.9630,107.0394,105.9431
2003-10-29,125.6634,114.3035,111.8980,106.9227,105.7425
2003-10-30,126.1479,114.4989,112.0052,106.9539,105.7600
2003-10-31,125.3526,113.9156,111.4984,106.4978,105.4799
2003-11-01,125.3446,113.9083,111.4912,106.4909,105.4731
2003-11-02,125.3364,113.9009,111.4840,106.4840,105.4663
2003-11-03,125.3278,113.9196,111.3577,106.6087,105.5712
2003-11-04,124.9138,113.6514,111.1688,106.4985,105.5389
2003-11-05,125.1684,113.7343,111.1726,106.5083,105.5346
2003-11-06,124.7824,113.4120,110.9364,106.3139,105.4680
2003-11-07,124.1391,112.9432,110.6312,106.1272,105.4551
2003-11-08,124.1311,112.9359,110.6240,106.1204,105.4483
2003-11-09,124.1231,112.9287,110.6169,106.1136,105.4416
2003-11-10,123.0555,112.2722,110.1165,105.7433,105.2197
2003-11-11,122.9310,112.1513,109.9873,105.7131,105.2853
2003-11-12,123.0645,112.3065,110.1822,105.9242,105.5863
2003-11-13,123.1845,112.4846,110.3868,106.0372,105.5820
2003-11-14,124.0089,112.9719,110.6996,106.2265,105.5715
2003-11-15,124.0171,112.9794,110.7069,106.2335,105.5785
2003-11-16,124.0254,112.9869,110.7143,106.2406,105.5855
2003-11-17,124.4102,113.2537,110.8821,106.3312,105.5497
2003-11-18,123.9787,113.0207,110.7172,106.2383,105.4939
2003-11-19,123.8350,113.0641,110.8830,106.4866,105.8695
2003-11-20,123.1999,112.6591,110.6266,106.2627,105.6852
2003-11-21,122.3046,112.1312,110.2433,105.9696,105.5744
2003-11-22,122.3127,112.1387,110.2507,105.9767,105.5814
2003-11-23,122.3209,112.1462,110.2581,105.9838,105.5885
2003-11-24,121.8860,111.9094,110.1328,105.8931,105.6269
2003-11-25,121.8651,111.8174,110.0002,105.7723,105.4547
2003-11-26,122.4037,112.0887,110.1417,105.8785,105.4170
2003-11-27,123.3672,112.6303,110.5245,106.1429,105.5460
2003-11-28,123.6247,112.6888,110.5074,106.0748,105.4108
2003-11-29,123.6330,112.6963,110.5147,106.0819,105.4179
2003-11-30,123.6412,112.7038,110.5221,106.0889,105.4249
2003-12-01,123.7856,112.8264,110.6028,106.1173,105.3683
2003-12-02,124.3275,113.1407,110.7855,106.2282,105.3567
2003-12-03,125.3807,113.6961,111.1027,106.4060,105.3214
2003-12-04,124.8055,113.3058,110.7541,106.1228,105.1156
2003-12-05,125.1933,113.5469,110.9762,106.3318,105.3421
2003-12-06,125.2017,113.5545,110.9836,106.3390,105.3492
2003-12-07,125.2101,113.5621,110.9910,106.3461,105.3562
2003-12-08,125.2184,113.5697,110.9984,106.3532,105.3633
2003-12-09,125.7153,113.9046,111.2587,106.5356,105.4239
2003-12-10,125.0823,113.6109,111.0601,106.3990,105.3271
2003-12-11,125.1410,113.5790,111.0465,106.3983,105.3519
2003-12-12,124.2434,113.1410,110.7495,106.2809,105.4282
2003-12-13,124.2554,113.1519,110.7603,106.2911,105.4384
2003-12-14,124.2674,113.1629,110.7710,106.3014,105.4486
2003-12-15,124.9947,113.5722,111.0355,106.4596,105.4935
2003-12-16,125.1329,113.7377,111.1406,106.6038,105.5835
2003-12-17,125.4664,113.8980,111.2876,106.7143,105.6704
2003-12-18,124.9348,113.5978,111.1052,106.6016,105.6847
2003-12-19,124.8075,113.4563,110.9402,106.3851,105.4239
2003-12-20,124.8196,113.4673,110.9509,106.3954,105.4341
2003-12-21,124.8317,113.4783,110.9617,106.4057,105.4443
2003-12-22,124.9852,113.5430,110.9563,106.4078,105.3742
2003-12-23,125.3185,113.7290,111.0935,106.5439,105.5441
2003-12-24,125.8991,114.0380,111.2931,106.6467,105.5750
2003-12-25,125.9113,114.0491,111.3039,106.6570,105.5852
2003-12-26,126.0269,114.1372,111.3549,106.6710,105.5450
2003-12-27,126.0392,114.1484,111.3658,106.6814,105.5553
2003-12-28,126.0514,114.1594,111.3766,106.6917,105.5655
2003-12-29,126.0445,114.2076,111.4191,106.7576,105.6217
2003-12-30,127.3136,114.9724,112.0859,107.2554,105.9979
2003-12-31,127.6609,115.0575,112.0550,107.1241,105.7576
2004-01-01,127.6733,115.0686,112.0658,107.1345,105.7679
2004-01-02,127.5880,114.9591,111.9332,106.9935,105.6576
2004-01-03,127.6003,114.9701,111.9439,107.0038,105.6678
2004-01-04,127.6126,114.9813,111.9548,107.0142,105.6780
2004-01-05,127.4974,114.9594,111.9133,107.0575,105.7967
2004-01-06,127.7089,115.0302,111.8770,106.9873,105.6840
2004-01-07,127.6128,114.8621,111.6315,106.8072,105.5306
2004-01-08,128.4826,115.2769,111.9547,107.1305,105.8264
2004-01-09,128.5130,115.2657,111.9764,107.1181,105.8268
2004-01-10,128.5255,115.2769,111.9873,107.1285,105.8370
2004-01-11,128.5379,115.2881,111.9981,107.1389,105.8473
2004-01-12,128.3101,115.2564,111.9620,107.1633,105.8986
2004-01-13,128.9571,115.5962,112.2024,107.3377,105.9929
2004-01-14,129.6251,115.9626,112.4997,107.5381,106.1178
2004-01-15,130.0387,116.2325,112.7970,107.7375,106.2633
2004-01-16,129.1894,115.7586,112.4370,107.4447,106.0225
2004-01-17,129.2019,115.7698,112.4479,107.4551,106.0327
2004-01-18,129.2144,115.7810,112.4588,107.4655,106.0430
2004-01-19,129.8249,116.1214,112.7549,107.7315,106.2894
2004-01-20,128.8586,115.5646,112.3421,107.4358,106.1546
2004-01-21,128.9372,115.6150,112.3524,107.4866,106.2443
2004-01-22,129.2746,115.7820,112.4603,107.5673,106.3289
2004-01-23,129.8836,116.1287,112.7508,107.8154,106.5664
2004-01-24,129.8962,116.1400,112.7618,107.8259,106.5768
2004-01-25,129.9088,116.1512,112.7727,107.8363,106.5871
2004-01-26,130.7188,116.6316,113.2011,108.1609,106.8097
2004-01-27,130.7446,116.6489,113.2725,108.1871,106.8544
2004-01-28,130.4171,116.4531,113.1552,108.1024,106.8508
2004-01-29,131.1777,116.9046,113.5611,108.4021,107.0910
2004-01-30,130.9922,116.9050,113.7468,108.5848,107.3994
2004-01-31,131.0049,116.9164,113.7578,108.5953,107.4098
2004-02-01,131.0175,116.9277,113.7688,108.6058,107.4202
2004-02-02,128.9933,115.8734,112.9771,108.0343,107.0401
2004-02-03,127.4511,114.9635,112.1825,107.5066,106.6933
2004-02-04,129.0024,115.8598,112.8770,108.0873,107.1790
2004-02-05,129.3576,116.1176,113.1546,108.3221,107.3736
2004-02-06,129.4062,116.2352,113.3529,108.5209,107.5897
2004-02-07,129.4188,116.2465,113.3640,108.5315,107.6002
2004-02-08,129.4313,116.2577,113.3749,108.5420,107.6106
2004-02-09,129.6959,116.4512,113.5522,108.6515,107.6464
2004-02-10,128.9165,115.9759,113.1041,108.2979,107.2952
2004-02-11,129.8568,116.4343,113.3949,108.4774,107.4331
2004-02-12,130.4643,116.7929,113.6732,108.7267,107.6608
2004-02-13,130.3746,116.6708,113.5282,108.5975,107.5178
2004-02-14,130.3837,116.6789,113.5361,108.6050,107.5253
2004-02-15,130.3927,116.6869,113.5439,108.6125,107.5327
2004-02-16,130.8493,116.9625,113.7471,108.7680,107.6515
2004-02-17,131.5758,117.4033,114.1151,109.0268,107.8108
2004-02-18,131.0922,117.1939,113.9037,108.8165,107.5401
2004-02-19,132.4973,118.0311,114.4657,109.1753,107.6336
2004-02-20,134.0671,118.9758,115.2325,109.7300,107.9324
2004-02-21,134.0764,118.9841,115.2405,109.7376,107.9399
2004-02-22,134.0857,118.9923,115.2484,109.7452,107.9474
2004-02-23,133.2193,118.6000,115.0244,109.6010,107.8644
2004-02-24,133.0078,118.6342,115.1193,109.7496,108.0729
2004-02-25,133.5096,119.0263,115.4758,110.0199,108.2751
2004-02-26,132.3523,118.4153,115.0194,109.7228,108.1191
2004-02-27,133.4289,119.0312,115.5362,110.1092,108.3822
2004-02-28,133.4381,119.0394,115.5442,110.1168,108.3896
2004-02-29,133.4473,119.0476,115.5522,110.1244,108.3971
2004-03-01,132.9023,118.9577,115.5478,110.0384,108.3439
2004-03-02,133.0810,119.0758,115.6035,110.0755,108.4087
2004-03-03,134.3379,119.7028,116.0144,110.3516,108.5369
2004-03-04,135.6177,120.4416,116.5919,110.6989,108.6614
2004-03-05,135.0910,120.2807,116.5704,110.7073,108.7391
2004-03-06,135.1004,120.2890,116.5785,110.7150,108.7467
2004-03-07,135.1097,120.2973,116.5865,110.7226,108.7542
2004-03-08,134.1736,119.7303,116.1418,110.4234,108.6042
2004-03-09,134.3809,119.7271,116.1385,110.4916,108.8264
2004-03-10,134.1573,119.6061,116.1175,110.5262,109.0101
2004-03-11,134.7103,120.0217,116.5042,110.8233,109.1982
2004-03-12,133.2413,119.3334,116.0669,110.5828,109.1740
2004-03-13,133.2413,119.3334,116.0669,110.5828,109.1740
2004-03-14,133.2413,119.3334,116.0669,110.5828,109.1740
2004-03-15,131.8896,118.6732,115.7333,110.4680,109.3543
2004-03-16,132.2784,118.8134,115.8577,110.5631,109.4746
2004-03-17,131.5951,118.4751,115.6760,110.4952,109.5726
2004-03-18,132.1661,118.8078,115.9148,110.6374,109.6427
2004-03-19,132.2836,118.7776,115.8449,110.4681,109.3767
2004-03-20,132.2836,118.7776,115.8449,110.4681,109.3767
2004-03-21,132.2836,118.7776,115.8449,110.4681,109.3767
2004-03-22,132.9239,119.0928,116.0908,110.6592,109.5378
2004-03-23,132.1187,118.6321,115.8113,110.5572,109.6523
2004-03-24,131.3951,118.2129,115.5513,110.3863,109.5672
2004-03-25,131.3017,118.1433,115.4972,110.3041,109.5194
2004-03-26,130.9079,117.8621,115.3048,110.1679,109.4379
2004-03-27,130.9079,117.8621,115.3048,110.1679,109.4379
2004-03-28,130.9079,117.8621,115.3048,110.1679,109.4379
2004-03-29,132.0837,118.5716,115.8473,110.5609,109.6943
2004-03-30,132.6372,118.8342,115.9940,110.5702,109.5963
2004-03-31,133.8564,119.4842,116.4744,110.8250,109.5812
2004-04-01,133.5633,119.3282,116.3086,110.6688,109.3691
2004-04-02,133.9251,119.5098,116.3729,110.7323,109.3888
2004-04-03,133.9251,119.5098,116.3729,110.7323,109.3888
2004-04-04,133.9251,119.5098,116.3729,110.7323,109.3888
2004-04-05,134.8014,119.9393,116.5542,110.6988,109.0262
2004-04-06,135.2884,120.2411,116.7223,110.8494,109.1097
2004-04-07,135.9404,120.6033,116.9866,111.0115,109.1902
2004-04-08,136.3821,120.8397,117.1839,111.1152,109.2593
2004-04-09,136.3821,120.8397,117.1839,111.1152,109.2593
2004-04-10,136.3639,120.8236,117.1683,111.1004,109.2447
2004-04-11,136.3458,120.8076,117.1527,111.0856,109.2302
2004-04-12,135.1365,120.1367,116.6494,110.7899,109.0895
2004-04-13,135.2001,120.1809,116.6626,110.8531,109.2030
2004-04-14,134.8948,119.8444,116.2874,110.4937,108.7635
2004-04-15,135.2091,120.0177,116.4773,110.6434,108.9719
2004-04-16,133.9489,119.2687,115.9580,110.2768,108.7487
2004-04-17,133.9310,119.2528,115.9426,110.2622,108.7342
2004-04-18,133.9132,119.2369,115.9271,110.2475,108.7197
2004-04-19,132.8900,118.7448,115.6062,110.1786,108.8491
2004-04-20,132.8820,118.6907,115.5278,110.1149,108.8340
2004-04-21,133.0907,118.7163,115.5159,110.1151,108.8917
2004-04-22,132.8196,118.5794,115.4918,110.0800,108.8802
2004-04-23,133.0981,118.7586,115.6853,110.2407,109.0719
2004-04-24,133.0804,118.7428,115.6700,110.2260,109.0574
2004-04-25,133.0627,118.7270,115.6546,110.2114,109.0430
2004-04-26,133.2001,118.8726,115.7802,110.3025,109.0614
2004-04-27,133.3510,118.9818,115.8566,110.3580,109.0556
2004-04-28,134.0571,119.4296,116.2117,110.6034,109.2373
2004-04-29,133.9194,119.3814,116.2655,110.6745,109.3630
2004-04-30,132.7672,118.7731,115.9250,110.4723,109.3181
2004-05-01,132.7495,118.7573,115.9097,110.4576,109.3036
2004-05-02,132.7318,118.7415,115.8942,110.4429,109.2891
2004-05-03,131.1728,117.9459,115.3647,110.2116,109.2936
2004-05-04,130.3411,117.4773,115.0379,110.0315,109.2505
2004-05-05,130.3940,117.5334,115.1472,110.1861,109.5432
2004-05-06,131.5499,118.2127,115.6313,110.4808,109.6677
2004-05-07,132.1959,118.5578,115.9109,110.6384,109.7398
2004-05-08,132.1783,118.5420,115.8954,110.6236,109.7252
2004-05-09,132.1608,118.5263,115.8801,110.6090,109.7107
2004-05-10,130.9758,117.8936,115.5320,110.4584,109.7343
2004-05-11,129.3560,117.0266,115.0583,110.2781,109.8295
2004-05-12,126.2990,115.4550,113.9563,109.7099,109.6759
2004-05-13,127.5015,116.1213,114.4317,109.9891,109.8306
2004-05-14,127.4225,115.9448,114.2810,109.8261,109.6757
2004-05-15,127.4061,115.9299,114.2663,109.8120,109.6617
2004-05-16,127.3897,115.9150,114.2516,109.7979,109.6475
2004-05-17,126.4565,115.4380,113.9287,109.6644,109.6430
2004-05-18,126.5987,115.5908,114.1897,110.0580,110.1845
2004-05-19,124.9346,114.6909,113.5905,109.7552,110.1276
2004-05-20,125.9891,115.3221,113.9273,109.8970,110.0625
2004-05-21,125.9729,115.3072,113.9126,109.8829,110.0483
2004-05-22,125.9566,115.2923,113.8979,109.8687,110.0341
2004-05-23,125.9405,115.2775,113.8833,109.8546,110.0200
2004-05-24,127.8556,116.3808,114.6974,110.3681,110.3138
2004-05-25,127.1572,115.9602,114.4158,110.1587,110.1881
2004-05-26,127.6458,116.1443,114.5424,110.1958,110.1846
2004-05-27,128.4295,116.6017,114.8925,110.4490,110.3749
2004-05-28,129.0567,116.9869,115.1717,110.5798,110.3300
2004-05-29,129.0401,116.9718,115.1569,110.5656,110.3158
2004-05-30,129.0235,116.9568,115.1421,110.5514,110.3016
2004-05-31,129.5573,117.3339,115.3668,110.6676,110.2697
2004-06-01,130.3316,117.7520,115.6955,110.8983,110.4955
2004-06-02,130.6075,117.9175,115.9067,111.0503,110.6887
2004-06-03,129.6987,117.3927,115.5335,110.8354,110.6049
2004-06-04,129.6997,117.3788,115.5553,110.8592,110.6666
2004-06-05,129.6830,117.3637,115.5404,110.8450,110.6523
2004-06-06,129.6663,117.3486,115.5256,110.8307,110.6381
2004-06-07,129.6495,117.3335,115.5107,110.8164,110.6238
2004-06-08,129.1768,117.1504,115.4441,110.8179,110.6821
2004-06-09,130.3154,117.6195,115.6727,110.8241,110.5266
2004-06-10,130.9384,117.9999,115.9260,110.9898,110.5958
2004-06-11,130.9703,118.0574,116.0010,110.9770,110.5095
2004-06-12,130.9485,118.0378,115.9818,110.9586,110.4911
2004-06-13,130.9268,118.0182,115.9625,110.9402,110.4727
2004-06-14,130.4140,117.7633,115.7789,110.7794,110.2578
2004-06-15,130.0626,117.5532,115.6053,110.6185,110.0213
2004-06-16,129.4856,117.2254,115.4049,110.5513,110.0910
2004-06-17,129.8218,117.4230,115.5120,110.6039,110.1090
2004-06-18,130.2148,117.7002,115.7149,110.7147,110.1263
2004-06-19,130.1931,117.6807,115.6957,110.6963,110.1080
2004-06-20,130.1714,117.6611,115.6764,110.6779,110.0896
2004-06-21,130.6108,117.9998,115.9173,110.8368,110.0767
2004-06-22,130.8510,118.1423,116.0013,110.9179,110.1342
2004-06-23,130.2175,117.7554,115.7210,110.7431,110.0253
2004-06-24,130.2218,117.6891,115.5932,110.5769,109.8459
2004-06-25,130.6334,117.9706,115.7482,110.6254,109.7326
2004-06-26,130.6117,117.9509,115.7289,110.6070,109.7144
2004-06-27,130.5899,117.9313,115.7097,110.5886,109.6961
2004-06-28,130.5683,117.9118,115.6905,110.5702,109.6779
2004-06-29,131.4239,118.4346,116.0708,110.8126,109.8566
2004-06-30,131.5540,118.4512,115.9794,110.6802,109.6241
2004-07-01,131.5252,118.3898,115.9661,110.6607,109.6271
2004-07-02,131.5773,118.4215,115.9786,110.6623,109.6357
2004-07-03,131.5554,118.4018,115.9593,110.6439,109.6175
2004-07-04,131.5335,118.3821,115.9400,110.6255,109.5993
2004-07-05,131.4996,118.4043,116.0125,110.6960,109.6737
2004-07-06,131.2432,118.2793,115.9427,110.7087,109.7884
2004-07-07,131.3282,118.3872,116.1003,110.9010,110.0700
2004-07-08,131.1428,118.3411,116.1092,110.9418,110.1159
2004-07-09,131.1882,118.3945,116.1898,111.0118,110.1628
2004-07-10,131.1714,118.3792,116.1749,110.9975,110.1487
2004-07-11,131.1545,118.3640,116.1599,110.9832,110.1345
2004-07-12,131.4151,118.5563,116.3224,111.1048,110.2165
2004-07-13,131.1903,118.4745,116.3082,111.1340,110.2847
2004-07-14,131.5022,118.6542,116.4046,111.1572,110.2135
2004-07-15,131.0862,118.4492,116.2823,111.0813,110.1490
2004-07-16,130.6906,118.3083,116.1989,111.0769,110.2088
2004-07-17,130.6738,118.2931,116.1840,111.0626,110.1946
2004-07-18,130.6569,118.2778,116.1690,111.0483,110.1804
2004-07-19,130.3169,118.1236,116.0422,110.9705,110.1319
2004-07-20,130.9512,118.4994,116.3274,111.1491,110.3025
2004-07-21,130.7128,118.3562,116.2355,111.0996,110.3161
2004-07-22,131.1115,118.6211,116.4616,111.3134,110.5105
2004-07-23,130.3696,118.2979,116.2996,111.2752,110.6049
2004-07-24,130.3528,118.2826,116.2846,111.2608,110.5907
2004-07-25,130.3360,118.2674,116.2697,111.2465,110.5764
2004-07-26,130.0400,118.0809,116.1240,111.1691,110.5592
2004-07-27,130.2463,118.2715,116.3820,111.4284,110.9016
2004-07-28,129.9294,118.1794,116.4000,111.4688,110.9344
2004-07-29,129.6681,118.0769,116.3252,111.4348,110.8412
2004-07-30,129.3878,117.9671,116.2833,111.4536,110.9477
2004-07-31,129.3712,117.9519,116.2683,111.4393,110.9334
2004-08-01,129.3544,117.9367,116.2533,111.4249,110.9191
2004-08-02,130.3431,118.5139,116.6668,111.6561,111.0569
2004-08-03,130.7790,118.7691,116.8918,111.7354,111.0634
2004-08-04,130.3718,118.5496,116.7791,111.7289,111.1364
2004-08-05,130.5183,118.6525,116.8550,111.7801,111.1969
2004-08-06,130.1706,118.5058,116.7645,111.7492,111.1711
2004-08-07,130.1538,118.4905,116.7494,111.7348,111.1567
2004-08-08,130.1370,118.4753,116.7344,111.7204,111.1424
2004-08-09,129.9209,118.4162,116.7832,111.8358,111.3359
2004-08-10,129.4084,118.1830,116.6527,111.8172,111.4260
2004-08-11,129.3375,118.1739,116.6514,111.8468,111.4701
2004-08-12,130.0898,118.5892,116.9202,112.0014,111.5021
2004-08-13,130.0310,118.6322,117.0083,112.0667,111.5564
2004-08-14,130.0226,118.6246,117.0008,112.0595,111.5493
2004-08-15,130.0142,118.6169,116.9932,112.0522,111.5420
2004-08-16,129.7945,118.4978,116.9361,112.0069,111.4901
2004-08-17,129.4919,118.3645,116.8954,112.0885,111.7036
2004-08-18,129.9762,118.6753,117.0693,112.1827,111.6708
2004-08-19,131.0541,119.4106,117.6508,112.5860,111.9677
2004-08-20,131.4009,119.6022,117.7509,112.5953,111.8744
2004-08-21,131.3924,119.5945,117.7432,112.5880,111.8672
2004-08-22,131.3840,119.5868,117.7357,112.5808,111.8600
2004-08-23,131.9679,120.0031,118.0850,112.8688,112.1764
2004-08-24,131.7597,119.9515,118.0231,112.8552,112.1308
2004-08-25,131.3278,119.6560,117.7745,112.6734,112.0417
2004-08-26,132.1258,120.1581,118.1187,112.8894,112.1727
2004-08-27,132.6796,120.3699,118.2085,112.7795,111.8231
2004-08-28,132.6711,120.3621,118.2009,112.7723,111.8159
2004-08-29,132.6625,120.3543,118.1933,112.7650,111.8087
2004-08-30,132.5285,120.3439,118.2154,112.7766,111.7649
2004-08-31,133.5217,120.9870,118.7079,113.0914,111.9170
2004-09-01,132.9647,120.6462,118.4215,112.8681,111.6476
2004-09-02,133.6787,121.0292,118.6830,113.0101,111.6743
2004-09-03,133.8676,121.1246,118.7425,113.0389,111.7041
2004-09-04,133.8590,121.1168,118.7349,113.0317,111.6969
2004-09-05,133.8504,121.1090,118.7272,113.0244,111.6897
2004-09-06,133.8281,121.1130,118.7134,113.0644,111.7704
2004-09-07,133.6619,120.9395,118.4902,112.8285,111.4336
2004-09-08,133.9126,121.0282,118.5368,112.8112,111.3985
2004-09-09,133.5941,120.7787,118.3583,112.7273,111.4693
2004-09-10,133.1270,120.5087,118.1905,112.6971,111.5542
2004-09-11,133.1093,120.4927,118.1748,112.6821,111.5393
2004-09-12,133.0916,120.4767,118.1591,112.6671,111.5245
2004-09-13,133.4000,120.6217,118.2859,112.7944,111.7303
2004-09-14,133.4917,120.6264,118.1993,112.6313,111.4136
2004-09-15,134.1964,121.0719,118.4761,112.8033,111.4374
2004-09-16,134.5781,121.3876,118.7202,112.9603,111.4342
2004-09-17,134.5602,121.3714,118.7045,112.9453,111.4194
2004-09-18,134.5423,121.3553,118.6887,112.9303,111.4046
2004-09-19,134.5244,121.3391,118.6729,112.9152,111.3897
2004-09-20,134.1442,121.1956,118.5883,112.8825,111.3450
2004-09-21,134.7510,121.4879,118.7267,112.8681,111.1959
2004-09-22,135.5799,122.0117,119.1396,113.1318,111.3666
2004-09-23,135.6771,122.1474,119.2784,113.2528,111.4370
2004-09-24,135.0823,121.8025,119.0653,113.1502,111.4420
2004-09-25,135.0643,121.7863,119.0495,113.1351,111.4272
2004-09-26,135.0464,121.7701,119.0337,113.1201,111.4124
2004-09-27,134.9690,121.7470,119.0168,113.1028,111.3123
2004-09-28,134.9093,121.7485,119.0361,113.1527,111.3095
2004-09-29,133.9730,121.2392,118.7165,113.0221,111.3777
2004-09-30,134.8596,121.7039,118.9792,113.1029,111.3273
2004-10-01,135.8110,122.2459,119.3841,113.3401,111.4323
2004-10-02,135.7929,122.2296,119.3682,113.3250,111.4175
2004-10-03,135.7748,122.2133,119.3523,113.3099,111.4026
2004-10-04,135.8739,122.3466,119.4753,113.4159,111.4823
2004-10-05,136.9723,123.0389,119.8673,113.5476,111.2472
2004-10-06,137.6315,123.3646,120.0241,113.5466,111.0873
2004-10-07,137.6623,123.3815,120.0297,113.5880,111.1976
2004-10-08,137.9875,123.5224,120.1177,113.6090,111.1999
2004-10-09,137.9692,123.5059,120.1017,113.5939,111.1851
2004-10-10,137.9648,123.5020,120.0979,113.5903,111.1815
2004-10-11,137.9603,123.4980,120.0940,113.5866,111.1779
2004-10-12,136.8297,122.8336,119.6437,113.3512,111.1696
2004-10-13,136.6772,122.7043,119.5311,113.3097,111.2523
2004-10-14,136.7159,122.7621,119.6173,113.4312,111.4487
2004-10-15,136.4667,122.6128,119.6474,113.5339,111.7572
2004-10-16,136.4623,122.6089,119.6435,113.5302,111.7536
2004-10-17,136.4579,122.6049,119.6397,113.5266,111.7500
2004-10-18,135.9754,122.4227,119.6151,113.5685,111.7832
2004-10-19,135.8357,122.4038,119.6382,113.5764,111.7521
2004-10-20,136.7648,123.0015,120.0389,113.8199,111.8431
2004-10-21,137.4965,123.4140,120.3846,114.0470,112.0300
2004-10-22,136.1576,122.6816,119.9218,113.8062,111.8804
2004-10-23,136.1532,122.6777,119.9180,113.8026,111.8769
2004-10-24,136.1488,122.6737,119.9141,113.7989,111.8732
2004-10-25,136.6331,123.0263,120.1366,113.8999,111.8102
2004-10-26,137.7427,123.6860,120.6535,114.2848,112.1590
2004-10-27,136.7679,123.1148,120.3004,114.1151,112.1201
2004-10-28,136.8770,123.1624,120.2920,114.0547,111.9640
2004-10-29,138.4735,124.1105,120.9494,114.4387,112.2068
2004-10-30,138.4690,124.1064,120.9454,114.4350,112.2031
2004-10-31,138.4646,124.1025,120.9416,114.4313,112.1995
2004-11-01,138.4601,124.0985,120.9377,114.4276,112.1959
2004-11-02,138.7988,124.3604,121.1535,114.5317,112.1105
2004-11-03,138.4436,124.1857,120.9927,114.4292,111.9990
2004-11-04,139.2521,124.6196,121.2558,114.5333,112.0228
2004-11-05,139.5809,124.8086,121.3610,114.5884,112.0890
2004-11-06,139.5764,124.8046,121.3571,114.5846,112.0854
2004-11-07,139.5719,124.8006,121.3532,114.5810,112.0818
2004-11-08,140.3705,125.2308,121.6220,114.7106,112.1373
2004-11-09,140.5403,125.2860,121.6293,114.6919,112.1188
2004-11-10,140.6836,125.3453,121.6543,114.7176,112.1830
2004-11-11,140.0703,124.9559,121.3737,114.5226,111.9811
2004-11-12,140.3294,125.0395,121.3849,114.4915,111.9274
2004-11-13,140.3154,125.0271,121.3728,114.4801,111.9162
2004-11-14,140.3014,125.0146,121.3607,114.4687,111.9051
2004-11-15,140.1882,124.9177,121.2576,114.4005,111.8110
2004-11-16,140.3100,124.9688,121.2257,114.3284,111.7228
2004-11-17,140.9817,125.2908,121.4021,114.4066,111.8346
2004-11-18,140.6069,125.0953,121.2593,114.2816,111.6612
2004-11-19,140.5929,125.0829,121.2472,114.2702,111.6501
2004-11-20,140.5789,125.0704,121.2351,114.2588,111.6390
2004-11-21,140.5648,125.0578,121.2229,114.2473,111.6278
2004-11-22,141.3009,125.5233,121.5554,114.4608,111.8101
2004-11-23,141.6564,125.7213,121.7452,114.5777,111.9017
2004-11-24,140.6808,125.1991,121.4233,114.3892,111.7292
2004-11-25,141.2459,125.5152,121.6121,114.4435,111.7041
2004-11-26,141.9716,125.9502,121.9175,114.6074,111.8040
2004-11-27,141.9574,125.9377,121.9054,114.5960,111.7929
2004-11-28,141.9432,125.9250,121.8932,114.5845,111.7816
2004-11-29,142.0017,125.9744,121.9535,114.6123,111.7749
2004-11-30,142.4706,126.2485,122.1046,114.6995,111.8251
2004-12-01,142.6163,126.3369,122.1412,114.6887,111.7356
2004-12-02,142.5026,126.3109,122.1327,114.6625,111.6451
2004-12-03,142.8967,126.5462,122.2137,114.6258,111.4389
2004-12-04,142.8825,126.5336,122.2015,114.6143,111.4278
2004-12-05,142.8682,126.5209,122.1893,114.6029,111.4166
2004-12-06,143.4856,126.8635,122.4465,114.7971,111.6298
2004-12-07,143.2663,126.6992,122.3267,114.7314,111.6019
2004-12-08,143.2520,126.6866,122.3146,114.7200,111.5908
2004-12-09,143.2341,126.6787,122.3357,114.7661,111.6862
2004-12-10,143.1182,126.5723,122.2907,114.8186,111.8693
2004-12-11,143.1044,126.5600,122.2789,114.8075,111.8585
2004-12-12,143.0905,126.5478,122.2670,114.7965,111.8477
2004-12-13,142.0515,125.9173,121.9674,114.6807,111.8734
2004-12-14,141.0063,125.4030,121.6284,114.4635,111.6145
2004-12-15,140.6517,125.1811,121.3432,114.2387,111.3928
2004-12-16,142.3237,126.1358,121.8938,114.5220,111.5722
2004-12-17,142.2376,126.0998,121.8572,114.4949,111.5916
2004-12-18,142.2239,126.0877,121.8454,114.4838,111.5809
2004-12-19,142.2101,126.0754,121.8336,114.4727,111.5700
2004-12-20,142.5142,126.2189,121.9113,114.4755,111.5802
2004-12-21,141.0176,125.3512,121.2641,114.0610,111.2781
2004-12-22,142.1344,125.9715,121.6189,114.2415,111.4134
2004-12-23,142.7412,126.3592,121.8439,114.3794,111.4008
2004-12-24,142.7924,126.3723,121.8766,114.3633,111.3565
2004-12-25,142.7785,126.3600,121.8648,114.3522,111.3457
2004-12-26,142.7647,126.3478,121.8530,114.3412,111.3350
2004-12-27,142.6309,126.2531,121.7706,114.3147,111.3726
2004-12-28,143.0408,126.4226,121.8217,114.3062,111.3732
2004-12-29,142.7873,126.2514,121.6711,114.2162,111.3317
2004-12-30,143.3788,126.6451,121.9589,114.3827,111.4174
2004-12-31,143.4252,126.6201,121.9237,114.3330,111.3388
2005-01-01,143.4113,126.6079,121.9119,114.3219,111.3280
2005-01-02,143.3975,126.5956,121.9002,114.3108,111.3173
2005-01-03,143.4992,126.6488,121.9300,114.3096,111.2979
2005-01-04,144.1342,127.0252,122.1221,114.3710,111.2538
2005-01-05,144.2836,127.0433,122.1807,114.4281,111.3590
2005-01-06,142.9955,126.2602,121.7101,114.1695,111.2811
2005-01-07,141.2083,125.2234,121.0625,113.8182,111.1580
2005-01-08,141.1946,125.2112,121.0507,113.8072,111.1472
2005-01-09,141.1810,125.1992,121.0391,113.7962,111.1365
2005-01-10,140.7498,124.9347,120.8244,113.6844,111.1181
2005-01-11,141.1064,125.1760,120.9741,113.7587,111.1625
2005-01-12,141.3099,125.2038,120.9715,113.7500,111.1953
2005-01-13,141.2839,125.0824,120.9151,113.7248,111.2861
2005-01-14,140.8893,124.8667,120.7783,113.6418,111.2141
2005-01-15,140.9075,124.8828,120.7939,113.6565,111.2284
2005-01-16,140.9257,124.8990,120.8096,113.6712,111.2428
2005-01-17,141.9521,125.5433,121.2446,113.9327,111.3679
2005-01-18,142.6188,126.0128,121.6342,114.1923,111.4803
2005-01-19,143.3020,126.3673,121.9131,114.3755,111.6598
2005-01-20,142.6794,125.9786,121.6859,114.2487,111.6028
2005-01-21,143.2449,126.3869,121.9926,114.4477,111.6846
2005-01-22,143.2634,126.4033,122.0084,114.4625,111.6990
2005-01-23,143.2819,126.4196,122.0241,114.4773,111.7134
2005-01-24,142.1070,125.7997,121.6761,114.2896,111.6225
2005-01-25,141.9683,125.7370,121.6175,114.2870,111.6716
2005-01-26,143.0521,126.3869,122.0658,114.5863,111.8903
2005-01-27,143.1840,126.5555,122.2933,114.7636,112.0344
2005-01-28,144.1129,127.1814,122.7652,115.0530,112.1663
2005-01-29,144.1316,127.1979,122.7811,115.0679,112.1809
2005-01-30,144.1502,127.2143,122.7970,115.0827,112.1953
2005-01-31,144.4643,127.4536,122.9638,115.1741,112.1915
2005-02-01,144.4184,127.3909,122.8952,115.1011,112.0762
2005-02-02,145.0029,127.7896,123.1784,115.3172,112.1986
2005-02-03,145.2226,127.9324,123.2691,115.3815,112.2899
2005-02-04,144.8489,127.7141,123.0934,115.2618,112.1611
2005-02-05,144.8676,127.7306,123.1093,115.2767,112.1756
2005-02-06,144.8864,127.7471,123.1252,115.2916,112.1901
2005-02-07,145.1871,127.9612,123.2007,115.3394,112.2308
2005-02-08,146.0729,128.5370,123.5476,115.5147,112.2520
2005-02-09,146.9027,129.0756,123.9406,115.7448,112.3523
2005-02-10,146.9587,129.1654,124.0658,115.8455,112.4282
2005-02-11,146.0791,128.6436,123.7306,115.6714,112.4000
2005-02-12,146.0949,128.6574,123.7440,115.6839,112.4121
2005-02-13,146.1105,128.6712,123.7572,115.6963,112.4242
2005-02-14,146.0489,128.6124,123.6711,115.6415,112.4298
2005-02-15,146.6253,128.9506,123.8581,115.7514,112.5355
2005-02-16,147.2234,129.3097,124.0821,115.8864,112.6405
2005-02-17,147.7719,129.6695,124.3319,116.0716,112.8071
2005-02-18,147.2972,129.4119,124.1724,115.9910,112.7176
2005-02-19,147.3130,129.4258,124.1857,116.0035,112.7297
2005-02-20,147.3288,129.4397,124.1990,116.0159,112.7418
2005-02-21,147.6019,129.6006,124.2726,116.0419,112.7180
2005-02-22,147.8277,129.7620,124.3751,116.0924,112.7138
2005-02-23,147.8865,129.8321,124.4394,116.1248,112.7033
2005-02-24,148.4845,130.2435,124.7504,116.3446,112.8571
2005-02-25,148.6552,130.4255,124.9396,116.5055,112.9876
2005-02-26,148.6711,130.4395,124.9530,116.5180,112.9997
2005-02-27,148.6871,130.4535,124.9664,116.5305,113.0118
2005-02-28,150.5581,131.6060,125.7925,117.0102,113.2520
2005-03-01,150.4089,131.5962,125.8537,117.0490,113.1775
2005-03-02,151.8895,132.4523,126.4056,117.3683,113.3590
2005-03-03,152.8738,133.1045,126.9226,117.7099,113.5517
2005-03-04,151.9619,132.7049,126.7843,117.6900,113.4899
2005-03-05,151.9782,132.7192,126.7980,117.7026,113.5021
2005-03-06,151.9945,132.7334,126.8116,117.7152,113.5143
2005-03-07,152.6203,133.0768,127.0581,117.8206,113.5706
2005-03-08,152.7128,133.1651,127.1176,117.8488,113.5546
2005-03-09,153.6002,133.6605,127.4379,118.0277,113.6864
2005-03-10,154.3686,134.1751,127.8113,118.2834,113.8236
2005-03-11,153.5035,133.6847,127.5328,118.1370,113.7507
2005-03-12,153.5085,133.6890,127.5370,118.1409,113.7544
2005-03-13,153.5134,133.6933,127.5410,118.1447,113.7581
2005-03-14,152.4704,133.0583,127.1276,117.9540,113.7408
2005-03-15,152.8687,133.1557,127.1010,117.8990,113.7808
2005-03-16,151.9942,132.6228,126.7889,117.7607,113.7607
2005-03-17,151.8782,132.5904,126.8105,117.7523,113.7101
2005-03-18,151.0640,132.1802,126.5855,117.6913,113.7045
2005-03-19,151.0688,132.1845,126.5896,117.6951,113.7081
2005-03-20,151.0737,132.1888,126.5937,117.6989,113.7118
2005-03-21,150.4256,131.8991,126.3950,117.6005,113.6071
2005-03-22,151.3033,132.4685,126.7455,117.7832,113.6541
2005-03-23,150.4038,131.9992,126.4620,117.6850,113.5846
2005-03-24,150.3954,131.9592,126.4221,117.7016,113.7097
2005-03-25,150.4003,131.9635,126.4262,117.7054,113.7134
2005-03-26,150.4051,131.9677,126.4303,117.7092,113.7170
2005-03-27,150.4100,131.9720,126.4344,117.7130,113.7207
2005-03-28,149.0194,131.1603,125.9386,117.4701,113.6270
2005-03-29,149.5503,131.5855,126.3021,117.7566,113.8280
2005-03-30,149.3511,131.5690,126.3856,117.8262,113.8296
2005-03-31,148.6843,131.1300,126.0709,117.6784,113.8102
2005-04-01,149.1638,131.4350,126.2454,117.7552,113.8006
2005-04-02,149.1687,131.4393,126.2495,117.7590,113.8043
2005-04-03,149.1734,131.4435,126.2535,117.7628,113.8080
2005-04-04,149.7252,131.7750,126.4764,117.8948,113.8706
2005-04-05,150.1850,131.9756,126.6085,117.9691,114.0627
2005-04-06,149.5795,131.6457,126.4749,117.9690,114.1522
2005-04-07,149.8491,131.8524,126.6056,118.0462,114.0939
2005-04-08,149.7588,131.8526,126.5925,118.0224,113.9767
2005-04-09,149.7636,131.8568,126.5966,118.0262,113.9804
2005-04-10,149.7337,131.8305,126.5713,118.0027,113.9576
2005-04-11,150.5646,132.3651,126.8985,118.1960,114.0126
2005-04-12,150.4448,132.3166,126.8718,118.2077,114.0775
2005-04-13,150.8480,132.5961,127.0747,118.3621,114.1459
2005-04-14,150.4503,132.4070,126.9845,118.3611,114.1462
2005-04-15,150.5496,132.4541,127.0107,118.4348,114.3787
2005-04-16,150.5196,132.4276,126.9853,118.4111,114.3559
2005-04-17,150.4896,132.4012,126.9600,118.3875,114.3331
2005-04-18,149.1499,131.5730,126.5193,118.1783,114.3925
2005-04-19,148.5433,131.2482,126.4283,118.2023,114.6165
2005-04-20,146.9599,130.3377,125.8772,117.9456,114.5035
2005-04-21,148.1718,131.0749,126.3160,118.1579,114.5398
2005-04-22,148.1049,131.0171,126.2709,118.1651,114.6501
2005-04-23,148.0753,130.9909,126.2457,118.1415,114.6272
2005-04-24,148.0459,130.9649,126.2206,118.1180,114.6044
2005-04-25,148.0367,130.9734,126.2414,118.1283,114.6034
2005-04-26,148.2389,131.0700,126.2491,118.1258,114.6887
2005-04-27,148.9217,131.5038,126.6428,118.3968,115.0294
2005-04-28,148.2916,131.1193,126.4140,118.2676,115.0346
2005-04-29,147.8626,130.8073,126.1746,118.1535,115.0764
2005-04-30,147.8331,130.7812,126.1494,118.1300,115.0535
2005-05-01,147.8037,130.7551,126.1243,118.1064,115.0306
2005-05-02,146.7319,130.1047,125.7263,117.8648,114.9443
2005-05-03,146.9129,130.2632,125.8513,117.9344,114.9318
2005-05-04,147.1274,130.4149,125.9400,117.9817,114.9588
2005-05-05,147.3476,130.6040,126.0683,118.0976,115.0989
2005-05-06,148.2978,131.2193,126.4564,118.3698,115.2443
2005-05-07,148.2683,131.1931,126.4312,118.3462,115.2213
2005-05-08,148.2388,131.1670,126.4061,118.3226,115.1984
2005-05-09,148.1861,131.1372,126.3860,118.3063,115.2155
2005-05-10,149.2105,131.7702,126.8003,118.5462,115.3339
2005-05-11,149.2352,131.7549,126.8063,118.5241,115.3022
2005-05-12,148.6496,131.3472,126.5102,118.3110,115.2073
2005-05-13,147.7835,130.8235,126.1809,118.1314,115.0810
2005-05-14,147.7408,130.7858,126.1445,118.0973,115.0478
2005-05-15,147.6981,130.7480,126.1080,118.0631,115.0146
2005-05-16,146.9416,130.2449,125.7483,117.8604,115.0063
2005-05-17,146.7176,130.0313,125.6255,117.7498,114.9089
2005-05-18,146.4811,129.8790,125.5361,117.7146,114.9060
2005-05-19,147.0991,130.3194,125.8767,117.9676,115.0316
2005-05-20,147.4558,130.5257,125.9852,117.9478,114.8882
2005-05-21,147.4133,130.4881,125.9489,117.9138,114.8550
2005-05-22,147.3706,130.4503,125.9124,117.8797,114.8218
2005-05-23,147.3280,130.4126,125.8761,117.8456,114.7886
2005-05-24,148.5088,131.1376,126.3853,118.1789,115.0183
2005-05-25,147.8112,130.7077,126.0983,117.9605,114.8575
2005-05-26,148.0070,130.8227,126.1530,118.0038,114.8951
2005-05-27,148.0246,130.8153,126.1571,118.0014,114.8672
2005-05-28,147.9818,130.7775,126.1206,117.9673,114.8340
2005-05-29,147.9391,130.7398,126.0842,117.9332,114.8008
2005-05-30,148.1283,130.8984,126.2477,118.0394,114.8604
2005-05-31,148.5540,131.1511,126.3690,118.0924,114.8441
2005-06-01,148.9811,131.4108,126.5326,118.1943,114.9246
2005-06-02,149.0610,131.5113,126.6561,118.2999,115.0468
2005-06-03,149.4158,131.8227,126.9371,118.5009,115.1598
2005-06-04,149.3726,131.7846,126.9004,118.4666,115.1265
2005-06-05,149.3294,131.7465,126.8637,118.4323,115.0933
2005-06-06,150.1434,132.2847,127.2782,118.6844,115.1946
2005-06-07,151.2503,132.9898,127.7802,118.9755,115.3391
2005-06-08,150.4422,132.5379,127.5610,118.8839,115.3069
2005-06-09,150.2921,132.4525,127.4768,118.8252,115.2485
2005-06-10,150.7280,132.7064,127.6357,118.9195,115.3087
2005-06-11,150.7129,132.6931,127.6229,118.9076,115.2972
2005-06-12,150.6979,132.6799,127.6102,118.8958,115.2857
2005-06-13,150.5200,132.6435,127.6472,118.9736,115.3125
2005-06-14,150.6759,132.7565,127.7481,119.0254,115.2774
2005-06-15,150.3846,132.6251,127.6779,119.0224,115.2642
2005-06-16,151.0381,133.0050,127.9148,119.1512,115.3355
2005-06-17,151.2859,133.2308,128.0683,119.2301,115.2885
2005-06-18,151.2709,133.2175,128.0556,119.2182,115.2771
2005-06-19,151.2557,133.2042,128.0427,119.2063,115.2655
2005-06-20,151.8965,133.6122,128.3010,119.3339,115.3284
2005-06-21,152.6174,134.0227,128.5004,119.4369,115.3530
2005-06-22,152.0385,133.7362,128.3655,119.3964,115.3421
2005-06-23,152.4829,134.1150,128.6122,119.5727,115.3939
2005-06-24,152.9475,134.3989,128.7704,119.6838,115.4950
2005-06-25,152.9323,134.3855,128.7576,119.6719,115.4835
2005-06-26,152.9170,134.3721,128.7447,119.6599,115.4720
2005-06-27,152.9017,134.3586,128.7319,119.6479,115.4604
2005-06-28,152.1918,133.8991,128.4880,119.5256,115.5228
2005-06-29,151.5106,133.5193,128.2831,119.4547,115.5554
2005-06-30,151.8978,133.7924,128.4588,119.5365,115.5293
2005-07-01,152.0142,133.8190,128.4259,119.4675,115.4722
2005-07-02,151.9990,133.8056,128.4131,119.4556,115.4607
2005-07-03,151.9838,133.7923,128.4003,119.4437,115.4492
2005-07-04,151.4023,133.4297,128.1755,119.3456,115.4346
2005-07-05,152.1096,133.8276,128.4098,119.4506,115.4341
2005-07-06,151.9177,133.6994,128.3615,119.4231,115.4282
2005-07-07,152.1975,133.8641,128.4663,119.5231,115.5114
2005-07-08,152.2421,133.8620,128.4763,119.5137,115.5149
2005-07-09,152.2269,133.8486,128.4635,119.5017,115.5034
2005-07-10,152.2073,133.8314,128.4470,119.4864,115.4886
2005-07-11,151.5357,133.4830,128.2979,119.4289,115.5075
2005-07-12,152.4559,134.0137,128.5807,119.5429,115.5351
2005-07-13,153.1316,134.4011,128.8250,119.6570,115.5709
2005-07-14,153.7380,134.7731,129.0308,119.7774,115.5909
2005-07-15,153.9880,135.0064,129.2215,119.8832,115.6068
2005-07-16,153.9682,134.9889,129.2048,119.8677,115.5919
2005-07-17,153.9484,134.9716,129.1882,119.8523,115.5770
2005-07-18,153.9422,135.0166,129.2141,119.8837,115.5663
2005-07-19,153.3593,134.7032,129.0049,119.7984,115.5577
2005-07-20,153.4261,134.8159,129.0792,119.8813,115.5943
2005-07-21,154.8142,135.7123,129.6476,120.1898,115.6710
2005-07-22,154.4400,135.4691,129.4853,120.0843,115.5971
2005-07-23,154.4201,135.4516,129.4686,120.0689,115.5822
2005-07-24,154.4002,135.4342,129.4519,120.0534,115.5673
2005-07-25,154.6237,135.6169,129.5064,120.0991,115.5269
2005-07-26,155.3086,136.0985,129.8259,120.2925,115.5827
2005-07-27,154.6191,135.6998,129.5781,120.1954,115.5713
2005-07-28,154.8244,135.8763,129.6880,120.2531,115.5544
2005-07-29,155.6385,136.3830,130.0149,120.4299,115.5878
2005-07-30,155.6185,136.3654,129.9981,120.4143,115.5729
2005-07-31,155.5984,136.3478,129.9814,120.3988,115.5580
2005-08-01,156.1427,136.7052,130.2385,120.5464,115.5780
2005-08-02,156.5585,136.9795,130.4170,120.6448,115.6312
2005-08-03,157.2126,137.4389,130.7004,120.7727,115.5937
2005-08-04,158.1426,137.9728,131.0462,120.9222,115.6468
2005-08-05,157.1670,137.3798,130.6722,120.8131,115.8388
2005-08-06,157.1468,137.3621,130.6554,120.7976,115.8239
2005-08-07,157.1265,137.3445,130.6385,120.7820,115.8090
2005-08-08,155.7015,136.4549,130.0110,120.5014,115.7676
2005-08-09,155.9362,136.5377,129.9299,120.4190,115.7178
2005-08-10,156.5116,136.9340,130.2214,120.5869,115.7618
2005-08-11,156.4006,136.8226,130.1305,120.5155,115.7385
2005-08-12,156.5855,136.8271,130.0379,120.4324,115.7860
2005-08-13,156.5553,136.8007,130.0128,120.4092,115.7637
2005-08-14,156.5250,136.7743,129.9877,120.3859,115.7413
2005-08-15,156.4949,136.7479,129.9626,120.3627,115.7190
2005-08-16,156.3374,136.6635,129.9113,120.4011,115.8779
2005-08-17,155.4218,136.0901,129.5329,120.2238,115.8675
2005-08-18,155.2131,136.0166,129.4713,120.2540,115.9587
2005-08-19,155.9415,136.4380,129.7363,120.4062,116.0155
2005-08-20,155.9114,136.4117,129.7112,120.3830,115.9931
2005-08-21,155.8814,136.3854,129.6863,120.3598,115.9708
2005-08-22,155.8766,136.4188,129.8041,120.4703,116.1359
2005-08-23,154.7026,135.6896,129.4211,120.2497,116.1147
2005-08-24,155.9401,136.3897,129.7738,120.4145,116.1677
2005-08-25,156.5376,136.8639,130.1743,120.7043,116.3047
2005-08-26,155.0246,136.0319,129.7708,120.5136,116.2277
2005-08-27,154.9947,136.0057,129.7458,120.4903,116.2053
2005-08-28,154.9647,135.9794,129.7207,120.4670,116.1829
2005-08-29,155.4614,136.2967,129.9065,120.6147,116.3060
2005-08-30,155.5270,136.3461,129.9448,120.6819,116.4256
2005-08-31,154.5541,135.7237,129.5847,120.4928,116.4209
2005-09-01,154.4352,135.5821,129.4496,120.4139,116.4645
2005-09-02,155.6128,136.2220,129.8268,120.6062,116.5949
2005-09-03,155.5828,136.1957,129.8017,120.5829,116.5724
2005-09-04,155.5528,136.1694,129.7767,120.5596,116.5499
2005-09-05,155.6672,136.1943,129.7981,120.5757,116.5983
2005-09-06,156.3279,136.5160,129.8904,120.5686,116.5873
2005-09-07,156.4004,136.5518,129.9167,120.5804,116.5762
2005-09-08,157.3587,137.1362,130.2741,120.7198,116.4945
2005-09-09,156.3989,136.5805,129.9767,120.5677,116.3824
2005-09-10,156.3833,136.5669,129.9637,120.5557,116.3708
2005-09-11,156.3677,136.5533,129.9508,120.5437,116.3592
2005-09-12,157.1956,137.0414,130.1592,120.6575,116.4133
2005-09-13,157.9785,137.5513,130.5123,120.8347,116.3963
2005-09-14,158.4262,137.8653,130.7148,120.9530,116.3947
2005-09-15,157.6272,137.4113,130.4325,120.7684,116.2024
2005-09-16,157.7924,137.5295,130.4904,120.7700,116.1245
2005-09-17,157.7766,137.5157,130.4774,120.7579,116.1129
2005-09-18,157.7608,137.5020,130.4643,120.7458,116.1013
2005-09-19,157.7451,137.4883,130.4514,120.7338,116.0897
2005-09-20,157.7964,137.5236,130.4611,120.7452,116.0583
2005-09-21,158.9032,138.1942,130.8830,120.9741,116.1024
2005-09-22,159.3306,138.5483,131.1460,121.1388,116.1385
2005-09-23,159.7417,138.8563,131.3928,121.3151,116.2262
2005-09-24,159.7257,138.8424,131.3797,121.3029,116.2145
2005-09-25,159.7098,138.8285,131.3666,121.2908,116.2029
2005-09-26,159.3505,138.6311,131.2739,121.2416,116.1628
2005-09-27,159.4507,138.7285,131.3221,121.2231,116.0004
2005-09-28,159.8425,138.9157,131.4021,121.2508,115.9841
2005-09-29,159.7972,138.7710,131.2499,121.1185,115.8479
2005-09-30,159.6188,138.6650,131.1581,121.0608,115.8013
2005-10-01,159.6029,138.6512,131.1450,121.0487,115.7897
2005-10-02,159.5870,138.6373,131.1319,121.0366,115.7782
2005-10-03,159.7579,138.6860,131.0794,120.9725,115.6110
2005-10-04,160.2473,139.0274,131.2665,121.0780,115.5687
2005-10-05,160.8619,139.4791,131.5936,121.3303,115.7386
2005-10-06,160.9930,139.5235,131.5118,121.2185,115.4933
2005-10-07,159.6723,138.5907,130.8306,120.7573,115.2177
2005-10-08,159.6563,138.5769,130.8175,120.7453,115.2062
2005-10-09,159.6404,138.5631,130.8045,120.7332,115.1947
2005-10-10,159.5892,138.5186,130.7625,120.6945,115.1578
2005-10-11,158.0439,137.7252,130.3631,120.5101,115.1575
2005-10-12,157.5616,137.3943,130.1464,120.3191,114.8147
2005-10-13,158.3488,137.6337,130.1047,120.1459,114.5841
2005-10-14,157.9277,137.2938,129.8333,119.9507,114.4886
2005-10-15,157.8769,137.2497,129.7915,119.9122,114.4518
2005-10-16,157.8263,137.2057,129.7499,119.8737,114.4151
2005-10-17,156.4952,136.4519,129.3842,119.7164,114.5308
2005-10-18,155.3430,135.7852,129.0104,119.5169,114.4114
2005-10-19,155.5381,135.7808,128.8108,119.2203,113.8056
2005-10-20,155.1278,135.4337,128.4156,118.9123,113.5121
2005-10-21,153.4427,134.4499,127.8207,118.5674,113.2616
2005-10-22,153.3935,134.4068,127.7797,118.5294,113.2253
2005-10-23,153.3442,134.3636,127.7386,118.4913,113.1890
2005-10-24,153.5983,134.4076,127.7125,118.4607,113.2912
2005-10-25,154.0707,134.6611,127.9704,118.6455,113.6291
2005-10-26,154.6606,134.9952,128.2079,118.7137,113.5170
2005-10-27,155.1311,135.1680,128.2611,118.6453,113.3474
2005-10-28,154.7719,134.8489,127.9921,118.3525,113.1102
2005-10-29,154.7222,134.8057,127.9510,118.3145,113.0739
2005-10-30,154.6726,134.7624,127.9100,118.2765,113.0376
2005-10-31,152.6904,133.4506,126.9028,117.6286,112.5844
2005-11-01,152.6414,133.4078,126.8621,117.5909,112.5483
2005-11-02,152.8629,133.4507,126.8085,117.5302,112.5056
2005-11-03,155.2835,134.8123,127.5022,117.7288,112.2547
2005-11-04,155.9042,135.0120,127.5052,117.5082,111.7670
2005-11-05,155.8541,134.9687,127.4643,117.4705,111.7312
2005-11-06,155.8040,134.9253,127.4234,117.4327,111.6953
2005-11-07,155.3390,134.6074,127.2283,117.4052,111.8897
2005-11-08,154.4568,133.8719,126.6391,117.0920,111.8469
2005-11-09,154.5197,133.7071,126.3516,116.8456,111.7044
2005-11-10,153.5857,133.1307,126.0424,116.8358,111.9504
2005-11-11,154.3596,133.6232,126.2846,116.9142,111.8660
2005-11-12,154.3339,133.6010,126.2636,116.8948,111.8474
2005-11-13,154.3083,133.5788,126.2427,116.8754,111.8289
2005-11-14,153.7333,133.2977,126.0990,116.8655,111.8969
2005-11-15,154.8671,133.9875,126.4773,117.0705,111.8952
2005-11-16,154.0909,133.5377,126.2648,117.0406,112.0098
2005-11-17,153.8476,133.3872,126.1287,116.9748,112.0186
2005-11-18,154.4625,133.7892,126.3706,117.0267,111.8720
2005-11-19,154.4368,133.7670,126.3496,117.0073,111.8534
2005-11-20,154.4112,133.7447,126.3286,116.9879,111.8348
2005-11-21,156.3190,134.9136,127.0426,117.3698,111.9192
2005-11-22,156.1952,134.8673,127.0403,117.3110,111.7704
2005-11-23,156.6794,135.0275,127.0657,117.3155,111.8083
2005-11-24,156.1415,134.7535,126.9250,117.2661,111.7916
2005-11-25,157.0281,135.2672,127.2062,117.3966,111.7938
2005-11-26,157.0021,135.2447,127.1851,117.3772,111.7752
2005-11-27,156.9760,135.2222,127.1639,117.3576,111.7566
2005-11-28,156.6111,134.9387,127.0095,117.3462,111.9049
2005-11-29,156.7748,134.9958,126.9887,117.2644,111.7490
2005-11-30,156.2007,134.5569,126.6174,117.0130,111.6353
2005-12-01,156.1357,134.4379,126.4642,116.9108,111.4846
2005-12-02,155.5039,134.0689,126.2769,116.8266,111.5227
2005-12-03,155.4781,134.0466,126.2559,116.8072,111.5042
2005-12-04,155.4522,134.0244,126.2349,116.7878,111.4857
2005-12-05,156.2221,134.5544,126.5956,117.0423,111.6142
2005-12-06,157.7757,135.4616,127.1157,117.3044,111.6732
2005-12-07,157.2699,135.0934,126.9016,117.1713,111.6573
2005-12-08,157.2437,135.0710,126.8805,117.1518,111.6387
2005-12-09,157.2231,135.0096,126.8023,117.0850,111.6226
2005-12-10,157.2332,135.0183,126.8105,117.0925,111.6298
2005-12-11,157.2433,135.0270,126.8187,117.1001,111.6370
2005-12-12,158.0741,135.3750,126.9608,117.1471,111.7105
2005-12-13,156.9689,134.7420,126.6546,116.9545,111.6394
2005-12-14,157.3382,134.8478,126.6479,116.9161,111.6789
2005-12-15,158.5838,135.5227,127.0445,117.1847,111.9444
2005-12-16,158.3041,135.3229,127.0504,117.2409,112.2065
2005-12-17,158.3143,135.3316,127.0586,117.2485,112.2137
2005-12-18,158.3245,135.3404,127.0668,117.2561,112.2209
2005-12-19,158.6950,135.6650,127.3277,117.4310,112.2893
2005-12-20,158.6715,135.7614,127.4413,117.5162,112.2627
2005-12-21,157.4665,135.0142,126.9801,117.2940,112.2611
2005-12-22,156.9393,134.6459,126.6928,117.1649,112.3108
2005-12-23,158.6043,135.5254,127.1292,117.3396,112.3465
2005-12-24,158.6145,135.5342,127.1374,117.3471,112.3538
2005-12-25,158.6248,135.5429,127.1456,117.3547,112.3610
2005-12-26,158.9370,135.7381,127.3060,117.4312,112.3306
2005-12-27,158.9332,135.7991,127.3900,117.4903,112.3796
2005-12-28,158.9832,135.7300,127.2775,117.3934,112.2464
2005-12-29,158.7546,135.6504,127.2951,117.4490,112.3530
2005-12-30,158.7971,135.7270,127.3804,117.5663,112.4891
2005-12-31,158.8074,135.7357,127.3886,117.5739,112.4964
2006-01-01,158.8176,135.7445,127.3968,117.5815,112.5037
2006-01-02,159.2678,136.0754,127.6118,117.7116,112.5315
2006-01-03,159.2825,136.1246,127.7206,117.8408,112.6728
2006-01-04,159.8218,136.3035,127.8823,117.8794,112.8235
2006-01-05,161.6644,137.4221,128.5311,118.1531,112.7677
2006-01-06,163.5465,138.6560,129.3580,118.5810,112.8103
2006-01-07,163.5571,138.6650,129.3663,118.5887,112.8176
2006-01-08,163.5677,138.6739,129.3747,118.5963,112.8248
2006-01-09,164.9682,139.5306,130.0035,118.9431,112.9059
2006-01-10,165.7864,140.0926,130.4106,119.2211,113.1054
2006-01-11,166.5750,140.5246,130.7178,119.4050,113.2711
2006-01-12,166.3196,140.3444,130.6119,119.3547,113.2477
2006-01-13,166.8589,140.7781,130.9273,119.5816,113.3734
2006-01-14,166.8751,140.7917,130.9400,119.5932,113.3843
2006-01-15,166.8912,140.8053,130.9527,119.6048,113.3953
2006-01-16,167.6980,141.2780,131.3359,119.8356,113.6241
2006-01-17,167.5691,141.2066,131.3158,119.8438,113.6649
2006-01-18,167.7544,141.2780,131.4344,119.9449,113.8805
2006-01-19,167.0809,140.8985,131.3032,119.9484,114.0935
2006-01-20,165.8577,140.2834,131.0083,119.9288,114.2000
2006-01-21,165.8738,140.2970,131.0210,119.9404,114.2110
2006-01-22,165.8899,140.3106,131.0337,119.9521,114.2221
2006-01-23,167.3138,141.1583,131.5314,120.1967,114.2781
2006-01-24,167.2809,141.0867,131.4717,120.1289,114.2639
2006-01-25,166.3803,140.4969,131.0700,119.9585,114.3019
2006-01-26,167.2483,141.0681,131.4182,120.1674,114.3668
2006-01-27,168.5133,141.8745,132.0065,120.4858,114.4182
2006-01-28,168.5297,141.8883,132.0193,120.4975,114.4293
2006-01-29,168.5460,141.9020,132.0322,120.5092,114.4404
2006-01-30,169.2827,142.4812,132.4258,120.7663,114.4414
2006-01-31,170.3663,143.1541,132.8318,120.9835,114.5435
2006-02-01,170.9025,143.4705,133.0463,121.1112,114.5506
2006-02-02,171.0209,143.6058,133.2169,121.2267,114.6373
2006-02-03,171.1739,143.6860,133.2893,121.2635,114.6502
2006-02-04,171.1905,143.6999,133.3023,121.2752,114.6614
2006-02-05,171.2072,143.7139,133.3152,121.2870,114.6725
2006-02-06,170.4735,143.2861,133.0260,121.1758,114.6942
2006-02-07,169.2854,142.6831,132.6577,121.0345,114.6862
2006-02-08,170.1365,143.1166,132.9069,121.1043,114.6763
2006-02-09,169.8249,142.9425,132.8377,121.0651,114.6533
2006-02-10,169.0115,142.4904,132.5505,120.9470,114.5951
2006-02-11,169.0054,142.4853,132.5458,120.9427,114.5911
2006-02-12,168.9994,142.4802,132.5410,120.9384,114.5870
2006-02-13,169.5802,142.9058,132.8173,121.1054,114.6393
2006-02-14,169.9225,143.1084,132.9857,121.1672,114.5904
2006-02-15,168.9517,142.4798,132.5397,120.9373,114.4634
2006-02-16,169.0075,142.4806,132.4947,120.9094,114.4611
2006-02-17,168.8593,142.4139,132.4340,120.8923,114.5289
2006-02-18,168.8534,142.4089,132.4294,120.8880,114.5248
2006-02-19,168.8474,142.4038,132.4246,120.8837,114.5207
2006-02-20,169.0471,142.4851,132.3766,120.9077,114.5977
2006-02-21,169.6558,142.8349,132.6313,121.0695,114.7289
2006-02-22,169.4497,142.7185,132.5639,121.0943,114.8276
2006-02-23,169.9902,143.1507,132.9072,121.3026,114.9416
2006-02-24,170.3020,143.4354,133.0879,121.4303,114.9134
2006-02-25,170.2959,143.4303,133.0831,121.4259,114.9093
2006-02-26,170.2898,143.4252,133.0784,121.4216,114.9052
2006-02-27,170.8822,143.8175,133.3708,121.5780,114.9325
2006-02-28,171.5922,144.3128,133.7370,121.7705,114.9818
2006-03-01,172.6081,144.9456,134.1144,121.9453,114.8947
2006-03-02,171.3642,144.1879,133.6404,121.6936,114.8683
2006-03-03,171.9937,144.4947,133.8228,121.7603,114.9088
2006-03-04,171.9876,144.4895,133.8180,121.7560,114.9047
2006-03-05,171.9814,144.4843,133.8133,121.7516,114.9006
2006-03-06,172.3006,144.6556,133.9503,121.8085,114.9225
2006-03-07,172.3176,144.7439,134.0732,121.8922,114.9541
2006-03-08,171.9620,144.5602,133.9908,121.8170,114.8907
2006-03-09,170.7581,143.8228,133.5325,121.5574,114.8354
2006-03-10,168.9689,142.7596,132.8920,121.3042,114.8243
2006-03-11,168.9743,142.7642,132.8963,121.3081,114.8280
2006-03-12,168.9798,142.7689,132.9006,121.3120,114.8317
2006-03-13,169.1190,142.8614,132.9522,121.2844,114.7940
2006-03-14,169.9009,143.3628,133.2899,121.4448,114.7965
2006-03-15,170.8678,143.9201,133.5742,121.5657,114.7460
2006-03-16,171.3580,144.2691,133.8043,121.7287,114.8139
2006-03-17,172.4593,144.9330,134.2206,121.9531,114.9170
2006-03-18,172.4649,144.9377,134.2249,121.9571,114.9207
2006-03-19,172.4705,144.9424,134.2293,121.9610,114.9244
2006-03-20,173.0696,145.3913,134.5558,122.1389,114.9717
2006-03-21,173.8587,145.8611,134.8854,122.2994,114.9841
2006-03-22,174.1074,146.0329,135.0234,122.3637,114.9575
2006-03-23,173.3001,145.5556,134.7281,122.2413,114.9745
2006-03-24,172.8166,145.3043,134.5563,122.2052,115.0232
2006-03-25,172.8222,145.3090,134.5606,122.2091,115.0269
2006-03-26,172.8277,145.3136,134.5649,122.2130,115.0306
2006-03-27,173.4665,145.7199,134.9118,122.4253,115.1479
2006-03-28,173.9282,146.0193,135.1067,122.5215,115.1640
2006-03-29,173.8479,145.9727,135.1038,122.5294,115.2226
2006-03-30,173.1437,145.6441,134.9239,122.4895,115.2706
2006-03-31,173.8795,146.1297,135.1178,122.5816,115.2432
2006-04-01,173.8850,146.1344,135.1221,122.5855,115.2469
2006-04-02,173.8907,146.1391,135.1265,122.5895,115.2506
2006-04-03,174.1601,146.2903,135.1896,122.6249,115.2807
2006-04-04,174.6556,146.5643,135.3567,122.7310,115.3982
2006-04-05,175.4203,146.9629,135.5125,122.7545,115.3456
2006-04-06,176.0285,147.3279,135.7304,122.8924,115.3865
2006-04-07,176.3179,147.5162,135.8131,122.9615,115.4758
2006-04-08,176.3236,147.5209,135.8175,122.9655,115.4796
2006-04-09,176.3294,147.5257,135.8219,122.9695,115.4833
2006-04-10,176.5712,147.7160,135.9407,123.0415,115.4873
2006-04-11,175.9708,147.3009,135.6618,122.9368,115.5235
2006-04-12,175.5840,147.0243,135.4574,122.8408,115.5573
2006-04-13,174.4159,146.3063,134.9673,122.6132,115.5781
2006-04-14,174.3811,146.2771,134.9404,122.5887,115.5550
2006-04-15,174.3464,146.2480,134.9135,122.5643,115.5320
2006-04-16,174.3116,146.2188,134.8866,122.5399,115.5090
2006-04-17,174.3497,146.2738,135.0202,122.6784,115.6216
2006-04-18,174.5571,146.4099,135.0756,122.7086,115.6132
2006-04-19,175.2381,146.8693,135.3348,122.8153,115.5987
2006-04-20,177.1022,147.9845,136.0445,123.1248,115.5581
2006-04-21,178.2872,148.6972,136.5602,123.3666,115.5513
2006-04-22,178.2516,148.6676,136.5329,123.3420,115.5282
2006-04-23,178.2161,148.6379,136.5057,123.3174,115.5052
2006-04-24,178.6248,148.9389,136.6835,123.4163,115.5204
2006-04-25,179.0857,149.2395,136.8959,123.5280,115.4996
2006-04-26,178.8706,149.1283,136.8468,123.5011,115.4617
2006-04-27,178.9095,149.1324,136.8484,123.4718,115.3932
2006-04-28,179.5976,149.4929,137.0673,123.5564,115.3912
2006-04-29,179.5619,149.4631,137.0400,123.5318,115.3683
2006-04-30,179.5260,149.4333,137.0127,123.5071,115.3452
2006-05-01,179.4903,149.4035,136.9854,123.4826,115.3223
2006-05-02,178.7347,148.9490,136.6481,123.3523,115.3621
2006-05-03,179.3411,149.2760,136.8403,123.3994,115.3514
2006-05-04,180.2577,149.7710,137.1044,123.4248,115.1209
2006-05-05,180.5809,149.9767,137.1954,123.4716,115.1933
2006-05-06,180.5449,149.9468,137.1680,123.4470,115.1703
2006-05-07,180.5089,149.9169,137.1407,123.4224,115.1474
2006-05-08,181.0752,150.2766,137.3547,123.5302,115.1724
2006-05-09,182.1832,151.0473,137.8680,123.8238,115.2512
2006-05-10,183.3999,151.7754,138.3479,124.0145,115.1795
2006-05-11,183.2179,151.6217,138.1713,123.8891,115.1015
2006-05-12,182.8757,151.4125,138.0340,123.8054,115.0932
2006-05-13,182.8404,151.3833,138.0074,123.7815,115.0710
2006-05-14,182.8052,151.3541,137.9807,123.7576,115.0488
2006-05-15,181.7891,150.6760,137.6053,123.5939,115.0328
2006-05-16,180.3677,149.8089,137.1351,123.3703,115.0823
2006-05-17,177.1710,147.9155,135.9343,122.8369,115.0418
2006-05-18,176.9700,147.7625,135.8480,122.7701,115.0262
2006-05-19,175.7606,146.8704,135.2721,122.4695,115.0625
2006-05-20,175.7267,146.8420,135.2459,122.4459,115.0403
2006-05-21,175.6928,146.8137,135.2198,122.4223,115.0181
2006-05-22,173.4263,145.3778,134.3993,122.0982,115.1248
2006-05-23,172.9060,145.0127,134.2671,122.0516,115.1803
2006-05-24,170.2756,143.4924,133.2915,121.6115,115.1130
2006-05-25,170.2882,143.5114,133.3471,121.5743,115.0607
2006-05-26,169.3541,142.9013,132.9126,121.3923,115.0468
2006-05-27,169.3214,142.8737,132.8870,121.3689,115.0246
2006-05-28,169.2887,142.8462,132.8613,121.3454,115.0024
2006-05-29,169.8252,143.2675,133.0731,121.4719,115.0310
2006-05-30,171.7507,144.4026,133.8114,121.8572,115.1006
2006-05-31,172.4338,144.7220,134.0172,121.8712,115.0361
2006-06-01,170.5039,143.5154,133.2981,121.5374,115.0318
2006-06-02,170.4033,143.5805,133.3749,121.6084,115.0538
2006-06-03,170.3704,143.5528,133.3492,121.5849,115.0316
2006-06-04,170.3375,143.5251,133.3235,121.5614,115.0093
2006-06-05,171.1870,144.1132,133.7020,121.7764,115.0897
2006-06-06,172.3441,144.8074,134.1834,121.9934,115.1365
2006-06-07,171.3517,144.1392,133.7723,121.8057,115.1066
2006-06-08,169.5540,142.9585,133.1243,121.5070,115.0652
2006-06-09,167.3818,141.4966,132.2017,121.0368,115.0400
2006-06-10,167.3706,141.4871,132.1929,121.0287,115.0324
2006-06-11,167.3596,141.4778,132.1842,121.0207,115.0247
2006-06-12,167.3484,141.4683,132.1753,121.0126,115.0171
2006-06-13,165.3714,140.3186,131.4184,120.6954,114.9976
2006-06-14,163.4619,138.9557,130.6038,120.2599,114.9921
2006-06-15,160.4512,136.9203,129.1275,119.4539,114.7020
2006-06-16,161.0064,137.3633,129.4298,119.6386,114.7845
2006-06-17,160.9957,137.3542,129.4212,119.6307,114.7768
2006-06-18,160.9849,137.3450,129.4126,119.6227,114.7692
2006-06-19,163.9629,139.3534,130.7126,120.2799,114.8617
2006-06-20,164.8682,139.8973,131.1532,120.4865,114.8963
2006-06-21,164.5291,139.6648,131.0557,120.4680,114.9716
2006-06-22,164.2666,139.5722,130.9947,120.4576,114.9715
2006-06-23,165.1633,140.1547,131.3714,120.6103,114.9451
2006-06-24,165.1523,140.1454,131.3626,120.6022,114.9374
2006-06-25,165.1413,140.1360,131.3539,120.5942,114.9298
2006-06-26,165.1303,140.1268,131.3452,120.5862,114.9222
2006-06-27,165.4921,140.3665,131.5291,120.6864,114.9610
2006-06-28,165.7722,140.5630,131.6116,120.7148,114.9459
2006-06-29,165.4730,140.3614,131.5065,120.6708,114.9319
2006-06-30,166.3858,140.9751,131.8973,120.8258,115.0475
2006-07-01,166.3747,140.9657,131.8885,120.8177,115.0398
2006-07-02,166.3636,140.9563,131.8797,120.8097,115.0321
2006-07-03,168.7571,142.5434,132.8106,121.2584,115.0904
2006-07-04,170.0565,143.3539,133.3583,121.5613,115.2479
2006-07-05,171.3353,144.1796,133.9076,121.8506,115.2908
2006-07-06,171.5825,144.2601,133.9103,121.8172,115.2665
2006-07-07,170.3621,143.5101,133.4716,121.6684,115.3193
2006-07-08,170.3508,143.5006,133.4628,121.6602,115.3117
2006-07-09,170.3394,143.4910,133.4539,121.6521,115.3040
2006-07-10,170.5003,143.6039,133.5202,121.6772,115.3682
2006-07-11,170.4940,143.5475,133.4649,121.6542,115.3917
2006-07-12,170.7541,143.6333,133.5183,121.6676,115.3941
2006-07-13,170.3474,143.4363,133.4301,121.6680,115.4549
2006-07-14,169.7432,143.0580,133.2523,121.6035,115.4850
2006-07-15,169.7105,143.0304,133.2266,121.5800,115.4628
2006-07-16,169.6777,143.0028,133.2009,121.5566,115.4405
2006-07-17,167.8094,141.8272,132.5772,121.3617,115.6849
2006-07-18,166.5283,141.0425,132.1190,121.1752,115.7467
2006-07-19,165.3645,140.3145,131.6278,120.9529,115.7798
2006-07-20,165.2790,140.3257,131.6998,121.0309,115.8471
2006-07-21,166.6565,141.2215,132.2537,121.3169,115.8526
2006-07-22,166.6243,141.1943,132.2282,121.2935,115.8302
2006-07-23,166.5922,141.1670,132.2027,121.2701,115.8079
2006-07-24,167.5705,141.7768,132.6121,121.4791,115.9639
2006-07-25,166.8508,141.3515,132.3845,121.4058,115.9851
2006-07-26,167.8387,141.9681,132.7504,121.5790,115.9737
2006-07-27,168.9181,142.6520,133.2220,121.8070,115.9873
2006-07-28,169.4421,143.0422,133.5017,122.0022,116.0675
2006-07-29,169.4094,143.0146,133.4759,121.9787,116.0451
2006-07-30,169.3767,142.9870,133.4502,121.9551,116.0227
2006-07-31,170.2966,143.6104,133.9061,122.2257,116.1734
2006-08-01,171.0736,144.1008,134.2080,122.3514,116.1833
2006-08-02,171.3257,144.2014,134.2633,122.3320,116.1798
2006-08-03,170.6197,143.7888,134.0237,122.2567,116.2215
2006-08-04,171.2696,144.2292,134.3660,122.4711,116.3769
2006-08-05,171.2364,144.2013,134.3400,122.4474,116.3544
2006-08-06,171.2034,144.1735,134.3141,122.4238,116.3320
2006-08-07,171.4803,144.3825,134.4837,122.6036,116.4865
2006-08-08,171.9414,144.6558,134.6940,122.7296,116.5589
2006-08-09,171.8621,144.6202,134.7093,122.7511,116.6031
2006-08-10,172.1107,144.8050,134.8493,122.8300,116.6592
2006-08-11,172.2984,144.9206,134.9728,122.9111,116.7112
2006-08-12,172.2707,144.8973,134.9511,122.8913,116.6924
2006-08-13,172.2430,144.8740,134.9294,122.8715,116.6737
2006-08-14,171.6917,144.5201,134.6879,122.7840,116.7117
2006-08-15,171.6640,144.4968,134.6662,122.7642,116.6929
2006-08-16,171.4958,144.3964,134.6551,122.8114,116.9326
2006-08-17,172.6676,145.1874,135.0701,123.0225,116.9985
2006-08-18,172.9770,145.3776,135.1158,123.0219,116.9758
2006-08-19,172.9492,145.3542,135.0941,123.0021,116.9570
2006-08-20,172.9215,145.3309,135.0724,122.9823,116.9382
2006-08-21,173.2916,145.5495,135.1984,123.0202,116.9093
2006-08-22,172.8358,145.2573,134.9667,122.8925,116.8594
2006-08-23,172.4423,145.0761,134.8777,122.8671,116.8677
2006-08-24,172.7229,145.2346,134.9948,122.9397,116.8545
2006-08-25,172.0283,144.7995,134.7563,122.8516,116.8602
2006-08-26,172.0006,144.7762,134.7346,122.8319,116.8413
2006-08-27,171.9729,144.7529,134.7129,122.8121,116.8225
2006-08-28,171.7727,144.6308,134.6893,122.8390,116.9017
2006-08-29,171.8361,144.6812,134.7355,122.8669,116.9057
2006-08-30,172.3150,145.0323,134.9743,122.9884,116.9327
2006-08-31,173.0296,145.4800,135.2649,123.1184,116.9229
2006-09-01,173.5317,145.8345,135.5431,123.2761,116.9277
2006-09-02,173.5038,145.8110,135.5213,123.2563,116.9089
2006-09-03,173.4759,145.7876,135.4995,123.2365,116.8901
2006-09-04,173.8428,146.1083,135.7711,123.4387,117.0132
2006-09-05,174.5181,146.5832,136.0310,123.5885,117.1312
2006-09-06,174.9781,146.8259,136.1853,123.6606,117.1426
2006-09-07,175.0729,146.8468,136.2470,123.6998,117.1536
2006-09-08,173.7046,145.9943,135.7327,123.4910,117.1737
2006-09-09,173.6766,145.9707,135.7108,123.4711,117.1548
2006-09-10,173.6593,145.9562,135.6973,123.4588,117.1431
2006-09-11,172.9498,145.5900,135.4914,123.4134,117.2599
2006-09-12,172.8315,145.4909,135.4298,123.3951,117.2799
2006-09-13,171.5386,144.7165,134.9251,123.1777,117.2561
2006-09-14,172.0347,145.0580,135.1380,123.2710,117.2670
2006-09-15,173.1654,145.7898,135.6371,123.5229,117.3290
2006-09-16,173.1481,145.7752,135.6235,123.5106,117.3172
2006-09-17,173.1308,145.7607,135.6100,123.4983,117.3056
2006-09-18,173.1135,145.7461,135.5964,123.4859,117.2938
2006-09-19,173.0963,145.7316,135.5829,123.4736,117.2821
2006-09-20,173.1229,145.8069,135.6815,123.5945,117.4038
2006-09-21,173.6082,146.0608,135.8189,123.6094,117.3828
2006-09-22,174.1113,146.4188,136.0848,123.7433,117.3545
2006-09-23,174.0939,146.4041,136.0711,123.7309,117.3427
2006-09-24,174.0765,146.3896,136.0576,123.7186,117.3311
2006-09-25,173.4692,145.9912,135.7878,123.5810,117.3160
2006-09-26,172.5434,145.4770,135.5270,123.5094,117.3495
2006-09-27,172.6725,145.6594,135.6789,123.6368,117.3649
2006-09-28,174.1035,146.6231,136.3058,123.9419,117.3228
2006-09-29,174.7013,146.9808,136.5398,124.0417,117.3487
2006-09-30,174.6839,146.9662,136.5262,124.0293,117.3370
2006-10-01,174.6664,146.9515,136.5126,124.0169,117.3253
2006-10-02,174.8688,147.1158,136.6371,124.0988,117.3625
2006-10-03,174.8171,147.1079,136.6020,124.0756,117.3599
2006-10-04,174.7573,147.0422,136.5532,124.0353,117.3895
2006-10-05,174.5409,147.0161,136.6521,124.1716,117.4466
2006-10-06,175.6874,147.8214,137.2261,124.5227,117.5204
2006-10-07,175.6698,147.8066,137.2124,124.5102,117.5087
2006-10-08,175.6523,147.7918,137.1987,124.4978,117.4969
2006-10-09,175.6347,147.7771,137.1850,124.4853,117.4852
2006-10-10,176.3202,148.2240,137.4991,124.6887,117.5801
2006-10-11,176.1746,148.1930,137.4946,124.6946,117.5837
2006-10-12,176.6164,148.5184,137.7130,124.8353,117.6018
2006-10-13,176.5949,148.5472,137.7234,124.8470,117.6011
2006-10-14,176.5949,148.5472,137.7234,124.8470,117.6011
2006-10-15,176.5949,148.5472,137.7234,124.8470,117.6011
2006-10-16,177.3047,149.0089,137.9979,124.9889,117.7180
2006-10-17,177.9067,149.4068,138.2367,125.1063,117.7626
2006-10-18,178.2521,149.5830,138.3503,125.1514,117.7794
2006-10-19,177.6618,149.2923,138.1911,125.1601,117.8394
2006-10-20,178.3047,149.7286,138.4869,125.3139,117.8685
2006-10-21,178.3047,149.7286,138.4869,125.3139,117.8685
2006-10-22,178.3047,149.7286,138.4869,125.3139,117.8685
2006-10-23,178.3466,149.7344,138.4840,125.3236,117.9332
2006-10-24,178.3206,149.7211,138.4692,125.3224,117.9421
2006-10-25,178.6773,149.9726,138.6414,125.4457,117.9555
2006-10-26,179.0806,150.3325,138.9216,125.6549,118.0980
2006-10-27,179.8058,150.8133,139.2700,125.8968,118.2726
2006-10-28,179.8058,150.8133,139.2700,125.8968,118.2726
2006-10-29,179.8058,150.8133,139.2700,125.8968,118.2726
2006-10-30,180.3164,151.1432,139.5407,126.1215,118.5518
2006-10-31,179.9692,151.0030,139.6083,126.2985,118.9003
2006-11-01,179.9692,151.0030,139.6083,126.2985,118.9003
2006-11-02,179.2589,150.5628,139.3085,126.1368,118.8559
2006-11-03,179.9526,150.9743,139.6238,126.2704,118.8381
2006-11-04,179.9526,150.9743,139.6238,126.2704,118.8381
2006-11-05,179.9526,150.9743,139.6238,126.2704,118.8381
2006-11-06,179.7923,150.8242,139.4816,126.1828,118.8488
2006-11-07,179.9178,150.8578,139.4598,126.1618,118.8480
2006-11-08,181.1900,151.7309,140.0547,126.4727,118.8637
2006-11-09,182.0353,152.3050,140.4952,126.6965,118.8678
2006-11-10,182.3250,152.6160,140.8077,126.9259,118.8716
2006-11-11,182.3433,152.6313,140.8219,126.9387,118.8835
2006-11-12,182.3616,152.6466,140.8359,126.9514,118.8954
2006-11-13,182.7197,152.8798,140.9395,126.9973,118.9284
2006-11-14,182.5971,152.7846,140.9118,126.9912,118.9617
2006-11-15,182.7299,152.9212,141.0398,127.1010,119.0411
2006-11-16,183.8028,153.7150,141.6390,127.4796,119.1668
2006-11-17,184.2140,154.0439,141.8824,127.6696,119.2297
2006-11-18,184.2324,154.0593,141.8966,127.6824,119.2416
2006-11-19,184.2510,154.0748,141.9108,127.6952,119.2536
2006-11-20,184.5622,154.2592,142.0531,127.7654,119.2470
2006-11-21,183.8047,153.7487,141.6876,127.6037,119.3206
2006-11-22,183.7973,153.7605,141.7354,127.6563,119.3522
2006-11-23,184.9178,154.5238,142.2895,127.9629,119.4225
2006-11-24,185.9112,155.2175,142.7917,128.2740,119.6307
2006-11-25,185.9298,155.2331,142.8060,128.2868,119.6427
2006-11-26,185.9485,155.2486,142.8202,128.2996,119.6546
2006-11-27,186.5748,155.6719,143.1629,128.5282,119.7606
2006-11-28,186.2911,155.5069,143.0790,128.5154,119.8301
2006-11-29,185.6603,155.0569,142.8400,128.4400,119.8958
2006-11-30,185.2916,154.9366,142.8522,128.5108,120.0932
2006-12-01,187.1795,156.1808,143.5867,128.7861,120.0159
2006-12-02,187.1983,156.1964,143.6011,128.7990,120.0279
2006-12-03,187.2170,156.2120,143.6155,128.8119,120.0399
2006-12-04,187.8325,156.6233,143.8767,128.9382,120.0427
2006-12-05,187.8128,156.5747,143.8081,128.8625,120.0028
2006-12-06,188.3652,156.9431,144.0012,128.9393,120.0068
2006-12-07,189.6609,157.8236,144.6122,129.2710,120.0748
2006-12-08,189.6799,157.8394,144.6267,129.2840,120.0868
2006-12-09,189.6989,157.8552,144.6412,129.2970,120.0989
2006-12-10,189.7112,157.8654,144.6506,129.3053,120.1066
2006-12-11,189.8380,157.9527,144.7001,129.3407,120.1041
2006-12-12,189.6746,157.9251,144.6892,129.3529,120.1189
2006-12-13,189.9441,158.1312,144.8489,129.4845,120.1894
2006-12-14,189.8589,158.1152,144.8878,129.5128,120.1820
2006-12-15,190.4479,158.6625,145.4074,129.8733,120.3506
2006-12-16,190.4602,158.6727,145.4168,129.8817,120.3584
2006-12-17,190.4724,158.6829,145.4262,129.8901,120.3661
2006-12-18,191.3097,159.2977,145.8735,130.1633,120.4281
2006-12-19,192.3150,160.0375,146.4318,130.4562,120.4343
2006-12-20,192.2860,159.9604,146.4133,130.4503,120.4531
2006-12-21,191.5297,159.5375,146.2110,130.3934,120.5032
2006-12-22,192.5378,160.2175,146.6700,130.5820,120.4659
2006-12-23,192.5502,160.2278,146.6795,130.5904,120.4737
2006-12-24,192.5627,160.2382,146.6890,130.5988,120.4815
2006-12-25,192.5751,160.2485,146.6984,130.6072,120.4892
2006-12-26,192.5136,160.2409,146.7328,130.6728,120.5422
2006-12-27,192.6590,160.3338,146.8297,130.7158,120.5505
2006-12-28,193.1498,160.6722,147.0629,130.8533,120.5929
2006-12-29,194.2400,161.3407,147.4875,131.0284,120.6512
2006-12-30,194.2526,161.3512,147.4971,131.0369,120.6590
2006-12-31,194.2651,161.3616,147.5066,131.0454,120.6668
2007-01-01,194.2776,161.3720,147.5161,131.0538,120.6746
2007-01-02,194.6001,161.5318,147.5408,131.0453,120.5999
2007-01-03,195.3454,162.0285,147.9038,131.2226,120.6167
2007-01-04,195.9648,162.4245,148.1866,131.4407,120.7933
2007-01-05,196.3634,162.7197,148.4376,131.5773,120.7542
2007-01-06,196.3760,162.7301,148.4472,131.5858,120.7619
2007-01-07,196.3888,162.7407,148.4568,131.5943,120.7698
2007-01-08,195.6359,162.3951,148.3038,131.6149,120.8343
2007-01-09,194.6545,161.7881,147.9434,131.4495,120.8218
2007-01-10,194.3575,161.6312,147.8484,131.4225,120.8226
2007-01-11,193.4372,161.0310,147.4130,131.1599,120.7801
2007-01-12,191.8750,160.0513,146.7194,130.7909,120.6711
2007-01-13,191.8688,160.0461,146.7147,130.7867,120.6672
2007-01-14,191.8627,160.0410,146.7100,130.7825,120.6633
2007-01-15,193.5909,161.2437,147.6221,131.3842,120.8559
2007-01-16,194.8779,162.1608,148.2929,131.7578,120.9104
2007-01-17,196.0520,162.9333,148.7748,132.0207,120.9471
2007-01-18,196.1112,162.9616,148.7650,131.9986,120.9484
2007-01-19,196.0792,162.9958,148.8238,132.0601,121.0076
2007-01-20,196.0729,162.9906,148.8190,132.0559,121.0037
2007-01-21,196.0666,162.9853,148.8142,132.0516,120.9998
2007-01-22,196.6567,163.4303,149.1588,132.2337,121.0171
2007-01-23,196.9701,163.6811,149.3189,132.3086,121.0313
2007-01-24,197.7544,164.2388,149.6927,132.4560,120.9676
2007-01-25,199.8408,166.1625,149.9793,132.6287,121.0160
2007-01-26,199.3984,165.5100,150.5522,132.9365,121.0125
2007-01-27,199.3920,165.5047,150.5474,132.9322,121.0086
2007-01-28,199.3856,165.4994,150.5425,132.9279,121.0047
2007-01-29,198.5833,164.9044,150.1517,132.7038,121.0206
2007-01-30,198.0278,164.5093,149.9187,132.5857,120.9776
2007-01-31,197.6935,164.2257,149.6313,132.3627,120.7979
2007-02-01,198.2000,164.6152,149.8851,132.4449,120.7265
2007-02-02,199.0352,165.3153,150.4314,132.7845,120.8123
2007-02-03,199.0288,165.3100,150.4266,132.7803,120.8084
2007-02-04,199.0224,165.3047,150.4218,132.7760,120.8045
2007-02-05,201.1539,166.8311,151.5319,133.3769,120.9210
2007-02-06,201.7338,167.2193,151.8454,133.5811,121.0382
2007-02-07,202.2532,167.5262,152.0969,133.7445,121.0532
2007-02-08,203.3548,168.2821,152.6900,134.1064,121.1446
2007-02-09,203.6615,168.6044,152.9834,134.3004,121.1912
2007-02-10,203.6397,168.5864,152.9670,134.2860,121.1782
2007-02-11,203.6178,168.5683,152.9506,134.2716,121.1652
2007-02-12,203.0610,168.3202,152.8429,134.2556,121.2066
2007-02-13,203.2553,168.5417,153.0450,134.3686,121.2123
2007-02-14,202.3997,168.0338,152.7428,134.2129,121.1996
2007-02-15,203.2800,168.6493,153.1216,134.3800,121.0863
2007-02-16,204.7836,169.7075,153.8100,134.6997,121.0952
2007-02-17,204.7616,169.6893,153.7935,134.6853,121.0822
2007-02-18,204.7398,169.6712,153.7771,134.6709,121.0693
2007-02-19,205.1980,169.9209,153.8857,134.6983,121.1115
2007-02-20,205.2456,169.9577,153.9266,134.7310,121.1326
2007-02-21,204.6544,169.4227,153.4876,134.4684,121.1404
2007-02-22,203.5314,168.4535,152.6906,134.0348,121.1645
2007-02-23,202.9605,168.0229,152.3380,133.8610,121.1770
2007-02-24,202.9389,168.0050,152.3218,133.8467,121.1640
2007-02-25,202.9171,167.9870,152.3055,133.8324,121.1510
2007-02-26,203.9165,168.7067,152.8206,134.0879,121.1332
2007-02-27,202.9843,167.9207,152.1863,133.7613,121.2148
2007-02-28,202.2949,167.2219,151.5878,133.4238,121.2655
2007-03-01,198.6010,164.8070,150.0635,132.7315,121.2918
2007-03-02,197.2594,163.9577,149.6184,132.5670,121.3338
2007-03-03,197.2383,163.9401,149.6024,132.5528,121.3208
2007-03-04,197.2173,163.9226,149.5864,132.5386,121.3078
2007-03-05,196.5272,163.6060,149.4755,132.5396,121.3446
2007-03-06,195.4184,162.9562,149.0461,132.4032,121.3747
2007-03-07,192.6210,161.2322,148.0591,132.0352,121.4087
2007-03-08,194.9167,162.7848,149.1229,132.5645,121.4903
2007-03-09,195.5242,163.2231,149.4012,132.7232,121.5927
2007-03-10,195.5369,163.2336,149.4109,132.7318,121.6006
2007-03-11,195.5495,163.2442,149.4205,132.7404,121.6085
2007-03-12,197.4238,164.4954,150.2793,133.1712,121.6732
2007-03-13,198.4810,165.1692,150.7411,133.4131,121.7297
2007-03-14,199.0238,165.5381,150.9912,133.5566,121.8120
2007-03-15,196.8609,164.0452,150.0731,133.1758,122.0852
2007-03-16,196.0224,163.6194,149.8485,133.1251,122.1049
2007-03-17,196.0349,163.6299,149.8581,133.1337,122.1127
2007-03-18,196.0476,163.6405,149.8678,133.1423,122.1206
2007-03-19,197.5101,164.6229,150.5761,133.5071,122.1806
2007-03-20,197.7724,164.8940,150.8153,133.6264,122.1581
2007-03-21,199.1995,165.8658,151.4791,133.9521,122.1895
2007-03-22,200.0717,166.3906,151.7695,134.0776,122.1811
2007-03-23,201.4799,167.3383,152.3910,134.3915,122.2154
2007-03-24,201.4928,167.3491,152.4008,134.4002,122.2233
2007-03-25,201.5058,167.3599,152.4106,134.4089,122.2312
2007-03-26,202.6504,168.0337,152.8400,134.6153,122.2869
2007-03-27,202.7858,168.0420,152.7893,134.5483,122.2608
2007-03-28,202.6493,167.9575,152.7393,134.5509,122.3301
2007-03-29,201.8613,167.4696,152.4683,134.4331,122.3725
2007-03-30,201.5299,167.2429,152.2894,134.3598,122.2797
2007-03-31,201.5429,167.2536,152.2992,134.3685,122.2875
2007-04-01,201.5559,167.2645,152.3090,134.3772,122.2954
2007-04-02,202.6726,167.9642,152.7463,134.5586,122.2585
2007-04-03,202.9856,168.2137,152.9573,134.7046,122.3228
2007-04-04,203.4806,168.6292,153.2804,134.9118,122.4291
2007-04-05,205.1306,169.7622,154.0540,135.3081,122.5218
2007-04-06,205.1439,169.7732,154.0639,135.3168,122.5297
2007-04-07,205.1572,169.7842,154.0739,135.3256,122.5376
2007-04-08,205.1703,169.7951,154.0838,135.3343,122.5455
2007-04-09,206.0150,170.3942,154.5140,135.5779,122.5782
2007-04-10,206.0783,170.4891,154.6129,135.6431,122.5425
2007-04-11,207.1381,171.2315,155.1629,135.9326,122.5338
2007-04-12,207.5831,171.5159,155.3444,136.0322,122.5835
2007-04-13,207.1722,171.2426,155.1952,136.0000,122.5977
2007-04-14,207.1447,171.2199,155.1745,135.9819,122.5814
2007-04-15,207.1170,171.1971,155.1539,135.9638,122.5650
2007-04-16,207.6727,171.5843,155.4361,136.1384,122.6549
2007-04-17,208.7872,172.3466,155.9736,136.4023,122.6468
2007-04-18,209.4264,172.7921,156.2784,136.5588,122.7247
2007-04-19,209.1818,172.6178,156.1700,136.5288,122.7520
2007-04-20,209.0044,172.6149,156.2816,136.6476,122.7576
2007-04-21,208.9766,172.5920,156.2608,136.6295,122.7414
2007-04-22,208.9488,172.5690,156.2400,136.6113,122.7250
2007-04-23,209.7093,173.1239,156.7102,136.9166,122.8048
2007-04-24,210.6432,173.7084,157.0917,137.0796,122.8081
2007-04-25,210.0558,173.2369,156.7102,136.8787,122.8248
2007-04-26,210.0037,173.2706,156.8071,137.0303,122.9047
2007-04-27,210.7656,173.7704,157.1867,137.2777,123.0093
2007-04-28,210.7375,173.7473,157.1658,137.2595,122.9930
2007-04-29,210.7095,173.7242,157.1449,137.2412,122.9766
2007-04-30,210.4959,173.5970,157.0391,137.1470,122.8809
2007-05-01,210.4678,173.5739,157.0182,137.1288,122.8646
2007-05-02,210.2677,173.4645,156.9763,137.1083,122.8718
2007-05-03,209.9154,173.3120,156.9164,137.1052,122.9500
2007-05-04,210.5856,173.7790,157.1454,137.1635,122.8604
2007-05-05,210.5576,173.7559,157.1245,137.1453,122.8441
2007-05-06,210.5297,173.7328,157.1036,137.1271,122.8277
2007-05-07,211.5362,174.3624,157.4383,137.2554,122.7561
2007-05-08,212.0903,174.7190,157.6236,137.2382,122.5689
2007-05-09,212.0729,174.7171,157.6577,137.2700,122.5289
2007-05-10,211.6419,174.4274,157.3672,137.0936,122.4298
2007-05-11,212.0715,174.7297,157.5832,137.2258,122.4642
2007-05-12,212.0306,174.6960,157.5528,137.1993,122.4406
2007-05-13,211.9896,174.6623,157.5224,137.1728,122.4169
2007-05-14,211.1869,174.1733,157.2362,137.0881,122.4859
2007-05-15,211.7572,174.4800,157.2693,136.9514,122.0523
2007-05-16,210.9841,173.8672,156.7240,136.5886,121.9792
2007-05-17,210.5611,173.5341,156.4418,136.4179,121.9746
2007-05-18,211.4103,174.0841,156.7533,136.5017,121.8121
2007-05-19,211.3695,174.0505,156.7231,136.4754,121.7886
2007-05-20,211.3288,174.0170,156.6929,136.4491,121.7651
2007-05-21,211.2880,173.9834,156.6626,136.4227,121.7416
2007-05-22,211.9936,174.4033,156.8879,136.5163,121.8378
2007-05-23,212.5149,174.6058,156.7814,136.3242,121.6464
2007-05-24,212.0407,174.1752,156.2830,135.9644,121.5505
2007-05-25,212.2860,174.4316,156.6030,136.2012,121.5811
2007-05-26,212.2450,174.3980,156.5727,136.1749,121.5576
2007-05-27,212.2040,174.3643,156.5425,136.1486,121.5341
2007-05-28,210.9942,173.6495,156.1672,136.0870,121.6662
2007-05-29,211.8300,174.3115,156.6895,136.3696,121.6556
2007-05-30,212.8183,174.9860,157.1778,136.6259,121.6338
2007-05-31,212.3303,174.6235,156.8376,136.3423,121.1900
2007-06-01,213.4841,175.4382,157.3607,136.6249,121.1769
2007-06-02,213.4430,175.4044,157.3304,136.5985,121.1536
2007-06-03,213.4019,175.3706,157.3001,136.5722,121.1302
2007-06-04,214.6502,176.2122,157.8916,136.8870,121.2222
2007-06-05,216.1068,177.1757,158.5942,137.2226,121.2850
2007-06-06,216.3084,177.2943,158.6551,137.2112,121.2363
2007-06-07,215.8662,176.9448,158.4353,137.1243,121.2352
2007-06-08,214.6250,176.1209,157.7968,136.8001,121.1149
2007-06-09,214.5837,176.0870,157.7664,136.7738,121.0916
2007-06-10,214.5409,176.0518,157.7349,136.7465,121.0675
2007-06-11,212.5763,174.7003,156.8880,136.3643,121.1023
2007-06-12,213.3916,175.3183,157.3353,136.6379,121.1090
2007-06-13,214.0626,175.7535,157.5435,136.6198,120.8971
2007-06-14,213.8225,175.5580,157.4574,136.5393,120.8009
2007-06-15,214.9493,176.2861,157.8065,136.5799,120.3081
2007-06-16,214.9064,176.2509,157.7750,136.5526,120.2840
2007-06-17,214.8636,176.2158,157.7436,136.5254,120.2601
2007-06-18,216.8280,177.5611,158.6575,136.9975,120.3301
2007-06-19,218.2578,178.4183,159.1623,137.2414,120.3391
2007-06-20,218.4556,178.5138,159.1904,137.2630,120.3791
2007-06-21,219.1771,179.1513,159.7681,137.6387,120.4577
2007-06-22,218.5377,178.6162,159.3936,137.4753,120.4745
2007-06-23,218.4941,178.5806,159.3618,137.4478,120.4505
2007-06-24,218.4505,178.5449,159.3300,137.4204,120.4265
2007-06-25,219.0062,178.9901,159.6565,137.6236,120.5319
2007-06-26,218.7974,178.9355,159.7247,137.7215,120.5530
2007-06-27,218.3241,178.6124,159.5784,137.6872,120.5705
2007-06-28,217.6075,178.1161,159.2728,137.5314,120.6238
2007-06-29,217.5779,178.1874,159.3510,137.6300,120.7407
2007-06-30,217.5346,178.1519,159.3193,137.6026,120.7167
2007-07-01,217.4911,178.1164,159.2875,137.5751,120.6926
2007-07-02,217.4478,178.0809,159.2558,137.5477,120.6685
2007-07-03,219.0030,179.1440,160.0107,137.9357,120.7487
2007-07-04,221.0682,180.5515,160.9438,138.3780,120.9379
2007-07-05,221.7441,180.9269,161.1240,138.4398,120.9238
2007-07-06,221.8442,180.9329,161.0661,138.4019,120.9155
2007-07-07,221.8000,180.8968,161.0340,138.3743,120.8914
2007-07-08,221.7557,180.8608,161.0019,138.3467,120.8673
2007-07-09,221.6060,180.7126,160.8408,138.2847,120.9856
2007-07-10,221.9133,180.8111,160.7811,138.2113,121.0153
2007-07-11,222.5527,181.1663,161.0336,138.2859,121.0420
2007-07-12,221.5223,180.4451,160.5301,138.0607,121.0648
2007-07-13,221.3883,180.3249,160.3796,137.9601,121.0657
2007-07-14,221.3243,180.2728,160.3332,137.9202,121.0307
2007-07-15,221.2604,180.2207,160.2869,137.8804,120.9957
2007-07-16,221.1963,180.1685,160.2405,137.8405,120.9607
2007-07-17,222.2614,180.8640,160.6526,138.0749,121.2372
2007-07-18,222.9220,181.3229,160.9998,138.2862,121.3304
2007-07-19,222.7535,181.2457,161.0303,138.3761,121.4184
2007-07-20,222.1886,180.9093,160.8275,138.3087,121.4761
2007-07-21,222.1244,180.8570,160.7810,138.2687,121.4409
2007-07-22,222.0602,180.8048,160.7345,138.2288,121.4059
2007-07-23,223.0476,181.3872,161.1636,138.4578,121.5598
2007-07-24,222.8082,181.2045,160.9947,138.3846,121.5712
2007-07-25,224.0975,182.0140,161.5102,138.5969,121.5476
2007-07-26,222.6479,181.0496,160.9343,138.3062,121.5439
2007-07-27,220.9203,179.8050,160.0144,137.8376,121.5404
2007-07-28,220.8565,179.7531,159.9681,137.7978,121.5053
2007-07-29,220.7927,179.7012,159.9219,137.7580,121.4702
2007-07-30,217.3779,177.4036,158.4515,137.1203,121.5304
2007-07-31,216.3796,176.7847,158.1968,137.0982,121.6371
2007-08-01,218.3136,178.1160,159.0316,137.4590,121.5832
2007-08-02,218.0178,177.9484,159.0196,137.4993,121.7660
2007-08-03,215.9700,176.5872,158.1667,137.1345,121.7609
2007-08-04,215.9076,176.5362,158.1211,137.0949,121.7258
2007-08-05,215.8451,176.4851,158.0753,137.0552,121.6905
2007-08-06,216.7172,177.0461,158.4635,137.2638,121.7139
2007-08-07,214.8930,175.6208,157.4433,136.7407,121.6166
2007-08-08,213.4539,174.7277,156.7905,136.4056,121.5896
2007-08-09,213.7997,174.9101,156.8437,136.4010,121.5328
2007-08-10,215.7962,176.2252,157.6173,136.7213,121.5066
2007-08-11,215.7200,176.1630,157.5617,136.6731,121.4637
2007-08-12,215.6439,176.1008,157.5061,136.6248,121.4209
2007-08-13,212.7975,173.9250,156.0387,135.9217,121.4763
2007-08-14,210.5591,172.6390,155.2579,135.6472,121.5178
2007-08-15,210.4849,172.5782,155.2032,135.5994,121.4750
2007-08-16,210.2218,172.2721,154.9285,135.3713,121.3614
2007-08-17,204.4997,168.1767,152.1163,133.9669,121.3967
2007-08-18,204.4275,168.1173,152.0626,133.9195,121.3538
2007-08-19,204.3554,168.0580,152.0090,133.8723,121.3110
2007-08-20,199.4771,165.3022,150.4550,133.2969,121.4244
2007-08-21,201.1959,166.6255,151.5408,133.8756,121.4699
2007-08-22,203.5282,168.0802,152.5227,134.3630,121.5730
2007-08-23,205.1352,169.2803,153.4381,134.8732,121.5540
2007-08-24,208.0441,171.0851,154.5969,135.3866,121.5303
2007-08-25,207.9707,171.0247,154.5423,135.3388,121.4874
2007-08-26,207.8974,170.9644,154.4878,135.2911,121.4446
2007-08-27,209.4469,171.8490,154.9849,135.5322,121.5303
2007-08-28,210.9201,172.8919,155.6434,135.8649,121.5416
2007-08-29,211.2268,173.0561,155.7684,135.9425,121.5951
2007-08-30,209.4910,171.8102,154.9429,135.5692,121.6526
2007-08-31,210.9626,173.0096,155.8473,136.2036,122.2539
2007-09-01,210.8882,172.9486,155.7924,136.1556,122.2108
2007-09-02,210.8138,172.8876,155.7374,136.1076,122.1677
2007-09-03,212.0954,173.7618,156.4212,136.4315,122.1838
2007-09-04,214.4027,175.1524,157.3286,136.8909,122.3594
2007-09-05,214.6867,175.3222,157.4647,136.9693,122.4284
2007-09-06,214.8421,175.3003,157.3187,136.8568,122.3530
2007-09-07,213.8398,174.6451,156.8300,136.6089,122.2963
2007-09-08,213.7643,174.5834,156.7746,136.5606,122.2531
2007-09-09,213.6889,174.5219,156.7194,136.5125,122.2100
2007-09-10,213.5906,174.3568,156.5629,136.4798,122.3765
2007-09-11,211.3483,172.7987,155.4577,135.9413,122.3870
2007-09-12,210.1211,172.0545,154.9273,135.7016,122.3914
2007-09-13,211.2486,172.6463,155.1602,135.7336,122.3819
2007-09-14,211.3096,172.6630,155.1189,135.7003,122.3898
2007-09-15,211.2325,172.6000,155.0623,135.6508,122.3451
2007-09-16,211.1554,172.5371,155.0058,135.6013,122.3005
2007-09-17,211.0784,172.4742,154.9493,135.5518,122.2559
2007-09-18,211.0015,172.4113,154.8928,135.5024,122.2114
2007-09-19,210.9246,172.3485,154.8364,135.4531,122.1668
2007-09-20,211.7875,172.9054,155.3011,135.8051,122.4318
2007-09-21,216.6819,175.9796,157.2285,136.7121,122.4754
2007-09-22,216.6030,175.9155,157.1712,136.6623,122.4308
2007-09-23,216.5239,175.8513,157.1138,136.6124,122.3861
2007-09-24,216.8086,175.9986,157.2494,136.7488,122.4924
2007-09-25,217.4710,176.3946,157.4244,136.8086,122.5135
2007-09-26,218.1743,176.6792,157.5081,136.8002,122.4976
2007-09-27,217.7238,176.3402,157.2163,136.5988,122.4539
2007-09-28,219.3177,177.2784,157.7462,136.7534,122.2720
2007-09-29,219.2377,177.2138,157.6887,136.7035,122.2274
2007-09-30,219.1578,177.1492,157.6313,136.6537,122.1829
2007-10-01,220.9132,178.3178,158.4809,137.0833,122.2653
2007-10-02,221.2385,178.5294,158.6299,137.1620,122.2386
2007-10-03,223.3944,179.9959,159.5442,137.6418,122.3894
2007-10-04,223.9369,180.3397,159.8058,137.8057,122.4333
2007-10-05,222.6700,179.5276,159.4143,137.6218,122.4455
2007-10-06,222.5888,179.4621,159.3561,137.5716,122.4008
2007-10-07,222.5076,179.3967,159.2980,137.5215,122.3562
2007-10-08,222.4696,179.4524,159.3329,137.6025,122.4901
2007-10-09,224.1509,180.5086,159.9488,137.8831,122.4966
2007-10-10,224.2985,180.6128,160.0361,137.8921,122.4721
2007-10-11,224.6584,180.8741,160.1994,137.9604,122.4721
2007-10-12,225.9737,181.6259,160.6746,138.1702,122.4499
2007-10-13,225.8939,181.5618,160.6179,138.1214,122.4067
2007-10-14,225.8142,181.4977,160.5612,138.0727,122.3635
2007-10-15,225.7345,181.4336,160.5045,138.0239,122.3203
2007-10-16,226.3132,181.7293,160.6506,138.0323,122.1219
2007-10-17,226.7389,181.9482,160.7320,138.0815,122.0942
2007-10-18,225.6260,181.3400,160.4319,137.9678,122.0795
2007-10-19,226.9286,182.1216,160.9415,138.2370,122.1332
2007-10-20,226.8486,182.0574,160.8847,138.1883,122.0901
2007-10-21,226.7685,181.9931,160.8280,138.1395,122.0470
2007-10-22,226.5959,182.0087,160.9042,138.2588,122.1650
2007-10-23,224.3619,180.5698,160.1152,137.9289,122.1666
2007-10-24,223.6244,180.4236,160.2072,138.0606,122.1968
2007-10-25,225.8170,181.6819,160.9604,138.3882,122.2381
2007-10-26,225.7081,181.6216,160.9597,138.4082,122.2719
2007-10-27,225.6284,181.5575,160.9029,138.3593,122.2288
2007-10-28,225.5489,181.4935,160.8462,138.3106,122.1857
2007-10-29,226.3934,182.0431,161.2196,138.5843,122.3202
2007-10-30,228.5234,183.3452,161.9797,138.9020,122.3311
2007-10-31,230.1822,184.3080,162.5192,139.2220,122.7646
2007-11-01,230.1009,184.2430,162.4618,139.1729,122.7213
2007-11-02,229.4467,183.8496,162.2206,139.1162,122.7891
2007-11-03,229.3658,183.7847,162.1634,139.0671,122.7458
2007-11-04,229.2847,183.7198,162.1061,139.0180,122.7024
2007-11-05,228.8063,183.2838,161.8556,138.9496,122.8651
2007-11-06,225.3133,180.8907,160.0666,138.0566,122.8327
2007-11-07,225.9080,181.1783,160.0462,137.9478,122.7658
2007-11-08,225.9337,181.0711,160.0182,137.9226,122.7796
2007-11-09,224.1006,179.9217,159.2771,137.6333,122.8306
2007-11-10,224.0782,179.9038,159.2612,137.6195,122.8184
2007-11-11,224.0558,179.8857,159.2452,137.6057,122.8061
2007-11-12,222.6767,179.0048,158.7350,137.4138,122.8822
2007-11-13,219.6919,177.1891,157.6895,136.9795,122.9099
2007-11-14,219.6480,177.2954,157.7683,137.0253,122.9369
2007-11-15,221.8869,178.6933,158.6519,137.3426,122.8643
2007-11-16,221.0473,178.0922,158.2800,137.1734,122.8932
2007-11-17,221.0252,178.0743,158.2641,137.1597,122.8809
2007-11-18,221.0032,178.0566,158.2484,137.1460,122.8687
2007-11-19,220.0961,177.5793,157.8865,137.0759,122.9525
2007-11-20,217.6148,175.9542,156.8636,136.5623,122.9689
2007-11-21,216.9197,175.4213,156.4090,136.3517,122.9731
2007-11-22,213.7952,173.3494,154.9383,135.6789,123.0050
2007-11-23,212.6785,172.7151,154.8003,135.6188,123.0241
2007-11-24,212.6572,172.6978,154.7848,135.6052,123.0118
2007-11-25,212.6360,172.6806,154.7694,135.5917,122.9996
2007-11-26,213.6172,173.3163,155.2403,135.7943,123.0012
2007-11-27,214.3019,173.5308,155.4499,135.8194,123.0235
2007-11-28,213.0298,172.6562,154.7115,135.4827,123.0178
2007-11-29,215.1049,174.1358,155.6793,135.9483,122.9825
2007-11-30,217.3421,175.4359,156.5425,136.2955,123.0214
2007-12-01,217.3204,175.4184,156.5268,136.2819,123.0091
2007-12-02,217.2987,175.4008,156.5112,136.2683,122.9968
2007-12-03,218.7763,176.4262,157.2551,136.6360,123.0649
2007-12-04,219.0586,176.6075,157.3997,136.6987,123.1661
2007-12-05,218.4053,176.1118,156.9277,136.5259,123.2192
2007-12-06,219.7441,177.0379,157.4429,136.7784,123.1611
2007-12-07,220.7752,177.8496,157.9500,137.0520,123.1839
2007-12-08,220.7531,177.8319,157.9342,137.0383,123.1716
2007-12-09,220.7311,177.8141,157.9184,137.0246,123.1593
2007-12-10,221.5798,178.3471,158.4434,137.2746,123.1728
2007-12-11,221.8483,178.5095,158.5634,137.2924,123.1140
2007-12-12,220.5290,177.4389,157.7415,136.8006,123.0610
2007-12-13,219.8174,177.0129,157.3487,136.6742,123.0819
2007-12-14,216.2330,174.5036,155.3345,135.6407,123.0300
2007-12-15,216.1774,174.4587,155.2946,135.6058,122.9983
2007-12-16,216.1219,174.4139,155.2547,135.5709,122.9668
2007-12-17,213.5287,172.8280,154.1977,135.0054,122.6848
2007-12-18,210.6431,171.0749,153.1360,134.5129,122.6630
2007-12-19,209.2645,170.2363,152.5011,134.2612,122.7304
2007-12-20,209.4183,170.2995,152.4114,134.2137,122.7399
2007-12-21,209.8495,170.6752,152.7966,134.4232,122.7121
2007-12-22,209.7956,170.6313,152.7573,134.3887,122.6806
2007-12-23,209.7417,170.5875,152.7181,134.3541,122.6491
2007-12-24,211.7911,172.0624,153.9533,135.0474,122.7811
2007-12-25,211.7367,172.0183,153.9138,135.0128,122.7496
2007-12-26,213.0423,172.7691,154.3064,135.1807,122.7874
2007-12-27,213.1764,172.8165,154.3323,135.1653,122.7818
2007-12-28,214.3443,173.5115,154.8559,135.3882,122.7405
2007-12-29,214.2893,173.4669,154.8161,135.3534,122.7090
2007-12-30,214.2341,173.4223,154.7762,135.3185,122.6774
2007-12-31,214.2956,173.5128,154.7830,135.4086,122.8294
2008-01-01,214.2405,173.4683,154.7432,135.3738,122.7979
2008-01-02,214.4601,173.5819,154.8462,135.4192,122.8133
2008-01-03,214.0393,173.3012,154.7508,135.3390,122.8356
2008-01-04,212.3643,172.1830,153.8731,134.9878,122.9139
2008-01-05,212.3098,172.1388,153.8336,134.9532,122.8823
2008-01-06,212.2552,172.0945,153.7940,134.9184,122.8507
2008-01-07,210.5568,170.9151,152.9675,134.5840,122.9715
2008-01-08,208.6281,169.7239,151.9904,134.1257,122.9148
2008-01-09,207.7211,169.1919,151.6011,133.9222,122.8912
2008-01-10,206.7539,168.3953,150.6778,133.4225,122.8735
2008-01-11,207.0026,168.5853,150.7644,133.4572,122.8439
2008-01-12,206.9692,168.5582,150.7401,133.4357,122.8241
2008-01-13,206.9360,168.5311,150.7159,133.4143,122.8044
2008-01-14,206.2060,168.1714,150.6008,133.3806,122.8458
2008-01-15,204.9954,167.3561,149.8937,132.8907,122.4654
2008-01-16,202.3074,165.5504,148.6495,132.2733,122.4948
2008-01-17,198.3265,163.0616,147.0179,131.5021,122.5378
2008-01-18,196.6631,162.0112,146.4105,131.1994,122.5762
2008-01-19,196.6314,161.9851,146.3870,131.1783,122.5564
2008-01-20,196.5998,161.9590,146.3634,131.1571,122.5367
2008-01-21,195.1100,161.0178,145.7393,130.9676,122.6902
2008-01-22,190.6112,158.0313,143.4279,129.9394,122.7769
2008-01-23,187.9397,156.7019,142.9653,129.8964,122.8642
2008-01-24,187.7287,156.4625,142.5790,129.5900,122.8805
2008-01-25,190.9202,158.7549,144.5241,130.5204,122.8999
2008-01-26,190.8895,158.7293,144.5009,130.4995,122.8802
2008-01-27,190.8588,158.7038,144.4777,130.4785,122.8604
2008-01-28,193.6468,160.5530,145.8313,131.1198,122.9775
2008-01-29,192.1577,159.4849,144.9261,130.6742,123.0019
2008-01-30,193.5975,160.6189,145.8535,131.1564,123.0260
2008-01-31,193.7794,160.9443,146.3949,131.6622,123.5161
2008-02-01,193.8300,160.9842,146.3380,131.6598,123.5335
2008-02-02,193.7989,160.9583,146.3145,131.6387,123.5136
2008-02-03,193.7676,160.9324,146.2909,131.6175,123.4937
2008-02-04,196.1855,162.5310,147.4306,132.1681,123.5607
2008-02-05,197.8464,163.4161,147.9777,132.3958,123.5632
2008-02-06,195.8584,162.0949,147.0459,131.9466,123.5781
2008-02-07,194.0170,160.9959,146.3976,131.6937,123.6277
2008-02-08,192.8995,160.2608,145.8478,131.4778,123.6590
2008-02-09,192.8684,160.2350,145.8243,131.4566,123.6391
2008-02-10,192.8684,160.2350,145.8243,131.4566,123.6391
2008-02-11,192.9763,160.3651,145.9224,131.5341,123.7125
2008-02-12,192.4459,160.1932,145.8783,131.5673,123.7236
2008-02-13,194.7819,161.7799,146.9773,132.1270,123.7297
2008-02-14,196.1297,162.6540,147.5744,132.4607,123.7794
2008-02-15,197.3096,163.3156,148.0879,132.7318,123.9304
2008-02-16,197.3096,163.3156,148.0879,132.7318,123.9304
2008-02-17,197.3096,163.3156,148.0879,132.7318,123.9304
2008-02-18,196.8324,162.9709,147.7468,132.6151,124.0167
2008-02-19,197.5156,163.4534,148.1230,132.8456,124.0676
2008-02-20,199.2364,164.5910,148.9276,133.2206,124.0608
2008-02-21,198.8784,164.3877,148.8190,133.2507,124.0994
2008-02-22,200.2975,165.3607,149.5271,133.6211,124.1515
2008-02-23,200.2975,165.3607,149.5271,133.6211,124.1515
2008-02-24,200.2975,165.3607,149.5271,133.6211,124.1515
2008-02-25,200.0620,165.2999,149.4956,133.7020,124.2785
2008-02-26,201.2416,166.0401,149.9785,133.9353,124.2960
2008-02-27,202.5829,166.9069,150.5417,134.2482,124.3672
2008-02-28,203.5919,167.5700,150.9415,134.4891,124.4583
2008-02-29,202.9802,167.2997,150.8395,134.5861,124.7979
2008-03-01,202.9802,167.2997,150.8395,134.5861,124.7979
2008-03-02,202.9802,167.2997,150.8395,134.5861,124.7979
2008-03-03,200.2841,165.5755,149.6421,134.0617,124.9117
2008-03-04,198.0185,164.2513,148.7369,133.6668,124.9226
2008-03-05,196.3973,163.1956,147.9863,133.3601,124.9648
2008-03-06,196.3976,163.2614,148.0437,133.4066,125.0256
2008-03-07,195.7610,162.8559,147.8137,133.3295,124.9800
2008-03-08,195.7610,162.8559,147.8137,133.3295,124.9800
2008-03-09,195.7610,162.8559,147.8137,133.3295,124.9800
2008-03-10,193.6188,161.6579,147.1957,133.1629,125.1551
2008-03-11,191.2006,160.2240,146.3836,132.8348,125.1913
2008-03-12,192.2536,160.9884,146.9035,133.1021,125.1601
2008-03-13,193.9821,162.1878,147.8495,133.6421,125.2171
2008-03-14,192.3689,161.2627,147.4135,133.4545,125.2738
2008-03-15,192.3441,161.2419,147.3945,133.4373,125.2577
2008-03-16,192.3193,161.2211,147.3755,133.4201,125.2415
2008-03-17,192.3431,161.4931,147.9328,134.0260,126.0008
2008-03-18,189.5518,159.7875,146.8100,133.5051,125.9680
2008-03-19,190.2904,160.3727,147.2093,133.6489,125.8741
2008-03-20,190.0982,160.0971,147.1081,133.5878,125.8228
2008-03-21,190.0737,160.0765,147.0892,133.5706,125.8066
2008-03-22,190.0492,160.0559,147.0703,133.5534,125.7904
2008-03-23,190.0247,160.0353,147.0513,133.5362,125.7742
2008-03-24,189.8410,160.1197,147.1625,133.6628,125.8080
2008-03-25,191.0763,160.9080,147.7790,133.9722,125.7898
2008-03-26,193.8094,162.4225,148.5657,134.2410,125.7550
2008-03-27,193.9348,162.4487,148.5239,134.2485,125.8015
2008-03-28,193.7276,162.3605,148.5162,134.2745,125.7973
2008-03-29,193.7027,162.3396,148.4971,134.2572,125.7811
2008-03-30,193.6777,162.3186,148.4779,134.2399,125.7648
2008-03-31,193.8812,162.4847,148.5456,134.1498,125.5331
2008-04-01,193.6280,162.3761,148.4872,134.1480,125.5913
2008-04-02,195.1899,163.3939,149.1259,134.4730,125.5995
2008-04-03,196.4083,164.1129,149.5932,134.7587,125.7642
2008-04-04,197.3113,164.6344,149.9144,134.8907,125.7722
2008-04-05,197.2859,164.6132,149.8950,134.8733,125.7560
2008-04-06,197.2605,164.5920,149.8757,134.8559,125.7398
2008-04-07,197.5368,164.8148,150.0882,135.0023,125.8169
2008-04-08,198.5172,165.4586,150.5370,135.2384,125.8318
2008-04-09,198.1169,165.2130,150.3544,135.1830,125.8372
2008-04-10,197.5561,164.8659,150.1725,135.1069,125.8358
2008-04-11,197.5064,164.8816,150.1048,135.0912,125.8204
2008-04-12,197.4539,164.8377,150.0648,135.0553,125.7869
2008-04-13,197.4014,164.7939,150.0250,135.0194,125.7535
2008-04-14,198.9992,165.8046,150.8388,135.4562,125.9124
2008-04-15,198.0706,165.3206,150.7157,135.4863,125.9752
2008-04-16,199.2342,166.1519,151.3409,135.7959,125.9628
2008-04-17,201.6584,167.6264,152.2473,136.1220,125.9081
2008-04-18,202.4909,168.1362,152.5449,136.2879,125.8840
2008-04-19,202.4371,168.0915,152.5044,136.2517,125.8506
2008-04-20,202.3833,168.0469,152.4639,136.2155,125.8171
2008-04-21,203.5147,168.8116,153.0421,136.5035,125.9024
2008-04-22,204.3115,169.2783,153.3051,136.5986,125.8544
2008-04-23,203.9636,169.0498,153.1429,136.5362,125.8797
2008-04-24,202.5580,168.0177,152.2809,136.1119,125.8997
2008-04-25,202.3028,167.8492,152.1824,135.9958,125.8279
2008-04-26,202.2492,167.8047,152.1420,135.9597,125.7946
2008-04-27,202.1954,167.7601,152.1016,135.9235,125.7611
2008-04-28,202.9224,168.2377,152.4634,136.1104,125.8013
2008-04-29,203.3254,168.4197,152.5971,136.1593,125.8111
2008-04-30,202.5003,167.7524,152.0365,135.7719,125.5548
2008-05-01,202.4465,167.7078,151.9962,135.7359,125.5214
2008-05-02,203.4726,168.4107,152.3679,135.8952,125.4618
2008-05-03,203.4186,168.3660,152.3275,135.8592,125.4285
2008-05-04,203.3645,168.3213,152.2870,135.8231,125.3952
2008-05-05,205.6087,169.7460,153.0880,136.2228,125.4549
2008-05-06,206.1007,169.9474,153.1593,136.2312,125.4154
2008-05-07,206.4609,170.0269,153.1246,136.1961,125.3999
2008-05-08,205.3471,169.2422,152.5805,135.8822,125.2530
2008-05-09,204.6973,168.6863,152.0584,135.3422,124.6623
2008-05-10,204.6709,168.6646,152.0388,135.3247,124.6462
2008-05-11,204.6447,168.6429,152.0192,135.3074,124.6302
2008-05-12,204.1990,168.3601,151.7468,135.1226,124.4426
2008-05-13,204.2093,168.3119,151.6298,134.9289,124.0928
2008-05-14,204.3032,168.2775,151.4522,134.7965,124.0026
2008-05-15,205.2303,168.6479,151.3455,134.3927,122.9746
2008-05-16,206.0267,169.1191,151.6036,134.5419,123.0536
2008-05-17,206.0002,169.0973,151.5841,134.5246,123.0377
2008-05-18,205.9736,169.0755,151.5645,134.5073,123.0219
2008-05-19,207.9208,170.4149,152.5461,135.1197,123.2209
2008-05-20,209.1954,171.2199,153.2163,135.4524,123.1910
2008-05-21,209.1685,171.1978,153.1965,135.4349,123.1751
2008-05-22,208.4048,170.7294,153.0780,135.4618,123.1991
2008-05-23,208.2147,170.6667,153.1856,135.6482,123.3870
2008-05-24,208.1879,170.6447,153.1659,135.6308,123.3711
2008-05-25,208.1611,170.6228,153.1462,135.6133,123.3553
2008-05-26,207.3249,170.2859,153.2057,135.8811,123.7125
2008-05-27,207.2416,170.3888,153.3757,136.0747,123.9337
2008-05-28,207.5737,170.5645,153.5464,136.0975,123.9005
2008-05-29,207.8270,170.7878,153.6395,136.1367,123.8367
2008-05-30,209.0764,171.5535,154.1676,136.3577,123.8312
2008-05-31,209.0495,171.5315,154.1478,136.3402,123.8153
2008-06-01,209.0225,171.5093,154.1279,136.3226,123.7993
2008-06-02,209.6744,171.7971,154.2104,136.3705,123.8689
2008-06-03,209.6702,171.7384,154.1660,136.3456,123.8790
2008-06-04,208.7939,171.1686,153.8738,136.2205,123.8397
2008-06-05,207.7007,170.4919,153.5330,136.0830,123.9150
2008-06-06,207.7502,170.7066,153.6802,136.1974,123.8945
2008-06-07,207.7234,170.6846,153.6604,136.1799,123.8785
2008-06-08,207.6967,170.6626,153.6406,136.1624,123.8626
2008-06-09,207.0785,170.2331,153.4620,136.1086,123.9295
2008-06-10,205.4396,169.3031,152.8647,135.8428,123.8980
2008-06-11,203.1167,167.8824,152.0521,135.4724,123.9036
2008-06-12,201.9733,167.1319,151.5700,135.1273,123.8167
2008-06-13,203.1980,168.1187,152.4386,135.6105,123.8445
2008-06-14,203.1172,168.0518,152.3780,135.5566,123.7952
2008-06-15,203.0365,167.9851,152.3175,135.5027,123.7460
2008-06-16,203.5471,168.2836,152.4432,135.5186,123.6099
2008-06-17,203.9687,168.4341,152.4815,135.5878,123.6923
2008-06-18,203.7822,168.3076,152.4066,135.5701,123.6491
2008-06-19,203.1301,167.8833,152.2123,135.4479,123.6001
2008-06-20,202.6094,167.7146,152.2516,135.4916,123.5362
2008-06-21,202.5288,167.6480,152.1911,135.4378,123.4872
2008-06-22,202.4483,167.5813,152.1305,135.3839,123.4380
2008-06-23,201.8497,167.1154,151.7867,135.2357,123.5213
2008-06-24,201.3967,166.8860,151.7213,135.2304,123.5399
2008-06-25,200.6232,166.3760,151.4667,135.0230,123.4538
2008-06-26,202.0072,167.2613,151.8454,135.1413,123.4101
2008-06-27,201.4573,166.8302,151.6276,134.9717,123.3002
2008-06-28,201.3772,166.7638,151.5673,134.9180,123.2512
2008-06-29,201.2972,166.6976,151.5071,134.8644,123.2022
2008-06-30,200.3802,166.0957,151.0781,134.6509,123.1822
2008-07-01,201.0839,166.6297,151.5255,134.9626,123.3410
2008-07-02,199.4636,165.4905,150.7460,134.6107,123.4611
2008-07-03,196.6628,163.7448,149.5208,134.1547,123.7070
2008-07-04,192.5885,161.0639,147.6600,133.2097,123.6923
2008-07-05,192.5119,160.9999,147.6013,133.1567,123.6431
2008-07-06,192.4354,160.9359,147.5426,133.1038,123.5939
2008-07-07,191.8566,160.6207,147.4082,133.1521,123.7640
2008-07-08,192.3141,160.9514,147.7033,133.3099,123.8102
2008-07-09,190.9903,160.1298,147.1534,133.0098,123.6748
2008-07-10,191.3569,160.3716,147.3943,133.0821,123.6025
2008-07-11,191.0748,160.1071,147.1624,132.9921,123.6379
2008-07-12,190.9830,160.0302,147.0917,132.9282,123.5785
2008-07-13,190.8914,159.9534,147.0211,132.8644,123.5192
2008-07-14,190.8753,159.8815,146.9719,132.8959,123.7206
2008-07-15,190.1416,159.4743,146.7747,132.8840,123.8286
2008-07-16,190.0503,159.3978,146.7043,132.8202,123.7691
2008-07-17,188.0018,158.1730,145.8809,132.4735,123.8347
2008-07-18,189.1868,158.9907,146.4636,132.8036,123.8766
2008-07-19,189.0960,158.9144,146.3933,132.7398,123.8172
2008-07-20,189.0052,158.8381,146.3230,132.6761,123.7577
2008-07-21,189.3327,159.0025,146.5493,132.8108,123.8165
2008-07-22,190.6914,159.8920,147.1980,133.1241,123.8624
2008-07-23,189.9269,159.4206,146.7941,132.8908,123.7943
2008-07-24,191.4931,160.4869,147.5796,133.2104,123.7629
2008-07-25,190.4473,159.7025,147.1086,132.9761,123.7893
2008-07-26,190.3558,159.6258,147.0380,132.9122,123.7298
2008-07-27,190.2645,159.5492,146.9674,132.8484,123.6704
2008-07-28,188.8431,158.8459,146.6985,132.8189,123.8392
2008-07-29,188.5129,158.6683,146.5971,132.7614,123.8507
2008-07-30,188.2889,158.6218,146.5428,132.7781,123.8643
2008-07-31,191.1393,160.4493,147.8356,133.3320,123.7157
2008-08-01,192.1441,160.9800,148.2130,133.5963,123.7866
2008-08-02,192.0519,160.9027,148.1419,133.5321,123.7272
2008-08-03,191.9596,160.8254,148.0707,133.4680,123.6678
2008-08-04,190.9117,160.2298,147.7085,133.3637,123.7529
2008-08-05,189.3220,159.2909,147.1203,133.1392,123.9091
2008-08-06,188.6385,158.9232,146.9161,133.0243,123.9470
2008-08-07,189.0992,159.2365,147.1221,133.1320,123.9327
2008-08-08,188.4778,158.7724,146.8308,132.9022,123.7629
2008-08-09,188.3873,158.6961,146.7603,132.8383,123.7034
2008-08-10,188.3208,158.6401,146.7085,132.7915,123.6598
2008-08-11,187.6341,158.3307,146.5549,132.7639,123.7710
2008-08-12,186.7541,157.6769,146.0472,132.4604,123.7866
2008-08-13,185.9888,157.1307,145.7710,132.3463,123.7212
2008-08-14,184.5755,156.2537,145.2331,132.1529,123.7133
2008-08-15,184.5103,156.1985,145.1818,132.1063,123.6696
2008-08-16,184.4452,156.1434,145.1306,132.0596,123.6259
2008-08-17,184.3801,156.0883,145.0793,132.0130,123.5823
2008-08-18,184.5137,156.2020,145.1855,132.0950,123.6324
2008-08-19,183.5473,155.6025,144.8938,131.9631,123.6979
2008-08-20,181.4992,154.3009,144.1308,131.6577,123.7407
2008-08-21,182.0336,154.6909,144.2675,131.7323,123.7681
2008-08-22,182.3202,154.9185,144.4593,131.8972,123.8927
2008-08-23,182.2558,154.8638,144.4083,131.8506,123.8490
2008-08-24,182.1915,154.8092,144.3573,131.8041,123.8053
2008-08-25,182.8190,155.3628,144.7860,132.1174,123.9661
2008-08-26,182.3226,155.0671,144.7470,132.0139,123.8879
2008-08-27,181.2279,154.5245,144.5150,131.9815,123.9848
2008-08-28,181.6103,154.7119,144.6081,131.9927,123.9207
2008-08-29,182.1659,155.1020,144.7684,132.1240,124.0066
2008-08-30,182.1016,155.0473,144.7173,132.0773,123.9628
2008-08-31,182.0374,154.9926,144.6663,132.0307,123.9191
2008-09-01,181.8068,154.8335,144.5613,132.0024,124.0272
2008-09-02,181.0282,154.3399,144.2442,131.8852,124.0044
2008-09-03,179.9767,153.6296,143.7983,131.6066,123.9341
2008-09-04,178.2980,152.6357,143.2584,131.3467,123.9985
2008-09-05,174.8884,150.5433,142.0485,130.7085,123.8727
2008-09-06,174.8267,150.4902,141.9984,130.6624,123.8290
2008-09-07,174.7650,150.4371,141.9483,130.6162,123.7852
2008-09-08,172.1775,148.8442,140.9798,130.0460,123.6084
2008-09-09,174.3098,150.0726,141.5861,130.2088,123.5001
2008-09-10,171.8023,148.4358,140.6408,129.7214,123.4250
2008-09-11,169.8715,147.3919,140.0815,129.4570,123.3859
2008-09-12,168.9201,146.8806,139.7959,129.3277,123.2610
2008-09-13,168.8697,146.8368,139.7542,129.2891,123.2242
2008-09-14,168.8192,146.7930,139.7124,129.2505,123.1874
2008-09-15,170.5390,147.8867,140.3227,129.4182,122.9766
2008-09-16,168.1217,146.3678,139.6211,128.9988,122.9169
2008-09-17,164.9328,144.5474,138.4582,128.4430,122.6847
2008-09-18,164.8835,144.5042,138.4168,128.4046,122.6480
2008-09-19,164.8343,144.4611,138.3755,128.3663,122.6115
2008-09-20,164.7851,144.4180,138.3342,128.3280,122.5748
2008-09-21,164.7359,144.3749,138.2929,128.2897,122.5382
2008-09-22,167.1962,145.8367,139.0431,128.6473,122.6977
2008-09-23,169.1308,146.7375,139.6767,128.8820,122.7802
2008-09-24,166.7205,145.3563,138.8602,128.5640,122.8606
2008-09-25,166.1491,145.1284,138.8988,128.6973,122.9749
2008-09-26,167.0897,145.7344,139.3088,128.8825,122.9842
2008-09-27,167.0397,145.6908,139.2671,128.8439,122.9475
2008-09-28,166.9899,145.6474,139.2256,128.8055,122.9108
2008-09-29,166.3963,145.1987,138.9709,128.6452,122.7485
2008-09-30,160.5531,141.4157,136.7176,127.5101,122.4984
2008-10-01,160.3857,141.7975,137.1473,127.7907,122.5726
2008-10-02,161.8384,142.6384,137.6284,127.9534,122.4658
2008-10-03,159.1484,140.9379,136.8001,127.6802,122.6496
2008-10-04,159.1009,140.8959,136.7593,127.6421,122.6130
2008-10-05,159.0534,140.8538,136.7184,127.6040,122.5764
2008-10-06,157.0820,139.7697,136.3095,127.6420,122.9139
2008-10-07,147.5045,133.9085,132.9413,126.0676,122.9635
2008-10-08,143.7152,131.6996,131.8085,125.5458,122.8705
2008-10-09,137.9788,128.1383,129.7919,124.7531,123.0462
2008-10-10,136.1686,126.8567,128.9607,124.1396,122.6991
2008-10-11,136.1206,126.8120,128.9152,124.0958,122.6558
2008-10-12,136.0726,126.7672,128.8698,124.0520,122.6125
2008-10-13,129.7658,122.5633,126.1254,122.7270,122.3869
2008-10-14,137.3404,127.8115,129.1167,124.2624,122.4434
2008-10-15,143.3654,131.2548,131.1896,125.0083,122.3956
2008-10-16,138.6451,128.1156,129.6159,124.2024,122.3748
2008-10-17,134.6182,126.1549,128.5435,123.8230,122.3258
2008-10-18,134.5707,126.1104,128.4982,123.7793,122.2826
2008-10-19,134.5232,126.0659,128.4529,123.7357,122.2395
2008-10-20,133.2793,125.4267,128.0056,123.6269,122.1229
2008-10-21,136.5436,127.6098,129.3012,124.1420,122.0827
2008-10-22,136.5122,127.4145,129.3566,124.0750,122.0817
2008-10-23,130.5636,123.4711,127.1145,123.0393,121.8828
2008-10-24,127.6135,121.7146,126.0985,122.5594,121.7093
2008-10-25,127.5686,121.6717,126.0541,122.5162,121.6664
2008-10-26,127.5235,121.6288,126.0096,122.4730,121.6235
2008-10-27,122.9173,118.7982,124.3716,121.7800,121.5395
2008-10-28,120.0615,117.1609,123.5790,121.5453,121.5716
2008-10-29,123.2361,119.5536,124.8991,122.2277,121.6497
2008-10-30,126.6906,121.4624,125.9705,122.5669,121.6634
2008-10-31,126.6459,121.4196,125.9260,122.5236,121.6204
2008-11-01,126.6012,121.3767,125.8816,122.4804,121.5775
2008-11-02,126.5565,121.3339,125.8372,122.4371,121.5346
2008-11-03,133.8003,125.5566,128.2106,123.4756,121.6935
2008-11-04,135.8166,126.8699,129.0658,123.8579,121.7168
2008-11-05,138.1092,128.4701,129.9393,124.2468,121.7152
2008-11-06,137.4839,127.9045,129.6566,124.0176,121.7827
2008-11-07,132.1181,124.4922,127.5936,123.0692,121.5702
2008-11-08,132.0714,124.4482,127.5485,123.0257,121.5273
2008-11-09,132.0249,124.4043,127.5036,122.9823,121.4845
2008-11-10,132.8359,125.0930,127.9592,123.3413,121.5639
2008-11-11,134.4741,126.1500,128.6689,123.5661,121.4414
2008-11-12,131.5663,124.1795,127.4833,122.9743,121.1959
2008-11-13,128.4856,122.1020,126.2657,122.3960,121.1446
2008-11-14,127.8611,122.1392,126.2566,122.6271,121.3779
2008-11-15,127.8230,122.1028,126.2189,122.5905,121.3417
2008-11-16,127.7848,122.0663,126.1812,122.5538,121.3055
2008-11-17,128.3834,122.3697,126.5207,122.6948,121.4594
2008-11-18,126.8907,121.3226,125.9500,122.4533,121.4441
2008-11-19,125.1423,120.4510,125.5226,122.4044,121.6545
2008-11-20,122.6506,118.7117,124.5996,121.9275,121.4968
2008-11-21,118.6364,115.9824,122.9434,121.2266,121.5127
2008-11-22,118.6009,115.9477,122.9067,121.1903,121.4764
2008-11-23,118.5655,115.9131,122.8700,121.1542,121.4401
2008-11-24,119.3252,116.4935,123.1345,121.2546,121.3745
2008-11-25,121.6073,117.9490,123.9683,121.5905,121.2342
2008-11-26,124.0289,119.3513,124.7099,121.8166,121.2532
2008-11-27,124.8136,119.9013,124.8590,121.9263,121.2340
2008-11-28,126.2705,120.8573,125.4695,122.2241,121.4005
2008-11-29,126.2328,120.8212,125.4320,122.1876,121.3643
2008-11-30,126.1951,120.7852,125.3946,122.1511,121.3281
2008-12-01,126.4469,120.9336,125.4435,122.1717,121.4335
2008-12-02,123.4698,118.5110,123.9995,121.4154,121.4545
2008-12-03,122.2993,118.0049,123.7197,121.4446,121.5203
2008-12-04,122.4992,118.1360,123.6933,121.3762,121.4200
2008-12-05,122.0169,117.7036,123.4843,121.2582,121.4429
2008-12-06,121.9804,117.6685,123.4475,121.2220,121.4067
2008-12-07,121.9440,117.6333,123.4106,121.1858,121.3704
2008-12-08,121.9076,117.5982,123.3737,121.1496,121.3342
2008-12-09,124.4849,119.5877,124.4143,121.7892,121.5818
2008-12-10,125.9207,120.3792,124.9778,121.9708,121.5387
2008-12-11,127.6012,121.3806,125.4268,122.0822,121.5005
2008-12-12,128.1816,121.5245,125.5483,122.0994,121.5474
2008-12-13,128.1857,121.5284,125.5523,122.1034,121.5513
2008-12-14,128.1899,121.5323,125.5563,122.1073,121.5552
2008-12-15,126.7989,120.7978,125.1295,122.0311,121.6083
2008-12-16,127.2465,120.9752,125.1797,121.9655,121.5364
2008-12-17,128.3110,121.9508,125.7235,122.3219,121.6298
2008-12-18,129.8869,122.7857,126.3040,122.5955,121.8022
2008-12-19,129.6265,122.4916,126.1177,122.4822,121.8512
2008-12-20,129.6306,122.4955,126.1218,122.4861,121.8551
2008-12-21,129.6348,122.4995,126.1258,122.4901,121.8590
2008-12-22,128.8522,121.9967,125.8260,122.3973,121.7253
2008-12-23,127.8814,121.2082,125.2965,122.0584,121.6596
2008-12-24,126.2437,120.1377,124.5537,121.6243,121.4933
2008-12-25,126.2477,120.1415,124.5577,121.6282,121.4972
2008-12-26,126.2586,120.0672,124.4252,121.4381,121.3060
2008-12-27,126.2626,120.0710,124.4292,121.4420,121.3099
2008-12-28,126.2667,120.0749,124.4332,121.4459,121.3138
2008-12-29,126.6355,120.3356,124.6404,121.5751,121.4033
2008-12-30,127.1311,120.6861,124.9803,121.8068,121.4733
2008-12-31,128.0109,121.4717,125.5217,122.2047,121.7888
2009-01-01,128.0150,121.4756,125.5258,122.2086,121.7928
2009-01-02,128.9401,122.0696,125.8923,122.3899,121.8367
2009-01-03,128.9443,122.0735,125.8963,122.3939,121.8406
2009-01-04,128.9485,122.0775,125.9004,122.3979,121.8446
2009-01-05,130.4610,123.2318,126.5722,122.7468,121.8814
2009-01-06,132.6154,124.6119,127.3653,123.1425,122.0825
2009-01-07,133.9250,125.5716,127.8846,123.3258,121.9815
2009-01-08,132.9153,124.6425,127.2843,122.9307,121.8769
2009-01-09,131.0329,123.6098,126.7972,122.9078,122.0959
2009-01-10,131.0839,123.6579,126.8466,122.9557,122.1435
2009-01-11,131.1350,123.7061,126.8961,123.0036,122.1911
2009-01-12,130.0972,123.2773,126.8066,123.1619,122.6819
2009-01-13,128.2783,122.0479,126.0764,122.8134,122.5884
2009-01-14,127.4080,121.5597,125.8091,122.7897,122.6793
2009-01-15,126.4384,120.8683,125.5795,122.8731,123.0072
2009-01-16,125.3181,120.3192,125.4173,122.9763,123.1355
2009-01-17,125.3669,120.3660,125.4661,123.0242,123.1834
2009-01-18,125.4158,120.4130,125.5151,123.0721,123.2314
2009-01-19,126.5662,121.3194,126.1776,123.4898,123.5351
2009-01-20,126.9034,121.5449,126.3292,123.5690,123.4736
2009-01-21,124.8855,120.0860,125.5702,123.2269,123.5434
2009-01-22,124.7476,120.2864,125.7160,123.4369,123.6504
2009-01-23,124.8274,120.2963,125.7477,123.5013,123.7691
2009-01-24,124.8760,120.3432,125.7967,123.5494,123.8174
2009-01-25,124.9247,120.3901,125.8457,123.5975,123.8656
2009-01-26,124.5205,120.2133,125.7598,123.6169,123.9010
2009-01-27,125.6127,121.0149,126.3250,123.9752,124.1171
2009-01-28,126.7263,121.8780,126.9769,124.3766,124.2768
2009-01-29,128.5985,123.3469,127.9831,125.0273,124.6035
2009-01-30,128.2202,123.1137,128.1427,125.4254,125.2163
2009-01-31,128.2702,123.1616,128.1926,125.4743,125.2651
2009-02-01,128.3201,123.2096,128.2425,125.5231,125.3139
2009-02-02,127.7305,122.7799,128.0044,125.4237,125.3037
2009-02-03,126.9414,122.3761,127.8718,125.4814,125.5089
2009-02-04,127.7937,123.1137,128.4649,125.9522,125.9331
2009-02-05,128.7683,123.7836,128.8894,126.0982,125.9107
2009-02-06,129.4742,124.3262,129.1784,126.2518,125.8357
2009-02-07,129.5247,124.3746,129.2287,126.3010,125.8847
2009-02-08,129.5751,124.4230,129.2790,126.3501,125.9337
2009-02-09,131.9234,126.0773,130.2704,126.8228,125.9261
2009-02-10,132.6886,126.5484,130.5752,126.9422,125.9487
2009-02-11,131.0074,125.2231,129.7498,126.5117,126.0363
2009-02-12,130.3451,124.9612,129.6261,126.6144,126.3385
2009-02-13,129.1809,124.3105,129.2596,126.5760,126.5136
2009-02-14,129.2179,124.3462,129.2966,126.6123,126.5499
2009-02-15,129.2550,124.3818,129.3337,126.6487,126.5862
2009-02-16,129.6569,124.9302,130.0363,127.4791,127.6020
2009-02-17,129.6423,125.0070,130.1572,127.6259,127.7581
2009-02-18,127.2819,123.4027,129.2973,127.2479,127.7991
2009-02-19,126.5720,123.0647,129.2086,127.2590,127.8247
2009-02-20,127.3412,123.5392,129.6160,127.5065,127.9817
2009-02-21,127.3776,123.5746,129.6532,127.5431,128.0184
2009-02-22,127.4142,123.6101,129.6904,127.5797,128.0552
2009-02-23,126.3521,122.8207,129.2782,127.4780,128.1805
2009-02-24,125.5635,122.0716,128.8103,127.2339,128.2195
2009-02-25,124.6962,121.8094,128.6244,127.3497,128.5157
2009-02-26,124.7708,121.8395,128.7353,127.4756,128.7499
2009-02-27,124.8700,122.0756,129.1700,127.9799,129.2262
2009-02-28,124.9058,122.1106,129.2070,128.0166,129.2632
2009-03-01,124.9417,122.1457,129.2441,128.0533,129.3003
2009-03-02,123.8140,121.2215,128.6328,127.7532,129.3959
2009-03-03,121.1852,119.4352,127.5502,127.2089,129.2867
2009-03-04,120.5213,118.9937,127.2451,127.0524,129.2120
2009-03-05,122.4476,120.2500,127.8575,127.2537,128.9577
2009-03-06,121.5548,119.4002,127.2222,126.8648,128.8808
2009-03-07,121.5897,119.4345,127.2587,126.9012,128.9178
2009-03-08,121.6246,119.4687,127.2952,126.9376,128.9548
2009-03-09,121.2425,119.2864,127.2079,126.9112,129.0578
2009-03-10,120.7520,118.9684,127.0768,126.9137,129.1757
2009-03-11,123.0809,120.7111,128.0993,127.4500,129.2633
2009-03-12,124.2943,121.4119,128.5757,127.6810,129.3837
2009-03-13,124.8374,121.9089,128.8192,127.8962,129.4139
2009-03-14,124.8535,121.9246,128.8358,127.9127,129.4306
2009-03-15,124.8697,121.9404,128.8525,127.9293,129.4474
2009-03-16,126.3271,122.9177,129.4635,128.2554,129.7068
2009-03-17,127.1188,123.3172,129.6303,128.1924,129.4517
2009-03-18,127.5823,123.6380,129.6800,128.1136,129.0485
2009-03-19,129.1545,124.6800,130.4235,128.5197,129.2047
2009-03-20,129.7648,124.9825,130.5682,128.4860,129.1704
2009-03-21,129.7816,124.9987,130.5851,128.5027,129.1871
2009-03-22,129.7984,125.0148,130.6020,128.5193,129.2038
2009-03-23,129.1992,124.5608,130.2854,128.3244,129.0665
2009-03-24,132.3734,126.7152,131.4565,128.8003,128.8270
2009-03-25,132.2788,126.5466,131.3086,128.6436,128.7748
2009-03-26,132.7502,126.9235,131.6822,128.9647,129.1791
2009-03-27,133.9345,127.6832,132.0333,129.0752,129.0689
2009-03-28,133.9518,127.6997,132.0504,129.0919,129.0856
2009-03-29,133.9692,127.7162,132.0675,129.1086,129.1023
2009-03-30,132.9920,127.0281,131.6672,128.9117,129.1496
2009-03-31,130.2528,125.1601,130.4751,128.2826,129.0098
2009-04-01,130.6974,125.4495,130.6380,128.3706,128.9613
2009-04-02,131.7227,126.1384,131.0300,128.5609,128.9668
2009-04-03,135.0647,128.2746,132.1854,129.0025,128.8710
2009-04-04,135.0822,128.2912,132.2025,129.0192,128.8877
2009-04-05,135.0997,128.3078,132.2196,129.0359,128.9044
2009-04-06,136.3475,128.9840,132.5289,129.1490,128.7996
2009-04-07,136.5777,129.0928,132.5873,129.2054,128.9403
2009-04-08,135.4040,128.3489,132.2242,129.1069,129.0813
2009-04-09,135.5198,128.5747,132.4196,129.2985,129.2521
2009-04-10,135.5017,128.5575,132.4020,129.2813,129.2349
2009-04-11,135.4838,128.5405,132.3844,129.2641,129.2177
2009-04-12,135.4657,128.5233,132.3668,129.2469,129.2005
2009-04-13,137.4920,130.0017,133.2619,129.7807,129.4046
2009-04-14,138.5454,130.7510,133.8204,130.0660,129.4814
2009-04-15,139.7124,131.4129,134.1836,130.1381,129.4518
2009-04-16,139.7909,131.5448,134.2983,130.2905,129.5356
2009-04-17,140.5466,132.1307,134.6741,130.4998,129.5485
2009-04-18,140.5279,132.1131,134.6562,130.4824,129.5313
2009-04-19,140.5092,132.0955,134.6382,130.4651,129.5141
2009-04-20,140.7282,132.2804,134.7898,130.6133,129.6418
2009-04-21,139.0562,131.1038,134.1706,130.3040,129.7608
2009-04-22,139.0726,131.2555,134.3360,130.4803,129.8484
2009-04-23,139.5053,131.5474,134.5713,130.5862,129.8724
2009-04-24,140.3313,132.0460,134.8227,130.6787,129.8484
2009-04-25,140.3126,132.0284,134.8048,130.6613,129.8312
2009-04-26,140.2940,132.0108,134.7869,130.6439,129.8139
2009-04-27,141.6929,132.9443,135.3303,130.9568,129.8941
2009-04-28,140.9506,132.3762,135.0506,130.8759,129.9073
2009-04-29,140.0649,131.8589,134.8002,130.7982,129.8947
2009-04-30,142.0306,133.2946,135.6417,131.2085,129.9127
2009-05-01,142.0117,133.2769,135.6236,131.1910,129.8953
2009-05-02,141.9928,133.2592,135.6056,131.1736,129.8781
2009-05-03,141.9739,133.2414,135.5875,131.1561,129.8608
2009-05-04,143.2985,134.0384,135.9413,131.3395,129.9477
2009-05-05,145.8843,135.6679,136.8002,131.5729,129.6240
2009-05-06,147.1447,136.4481,137.1616,131.6894,129.5390
2009-05-07,148.8039,137.5805,137.8490,132.0233,129.5603
2009-05-08,148.8911,137.5278,137.8085,131.8783,129.3981
2009-05-09,148.8713,137.5094,137.7901,131.8608,129.3808
2009-05-10,148.8809,137.5183,137.7990,131.8693,129.3892
2009-05-11,150.5714,138.8020,138.6426,132.2549,129.2482
2009-05-12,150.7394,138.7226,138.5083,131.9170,128.5514
2009-05-13,150.6964,138.6619,138.4996,131.8533,128.4042
2009-05-14,149.3674,137.6937,138.0054,131.6383,128.5425
2009-05-15,148.1421,136.9805,137.3358,131.1387,128.1419
2009-05-16,148.1517,136.9894,137.3447,131.1472,128.1502
2009-05-17,148.1613,136.9982,137.3536,131.1557,128.1585
2009-05-18,148.5285,137.2206,137.4510,131.0859,128.0200
2009-05-19,151.0039,139.0030,138.5837,131.6099,127.9540
2009-05-20,153.2264,140.3317,139.3275,131.8694,127.8805
2009-05-21,153.2362,140.3407,139.3364,131.8778,127.8887
2009-05-22,153.4153,140.3609,139.3735,131.7912,127.7168
2009-05-23,153.4253,140.3700,139.3825,131.7998,127.7251
2009-05-24,153.4351,140.3790,139.3915,131.8082,127.7333
2009-05-25,153.2593,140.2166,139.2661,131.8208,127.7788
2009-05-26,153.8679,140.7492,139.6895,132.0123,127.8145
2009-05-27,154.4651,141.2946,140.0356,132.2309,127.7936
2009-05-28,155.3356,141.6051,140.0470,132.0414,127.4987
2009-05-29,155.6251,141.6149,139.6748,131.5851,126.8683
2009-05-30,155.6352,141.6241,139.6839,131.5936,126.8765
2009-05-31,155.6452,141.6332,139.6929,131.6021,126.8847
2009-06-01,157.3579,142.8264,140.5024,132.0029,127.0258
2009-06-02,159.3392,144.3068,141.4255,132.5836,127.1699
2009-06-03,161.2516,145.5259,142.2895,133.0050,127.3934
2009-06-04,160.2738,144.8900,142.0608,133.0374,127.7446
2009-06-05,160.1577,144.9579,142.1286,133.1221,127.7109
2009-06-06,160.1680,144.9672,142.1378,133.1307,127.7191
2009-06-07,160.1784,144.9766,142.1470,133.1393,127.7274
2009-06-08,160.7877,145.4463,142.4388,133.2521,127.6971
2009-06-09,159.7701,144.8336,142.0912,133.1288,127.7494
2009-06-10,159.9079,144.9872,142.2913,133.3007,127.9073
2009-06-11,161.3179,145.9123,142.9200,133.6261,128.0576
2009-06-12,162.2271,146.6346,143.4763,134.0004,128.2407
2009-06-13,162.2433,146.6493,143.4907,134.0138,128.2535
2009-06-14,162.2596,146.6640,143.5051,134.0272,128.2664
2009-06-15,161.9917,146.6190,143.6363,134.3040,128.6422
2009-06-16,159.9648,145.2694,142.8671,134.0305,128.7189
2009-06-17,158.1902,144.1996,142.3412,133.8558,128.8400
2009-06-18,156.1218,142.7794,141.3551,133.4334,128.9438
2009-06-19,155.0932,142.1832,140.9119,133.1696,128.7940
2009-06-20,155.1087,142.1974,140.9260,133.1829,128.8069
2009-06-21,155.1243,142.2117,140.9401,133.1963,128.8199
2009-06-22,156.0073,142.8204,141.3510,133.3901,128.9286
2009-06-23,153.8663,141.2222,140.3096,132.8321,128.8652
2009-06-24,152.8673,140.5786,139.8810,132.6039,128.8151
2009-06-25,153.6353,141.0896,140.1184,132.6847,128.6832
2009-06-26,154.8749,141.9234,140.6201,132.9751,128.7771
2009-06-27,154.8904,141.9376,140.6342,132.9885,128.7900
2009-06-28,154.9059,141.9519,140.6483,133.0018,128.8029
2009-06-29,154.9215,141.9661,140.6624,133.0152,128.8158
2009-06-30,156.4253,142.8968,141.2386,133.2555,128.7636
2009-07-01,156.4075,142.9070,141.3443,133.3039,128.7490
2009-07-02,157.5698,143.6485,141.8618,133.6463,128.8946
2009-07-03,156.7952,143.0994,141.6312,133.6608,129.1476
2009-07-04,156.8109,143.1137,141.6454,133.6742,129.1605
2009-07-05,156.8266,143.1280,141.6595,133.6876,129.1734
2009-07-06,156.5661,143.1015,141.7467,133.7878,129.2708
2009-07-07,155.6590,142.5871,141.4483,133.7321,129.4350
2009-07-08,154.9611,142.1850,141.3071,133.7359,129.6068
2009-07-09,154.0111,141.5338,140.9207,133.5814,129.6470
2009-07-10,154.5947,141.8802,141.1062,133.6317,129.5004
2009-07-11,154.5798,141.8665,141.0926,133.6188,129.4879
2009-07-12,154.5648,141.8528,141.0790,133.6059,129.4754
2009-07-13,154.0704,141.6362,141.0217,133.7129,129.7380
2009-07-14,154.2190,141.9136,141.2377,133.8976,129.7570
2009-07-15,155.9346,143.0899,142.0859,134.3468,129.9340
2009-07-16,155.9196,143.0761,142.0722,134.3338,129.9214
2009-07-17,159.5648,145.4625,143.4852,135.0413,130.0204
2009-07-18,159.5493,145.4484,143.4713,135.0282,130.0078
2009-07-19,159.5340,145.4344,143.4574,135.0151,129.9952
2009-07-20,159.8535,145.7336,143.6367,135.1223,130.0328
2009-07-21,162.1158,147.1384,144.4462,135.4737,130.0074
2009-07-22,162.7338,147.4655,144.6685,135.5119,129.8871
2009-07-23,162.4741,147.3024,144.5901,135.5396,129.9995
2009-07-24,164.1299,148.3729,145.2162,135.8615,130.0378
2009-07-25,164.1141,148.3586,145.2022,135.8483,130.0253
2009-07-26,164.0983,148.3443,145.1882,135.8352,130.0127
2009-07-27,165.1014,148.9540,145.5381,135.9625,129.9513
2009-07-28,166.1639,149.5492,145.8525,136.0729,129.8560
2009-07-29,166.5404,149.7639,145.9523,136.1244,129.8968
2009-07-30,165.1990,148.9685,145.5565,135.9837,129.9623
2009-07-31,166.5299,149.8461,146.0711,136.2050,129.9354
2009-08-01,166.5139,149.8317,146.0570,136.1919,129.9228
2009-08-02,166.4978,149.8172,146.0429,136.1787,129.9103
2009-08-03,167.5014,150.3851,146.3817,136.3782,130.0505
2009-08-04,169.4542,151.7046,147.1406,136.7555,130.0763
2009-08-05,170.0741,152.2410,147.4985,136.9899,130.2016
2009-08-06,169.8266,152.0838,147.3989,136.9279,130.1745
2009-08-07,169.2870,151.7525,147.1703,136.7868,130.1284
2009-08-08,169.2706,151.7378,147.1561,136.7736,130.1158
2009-08-09,169.2543,151.7232,147.1419,136.7604,130.1033
2009-08-10,169.2086,151.7159,147.1358,136.8256,130.1110
2009-08-11,169.7011,151.9455,147.2413,136.7962,130.0709
2009-08-12,168.9594,151.4300,146.9005,136.6420,130.0914
2009-08-13,168.6862,151.3363,146.8940,136.7044,130.1180
2009-08-14,170.0318,152.2039,147.4764,136.9844,130.2153
2009-08-15,170.0538,152.2236,147.4954,137.0021,130.2321
2009-08-16,170.0758,152.2432,147.5145,137.0198,130.2489
2009-08-17,170.0982,152.1333,147.3639,136.7988,130.0311
2009-08-18,167.0586,150.1563,146.2372,136.3062,130.0255
2009-08-19,167.5725,150.5115,146.4446,136.3841,129.9696
2009-08-20,167.3792,150.3775,146.3376,136.3702,129.9859
2009-08-21,168.3871,151.0286,146.6967,136.5293,130.0530
2009-08-22,168.4089,151.0482,146.7157,136.5470,130.0698
2009-08-23,168.4307,151.0677,146.7347,136.5646,130.0867
2009-08-24,169.3548,151.7166,147.1409,136.7967,130.2092
2009-08-25,170.6660,152.4412,147.5328,136.9699,130.3016
2009-08-26,170.6881,152.4564,147.6042,137.0278,130.3781
2009-08-27,170.3286,152.2621,147.5260,137.0086,130.4183
2009-08-28,169.9547,152.0459,147.4368,137.0368,130.5273
2009-08-29,169.9766,152.0656,147.4558,137.0544,130.5442
2009-08-30,169.9987,152.0853,147.4749,137.0722,130.5611
2009-08-31,170.2098,152.1920,147.5743,137.1613,130.6138
2009-09-01,169.1306,151.4219,147.1032,136.9747,130.6458
2009-09-02,168.0132,150.6611,146.6407,136.7745,130.6923
2009-09-03,167.3925,150.2747,146.4598,136.7882,130.7803
2009-09-04,168.4627,151.0264,146.9631,137.0790,130.9934
2009-09-05,168.4845,151.0459,146.9821,137.0967,131.0103
2009-09-06,168.5062,151.0654,147.0011,137.1144,131.0273
2009-09-07,170.3248,152.3734,147.8317,137.5896,131.1220
2009-09-08,171.2822,153.0080,148.2198,137.7584,131.1398
2009-09-09,172.9627,154.0307,148.8327,138.0945,131.2663
2009-09-10,173.7442,154.5856,149.2022,138.3262,131.3451
2009-09-11,174.8913,155.3452,149.6792,138.6139,131.4925
2009-09-12,174.9147,155.3660,149.6992,138.6324,131.5101
2009-09-13,174.9380,155.3867,149.7192,138.6510,131.5276
2009-09-14,175.4092,155.7752,150.0513,138.8919,131.7108
2009-09-15,175.1583,155.6282,150.0628,139.0414,131.8685
2009-09-16,176.1971,156.2798,150.4573,139.3020,131.9667
2009-09-17,177.8190,157.3483,151.1199,139.6796,132.0384
2009-09-18,177.8428,157.3693,151.1401,139.6983,132.0560
2009-09-19,177.8665,157.3903,151.1603,139.7169,132.0736
2009-09-20,177.8902,157.4114,151.1805,139.7356,132.0913
2009-09-21,178.5803,157.9882,151.6455,139.9999,132.1670
2009-09-22,177.7864,157.5250,151.4034,139.9191,132.1700
2009-09-23,178.5894,158.1096,151.8032,140.2024,132.3954
2009-09-24,178.4919,158.1776,151.9689,140.3341,132.6536
2009-09-25,177.3384,157.4766,151.5667,140.1049,132.5678
2009-09-26,177.3621,157.4977,151.5869,140.1236,132.5856
2009-09-27,177.3858,157.5187,151.6072,140.1423,132.6033
2009-09-28,177.1409,157.3532,151.5038,140.1579,132.6571
2009-09-29,178.0156,157.9098,151.8903,140.3688,132.6731
2009-09-30,178.8609,158.5106,152.2712,140.5602,132.7723
2009-10-01,179.6639,159.0470,152.6148,140.7712,132.8773
2009-10-02,178.6882,158.4665,152.2784,140.6167,132.9231
2009-10-03,178.7121,158.4876,152.2987,140.6354,132.9408
2009-10-04,178.7360,158.5089,152.3191,140.6543,132.9586
2009-10-05,177.9047,158.0171,152.0001,140.5751,133.0123
2009-10-06,179.3563,159.0019,152.5985,140.8911,133.0862
2009-10-07,181.5641,160.4622,153.5229,141.3828,133.2177
2009-10-08,182.2186,160.9513,153.8865,141.6432,133.4062
2009-10-09,183.4312,161.7767,154.4120,142.0127,133.6435
2009-10-10,183.3724,161.7248,154.3625,141.9671,133.6006
2009-10-11,183.3135,161.6729,154.3130,141.9216,133.5577
2009-10-12,183.2547,161.6210,154.2634,141.8760,133.5148
2009-10-13,184.9173,162.6559,154.8816,142.2261,133.6270
2009-10-14,185.3660,163.0285,155.1524,142.3322,133.5741
2009-10-15,187.6189,164.4101,155.9008,142.7217,133.6282
2009-10-16,187.5187,164.3042,155.7115,142.6115,133.5828
2009-10-17,187.4586,164.2515,155.6616,142.5658,133.5400
2009-10-18,187.3984,164.1988,155.6116,142.5200,133.4971
2009-10-19,186.2755,163.5100,155.1643,142.2837,133.4376
2009-10-20,187.2495,164.1350,155.6156,142.4934,133.4822
2009-10-21,186.0717,163.3442,155.1587,142.2373,133.4653
2009-10-22,185.5138,162.9978,154.9600,142.2070,133.5151
2009-10-23,184.4680,162.3196,154.4725,141.9604,133.4825
2009-10-24,184.4088,162.2675,154.4230,141.9149,133.4397
2009-10-25,184.3496,162.2154,154.3734,141.8693,133.3969
2009-10-26,184.1528,162.1826,154.3409,141.8558,133.3877
2009-10-27,183.4386,161.6957,153.9828,141.5765,133.1670
2009-10-28,181.3036,160.2751,153.0945,141.1031,133.0277
2009-10-29,177.2712,157.6497,151.5361,140.2349,132.7720
2009-10-30,178.1244,158.0773,151.6234,140.1519,132.5080
2009-10-31,178.0672,158.0265,151.5747,140.1069,132.4654
2009-11-01,178.0101,157.9759,151.5261,140.0620,132.4230
2009-11-02,176.8941,157.3546,151.0877,139.7840,132.3389
2009-11-03,176.0195,156.6644,150.5825,139.4835,132.1436
2009-11-04,175.2984,156.0952,150.1001,139.2471,132.0583
2009-11-05,177.3829,157.4784,150.9003,139.5981,132.0638
2009-11-06,178.1406,157.9669,151.1701,139.7723,132.1074
2009-11-07,178.0835,157.9162,151.1216,139.7275,132.0651
2009-11-08,178.0263,157.8655,151.0731,139.6826,132.0227
2009-11-09,178.5857,158.3272,151.4347,139.9621,132.3061
2009-11-10,180.7427,159.7150,152.2945,140.3809,132.3932
2009-11-11,180.4956,159.5527,152.1504,140.2434,132.1985
2009-11-12,180.5750,159.5295,152.0811,140.1587,132.1026
2009-11-13,179.4111,158.7122,151.5701,139.8687,131.9453
2009-11-14,179.4111,158.7122,151.5701,139.8687,131.9453
2009-11-15,179.4111,158.7122,151.5701,139.8687,131.9453
2009-11-16,179.1357,158.4617,151.2990,139.6110,131.6256
2009-11-17,180.4497,159.1980,151.5636,139.6578,131.4696
2009-11-18,179.8037,158.6637,151.0444,139.2874,131.1895
2009-11-19,179.1694,158.1743,150.6552,139.0408,131.0702
2009-11-20,178.2865,157.6651,150.4556,139.0323,131.2312
2009-11-21,178.2865,157.6651,150.4556,139.0323,131.2312
2009-11-22,178.2865,157.6651,150.4556,139.0323,131.2312
2009-11-23,178.4705,157.8207,150.5983,139.1164,131.2637
2009-11-24,178.9574,158.1553,150.7867,139.1899,131.2057
2009-11-25,178.0864,157.5124,150.2665,138.9066,131.0561
2009-11-26,178.9848,158.1513,150.6431,139.1203,131.0655
2009-11-27,177.6455,157.1841,149.9982,138.7919,131.0142
2009-11-28,177.6455,157.1841,149.9982,138.7919,131.0142
2009-11-29,177.6455,157.1841,149.9982,138.7919,131.0142
2009-11-30,175.6532,155.9694,149.2770,138.3437,130.7794
2009-12-01,176.5760,156.6103,149.6357,138.5015,130.7443
2009-12-02,179.3423,158.3940,150.7262,139.0467,130.8239
2009-12-03,181.0797,159.5573,151.4115,139.4024,130.8777
2009-12-04,181.8601,160.0763,151.7882,139.6061,130.9099
2009-12-05,181.8601,160.0763,151.7882,139.6061,130.9099
2009-12-06,181.8601,160.0763,151.7882,139.6061,130.9099
2009-12-07,181.6551,159.8683,151.6125,139.4656,130.8046
2009-12-08,181.6551,159.8683,151.6125,139.4656,130.8046
2009-12-09,180.1230,158.9999,151.1048,139.2528,130.7583
2009-12-10,179.1640,158.2148,150.5987,138.8816,130.6499
2009-12-11,178.8121,158.0457,150.4556,138.6975,130.3840
2009-12-12,178.8410,158.0712,150.4798,138.7199,130.4050
2009-12-13,178.8699,158.0968,150.5042,138.7423,130.4261
2009-12-14,179.9305,158.9036,151.0909,139.0057,130.3526
2009-12-15,181.1698,159.6668,151.4963,139.1093,130.0996
2009-12-16,181.0031,159.6209,151.5250,139.1476,130.1382
2009-12-17,181.2102,159.7700,151.6844,139.2393,130.2019
2009-12-18,179.2621,158.5977,151.0484,138.9315,130.2744
2009-12-19,179.2911,158.6234,151.0728,138.9540,130.2955
2009-12-20,179.3201,158.6490,151.0972,138.9765,130.3165
2009-12-21,179.0301,158.4904,151.1115,139.0340,130.4763
2009-12-22,179.5686,158.8656,151.4427,139.2233,130.5183
2009-12-23,180.3636,159.4105,151.7992,139.4515,130.6816
2009-12-24,181.6425,160.2575,152.3734,139.8650,130.9542
2009-12-25,181.6719,160.2834,152.3981,139.8877,130.9753
2009-12-26,181.7013,160.3094,152.4227,139.9103,130.9965
2009-12-27,181.7307,160.3353,152.4474,139.9329,131.0177
2009-12-28,182.1217,160.5833,152.6038,140.0387,131.0590
2009-12-29,183.1351,161.2998,153.1352,140.4058,131.2865
2009-12-30,183.6791,161.7236,153.3941,140.5625,131.2916
2009-12-31,184.0403,162.0312,153.6827,140.8480,131.5039
2010-01-01,184.0701,162.0574,153.7076,140.8708,131.5252
2010-01-02,184.0998,162.0836,153.7324,140.8936,131.5464
2010-01-03,184.1296,162.1098,153.7573,140.9164,131.5677
2010-01-04,184.6106,162.4424,153.9369,140.9895,131.5753
2010-01-05,186.6493,163.6664,154.6796,141.4274,131.6699
2010-01-06,188.2631,164.9402,155.5832,141.9835,131.9479
2010-01-07,188.2241,164.9818,155.6831,142.0617,132.0388
2010-01-08,187.5374,164.6939,155.6571,142.1287,132.1680
2010-01-09,187.5677,164.7205,155.6823,142.1517,132.1893
2010-01-10,187.5859,164.7365,155.6974,142.1655,132.2022
2010-01-11,188.1220,165.1448,156.0791,142.3939,132.2367
2010-01-12,188.8160,165.7580,156.5252,142.6027,132.2442
2010-01-13,187.8782,165.1447,156.1371,142.4040,132.1725
2010-01-14,187.5214,164.9336,156.0178,142.3198,132.1682
2010-01-15,188.3136,165.4986,156.4738,142.5784,132.2785
2010-01-16,188.3319,165.5146,156.4890,142.5921,132.2913
2010-01-17,188.3501,165.5307,156.5042,142.6060,132.3041
2010-01-18,187.3276,164.9085,156.1176,142.3890,132.2999
2010-01-19,187.3308,164.9329,156.1814,142.4220,132.2790
2010-01-20,188.0576,165.3124,156.4000,142.5565,132.2803
2010-01-21,186.8762,164.6388,156.0744,142.3607,132.3210
2010-01-22,184.9700,163.5103,155.5400,142.1398,132.3988
2010-01-23,184.9880,163.5262,155.5551,142.1537,132.4117
2010-01-24,185.0059,163.5421,155.5702,142.1674,132.4245
2010-01-25,183.1858,162.4589,155.0408,141.9930,132.4506
2010-01-26,183.2986,162.5183,155.1250,142.0201,132.4348
2010-01-27,181.9398,161.7461,154.7468,141.9127,132.5281
2010-01-28,182.0300,161.8475,154.9135,142.0968,132.7684
2010-01-29,183.2384,162.6158,155.4361,142.4162,133.0155
2010-01-30,183.2561,162.6315,155.4512,142.4300,133.0284
2010-01-31,183.2739,162.6473,155.4662,142.4438,133.0413
2010-02-01,181.6689,161.5980,154.7919,142.0058,132.9025
2010-02-02,183.1537,162.5933,155.5382,142.5117,133.0881
2010-02-03,184.8143,163.6954,156.1843,142.8662,133.1899
2010-02-04,186.5171,164.8785,156.9431,143.3038,133.3796
2010-02-05,183.8873,163.2788,156.0909,142.9985,133.5682
2010-02-06,183.9051,163.2946,156.1060,143.0124,133.5811
2010-02-07,183.9230,163.3105,156.1212,143.0263,133.5941
2010-02-08,179.9134,160.5661,154.3880,142.1994,133.6025
2010-02-09,179.1964,160.2825,154.2422,142.1507,133.6639
2010-02-10,181.3234,161.6593,155.1169,142.6844,133.8701
2010-02-11,181.1533,161.4777,154.8892,142.4678,133.8109
2010-02-12,182.0753,161.9630,155.1238,142.5801,133.8596
2010-02-13,182.0428,161.9341,155.0962,142.5547,133.8357
2010-02-14,182.0103,161.9053,155.0685,142.5293,133.8119
2010-02-15,181.4083,161.5661,154.9335,142.4907,134.0492
2010-02-16,181.0633,161.3464,154.7878,142.3305,134.0005
2010-02-17,182.9828,162.5919,155.5982,142.8176,134.1214
2010-02-18,184.6493,163.7514,156.4023,143.2316,134.3149
2010-02-19,185.5183,164.3490,156.7641,143.5692,134.4417
2010-02-20,185.4853,164.3198,156.7362,143.5437,134.4177
2010-02-21,185.4522,164.2905,156.7083,143.5181,134.3938
2010-02-22,185.0820,164.0715,156.5832,143.5427,134.4676
2010-02-23,185.1653,164.1491,156.6317,143.5046,134.4971
2010-02-24,183.7195,163.2650,156.0632,143.1825,134.4066
2010-02-25,183.7348,163.2799,156.0784,143.2576,134.4802
2010-02-26,182.3398,162.3919,155.5235,143.0020,134.5602
2010-02-27,182.3073,162.3630,155.4958,142.9765,134.5362
2010-02-28,182.2749,162.3341,155.4681,142.9511,134.5123
2010-03-01,183.3575,163.1016,156.0394,143.2655,134.6205
2010-03-02,184.1014,163.4152,156.0941,143.2792,134.7282
2010-03-03,185.1571,164.1468,156.5819,143.5737,134.8560
2010-03-04,184.9171,163.9926,156.4972,143.6324,135.0842
2010-03-05,184.4169,163.6574,156.3290,143.5305,135.1225
2010-03-06,184.3841,163.6282,156.3012,143.5050,135.0984
2010-03-07,184.3513,163.5991,156.2733,143.4794,135.0743
2010-03-08,185.5815,164.3642,156.7626,143.6681,135.0422
2010-03-09,186.2628,164.8666,157.0125,143.7979,135.0781
2010-03-10,186.9840,165.2576,157.2353,143.9224,134.9460
2010-03-11,188.2333,166.0895,157.7067,144.2159,134.9917
2010-03-12,189.1963,166.7664,158.1251,144.4774,135.0368
2010-03-13,189.1781,166.7503,158.1099,144.4635,135.0238
2010-03-14,189.1598,166.7342,158.0946,144.4495,135.0107
2010-03-15,188.7638,166.4619,157.8966,144.2916,134.8275
2010-03-16,187.7273,165.7910,157.4848,144.1289,134.8920
2010-03-17,189.4192,166.8726,158.2201,144.5520,134.9215
2010-03-18,191.4627,168.2372,159.1421,145.0658,135.1241
2010-03-19,190.6903,167.7465,158.8745,144.9663,135.2321
2010-03-20,190.6720,167.7304,158.8592,144.9523,135.2191
2010-03-21,190.6535,167.7141,158.8439,144.9383,135.2060
2010-03-22,189.9900,167.2612,158.5359,144.7460,135.1524
2010-03-23,190.2855,167.4171,158.6686,144.8825,135.2302
2010-03-24,191.0791,167.9656,158.9943,145.0989,135.4136
2010-03-25,190.4367,167.5804,158.7402,144.9122,135.3538
2010-03-26,190.0573,167.3405,158.5934,144.8092,135.3857
2010-03-27,190.0389,167.3243,158.5780,144.7952,135.3726
2010-03-28,190.0206,167.3081,158.5627,144.7812,135.3595
2010-03-29,190.1958,167.4063,158.6181,144.8856,135.4824
2010-03-30,191.4414,168.1547,159.1131,145.2174,135.5682
2010-03-31,191.3298,168.1495,159.1892,145.3005,135.7774
2010-04-01,191.0992,168.0247,159.1468,145.3337,135.7655
2010-04-02,191.0807,168.0085,159.1314,145.3196,135.7523
2010-04-03,191.0622,167.9922,159.1160,145.3056,135.7392
2010-04-04,191.0438,167.9760,159.1006,145.2916,135.7261
2010-04-05,192.4599,168.8268,159.6781,145.6471,135.8822
2010-04-06,192.9198,169.1527,159.9339,145.7788,135.9958
2010-04-07,194.1822,170.0373,160.4824,146.0175,136.0037
2010-04-08,193.7074,169.7637,160.2617,145.8385,135.9551
2010-04-09,192.9543,169.1210,159.8208,145.5637,135.8298
2010-04-10,192.9479,169.1154,159.8154,145.5589,135.8252
2010-04-11,192.9415,169.1097,159.8101,145.5540,135.8207
2010-04-12,193.7530,169.5935,160.0751,145.6897,135.8400
2010-04-13,193.6240,169.5703,160.1270,145.7979,135.9159
2010-04-14,193.1929,169.2538,159.9048,145.7207,135.9041
2010-04-15,194.8038,170.2346,160.5044,146.0504,135.9461
2010-04-16,195.6681,170.8959,161.0031,146.3949,136.1017
2010-04-17,195.6615,170.8902,160.9977,146.3900,136.0972
2010-04-18,195.6550,170.8845,160.9923,146.3851,136.0927
2010-04-19,193.8380,169.7631,160.2744,145.9984,136.0271
2010-04-20,192.4187,168.8587,159.7612,145.8086,136.0668
2010-04-21,194.1696,170.0505,160.5959,146.2721,136.1914
2010-04-22,193.8277,169.8568,160.4953,146.2079,136.2643
2010-04-23,192.7872,169.1196,159.9846,145.8998,136.2670
2010-04-24,192.7808,169.1140,159.9793,145.8949,136.2625
2010-04-25,192.7743,169.1084,159.9740,145.8900,136.2579
2010-04-26,193.6163,169.6713,160.3292,146.1164,136.3094
2010-04-27,194.0883,169.9548,160.4911,146.1777,136.2772
2010-04-28,191.6246,168.4629,159.5818,145.6724,136.1988
2010-04-29,191.3342,168.3215,159.5681,145.7997,136.3978
2010-04-30,192.4563,169.0561,160.0315,146.0661,136.5085
2010-05-01,192.4499,169.0505,160.0261,146.0612,136.5039
2010-05-02,192.4435,169.0448,160.0208,146.0564,136.4994
2010-05-03,191.7980,168.7558,159.8436,145.8839,136.4110
2010-05-04,192.0244,168.8374,159.9015,145.9054,136.4405
2010-05-05,189.5045,167.4211,159.0538,145.4390,136.4322
2010-05-06,187.4502,166.1182,158.2615,145.0283,136.4439
2010-05-07,183.6658,163.6878,156.7234,144.1654,136.4117
2010-05-08,183.6597,163.6824,156.7182,144.1607,136.4072
2010-05-09,183.6536,163.6769,156.7130,144.1559,136.4027
2010-05-10,181.7704,162.4200,155.9602,143.7692,136.4289
2010-05-11,186.6432,165.3842,157.7799,144.7042,136.5715
2010-05-12,186.8167,165.6146,157.9588,144.8726,136.7116
2010-05-13,187.8631,166.2251,158.3129,145.0426,136.8342
2010-05-14,188.2432,166.5504,158.5433,145.2037,136.8073
2010-05-15,188.2129,166.5236,158.5177,145.1804,136.7852
2010-05-16,188.1826,166.4968,158.4922,145.1570,136.7632
2010-05-17,186.4773,165.4772,158.0488,145.1218,137.3238
2010-05-18,185.3118,164.6732,157.6070,144.9542,137.3572
2010-05-19,185.3161,164.7979,157.7175,144.9818,137.3704
2010-05-20,183.3811,163.5116,157.0094,144.6776,137.3384
2010-05-21,183.3516,163.4853,156.9842,144.6543,137.3164
2010-05-22,183.3221,163.4590,156.9589,144.6311,137.2943
2010-05-23,183.2926,163.4327,156.9337,144.6078,137.2722
2010-05-24,178.7949,160.6185,155.2514,143.6877,137.2580
2010-05-25,177.5360,159.8708,154.7067,143.3561,137.2204
2010-05-26,175.3069,158.2518,153.6654,142.8935,137.3672
2010-05-27,176.8415,159.4203,154.3883,143.1127,137.4405
2010-05-28,179.7190,161.1596,155.3596,143.6077,137.4517
2010-05-29,179.6901,161.1337,155.3347,143.5846,137.4296
2010-05-30,179.6612,161.1077,155.3097,143.5615,137.4074
2010-05-31,180.1477,161.5306,155.6645,143.7824,137.4878
2010-06-01,181.1100,162.3403,156.2228,144.0761,137.4991
2010-06-02,179.7797,161.4754,155.7255,143.8381,137.5012
2010-06-03,181.2392,162.3193,156.1387,144.1059,137.5873
2010-06-04,182.6694,163.2719,156.7392,144.3594,137.6228
2010-06-05,182.6400,163.2456,156.7139,144.3362,137.6007
2010-06-06,182.6106,163.2194,156.6887,144.3130,137.5785
2010-06-07,180.7552,162.2035,156.1677,144.0396,137.6594
2010-06-08,179.3908,161.3193,155.7504,143.8511,137.6517
2010-06-09,180.0165,161.6771,155.9428,144.0578,137.6946
2010-06-10,180.0513,161.7467,155.9349,143.9542,137.6525
2010-06-11,181.7916,162.7330,156.4968,144.3057,137.7028
2010-06-12,181.7675,162.7114,156.4760,144.2865,137.6846
2010-06-13,181.7433,162.6897,156.4551,144.2673,137.6662
2010-06-14,182.7468,163.3258,156.7997,144.3866,137.6934
2010-06-15,183.7796,164.0811,157.2993,144.5850,137.5489
2010-06-16,185.5756,165.1763,157.9653,144.9879,137.5811
2010-06-17,185.5016,165.1285,157.9149,144.8512,137.4690
2010-06-18,185.9956,165.5853,158.2256,145.0238,137.5026
2010-06-19,185.9709,165.5633,158.2046,145.0046,137.4843
2010-06-20,185.9461,165.5412,158.1835,144.9853,137.4660
2010-06-21,187.2607,166.5168,158.8946,145.4316,137.5244
2010-06-22,188.8893,167.6448,159.5526,145.7686,137.5657
2010-06-23,187.9482,167.0921,159.1894,145.6620,137.5675
2010-06-24,187.6764,166.8937,159.0823,145.6770,137.7317
2010-06-25,186.9590,166.5897,158.9558,145.6610,137.6380
2010-06-26,186.9342,166.5675,158.9346,145.6416,137.6197
2010-06-27,186.9093,166.5453,158.9135,145.6222,137.6014
2010-06-28,186.8844,166.5232,158.8923,145.6029,137.5831
2010-06-29,186.9655,166.6615,159.0060,145.6268,137.5543
2010-06-30,183.9730,164.8618,157.9815,145.1230,137.5364
2010-07-01,183.7218,164.8285,158.0120,145.2032,137.5907
2010-07-02,182.4533,163.9598,157.4481,145.0115,137.6813
2010-07-03,182.4291,163.9380,157.4272,144.9922,137.6630
2010-07-04,182.4048,163.9162,157.4063,144.9729,137.6447
2010-07-05,181.7004,163.3928,157.0814,144.7891,137.6182
2010-07-06,181.5732,163.2979,157.0652,144.7960,137.6100
2010-07-07,182.9163,164.1549,157.5623,145.0097,137.6705
2010-07-08,184.7683,165.2701,158.3204,145.4441,137.8054
2010-07-09,186.3080,166.3566,159.0770,145.8377,137.9109
2010-07-10,186.3080,166.3566,159.0770,145.8377,137.9109
2010-07-11,186.3080,166.3566,159.0770,145.8377,137.9109
2010-07-12,187.8003,167.3836,159.6982,146.1802,137.9786
2010-07-13,188.0557,167.5088,159.7976,146.2749,138.0305
2010-07-14,188.6873,167.9325,160.0854,146.4301,138.0840
2010-07-15,189.1542,168.3330,160.3564,146.7166,138.2939
2010-07-16,189.1542,168.3330,160.3564,146.7166,138.2939
2010-07-17,189.1542,168.3330,160.3564,146.7166,138.2939
2010-07-18,189.1542,168.3330,160.3564,146.7166,138.2939
2010-07-19,186.5987,166.8991,159.5312,146.3773,138.2218
2010-07-20,186.7354,166.9310,159.5467,146.4129,138.2643
2010-07-21,187.7392,167.6091,159.9221,146.5908,138.3158
2010-07-22,187.7417,167.6921,160.0260,146.5331,138.2085
2010-07-23,189.0386,168.4648,160.5029,146.7169,138.1394
2010-07-24,189.0386,168.4648,160.5029,146.7169,138.1394
2010-07-25,189.0386,168.4648,160.5029,146.7169,138.1394
2010-07-26,190.3174,169.2937,161.0008,147.0216,138.2572
2010-07-27,191.4026,169.9805,161.5340,147.3148,138.2858
2010-07-28,192.0705,170.5244,161.9195,147.5089,138.3334
2010-07-29,192.1275,170.6288,162.0052,147.6808,138.5561
2010-07-30,192.3881,170.8309,162.1962,147.8821,138.9019
2010-07-31,192.3881,170.8309,162.1962,147.8821,138.9019
2010-08-01,192.3881,170.8309,162.1962,147.8821,138.9019
2010-08-02,192.5456,170.9849,162.3288,148.0741,139.0760
2010-08-03,194.3622,172.0767,162.9388,148.3335,139.0898
2010-08-04,194.4286,172.1804,163.0186,148.4005,138.9572
2010-08-05,194.5656,172.2607,163.1139,148.4494,138.9893
2010-08-06,194.6161,172.4161,163.2869,148.5390,139.0035
2010-08-07,194.6161,172.4161,163.2869,148.5390,139.0035
2010-08-08,194.6161,172.4161,163.2869,148.5390,139.0035
2010-08-09,194.4337,172.3620,163.3032,148.6215,139.1084
2010-08-10,194.7751,172.5988,163.4413,148.6642,139.1989
2010-08-11,193.4840,171.7884,163.0325,148.5274,139.3881
2010-08-12,190.3051,169.8069,161.7322,147.8167,139.3152
2010-08-13,188.7308,168.6611,161.0049,147.3595,139.2449
2010-08-14,188.6943,168.6285,160.9738,147.3310,139.2180
2010-08-15,188.6579,168.5960,160.9428,147.3026,139.1911
2010-08-16,189.3996,169.1646,161.3732,147.5166,139.3208
2010-08-17,189.9480,169.6070,161.5761,147.6829,139.3702
2010-08-18,190.8029,170.1488,161.9702,147.8710,139.4409
2010-08-19,190.6521,170.1322,161.9863,147.9410,139.8312
2010-08-20,191.0335,170.5508,162.3261,148.1476,139.8426
2010-08-21,190.9967,170.5179,162.2949,148.1191,139.8156
2010-08-22,190.9598,170.4850,162.2635,148.0905,139.7886
2010-08-23,190.9412,170.5852,162.3371,148.1660,139.8234
2010-08-24,190.0199,169.9977,161.9627,147.8429,139.7355
2010-08-25,188.8453,169.3037,161.5968,147.7139,139.7326
2010-08-26,187.8766,168.5583,161.1288,147.4907,139.8091
2010-08-27,187.2768,168.1858,160.9143,147.3743,140.0625
2010-08-28,187.2407,168.1534,160.8833,147.3459,140.0354
2010-08-29,187.2045,168.1210,160.8522,147.3174,140.0084
2010-08-30,187.6799,168.2889,160.9705,147.3946,140.0804
2010-08-31,187.3944,168.3529,161.1586,147.6249,140.5316
2010-09-01,188.1542,168.9284,161.5702,147.9075,140.5923
2010-09-02,190.2238,170.2302,162.3011,148.1812,140.6421
2010-09-03,191.1564,170.8178,162.6000,148.3495,140.6264
2010-09-04,191.1195,170.7848,162.5686,148.3209,140.5992
2010-09-05,191.0826,170.7518,162.5372,148.2922,140.5721
2010-09-06,192.0767,171.4198,162.9677,148.4898,140.5435
2010-09-07,192.7201,171.8623,163.1553,148.5081,140.1161
2010-09-08,191.8420,171.2984,162.7240,148.2937,140.0862
2010-09-09,192.5190,171.7627,163.0375,148.4425,140.1039
2010-09-10,193.0077,172.0183,163.1428,148.3968,139.8783
2010-09-11,193.0142,172.0240,163.1482,148.4017,139.8829
2010-09-12,193.0207,172.0298,163.1537,148.4067,139.8876
2010-09-13,193.7353,172.5151,163.4731,148.5954,139.8685
2010-09-14,195.6820,173.8236,164.2901,148.9673,139.8472
2010-09-15,195.9005,173.9013,164.2072,148.7346,139.2981
2010-09-16,196.4709,174.3830,164.5376,148.8887,139.2560
2010-09-17,196.4776,174.3889,164.5432,148.8937,139.2607
2010-09-18,196.4841,174.3947,164.5486,148.8987,139.2653
2010-09-19,196.4906,174.4005,164.5541,148.9037,139.2699
2010-09-20,196.4972,174.4063,164.5596,148.9086,139.2746
2010-09-21,197.9723,175.4393,165.2191,149.3179,139.3410
2010-09-22,198.5208,175.8681,165.5473,149.5042,139.3448
2010-09-23,197.7336,175.2904,165.1754,149.3117,139.4487
2010-09-24,196.3061,174.2765,164.4666,148.9431,139.4219
2010-09-25,196.3126,174.2823,164.4721,148.9480,139.4265
2010-09-26,196.3191,174.2881,164.4775,148.9530,139.4311
2010-09-27,196.8917,174.4420,164.4877,148.9068,139.2937
2010-09-28,197.3761,174.8994,164.8143,149.1065,139.3835
2010-09-29,197.7528,175.1541,164.9797,149.1686,139.3178
2010-09-30,198.4029,175.5110,164.9554,148.9716,138.7116
2010-10-01,198.6516,175.6646,164.9589,148.9073,138.4164
2010-10-02,198.6582,175.6704,164.9644,148.9123,138.4210
2010-10-03,198.6649,175.6764,164.9700,148.9173,138.4256
2010-10-04,199.5453,176.2996,165.2916,149.0368,138.4367
2010-10-05,200.6055,176.9633,165.6676,149.2700,138.3834
2010-10-06,201.4059,177.3812,165.8978,149.4470,138.4288
2010-10-07,201.8907,177.5867,166.0047,149.4519,138.3448
2010-10-08,201.2440,177.1809,165.8077,149.4449,138.4075
2010-10-09,201.2507,177.1868,165.8132,149.4499,138.4121
2010-10-10,201.2247,177.1640,165.7918,149.4306,138.3943
2010-10-11,201.1988,177.1411,165.7705,149.4114,138.3765
2010-10-12,202.0495,177.6350,166.0121,149.6071,138.4506
2010-10-13,200.9490,176.8727,165.5031,149.2596,138.3331
2010-10-14,202.5532,178.0302,166.1541,149.4832,138.1393
2010-10-15,203.6584,178.7165,166.5174,149.5877,137.7469
2010-10-16,203.6321,178.6935,166.4959,149.5685,137.7292
2010-10-17,203.6059,178.6705,166.4745,149.5492,137.7114
2010-10-18,203.2410,178.4185,166.3267,149.4749,137.6493
2010-10-19,203.5416,178.6448,166.4631,149.6339,137.8123
2010-10-20,202.5582,178.1358,166.1951,149.4909,137.8882
2010-10-21,203.2316,178.6837,166.5740,149.7703,138.1190
2010-10-22,203.6548,178.9536,166.7202,149.8160,138.1477
2010-10-23,203.6285,178.9305,166.6987,149.7967,138.1299
2010-10-24,203.6023,178.9075,166.6773,149.7774,138.1121
2010-10-25,203.6716,178.9077,166.7285,149.8242,138.1445
2010-10-26,204.4924,179.5035,167.1070,150.0521,138.2181
2010-10-27,205.4085,180.0868,167.4886,150.3121,138.2421
2010-10-28,205.0506,179.9730,167.4873,150.2728,138.1469
2010-10-29,205.1919,180.2290,167.6648,150.3312,138.0025
2010-10-30,205.1655,180.2058,167.6432,150.3119,137.9848
2010-10-31,205.1391,180.1826,167.6217,150.2926,137.9671
2010-11-01,205.1127,180.1594,167.6000,150.2732,137.9493
2010-11-02,205.7722,180.6757,167.8576,150.4359,138.0128
2010-11-03,207.2946,181.7166,168.5723,150.7742,138.0955
2010-11-04,208.3990,182.3700,169.0430,151.0212,138.1089
2010-11-05,209.4350,182.9527,169.3373,151.1453,138.2487
2010-11-06,209.4080,182.9291,169.3155,151.1258,138.2308
2010-11-07,209.3810,182.9055,169.2937,151.1063,138.2130
2010-11-08,209.0198,182.6008,169.1225,151.0055,138.3177
2010-11-09,209.3399,182.8821,169.3323,151.0868,138.3067
2010-11-10,208.5048,182.4925,169.1052,150.9091,138.2718
2010-11-11,208.4300,182.3845,169.0621,150.9049,138.2706
2010-11-12,207.6012,181.8789,168.7437,150.7181,138.3068
2010-11-13,207.5943,181.8729,168.7381,150.7131,138.3022
2010-11-14,207.5874,181.8667,168.7324,150.7080,138.2975
2010-11-15,205.6471,180.6444,168.0448,150.4194,138.3253
2010-11-16,205.2684,180.3728,167.8214,150.2969,138.2686
2010-11-17,202.8570,178.7522,166.8272,149.7683,138.2259
2010-11-18,202.4911,178.5181,166.7025,149.7403,138.3011
2010-11-19,204.0520,179.4633,167.2291,149.9556,138.3830
2010-11-20,204.0452,179.4573,167.2236,149.9507,138.3784
2010-11-21,204.0385,179.4514,167.2181,149.9457,138.3738
2010-11-22,204.3247,179.6705,167.3708,150.0795,138.4394
2010-11-23,204.2376,179.7068,167.3880,150.0802,138.6107
2010-11-24,201.7440,178.2542,166.6180,149.7632,138.6446
2010-11-25,203.3147,179.2918,167.2416,150.0691,138.9088
2010-11-26,203.7625,179.5332,167.3710,150.0879,138.9062
2010-11-27,203.7557,179.5271,167.3654,150.0829,138.9015
2010-11-28,203.7489,179.5212,167.3599,150.0779,138.8969
2010-11-29,202.1313,178.5597,166.8237,149.8513,138.9709
2010-11-30,202.4289,178.7874,167.0532,150.1287,139.3890
2010-12-01,202.5603,178.8950,167.1037,150.1165,139.3695
2010-12-02,204.6004,180.0313,167.7066,150.3586,139.5127
2010-12-03,206.2239,181.0321,168.2646,150.6730,139.5695
2010-12-04,206.2170,181.0260,168.2589,150.6680,139.5648
2010-12-05,206.2101,181.0200,168.2534,150.6630,139.5602
2010-12-06,206.3531,181.0735,168.2937,150.7204,139.6050
2010-12-07,205.8606,180.7019,168.0499,150.6309,139.6966
2010-12-08,205.8538,180.6959,168.0443,150.6259,139.6920
2010-12-09,204.8659,180.1892,167.8370,150.5183,139.7205
2010-12-10,204.2980,179.8214,167.6526,150.3915,139.7321
2010-12-11,204.2914,179.8156,167.6472,150.3867,139.7276
2010-12-12,204.2848,179.8098,167.6418,150.3818,139.7231
2010-12-13,203.9663,179.5222,167.4313,150.2850,139.7521
2010-12-14,204.5603,179.8535,167.6114,150.3267,139.5827
2010-12-15,205.0953,180.2364,167.8577,150.4928,139.6562
2010-12-16,204.3396,179.9287,167.7690,150.4756,139.7132
2010-12-17,203.8979,179.5901,167.5548,150.3724,139.7028
2010-12-18,203.8913,179.5843,167.5494,150.3676,139.6983
2010-12-19,203.8847,179.5786,167.5440,150.3628,139.6938
2010-12-20,203.7893,179.5614,167.5228,150.3250,139.7412
2010-12-21,203.3542,179.2804,167.3272,150.2664,139.7866
2010-12-22,203.6793,179.3444,167.2604,150.2191,139.8748
2010-12-23,203.7252,179.2009,167.1032,150.1906,139.8793
2010-12-24,203.6544,179.1250,167.0513,150.1695,139.9122
2010-12-25,203.6479,179.1192,167.0459,150.1646,139.9077
2010-12-26,203.6413,179.1135,167.0405,150.1598,139.9032
2010-12-27,203.7275,179.2176,167.1271,150.2260,139.9410
2010-12-28,203.6968,179.1637,167.0632,150.2464,139.9747
2010-12-29,203.2639,178.8574,166.8774,150.1376,139.9884
2010-12-30,204.3198,179.6376,167.3811,150.4118,140.0000
2010-12-31,205.2848,180.2599,167.7903,150.6402,140.0560
2011-01-01,205.2781,180.2540,167.7848,150.6353,140.0514
2011-01-02,205.2715,180.2482,167.7794,150.6305,140.0469
2011-01-03,205.6048,180.4873,167.9438,150.7557,140.0827
2011-01-04,206.7195,181.2317,168.4288,150.9790,140.1489
2011-01-05,211.8124,184.5316,170.4084,151.9511,139.1689
2011-01-06,213.1346,185.3154,170.8198,152.0932,138.7698
2011-01-07,212.9344,185.2059,170.7396,152.0282,138.6957
2011-01-08,212.9276,185.2000,170.7341,152.0233,138.6913
2011-01-09,212.9208,185.1940,170.7286,152.0185,138.6868
2011-01-10,212.0475,184.6624,170.4013,151.9585,138.7009
2011-01-11,210.7964,183.7189,169.7486,151.7288,138.6951
2011-01-12,210.8191,183.6355,169.6204,151.6688,138.7724
2011-01-13,212.3380,184.5535,170.1377,151.9647,138.8941
2011-01-14,212.0610,184.6500,170.3624,152.1205,139.1177
2011-01-15,212.0542,184.6441,170.3569,152.1156,139.1133
2011-01-16,212.0474,184.6381,170.3514,152.1107,139.1088
2011-01-17,212.4281,184.8150,170.3935,152.1018,138.9654
2011-01-18,211.7754,184.3398,170.1104,151.9885,138.9828
2011-01-19,212.2539,184.7138,170.3704,152.1616,139.0465
2011-01-20,211.9631,184.6194,170.3359,152.1363,138.9221
2011-01-21,210.6925,183.7546,169.7805,151.8860,138.8525
2011-01-22,210.6857,183.7487,169.7750,151.8811,138.8480
2011-01-23,210.6790,183.7428,169.7696,151.8762,138.8435
2011-01-24,209.9479,183.3707,169.6037,151.8071,138.8682
2011-01-25,209.8515,183.2894,169.6324,151.8988,138.9731
2011-01-26,209.4898,182.9997,169.4524,151.8227,138.9717
2011-01-27,210.0162,183.3114,169.6365,151.9024,139.0200
2011-01-28,208.4600,182.1444,168.8195,151.3754,138.7564
2011-01-29,208.4533,182.1385,168.8141,151.3705,138.7519
2011-01-30,208.4465,182.1326,168.8086,151.3656,138.7474
2011-01-31,205.2003,179.9722,167.3831,150.5087,138.0990
2011-02-01,204.9411,179.7684,167.2551,150.4617,138.1313
2011-02-02,206.3171,180.5834,167.7626,150.7642,138.3301
2011-02-03,206.3027,180.5593,167.7516,150.7953,138.4215
2011-02-04,205.4231,179.7623,167.1961,150.5893,138.4693
2011-02-05,205.4165,179.7565,167.1907,150.5844,138.4649
2011-02-06,205.4099,179.7507,167.1854,150.5796,138.4605
2011-02-07,204.6283,179.2288,166.8330,150.4014,138.5136
2011-02-08,204.7669,179.4161,167.1044,150.5917,138.5493
2011-02-09,204.6369,179.2115,166.9814,150.6021,138.5855
2011-02-10,202.0357,177.4094,165.8878,150.1014,138.5403
2011-02-11,200.1139,176.1493,165.0128,149.6601,138.5259
2011-02-12,200.0925,176.1304,164.9952,149.6441,138.5111
2011-02-13,200.0711,176.1116,164.9775,149.6281,138.4963
2011-02-14,200.8059,176.7554,165.3725,149.7988,138.6199
2011-02-15,201.7027,177.4639,165.7754,149.9353,138.6860
2011-02-16,201.8904,177.6186,165.8729,149.9902,138.6580
2011-02-17,202.8478,178.1486,166.1333,150.1948,138.7575
2011-02-18,202.7320,177.9368,166.0068,150.1662,138.9530
2011-02-19,202.7102,177.9177,165.9890,150.1500,138.9381
2011-02-20,202.6885,177.8987,165.9713,150.1340,138.9233
2011-02-21,202.0967,177.3749,165.6037,149.9766,139.0019
2011-02-22,201.7084,177.0966,165.4439,149.9406,139.2617
2011-02-23,199.2791,175.6650,164.6633,149.6055,139.2459
2011-02-24,198.4797,175.0654,164.2711,149.4587,139.1835
2011-02-25,198.5704,175.0820,164.3073,149.5943,139.2517
2011-02-26,198.5491,175.0632,164.2897,149.5782,139.2368
2011-02-27,198.5279,175.0445,164.2721,149.5623,139.2219
2011-02-28,199.9928,176.2307,165.1982,150.2231,140.0140
2011-03-01,201.4259,177.2984,165.9486,150.6115,140.0619
2011-03-02,201.1936,177.3193,166.0983,150.7814,140.3600
2011-03-03,201.5309,177.4799,166.2601,150.9550,140.6919
2011-03-04,203.0405,178.4236,166.8435,151.1542,140.6855
2011-03-05,203.0188,178.4045,166.8257,151.1381,140.6705
2011-03-06,202.9970,178.3854,166.8078,151.1219,140.6554
2011-03-07,203.5467,178.9235,167.1867,151.2889,140.6796
2011-03-08,202.6349,178.3376,166.8298,151.1578,140.5944
2011-03-09,203.7015,178.9881,167.1892,151.3879,140.6651
2011-03-10,203.6004,178.8795,167.1312,151.4123,140.7672
2011-03-11,202.2130,178.0668,166.6968,151.2703,140.7091
2011-03-12,202.1999,178.0554,166.6860,151.2606,140.7000
2011-03-13,202.1869,178.0439,166.6753,151.2508,140.6910
2011-03-14,201.2153,177.2485,166.1559,151.0338,140.7562
2011-03-15,201.0343,177.1220,166.1036,150.9831,140.9205
2011-03-16,199.7390,176.4518,165.8059,150.9826,140.9836
2011-03-17,198.8205,176.0277,165.5765,150.7759,140.9628
2011-03-18,199.5073,176.5643,166.0355,151.1707,141.4816
2011-03-19,199.4945,176.5529,166.0248,151.1609,141.4724
2011-03-20,199.4816,176.5416,166.0141,151.1512,141.4633
2011-03-21,199.3507,176.4117,165.9684,151.1740,141.5796
2011-03-22,201.2838,177.6604,166.7892,151.5832,141.6629
2011-03-23,202.5788,178.6823,167.5285,151.9643,141.7144
2011-03-24,204.1244,179.7371,168.2291,152.3331,141.8191
2011-03-25,205.2484,180.4823,168.7328,152.5653,141.8918
2011-03-26,205.2352,180.4706,168.7220,152.5554,141.8827
2011-03-27,205.2220,180.4590,168.7111,152.5456,141.8736
2011-03-28,205.6792,180.7267,168.9328,152.6674,141.9742
2011-03-29,205.4464,180.6777,169.0731,152.7589,142.0066
2011-03-30,205.9286,180.8067,169.0622,152.7235,142.0307
2011-03-31,207.8107,182.1150,169.9549,153.3139,142.4035
2011-04-01,208.4412,182.4578,170.0972,153.2591,142.1262
2011-04-02,208.4277,182.4460,170.0862,153.2492,142.1170
2011-04-03,208.4143,182.4343,170.0752,153.2393,142.1079
2011-04-04,210.0244,183.5769,170.8208,153.5968,142.2196
2011-04-05,210.5516,183.9711,171.0976,153.7122,142.4557
2011-04-06,211.0257,184.3484,171.4044,153.8691,142.4785
2011-04-07,211.6411,184.8127,171.7772,154.0687,142.6425
2011-04-08,211.3445,184.5819,171.6574,154.0549,142.6483
2011-04-09,211.3308,184.5699,171.6463,154.0450,142.6391
2011-04-10,211.2746,184.5209,171.6007,154.0040,142.6012
2011-04-11,210.7792,184.2059,171.4369,153.9723,142.6485
2011-04-12,210.1839,183.9282,171.2801,153.9208,142.6585
2011-04-13,208.3357,182.6789,170.5330,153.5916,142.6153
2011-04-14,208.3600,182.6603,170.5339,153.5848,142.6263
2011-04-15,208.2723,182.6445,170.5515,153.6294,142.7582
2011-04-16,208.2171,182.5960,170.5062,153.5887,142.7203
2011-04-17,208.1617,182.5475,170.4609,153.5479,142.6824
2011-04-18,208.7011,182.9620,170.7594,153.7250,142.8155
2011-04-19,207.0750,182.0467,170.2128,153.5119,142.8664
2011-04-20,207.6997,182.4682,170.4933,153.6906,142.8919
2011-04-21,209.8419,183.7943,171.3006,154.0539,142.9742
2011-04-22,209.7862,183.7455,171.2551,154.0130,142.9363
2011-04-23,209.7305,183.6968,171.2097,153.9722,142.8983
2011-04-24,209.6748,183.6480,171.1642,153.9312,142.8604
2011-04-25,210.3137,184.0952,171.4692,154.1218,142.9917
2011-04-26,210.2496,184.1122,171.5063,154.1260,143.0433
2011-04-27,210.2091,184.0472,171.5357,154.1935,143.1302
2011-04-28,209.6969,183.6952,171.3149,154.0660,143.1061
2011-04-29,208.7084,183.1028,170.9902,153.9143,143.1225
2011-04-30,208.6530,183.0542,170.9449,153.8735,143.0845
2011-05-01,208.5976,183.0056,170.8995,153.8326,143.0465
2011-05-02,209.3144,183.6266,171.4035,154.1722,143.1513
2011-05-03,209.8976,184.0679,171.7757,154.3497,143.0890
2011-05-04,208.4267,183.2364,171.3405,154.1387,143.0460
2011-05-05,206.3496,181.8606,170.4559,153.6803,142.9024
2011-05-06,206.0022,181.7444,170.4493,153.7434,143.1106
2011-05-07,205.9474,181.6961,170.4040,153.7025,143.0725
2011-05-08,205.8927,181.6478,170.3587,153.6617,143.0345
2011-05-09,206.4909,181.9625,170.5975,153.7766,143.1050
2011-05-10,207.1242,182.4045,170.9408,153.9581,143.1391
2011-05-11,207.7897,182.8199,171.1270,154.0282,143.1349
2011-05-12,207.3708,182.6860,170.9877,153.9608,143.1150
2011-05-13,206.4036,182.0487,170.6374,153.8198,143.1485
2011-05-14,206.3836,182.0310,170.6209,153.8049,143.1346
2011-05-15,206.3637,182.0135,170.6044,153.7901,143.1208
2011-05-16,204.8446,181.1319,169.9501,153.3458,142.9457
2011-05-17,205.1046,181.3935,170.2226,153.5340,142.9518
2011-05-18,205.7636,181.7690,170.5361,153.7884,143.0099
2011-05-19,206.4508,182.1700,170.7984,153.9072,143.0976
2011-05-20,205.8807,181.7937,170.5399,153.7719,143.1541
2011-05-21,205.8609,181.7762,170.5234,153.7571,143.1403
2011-05-22,205.8410,181.7586,170.5069,153.7422,143.1264
2011-05-23,204.8926,181.2089,170.1121,153.5663,143.1875
2011-05-24,203.2437,180.1554,169.5532,153.3203,143.1663
2011-05-25,203.6865,180.4112,169.6581,153.3719,143.1533
2011-05-26,203.7494,180.4442,169.7043,153.4143,143.1776
2011-05-27,204.9706,181.1975,170.1302,153.5777,143.1079
2011-05-28,204.9509,181.1800,170.1138,153.5629,143.0941
2011-05-29,204.9310,181.1625,170.0974,153.5480,143.0802
2011-05-30,205.9083,181.8179,170.4982,153.7593,143.1627
2011-05-31,206.0249,181.8947,170.5794,153.8038,143.1889
2011-06-01,207.3279,182.6906,171.0875,154.0380,143.2310
2011-06-02,206.4851,182.2619,170.8624,153.9414,143.3140
2011-06-03,206.4090,182.1926,170.9419,154.0543,143.3212
2011-06-04,206.3891,182.1750,170.9254,154.0394,143.3073
2011-06-05,206.3692,182.1575,170.9089,154.0246,143.2935
2011-06-06,206.1778,182.1420,170.9367,154.0800,143.3156
2011-06-07,204.7309,181.1967,170.3419,153.7399,143.1933
2011-06-08,204.5299,180.9755,170.1928,153.6959,143.1727
2011-06-09,203.6477,180.4004,169.8376,153.4956,143.1271
2011-06-10,203.6215,180.2359,169.6839,153.4429,143.1375
2011-06-11,203.5943,180.2119,169.6613,153.4225,143.1185
2011-06-12,203.5672,180.1879,169.6387,153.4020,143.0994
2011-06-13,201.8677,179.0940,168.9115,153.0086,142.5899
2011-06-14,201.1527,178.5117,168.5606,152.8399,142.5160
2011-06-15,201.7634,178.7157,168.5642,152.7854,142.3118
2011-06-16,199.8201,177.3727,167.6612,152.2886,142.2302
2011-06-17,198.8686,176.6486,167.2331,152.0822,142.1894
2011-06-18,198.8421,176.6250,167.2109,152.0620,142.1705
2011-06-19,198.8156,176.6015,167.1886,152.0417,142.1516
2011-06-20,198.9786,176.8171,167.3767,152.1868,142.1702
2011-06-21,199.4070,177.1227,167.5930,152.2988,141.9536
2011-06-22,200.7685,177.9965,168.1189,152.5684,141.9752
2011-06-23,201.0530,178.3224,168.4076,152.6813,141.9873
2011-06-24,200.5337,177.8466,168.1172,152.5319,141.9187
2011-06-25,200.5071,177.8230,168.0948,152.5116,141.8998
2011-06-26,200.4803,177.7992,168.0724,152.4912,141.8809
2011-06-27,200.4536,177.7756,168.0501,152.4710,141.8620
2011-06-28,200.5637,177.8911,168.0820,152.4254,141.8244
2011-06-29,202.0863,178.8657,168.7582,152.7695,141.8581
2011-06-30,203.2948,179.5967,169.1084,152.8902,141.8188
2011-07-01,204.0601,180.0421,169.2975,152.9640,141.7345
2011-07-02,204.0329,180.0182,169.2750,152.9437,141.7156
2011-07-03,204.0058,179.9942,169.2525,152.9234,141.6968
2011-07-04,204.9739,180.5847,169.6437,153.1715,141.8402
2011-07-05,205.7964,181.1876,169.9503,153.3078,141.9033
2011-07-06,205.7308,181.1260,169.9222,153.2922,141.9109
2011-07-07,205.1541,180.6777,169.6155,153.1540,141.8915
2011-07-08,205.4891,180.8207,169.6975,153.1597,141.8682
2011-07-09,205.4617,180.7966,169.6749,153.1393,141.8493
2011-07-10,205.4485,180.7849,169.6640,153.1295,141.8402
2011-07-11,204.6911,180.4267,169.4357,153.0453,141.9050
2011-07-12,202.9490,179.5038,168.8736,152.7697,141.9771
2011-07-13,201.8766,178.7892,168.4692,152.5775,142.0284
2011-07-14,202.2657,178.9973,168.5406,152.5988,142.0537
2011-07-15,201.3054,178.3753,168.1330,152.3723,142.0783
2011-07-16,201.2925,178.3639,168.1222,152.3625,142.0692
2011-07-17,201.2795,178.3524,168.1113,152.3527,142.0600
2011-07-18,201.5090,178.5395,168.2986,152.4930,142.1656
2011-07-19,200.4723,177.8806,167.8948,152.3095,142.1701
2011-07-20,200.9057,177.9538,167.9394,152.3393,142.1599
2011-07-21,201.2395,178.0738,167.9787,152.3934,142.2544
2011-07-22,202.1196,178.4747,168.1560,152.5077,142.2087
2011-07-23,202.1067,178.4632,168.1452,152.4979,142.1996
2011-07-24,202.0936,178.4516,168.1343,152.4881,142.1904
2011-07-25,202.9178,179.1360,168.5756,152.7484,142.3197
2011-07-26,202.6877,178.9828,168.4858,152.7604,142.3437
2011-07-27,201.7419,178.2518,167.9360,152.4719,142.2942
2011-07-28,199.4437,176.6790,166.8479,151.8365,142.1643
2011-07-29,198.7731,176.2958,166.6237,151.7294,142.3376
2011-07-30,198.7603,176.2845,166.6130,151.7197,142.3285
2011-07-31,198.7475,176.2731,166.6022,151.7099,142.3193
2011-08-01,198.4284,175.9846,166.4748,151.7287,142.3669
2011-08-02,199.4297,176.7692,167.0251,152.0002,142.5275
2011-08-03,196.7203,175.2128,166.0778,151.5964,142.6146
2011-08-04,194.6809,173.6920,165.1809,151.2562,142.6665
2011-08-05,189.3504,170.3862,163.1834,150.3643,142.8636
2011-08-06,189.3382,170.3752,163.1729,150.3546,142.8544
2011-08-07,189.3260,170.3642,163.1624,150.3449,142.8452
2011-08-08,186.6229,168.5690,162.1445,150.0179,143.1468
2011-08-09,180.3948,164.7487,159.9541,149.2001,143.4169
2011-08-10,181.8183,165.4291,160.3553,149.3420,143.3770
2011-08-11,179.7077,164.5129,159.9648,149.1884,143.6145
2011-08-12,183.3275,166.8468,161.4579,149.8266,143.6875
2011-08-13,183.3215,166.8414,161.4527,149.8218,143.6829
2011-08-14,183.3156,166.8360,161.4474,149.8169,143.6782
2011-08-15,183.3097,166.8306,161.4422,149.8121,143.6736
2011-08-16,186.0866,168.7163,162.6851,150.5838,144.2382
2011-08-17,186.5066,169.0407,162.9222,150.7850,144.2156
2011-08-18,186.5190,169.0089,162.8765,150.7491,144.2250
2011-08-19,182.7762,166.8522,161.6479,150.3445,144.6279
2011-08-20,182.7703,166.8468,161.6427,150.3397,144.6232
2011-08-21,182.7644,166.8414,161.6375,150.3348,144.6186
2011-08-22,180.7636,165.6091,160.9722,150.1103,144.7879
2011-08-23,180.2437,165.2487,160.7541,149.9820,144.7882
2011-08-24,182.0288,166.2911,161.4381,150.3971,145.1833
2011-08-25,182.4911,166.6659,161.6934,150.5843,145.4852
2011-08-26,181.0169,165.7285,161.1467,150.3532,145.6115
2011-08-27,181.0111,165.7232,161.1415,150.3483,145.6068
2011-08-28,181.0052,165.7178,161.1363,150.3435,145.6021
2011-08-29,181.5118,165.9895,161.3840,150.5893,145.8392
2011-08-30,184.1332,167.6513,162.4123,151.0735,146.0092
2011-08-31,186.0083,169.1826,163.7611,152.1171,147.0869
2011-09-01,187.8041,170.3143,164.2969,152.2407,146.7883
2011-09-02,187.5513,170.2219,164.1850,152.2078,146.8675
2011-09-03,187.5452,170.2164,164.1797,152.2029,146.8627
2011-09-04,187.5391,170.2109,164.1744,152.1980,146.8580
2011-09-05,185.6340,169.1560,163.5687,151.9983,147.0089
2011-09-06,182.8331,167.0776,162.3830,151.6642,147.3158
2011-09-07,182.1759,166.7626,162.3056,151.8009,147.8745
2011-09-08,184.6850,168.3612,163.1656,152.0667,147.5656
2011-09-09,184.4660,168.2892,163.0588,151.9762,147.2916
2011-09-10,184.4538,168.2780,163.0480,151.9661,147.2818
2011-09-11,184.4415,168.2668,163.0370,151.9560,147.2720
2011-09-12,182.2348,166.8590,162.1963,151.5722,147.1563
2011-09-13,180.8689,165.8611,161.5887,151.4270,147.3390
2011-09-14,181.1281,165.9053,161.5237,151.3542,147.1677
2011-09-15,181.0365,165.8037,161.4858,151.3640,147.1337
2011-09-16,182.6354,166.7149,161.9478,151.5221,146.8990
2011-09-17,182.6232,166.7037,161.9370,151.5120,146.8892
2011-09-18,182.6111,166.6927,161.9262,151.5019,146.8794
2011-09-19,182.5990,166.6816,161.9155,151.4919,146.8697
2011-09-20,181.0997,165.8614,161.4672,151.3001,146.9142
2011-09-21,182.0669,166.5024,161.9080,151.5077,146.7756
2011-09-22,181.6505,166.2945,161.8191,151.4567,146.3316
2011-09-23,177.4662,163.7254,160.6912,151.4593,147.3361
2011-09-24,177.4544,163.7145,160.6806,151.4492,147.3264
2011-09-25,177.4426,163.7036,160.6699,151.4391,147.3165
2011-09-26,175.9278,162.6073,159.9226,151.1359,147.4167
2011-09-27,174.3891,161.3297,159.0422,150.6114,147.3588
2011-09-28,177.2766,163.3067,160.1653,150.9448,147.1598
2011-09-29,176.5497,162.9295,160.0593,150.9318,147.2024
2011-09-30,177.7836,163.8018,160.5452,151.0915,146.9739
2011-10-01,177.7718,163.7909,160.5345,151.0815,146.9641
2011-10-02,177.7599,163.7800,160.5238,151.0714,146.9543
2011-10-03,176.0025,162.6640,160.0314,150.9334,146.9966
2011-10-04,172.9848,160.9367,159.0539,150.9517,147.2479
2011-10-05,171.7358,159.7025,158.4072,150.5796,147.6664
2011-10-06,173.3597,160.6719,158.9818,150.7602,147.5068
2011-10-07,175.8351,162.2661,159.6777,150.8295,147.1390
2011-10-08,175.8234,162.2553,159.6671,150.8194,147.1291
2011-10-09,175.8117,162.2445,159.6565,150.8095,147.1194
2011-10-10,175.7835,162.2185,159.6309,150.7852,147.0957
2011-10-11,177.7909,163.2935,160.0901,150.7702,147.0132
2011-10-12,178.9519,164.1509,160.5886,150.8832,146.8154
2011-10-13,179.6314,164.6495,160.6859,150.6173,146.4880
2011-10-14,180.2973,165.1042,160.9931,150.8720,146.7349
2011-10-15,180.2683,165.0777,160.9672,150.8478,146.7113
2011-10-16,180.2393,165.0511,160.9413,150.8235,146.6877
2011-10-17,181.1815,165.6323,161.2518,150.9208,146.7150
2011-10-18,180.6577,165.3677,161.1133,150.8523,146.6761
2011-10-19,181.9452,166.1835,161.8142,151.3198,146.6155
2011-10-20,181.9546,166.2527,161.8062,151.1835,146.4407
2011-10-21,181.4255,165.9308,161.8134,151.2755,146.3378
2011-10-22,181.3963,165.9041,161.7873,151.2512,146.3143
2011-10-23,181.3671,165.8774,161.7613,151.2269,146.2907
2011-10-24,182.7808,166.7729,162.0957,151.3487,146.2709
2011-10-25,185.2313,168.4509,162.9468,151.5932,146.1139
2011-10-26,183.8625,167.5154,162.2728,151.1567,145.9171
2011-10-27,184.5391,167.9002,162.3833,151.1057,145.6640
2011-10-28,188.2015,169.8698,162.8785,150.5711,144.0699
2011-10-29,188.1712,169.8424,162.8523,150.5468,144.0467
2011-10-30,188.1410,169.8151,162.8261,150.5226,144.0235
2011-10-31,188.1107,169.7878,162.7999,150.4984,144.0003
2011-11-01,188.0804,169.7604,162.7737,150.4742,143.9771
2011-11-02,184.7055,167.7122,161.8430,150.1125,144.0207
2011-11-03,186.7832,169.1002,162.6196,150.5081,144.2260
2011-11-04,186.7951,169.0263,162.4290,150.2643,143.9688
2011-11-05,186.7651,168.9991,162.4028,150.2401,143.9457
2011-11-06,186.7350,168.9719,162.3767,150.2160,143.9225
2011-11-07,186.1471,168.5719,162.0412,149.9959,143.8679
2011-11-08,187.7265,169.6460,162.7921,150.3791,143.8782
2011-11-09,188.6861,170.4154,163.3911,150.7659,144.2069
2011-11-10,185.6988,168.6080,162.3908,150.4292,144.5636
2011-11-11,184.9491,168.0806,162.0969,150.2562,144.4243
2011-11-12,184.9184,168.0527,162.0700,150.2313,144.4003
2011-11-13,184.8876,168.0247,162.0430,150.2062,144.3762
2011-11-14,186.4264,168.9560,162.5140,150.3708,144.3111
2011-11-15,186.6434,169.0174,162.3205,150.0718,143.8691
2011-11-16,187.0673,169.2574,162.4451,150.1763,143.7560
2011-11-17,186.6230,169.0969,162.4241,150.2184,143.7988
2011-11-18,184.7820,167.9209,161.7286,149.9218,143.9354
2011-11-19,184.7513,167.8930,161.7018,149.8970,143.9115
2011-11-20,184.7206,167.8651,161.6748,149.8720,143.8876
2011-11-21,183.1751,166.8401,161.1716,149.7156,143.9858
2011-11-22,180.8934,165.4011,160.4227,149.5689,144.1756
2011-11-23,180.6070,165.1752,160.1861,149.4116,144.1754
2011-11-24,178.2958,163.5836,159.2935,149.1144,144.3275
2011-11-25,177.6107,163.2031,158.9374,148.8966,144.3472
2011-11-26,177.5811,163.1760,158.9110,148.8718,144.3232
2011-11-27,177.5516,163.1489,158.8846,148.8471,144.2992
2011-11-28,176.9892,162.8007,158.7612,149.0467,144.8515
2011-11-29,179.5437,164.3780,159.6458,149.3245,144.7286
2011-11-30,181.0523,165.4363,160.4137,149.8229,144.9581
2011-12-01,184.3088,167.5790,161.5259,150.1735,144.7711
2011-12-02,185.2939,167.9928,161.6992,150.1324,144.4917
2011-12-03,185.2631,167.9649,161.6724,150.1075,144.4677
2011-12-04,185.2323,167.9370,161.6455,150.0825,144.4436
2011-12-05,185.3558,168.0505,161.8441,150.2133,144.6094
2011-12-06,186.2276,168.5815,162.1817,150.4545,144.7719
2011-12-07,185.0074,167.7348,161.7325,150.3893,144.9966
2011-12-08,184.9766,167.7069,161.7056,150.3643,144.9725
2011-12-09,183.0940,166.6652,161.0955,150.1028,144.9446
2011-12-10,183.0763,166.6490,161.0800,150.0882,144.9306
2011-12-11,183.0586,166.6329,161.0644,150.0737,144.9166
2011-12-12,183.5345,167.0025,161.2915,150.2144,144.9947
2011-12-13,181.8704,165.9957,160.7965,150.0367,144.9874
2011-12-14,181.4035,165.8353,160.6740,149.9842,144.9973
2011-12-15,179.9196,164.9231,160.1676,149.8679,145.0840
2011-12-16,179.8735,164.7992,160.1042,149.9193,145.3151
2011-12-17,179.8561,164.7833,160.0887,149.9048,145.3010
2011-12-18,179.8387,164.7673,160.0732,149.8903,145.2869
2011-12-19,180.1518,165.0495,160.2439,149.9903,145.3688
2011-12-20,179.1662,164.5018,160.0840,150.0196,145.4146
2011-12-21,180.9143,165.5395,160.6389,150.1654,145.3109
2011-12-22,182.2504,166.3556,161.1498,150.3712,145.2603
2011-12-23,182.7286,166.6525,161.3220,150.4273,145.2688
2011-12-24,182.7110,166.6364,161.3064,150.4128,145.2548
2011-12-25,182.6934,166.6203,161.2909,150.3983,145.2408
2011-12-26,183.3188,166.9994,161.5219,150.5241,145.2941
2011-12-27,183.2640,166.9322,161.4907,150.4984,145.3222
2011-12-28,183.2917,166.9723,161.5382,150.6152,145.4868
2011-12-29,181.7930,166.1596,161.1415,150.5406,145.7345
2011-12-30,182.3419,166.5675,161.4475,150.8433,146.1318
2011-12-31,182.3243,166.5514,161.4319,150.8288,146.1177
2012-01-01,182.3067,166.5353,161.4163,150.8141,146.1035
2012-01-02,182.1940,166.5064,161.3997,150.8423,146.1709
2012-01-03,182.1121,166.4311,161.3262,150.8065,146.1749
2012-01-04,183.8034,167.4162,161.8665,151.0027,146.1558
2012-01-05,183.7988,167.4309,161.9031,151.1096,146.3093
2012-01-06,183.2716,167.2008,161.8473,151.1479,146.5384
2012-01-07,183.2538,167.1846,161.8316,151.1333,146.5242
2012-01-08,183.2362,167.1685,161.8160,151.1187,146.5101
2012-01-09,182.4217,166.6983,161.5555,151.0542,146.6019
2012-01-10,183.3994,167.3846,161.9604,151.2175,146.5360
2012-01-11,184.8597,168.2244,162.3806,151.3369,146.4940
2012-01-12,184.5549,168.0370,162.2947,151.3501,146.6196
2012-01-13,184.2647,167.8220,162.1438,151.2858,146.7131
2012-01-14,184.2292,167.7896,162.1125,151.2566,146.6847
2012-01-15,184.1936,167.7573,162.0812,151.2274,146.6564
2012-01-16,183.9677,167.7892,162.3600,151.6696,147.3216
2012-01-17,183.5638,167.5203,162.2212,151.6952,147.4608
2012-01-18,184.6734,168.2607,162.5501,151.7610,147.4063
2012-01-19,186.0305,169.0911,163.1326,152.1464,147.5520
2012-01-20,186.6854,169.4945,163.3536,152.1933,147.5632
2012-01-21,186.6493,169.4617,163.3221,152.1639,147.5347
2012-01-22,186.6133,169.4290,163.2905,152.1345,147.5062
2012-01-23,186.7708,169.5509,163.4404,152.2849,147.6138
2012-01-24,186.5954,169.3825,163.3082,152.2161,147.6390
2012-01-25,187.2169,169.8124,163.6859,152.5093,147.6974
2012-01-26,187.8159,170.1267,163.8776,152.6561,147.7728
2012-01-27,187.3775,169.8109,163.6363,152.5181,147.8329
2012-01-28,187.3413,169.7781,163.6048,152.4887,147.8044
2012-01-29,187.3052,169.7454,163.5732,152.4593,147.7759
2012-01-30,187.5318,169.8997,163.7496,152.5337,147.6902
2012-01-31,186.9269,169.5742,163.7168,152.6602,147.9112
2012-02-01,187.8575,170.2417,164.1617,152.8388,147.9689
2012-02-02,189.2646,171.1776,164.7709,153.1317,148.0306
2012-02-03,189.9891,171.7487,165.1276,153.2857,148.0911
2012-02-04,189.9525,171.7156,165.0958,153.2562,148.0625
2012-02-05,189.9159,171.6825,165.0639,153.2266,148.0339
2012-02-06,190.5652,172.0276,165.2527,153.2233,147.9109
2012-02-07,190.9137,172.3069,165.4482,153.3136,147.8144
2012-02-08,190.8069,172.2267,165.3895,153.3032,147.8173
2012-02-09,191.0587,172.3060,165.3993,153.2353,147.7413
2012-02-10,190.8784,172.2256,165.3571,153.1629,147.6817
2012-02-11,190.8718,172.2196,165.3514,153.1575,147.6766
2012-02-12,190.8652,172.2137,165.3457,153.1523,147.6715
2012-02-13,190.0647,171.8453,165.2432,153.2144,147.8524
2012-02-14,191.4559,172.7955,165.7750,153.4225,147.8373
2012-02-15,192.0562,173.2067,166.1012,153.6454,147.9014
2012-02-16,192.7466,173.7206,166.3800,153.7162,147.8182
2012-02-17,193.7212,174.3463,166.8824,154.0950,148.0937
2012-02-18,193.7146,174.3403,166.8767,154.0897,148.0886
2012-02-19,193.7078,174.3342,166.8709,154.0843,148.0834
2012-02-20,194.4987,174.8823,167.2536,154.2613,148.2404
2012-02-21,194.4727,174.8753,167.2964,154.2873,148.2251
2012-02-22,194.0169,174.4931,166.9756,154.0313,147.9046
2012-02-23,194.2946,174.6763,167.0072,153.9476,147.5795
2012-02-24,193.8348,174.3045,166.7406,153.7854,147.5123
2012-02-25,193.8282,174.2985,166.7349,153.7802,147.5072
2012-02-26,193.8214,174.2925,166.7291,153.7748,147.5021
2012-02-27,193.8748,174.2804,166.6560,153.6820,147.3500
2012-02-28,193.5978,174.1071,166.5935,153.7318,147.3997
2012-02-29,193.9569,174.2993,166.4908,153.4602,147.0315
2012-03-01,194.3339,174.5971,166.7228,153.5277,147.0027
2012-03-02,195.5201,175.3976,167.2704,153.8342,146.9512
2012-03-03,195.5134,175.3916,167.2647,153.8290,146.9462
2012-03-04,195.5066,175.3855,167.2589,153.8236,146.9411
2012-03-05,196.3327,175.9759,167.6533,154.1029,147.1350
2012-03-06,195.1501,175.2048,167.2466,154.0194,147.3627
2012-03-07,192.8749,173.9045,166.6041,153.8742,147.6839
2012-03-08,193.6115,174.3604,166.8873,154.0413,147.7300
2012-03-09,194.3205,174.8019,167.1007,154.1443,147.8824
2012-03-10,194.2955,174.7794,167.0792,154.1245,147.8634
2012-03-11,194.2704,174.7568,167.0576,154.1046,147.8443
2012-03-12,194.5628,174.9665,167.1694,154.1113,147.7394
2012-03-13,194.0955,174.6625,166.9743,153.9417,147.4462
2012-03-14,195.7081,175.5214,167.2706,153.9259,147.0791
2012-03-15,195.8263,175.4774,167.0964,153.6536,146.6102
2012-03-16,196.0531,175.6215,167.1177,153.6411,146.5474
2012-03-17,196.0278,175.5989,167.0961,153.6213,146.5285
2012-03-18,196.0025,175.5762,167.0746,153.6015,146.5096
2012-03-19,195.4472,175.2214,166.8701,153.4536,146.4941
2012-03-20,196.0138,175.6409,167.2117,153.6155,146.4542
2012-03-21,195.1905,175.1427,166.9773,153.5119,146.3829
2012-03-22,194.8820,174.9351,166.8189,153.3992,146.2051
2012-03-23,194.0282,174.4736,166.6601,153.5149,146.6311
2012-03-24,194.0032,174.4512,166.6386,153.4952,146.6123
2012-03-25,193.9783,174.4288,166.6172,153.4755,146.5934
2012-03-26,194.6427,174.8192,166.8893,153.5816,146.5047
2012-03-27,195.4956,175.3322,167.1488,153.6428,146.4108
2012-03-28,196.1357,175.8165,167.4724,153.7443,146.3417
2012-03-29,195.3421,175.3468,167.2195,153.6469,146.2983
2012-03-30,194.2986,174.6784,166.8012,153.4493,146.2947
2012-03-31,194.2736,174.6559,166.7797,153.4296,146.2759
2012-04-01,194.2486,174.6335,166.7582,153.4098,146.2571
2012-04-02,194.6423,174.8425,166.7577,153.3179,146.0359
2012-04-03,195.2255,175.2590,167.0345,153.4929,146.2162
2012-04-04,194.9503,175.0879,166.8878,153.3567,146.2468
2012-04-05,193.3374,174.0800,166.3964,153.1667,146.2222
2012-04-06,193.3124,174.0575,166.3749,153.1470,146.2034
2012-04-07,193.2876,174.0352,166.3535,153.1273,146.1846
2012-04-08,193.2627,174.0128,166.3321,153.1076,146.1658
2012-04-09,193.5064,174.2250,166.4762,153.2557,146.3600
2012-04-10,192.7958,173.7819,166.2324,153.1664,146.4232
2012-04-11,190.9992,172.6396,165.5982,152.8924,146.4615
2012-04-12,191.0952,172.6279,165.5398,152.8397,146.4261
2012-04-13,191.6806,172.8923,165.6448,152.8909,146.5122
2012-04-14,191.6679,172.8808,165.6338,152.8807,146.5024
2012-04-15,191.6551,172.8692,165.6227,152.8705,146.4926
2012-04-16,191.1236,172.6139,165.5029,152.9027,146.7093
2012-04-17,191.1390,172.6178,165.5585,153.0091,146.7931
2012-04-18,191.7220,172.9314,165.7610,153.0711,146.7736
2012-04-19,191.5991,172.8920,165.7865,153.0904,146.8323
2012-04-20,191.9125,173.2206,166.0262,153.1970,146.8647
2012-04-21,191.8996,173.2091,166.0151,153.1868,146.8549
2012-04-22,191.8869,173.1975,166.0041,153.1766,146.8452
2012-04-23,192.1250,173.4524,166.1836,153.2651,146.8630
2012-04-24,190.9183,172.7487,165.8908,153.2474,146.9827
2012-04-25,190.9348,172.7859,165.8675,153.2016,146.9508
2012-04-26,191.4856,173.0472,166.0922,153.2994,146.9155
2012-04-27,191.3985,173.0126,166.1127,153.3024,146.9120
2012-04-28,191.3857,173.0010,166.1016,153.2922,146.9022
2012-04-29,191.3730,172.9895,166.0906,153.2820,146.8924
2012-04-30,191.9016,173.4183,166.3976,153.4668,146.9661
2012-05-01,191.8888,173.4067,166.3865,153.4565,146.9563
2012-05-02,192.4734,173.8713,166.6986,153.6181,147.0106
2012-05-03,192.4052,173.8794,166.7530,153.7015,147.1140
2012-05-04,190.9735,172.8982,166.1043,153.4030,147.0576
2012-05-05,190.9607,172.8867,166.0932,153.3928,147.0478
2012-05-06,190.9481,172.8752,166.0822,153.3826,147.0380
2012-05-07,189.3692,172.0038,165.6367,153.2667,147.1775
2012-05-08,189.1901,171.9357,165.6353,153.3162,147.2715
2012-05-09,188.5219,171.5032,165.4012,153.2703,147.3776
2012-05-10,187.5049,170.8651,165.0819,153.1729,147.4181
2012-05-11,186.9925,170.4228,164.6572,152.9225,147.3668
2012-05-12,186.9865,170.4173,164.6519,152.9175,147.3621
2012-05-13,186.9805,170.4118,164.6466,152.9126,147.3573
2012-05-14,186.6216,170.2381,164.6050,152.9367,147.3796
2012-05-15,184.6431,169.0475,164.1410,152.8761,147.7407
2012-05-16,184.4054,168.8721,164.0226,152.8343,147.7721
2012-05-17,183.4373,168.2084,163.7299,152.8318,147.8175
2012-05-18,182.3098,167.5889,163.4112,152.8090,148.1156
2012-05-19,182.3039,167.5835,163.4060,152.8041,148.1108
2012-05-20,182.2981,167.5781,163.4007,152.7992,148.1060
2012-05-21,182.2922,167.5727,163.3954,152.7942,148.1013
2012-05-22,181.8145,167.0493,163.0625,152.6017,148.1578
2012-05-23,181.9091,167.1632,162.9578,152.4530,148.0046
2012-05-24,180.7206,166.2228,162.5182,152.4150,148.1577
2012-05-25,181.0732,166.5837,162.6510,152.4397,148.2113
2012-05-26,181.0674,166.5783,162.6458,152.4348,148.2065
2012-05-27,181.0615,166.5729,162.6405,152.4299,148.2017
2012-05-28,181.6376,167.0656,163.1624,152.8955,148.6416
2012-05-29,182.4186,167.5350,163.3878,152.9520,148.4948
2012-05-30,184.3622,168.7438,164.1154,153.3083,148.5745
2012-05-31,183.4028,168.3192,164.1626,153.5667,148.9876
2012-06-01,183.6376,168.5860,164.2942,153.6740,149.1083
2012-06-02,183.6317,168.5806,164.2889,153.6691,149.1035
2012-06-03,183.6257,168.5751,164.2836,153.6641,149.0986
2012-06-04,181.6619,167.3839,163.5415,153.3063,149.1244
2012-06-05,179.8081,165.9236,162.4515,152.6411,148.6913
2012-06-06,179.6740,165.7451,162.3309,152.5340,148.6052
2012-06-07,181.5191,166.7480,162.8289,152.5369,148.2331
2012-06-08,181.2680,166.6729,162.7063,152.4463,148.2096
2012-06-09,181.2622,166.6676,162.7012,152.4414,148.2049
2012-06-10,181.2622,166.6676,162.7012,152.4414,148.2049
2012-06-11,181.9036,167.0620,163.0518,152.6606,148.2374
2012-06-12,181.3961,166.8418,162.8618,152.5224,148.2350
2012-06-13,182.1910,167.2723,163.1019,152.6780,148.2623
2012-06-14,181.5092,166.8036,162.7708,152.4902,148.2898
2012-06-15,181.7522,166.8331,162.7252,152.3996,148.1696
2012-06-16,181.7522,166.8331,162.7252,152.3996,148.1696
2012-06-17,181.7522,166.8331,162.7252,152.3996,148.1696
2012-06-18,182.9458,167.6333,163.1720,152.5656,148.1388
2012-06-19,183.8704,168.2475,163.6017,152.8008,148.2152
2012-06-20,184.4811,168.6081,163.7843,152.8375,148.1949
2012-06-21,184.9190,168.8866,164.0884,153.0182,148.2344
2012-06-22,183.2363,167.9801,163.6162,152.8652,148.1990
2012-06-23,183.2363,167.9801,163.6162,152.8652,148.1990
2012-06-24,183.2363,167.9801,163.6162,152.8652,148.1990
2012-06-25,183.3317,167.9246,163.6952,152.9784,148.2739
2012-06-26,182.4124,167.5347,163.6097,153.0418,148.4470
2012-06-27,183.0364,167.9374,163.8785,153.1764,148.4852
2012-06-28,183.2881,168.1543,164.1207,153.3678,148.8340
2012-06-29,183.6024,168.3912,164.4241,153.6185,149.0179
2012-06-30,183.6024,168.3912,164.4241,153.6185,149.0179
2012-07-01,183.6024,168.3912,164.4241,153.6185,149.0179
2012-07-02,183.6024,168.3912,164.4241,153.6185,149.0179
2012-07-03,186.7481,170.2336,165.4770,153.9980,148.9392
2012-07-04,187.3203,170.5153,165.5101,153.8656,148.6999
2012-07-05,187.2335,170.4709,165.4845,153.8204,148.6159
2012-07-06,186.8846,170.3045,165.4110,153.7677,148.5945
2012-07-07,186.8846,170.3045,165.4110,153.7677,148.5945
2012-07-08,186.8846,170.3045,165.4110,153.7677,148.5945
2012-07-09,186.2198,169.9884,165.3405,153.8106,148.7399
2012-07-10,185.1477,169.2261,164.8603,153.5938,148.7546
2012-07-11,183.9661,168.4383,164.3033,153.2490,148.6434
2012-07-12,183.5620,168.2277,164.2240,153.2168,148.6283
2012-07-13,182.7787,167.7975,164.1048,153.2921,148.8519
2012-07-14,182.7964,167.8137,164.1207,153.3070,148.8664
2012-07-15,182.8141,167.8300,164.1366,153.3218,148.8808
2012-07-16,182.8319,167.8463,164.1526,153.3367,148.8953
2012-07-17,183.8582,168.4125,164.4385,153.3550,148.8166
2012-07-18,184.2502,168.6697,164.6694,153.5153,148.9781
2012-07-19,184.6507,168.8997,164.8347,153.5963,148.9385
2012-07-20,184.8125,168.9732,164.7574,153.6094,149.0476
2012-07-21,184.8304,168.9896,164.7733,153.6243,149.0621
2012-07-22,184.8483,169.0059,164.7893,153.6392,149.0765
2012-07-23,184.1514,168.6700,164.6282,153.5909,149.0574
2012-07-24,182.6328,167.7483,164.1401,153.4871,149.2104
2012-07-25,181.9691,167.2781,163.7768,153.3065,149.1440
2012-07-26,181.9759,167.2363,163.7604,153.2915,149.1083
2012-07-27,181.7002,166.7706,163.1730,153.0815,149.1121
2012-07-28,181.7178,166.7868,163.1888,153.0963,149.1266
2012-07-29,181.7354,166.8030,163.2046,153.1111,149.1410
2012-07-30,183.1797,167.5942,163.6116,153.3393,149.2314
2012-07-31,183.7783,168.0393,163.9341,153.5084,149.3766
2012-08-01,183.5092,167.9331,163.9035,153.4626,149.3776
2012-08-02,183.2776,167.6925,163.7300,153.3979,149.3481
2012-08-03,182.2373,166.9767,163.3639,153.3147,149.4617
2012-08-04,182.2550,166.9929,163.3798,153.3296,149.4762
2012-08-05,182.2726,167.0090,163.3956,153.3444,149.4906
2012-08-06,183.8970,167.9325,163.8953,153.5169,149.4399
2012-08-07,184.4594,168.3151,164.0754,153.5654,149.4034
2012-08-08,184.4106,168.2396,163.9770,153.5249,149.3833
2012-08-09,184.6958,168.4248,164.1501,153.6624,149.5029
2012-08-10,184.5402,168.3098,164.0590,153.6167,149.5563
2012-08-11,184.5402,168.3098,164.0590,153.6167,149.5563
2012-08-12,184.5402,168.3098,164.0590,153.6167,149.5563
2012-08-13,185.2792,168.8019,164.4320,153.8438,149.6545
2012-08-14,185.8109,169.1647,164.7204,154.0595,149.7354
2012-08-15,185.8109,169.1647,164.7204,154.0595,149.7354
2012-08-16,185.8370,169.2062,164.7488,154.0977,149.7721
2012-08-17,186.8304,169.9061,165.2297,154.4082,149.9129
2012-08-18,186.8304,169.9061,165.2297,154.4082,149.9129
2012-08-19,186.8304,169.9061,165.2297,154.4082,149.9129
2012-08-20,187.4405,170.4272,165.6076,154.6262,149.9721
2012-08-21,187.8598,170.7850,165.9033,154.8247,150.0919
2012-08-22,187.3905,170.4649,165.6568,154.6945,150.0685
2012-08-23,186.7358,169.9587,165.3924,154.6403,150.0831
2012-08-24,185.6119,169.2429,164.9099,154.3778,150.0912
2012-08-25,185.6119,169.2429,164.9099,154.3778,150.0912
2012-08-26,185.6119,169.2429,164.9099,154.3778,150.0912
2012-08-27,185.9674,169.4238,165.0392,154.5192,150.1735
2012-08-28,185.4197,169.0534,164.7832,154.4224,150.1887
2012-08-29,185.0782,168.8546,164.7381,154.4827,150.3594
2012-08-30,184.4867,168.5230,164.5873,154.4603,150.4351
2012-08-31,183.6448,168.0279,164.3967,154.5420,150.7619
2012-09-01,183.6448,168.0279,164.3967,154.5420,150.7619
2012-09-02,183.6448,168.0279,164.3967,154.5420,150.7619
2012-09-03,184.3190,168.4837,164.6929,154.7282,150.8200
2012-09-04,184.6365,168.6592,164.8390,154.8376,150.8977
2012-09-05,184.1671,168.3599,164.7192,154.8110,150.9162
2012-09-06,183.6647,168.0359,164.5190,154.7749,150.9043
2012-09-07,184.7259,168.6038,164.7695,154.8329,150.8276
2012-09-08,184.7259,168.6038,164.7695,154.8329,150.8276
2012-09-09,184.7259,168.6038,164.7695,154.8329,150.8276
2012-09-10,186.0383,169.4698,165.2550,154.9762,150.7552
2012-09-11,186.1331,169.5788,165.3270,154.9856,150.6338
2012-09-12,186.6186,169.8974,165.5137,155.0799,150.6136
2012-09-13,187.0958,170.1859,165.6789,155.1341,150.6134
2012-09-14,187.8808,170.6502,165.9496,155.3067,150.6621
2012-09-15,187.8682,170.6388,165.9385,155.2963,150.6520
2012-09-16,187.8557,170.6275,165.9275,155.2860,150.6420
2012-09-17,187.8432,170.6161,165.9165,155.2756,150.6320
2012-09-18,187.8307,170.6047,165.9054,155.2653,150.6219
2012-09-19,187.8182,170.5934,165.8944,155.2549,150.6119
2012-09-20,189.0817,171.3731,166.2577,155.2271,150.3657
2012-09-21,188.7868,171.2381,166.2528,155.3339,150.5001
2012-09-22,188.7743,171.2267,166.2418,155.3235,150.4901
2012-09-23,188.7617,171.2153,166.2307,155.3132,150.4801
2012-09-24,189.4550,171.7005,166.5818,155.5300,150.6493
2012-09-25,189.6707,171.8756,166.7040,155.6585,150.7098
2012-09-26,188.2040,170.9717,166.0884,155.3008,150.6561
2012-09-27,187.0763,170.3338,165.7999,155.2479,150.7895
2012-09-28,188.1112,171.0525,166.3594,155.5614,151.0352
2012-09-29,188.0986,171.0410,166.3483,155.5510,151.0251
2012-09-30,188.0861,171.0297,166.3372,155.5406,151.0151
2012-10-01,188.7148,171.5137,166.6866,155.7216,151.0444
2012-10-02,189.1567,171.7335,166.6627,155.5882,150.7452
2012-10-03,189.3931,171.8689,166.7369,155.5804,150.7202
2012-10-04,189.6531,172.0567,166.8725,155.6829,150.7706
2012-10-05,190.0611,172.3343,167.1087,155.8484,150.8756
2012-10-06,190.0485,172.3228,167.0976,155.8380,150.8656
2012-10-07,190.0358,172.3113,167.0865,155.8276,150.8555
2012-10-08,190.7876,172.8890,167.4692,156.0205,150.9581
2012-10-09,190.3916,172.6788,167.4079,156.1089,151.0830
2012-10-10,189.5954,172.1863,167.0887,155.9121,151.0457
2012-10-11,188.8747,171.7080,166.8245,155.8358,151.0863
2012-10-12,188.9129,171.7304,166.8439,155.8266,151.1310
2012-10-13,188.8644,171.6863,166.8011,155.7865,151.0922
2012-10-14,188.8158,171.6421,166.7582,155.7465,151.0534
2012-10-15,188.7673,171.5980,166.7153,155.7064,151.0145
2012-10-16,189.1257,171.7807,166.8391,155.8205,151.0425
2012-10-17,189.9801,172.3559,167.1705,155.9372,151.0603
2012-10-18,190.8721,172.9268,167.6053,156.1396,151.0086
2012-10-19,191.1463,173.2062,167.8112,156.2446,151.0690
2012-10-20,191.0972,173.1617,167.7682,156.2045,151.0302
2012-10-21,191.0481,173.1172,167.7250,156.1643,150.9914
2012-10-22,189.8596,172.3670,167.3257,156.0629,151.0667
2012-10-23,189.9687,172.3133,167.2914,156.0158,150.9750
2012-10-24,189.6182,172.2420,167.4248,156.1423,151.0211
2012-10-25,189.7813,172.3766,167.4539,156.0839,150.9115
2012-10-26,189.4465,172.0986,167.2328,155.9336,150.8586
2012-10-27,189.3978,172.0543,167.1898,155.8935,150.8199
2012-10-28,189.3492,172.0101,167.1469,155.8535,150.7811
2012-10-29,189.0592,171.8554,167.1036,155.8880,150.8020
2012-10-30,189.2385,171.9796,167.2068,155.9371,150.7853
2012-10-31,188.9984,171.7985,166.9734,155.7201,150.6111
2012-11-01,188.9498,171.7544,166.9306,155.6801,150.5725
2012-11-02,188.9012,171.7102,166.8876,155.6400,150.5337
2012-11-03,188.8527,171.6662,166.8448,155.6001,150.4951
2012-11-04,188.8042,171.6220,166.8019,155.5601,150.4564
2012-11-05,189.8670,172.3851,167.2950,155.8076,150.5808
2012-11-06,190.0307,172.4414,167.3711,155.8457,150.5055
2012-11-07,190.2667,172.5133,167.3736,155.8356,150.5231
2012-11-08,188.7667,171.6117,166.8415,155.6041,150.5442
2012-11-09,187.3805,170.8075,166.3720,155.4086,150.6295
2012-11-10,187.3432,170.7735,166.3389,155.3777,150.5995
2012-11-11,187.3058,170.7394,166.3057,155.3466,150.5694
2012-11-12,187.1589,170.6616,166.3022,155.4144,150.6997
2012-11-13,186.9024,170.4635,166.1844,155.3698,150.6924
2012-11-14,186.7069,170.3691,166.1774,155.4069,150.7429
2012-11-15,185.8514,169.7833,165.7476,155.1471,150.6211
2012-11-16,185.2177,169.3517,165.4543,155.0186,150.6154
2012-11-17,185.1808,169.3179,165.4213,154.9877,150.5854
2012-11-18,185.1439,169.2842,165.3884,154.9568,150.5553
2012-11-19,185.3306,169.4426,165.5725,155.0874,150.6936
2012-11-20,186.1458,169.8382,165.7086,155.1145,150.6408
2012-11-21,185.9023,169.6871,165.6259,155.1208,150.7152
2012-11-22,185.6450,169.4456,165.3835,154.9479,150.5723
2012-11-23,185.5480,169.3569,165.2563,154.8149,150.4761
2012-11-24,185.5111,169.3232,165.2234,154.7841,150.4461
2012-11-25,185.4741,169.2894,165.1905,154.7532,150.4161
2012-11-26,186.9158,170.1606,165.7548,155.0761,150.4393
2012-11-27,187.2800,170.4148,166.0246,155.2312,150.4729
2012-11-28,187.0367,170.2703,165.9779,155.2362,150.5324
2012-11-29,186.8803,170.1217,165.9451,155.2786,150.6042
2012-11-30,187.3982,170.4057,166.0152,155.2188,150.5204
2012-12-01,187.3608,170.3717,165.9820,155.1878,150.4904
2012-12-02,187.3235,170.3378,165.9490,155.1569,150.4604
2012-12-03,187.7762,170.6819,166.2193,155.3105,150.5298
2012-12-04,187.9113,170.7801,166.2867,155.3349,150.4666
2012-12-05,187.8584,170.6785,166.1874,155.2391,150.3397
2012-12-06,188.4615,171.0866,166.4066,155.2829,150.2532
2012-12-07,188.5192,171.0419,166.3067,155.2012,150.1190
2012-12-08,188.4816,171.0078,166.2735,155.1702,150.0891
2012-12-09,188.4440,170.9737,166.2404,155.1393,150.0592
2012-12-10,188.5903,171.0652,166.2826,155.1652,150.0612
2012-12-11,188.9364,171.3199,166.5002,155.2840,150.1730
2012-12-12,189.6170,171.7878,166.8273,155.4515,150.2362
2012-12-13,190.5996,172.5287,167.3922,155.7562,150.3551
2012-12-14,190.2486,172.3865,167.3145,155.7653,150.4635
2012-12-15,190.2794,172.4145,167.3416,155.7905,150.4878
2012-12-16,190.3101,172.4423,167.3687,155.8157,150.5122
2012-12-17,190.5604,172.6764,167.4723,155.8058,150.3927
2012-12-18,191.0568,172.9842,167.6766,155.9167,150.4569
2012-12-19,192.1188,173.6576,168.0787,156.1256,150.4824
2012-12-20,192.4000,173.8882,168.1995,156.1578,150.4583
2012-12-21,193.0252,174.2507,168.4941,156.3629,150.5920
2012-12-22,193.0564,174.2789,168.5213,156.3882,150.6164
2012-12-23,193.0877,174.3070,168.5486,156.4135,150.6407
2012-12-24,192.2576,173.8123,168.2982,156.3030,150.6652
2012-12-25,192.2887,173.8404,168.3254,156.3283,150.6896
2012-12-26,192.9116,174.2809,168.6338,156.4826,150.7226
2012-12-27,192.9726,174.3622,168.6932,156.5148,150.7455
2012-12-28,193.4152,174.6724,168.9057,156.6333,150.7853
2012-12-29,193.4465,174.7006,168.9330,156.6586,150.8097
2012-12-30,193.4777,174.7289,168.9603,156.6839,150.8340
2012-12-31,193.3494,174.7039,168.9639,156.6751,150.8204
2013-01-01,193.3806,174.7322,168.9912,156.7004,150.8448
2013-01-02,194.6552,175.5059,169.5112,156.9984,150.9195
2013-01-03,196.3726,176.4432,169.8754,156.9534,150.5961
2013-01-04,196.4945,176.5502,169.9014,156.9250,150.5888
2013-01-05,196.5263,176.5788,169.9289,156.9504,150.6131
2013-01-06,196.5581,176.6073,169.9563,156.9758,150.6375
2013-01-07,197.0169,176.9219,170.1375,157.0157,150.5959
2013-01-08,196.7048,176.7225,169.9693,156.8587,150.4486
2013-01-09,196.1705,176.3807,169.7522,156.7143,150.3426
2013-01-10,196.7082,176.8240,170.0537,156.8953,150.4165
2013-01-11,197.5809,177.4925,170.5274,157.1644,150.4553
2013-01-12,197.5809,177.4925,170.5274,157.1644,150.4553
2013-01-13,197.5809,177.4925,170.5274,157.1644,150.4553
2013-01-14,197.5753,177.4885,170.6388,157.3240,150.6104
2013-01-15,198.1585,177.8247,170.7218,157.2253,150.4437
2013-01-16,198.5149,178.0965,170.9451,157.3968,150.5163
2013-01-17,198.5885,178.2445,171.0557,157.5279,150.6506
2013-01-18,198.8916,178.4113,171.1385,157.5639,150.6855
2013-01-19,198.8916,178.4113,171.1385,157.5639,150.6855
2013-01-20,198.8916,178.4113,171.1385,157.5639,150.6855
2013-01-21,199.3105,178.7740,171.3890,157.6644,150.7626
2013-01-22,199.4658,178.9201,171.4987,157.7160,150.7817
2013-01-23,199.5585,179.0150,171.6246,157.8307,150.9110
2013-01-24,199.5458,178.9446,171.5395,157.7964,150.9038
2013-01-25,199.1604,178.6073,171.2703,157.6871,150.8608
2013-01-26,199.1604,178.6073,171.2703,157.6871,150.8608
2013-01-27,199.1604,178.6073,171.2703,157.6871,150.8608
2013-01-28,199.4985,178.8034,171.4579,157.8221,150.9682
2013-01-29,199.7727,179.0968,171.6888,157.9372,150.9205
2013-01-30,200.5715,179.6020,171.9830,158.0938,150.9624
2013-01-31,200.3006,179.4958,171.9051,157.9946,150.8979
2013-02-01,200.2022,179.4642,171.8893,157.9608,150.8194
2013-02-02,200.2022,179.4642,171.8893,157.9608,150.8194
2013-02-03,200.2022,179.4642,171.8893,157.9608,150.8194
2013-02-04,201.3718,180.2155,172.3903,158.1828,150.8429
2013-02-05,200.6705,179.7770,172.1202,158.0160,150.8040
2013-02-06,200.9786,179.9214,172.2151,158.1031,150.8074
2013-02-07,201.1609,180.0870,172.3773,158.1832,150.8458
2013-02-08,200.6079,179.6981,172.1056,158.0019,150.7449
2013-02-09,200.6079,179.6981,172.1056,158.0019,150.7449
2013-02-10,200.5936,179.6853,172.0933,157.9906,150.7341
2013-02-11,200.9511,179.9674,172.3039,158.1494,150.9054
2013-02-12,200.8723,179.9320,172.2959,158.1747,150.9409
2013-02-13,200.9567,179.9852,172.3345,158.2219,150.9804
2013-02-14,201.2599,180.2319,172.5496,158.3781,151.1235
2013-02-15,201.3356,180.2797,172.6042,158.4398,151.2094
2013-02-16,201.3212,180.2669,172.5919,158.4285,151.1986
2013-02-17,201.3069,180.2541,172.5796,158.4173,151.1878
2013-02-18,201.3224,180.3309,172.6447,158.4873,151.2936
2013-02-19,201.3333,180.3343,172.6900,158.5405,151.3391
2013-02-20,201.8621,180.6776,172.9287,158.6981,151.4179
2013-02-21,201.1607,180.2705,172.6536,158.6019,151.4693
2013-02-22,199.4375,179.0773,171.9433,158.3335,151.5383
2013-02-23,199.4233,179.0646,171.9310,158.3222,151.5274
2013-02-24,199.4091,179.0518,171.9187,158.3109,151.5166
2013-02-25,200.0185,179.4839,172.2538,158.5473,151.6673
2013-02-26,199.1864,179.0329,171.9182,158.3642,151.6292
2013-02-27,198.5752,178.4957,171.6479,158.3791,151.8074
2013-02-28,199.5622,179.1089,172.1050,158.6457,151.9664
2013-03-01,200.2858,179.7272,172.4854,158.8111,151.9844
2013-03-02,200.2715,179.7144,172.4731,158.7997,151.9736
2013-03-03,200.2572,179.7015,172.4607,158.7884,151.9627
2013-03-04,200.5627,179.9312,172.6595,158.9177,152.0276
2013-03-05,200.2336,179.7501,172.6180,158.9832,152.1314
2013-03-06,201.1150,180.3436,172.9611,159.1665,152.1647
2013-03-07,201.2879,180.3623,172.9013,159.1499,152.1631
2013-03-08,201.2254,180.1797,172.7596,159.0904,152.1470
2013-03-09,201.2110,180.1668,172.7472,159.0790,152.1360
2013-03-10,201.2045,180.1610,172.7416,159.0738,152.1311
2013-03-11,201.9600,180.6388,173.0140,159.1818,152.0627
2013-03-12,202.0636,180.7155,173.0909,159.2122,152.0333
2013-03-13,201.3682,180.2082,172.7893,159.1034,152.0399
2013-03-14,200.6462,179.6544,172.4397,158.9701,152.0371
2013-03-15,200.5794,179.5352,172.3524,158.9356,152.0220
2013-03-16,200.5729,179.5293,172.3469,158.9305,152.0171
2013-03-17,200.5664,179.5235,172.3413,158.9253,152.0121
2013-03-18,200.0806,179.1146,172.1425,158.8840,152.0951
2013-03-19,198.9743,178.4186,171.7609,158.7490,152.1482
2013-03-20,198.6915,178.3458,171.7582,158.7394,152.1710
2013-03-21,199.5072,178.9426,172.1930,158.9336,152.1797
2013-03-22,198.9337,178.6508,172.0655,158.8522,152.2124
2013-03-23,198.9272,178.6451,172.0599,158.8471,152.2074
2013-03-24,198.9208,178.6393,172.0544,158.8420,152.2025
2013-03-25,198.7331,178.5556,172.0787,158.8873,152.2813
2013-03-26,198.5069,178.3434,171.8954,158.7721,152.2117
2013-03-27,199.2172,178.8166,172.2158,158.9426,152.2682
2013-03-28,199.3734,178.8986,172.2734,158.9856,152.3196
2013-03-29,199.3669,178.8928,172.2678,158.9804,152.3146
2013-03-30,199.3605,178.8870,172.2622,158.9753,152.3097
2013-03-31,199.3540,178.8812,172.2567,158.9701,152.3048
2013-04-01,199.3744,178.8364,172.2368,158.9787,152.3613
2013-04-02,199.0749,178.5964,172.0592,158.8739,152.3095
2013-04-03,199.0677,178.5663,172.1166,158.9392,152.3658
2013-04-04,197.7267,177.6276,171.5056,158.6683,152.3708
2013-04-05,197.2974,177.2996,171.3398,158.6563,152.4205
2013-04-06,197.2910,177.2939,171.3342,158.6511,152.4155
2013-04-07,197.2846,177.2881,171.3287,158.6460,152.4106
2013-04-08,195.5217,176.0431,170.5947,158.4602,152.5871
2013-04-09,195.6706,176.1960,170.7426,158.6040,152.7535
2013-04-10,196.4539,176.7639,171.1332,158.8290,152.8223
2013-04-11,198.4214,178.0082,171.9500,159.2765,152.9221
2013-04-12,198.8097,178.2185,172.1233,159.4131,152.9833
2013-04-13,198.7832,178.1947,172.1003,159.3919,152.9629
2013-04-14,198.7567,178.1710,172.0774,159.3706,152.9426
2013-04-15,197.9668,177.8087,172.0733,159.6592,153.4142
2013-04-16,195.8145,176.4471,171.3177,159.3542,153.4729
2013-04-17,196.6477,176.9176,171.6003,159.4730,153.4370
2013-04-18,195.4275,176.1263,171.2106,159.3917,153.5741
2013-04-19,195.7868,176.5222,171.5523,159.5940,153.7075
2013-04-20,195.7607,176.4987,171.5295,159.5728,153.6870
2013-04-21,195.7346,176.4752,171.5066,159.5515,153.6665
2013-04-22,197.4959,177.6087,172.2446,159.9193,153.7138
2013-04-23,198.0557,178.0036,172.4514,159.9761,153.6472
2013-04-24,198.3112,178.0676,172.4371,159.9614,153.5956
2013-04-25,198.5929,178.1697,172.4466,159.8981,153.4562
2013-04-26,198.8899,178.3275,172.4922,159.9198,153.3951
2013-04-27,198.8634,178.3038,172.4692,159.8986,153.3747
2013-04-28,198.8370,178.2801,172.4463,159.8773,153.3543
2013-04-29,198.3692,178.0399,172.3758,159.8855,153.4277
2013-04-30,198.4839,178.0499,172.3610,159.9120,153.4692
2013-05-01,198.4574,178.0262,172.3380,159.8907,153.4488
2013-05-02,198.6943,178.2220,172.4859,159.9776,153.5000
2013-05-03,199.5080,178.7913,172.9799,160.3064,153.7140
2013-05-04,199.4814,178.7674,172.9569,160.2850,153.6935
2013-05-05,199.4549,178.7437,172.9339,160.2637,153.6730
2013-05-06,199.9828,179.0873,173.1453,160.3940,153.7456
2013-05-07,200.2983,179.3166,173.3799,160.5545,153.8083
2013-05-08,201.3192,179.9127,173.6564,160.6023,153.6993
2013-05-09,202.3765,180.6034,174.0573,160.7410,153.5956
2013-05-10,202.3223,180.6088,174.1072,160.7915,153.5778
2013-05-11,202.3551,180.6380,174.1354,160.8175,153.6027
2013-05-12,202.3878,180.6672,174.1635,160.8435,153.6275
2013-05-13,202.4983,180.7481,174.2457,160.9130,153.6628
2013-05-14,202.2781,180.4832,174.0841,160.8955,153.7242
2013-05-15,203.1519,180.9927,174.4439,161.1342,153.8525
2013-05-16,203.6310,181.3226,174.6986,161.3731,154.0566
2013-05-17,203.2633,181.0813,174.5474,161.3436,154.1150
2013-05-18,203.2962,181.1106,174.5756,161.3697,154.1399
2013-05-19,203.3291,181.1399,174.6039,161.3958,154.1649
2013-05-20,203.8370,181.3641,174.7624,161.5092,154.1656
2013-05-21,203.8700,181.3934,174.7907,161.5354,154.1906
2013-05-22,205.1435,182.2317,175.4213,161.9136,154.3322
2013-05-23,204.8411,182.0981,175.3194,161.8720,154.3704
2013-05-24,204.3751,181.7324,175.2043,161.8166,154.3407
2013-05-25,204.4082,181.7618,175.2326,161.8427,154.3656
2013-05-26,204.4413,181.7912,175.2610,161.8689,154.3907
2013-05-27,204.0718,181.4534,174.9375,161.6654,154.3538
2013-05-28,204.2002,181.4928,174.9955,161.7167,154.3593
2013-05-29,204.6448,181.7027,175.0298,161.6703,154.2825
2013-05-30,202.9893,180.5970,174.3391,161.3368,154.3041
2013-05-31,203.3204,180.7991,174.5276,161.4090,154.3289
2013-06-01,203.3533,180.8284,174.5559,161.4351,154.3539
2013-06-02,203.3862,180.8576,174.5841,161.4612,154.3789
2013-06-03,203.7177,181.1811,174.9526,161.6469,154.4272
2013-06-04,204.3233,181.6199,175.3041,161.9567,154.7215
2013-06-05,203.5705,181.1879,175.0016,161.8697,154.7946
2013-06-06,202.4923,180.5913,174.7048,161.7830,154.8792
2013-06-07,202.9315,180.8485,174.9398,161.9202,154.9910
2013-06-08,202.9642,180.8777,174.9680,161.9463,155.0161
2013-06-09,202.9971,180.9070,174.9964,161.9725,155.0412
2013-06-10,202.1084,180.1965,174.4103,161.7401,155.0614
2013-06-11,201.4796,179.6695,174.1200,161.6387,154.9556
2013-06-12,198.9170,177.8376,172.8694,161.0470,154.9142
2013-06-13,196.5807,176.3518,171.8540,160.5664,154.9183
2013-06-14,197.0759,176.6390,172.1157,160.7785,155.1052
2013-06-15,197.0759,176.6390,172.1157,160.7785,155.1052
2013-06-16,197.0759,176.6390,172.1157,160.7785,155.1052
2013-06-17,196.3516,176.2595,171.9288,160.7414,155.2415
2013-06-18,196.9341,176.6115,172.1269,160.8336,155.1935
2013-06-19,198.4149,177.5772,172.8405,161.2005,155.1673
2013-06-20,196.8320,176.6652,172.2491,160.9575,155.1941
2013-06-21,194.7351,174.9978,171.3280,160.3956,154.8850
2013-06-22,194.7351,174.9978,171.3280,160.3956,154.8850
2013-06-23,194.7351,174.9978,171.3280,160.3956,154.8850
2013-06-24,194.4224,174.8330,171.1845,160.3612,154.9611
2013-06-25,191.7563,172.9573,169.9245,159.7329,154.8848
2013-06-26,192.2360,173.3813,170.0777,159.7449,154.9383
2013-06-27,193.4884,174.2680,170.6329,160.0444,155.0887
2013-06-28,195.1262,175.5275,171.5240,160.5140,155.2491
2013-06-29,195.1262,175.5275,171.5240,160.5140,155.2491
2013-06-30,195.1262,175.5275,171.5240,160.5140,155.2491
2013-07-01,196.9252,176.8318,172.5368,160.9707,155.3104
2013-07-02,196.7869,176.7256,172.4227,160.9939,155.3992
2013-07-03,194.7974,175.3046,171.4498,160.5907,155.3750
2013-07-04,193.6280,174.4561,170.9552,160.4276,155.4176
2013-07-05,193.7276,174.5496,170.9922,160.4405,155.4819
2013-07-06,193.7276,174.5496,170.9922,160.4405,155.4819
2013-07-07,193.7276,174.5496,170.9922,160.4405,155.4819
2013-07-08,194.8220,175.1832,171.5525,160.8357,155.6099
2013-07-09,194.6287,174.9580,171.3956,160.8022,155.6683
2013-07-10,195.0409,175.1175,171.5082,160.9371,155.7539
2013-07-11,195.4629,175.2600,171.6221,160.9947,155.7723
2013-07-12,196.9495,176.2568,172.1279,161.2261,155.8012
2013-07-13,196.9115,176.2227,172.0946,161.1950,155.7711
2013-07-14,196.8735,176.1887,172.0614,161.1639,155.7411
2013-07-15,196.5048,175.9570,172.0044,161.2987,155.9497
2013-07-16,196.4668,175.9230,171.9712,161.2675,155.9195
2013-07-17,196.7277,176.2400,172.2117,161.3907,155.9571
2013-07-18,197.0144,176.4749,172.2475,161.2915,155.8631
2013-07-19,198.3127,177.3662,172.7927,161.3928,155.5545
2013-07-20,198.2745,177.3320,172.7593,161.3616,155.5245
2013-07-21,198.2362,177.2977,172.7260,161.3305,155.4945
2013-07-22,198.4391,177.3421,172.8869,161.5523,155.6403
2013-07-23,198.9267,177.5995,173.0112,161.5721,155.5741
2013-07-24,200.0514,178.3702,173.4670,161.7850,155.6147
2013-07-25,199.5029,178.0956,173.2444,161.6424,155.5941
2013-07-26,199.4942,178.0007,173.2157,161.6562,155.6851
2013-07-27,199.4557,177.9663,173.1822,161.6250,155.6550
2013-07-28,199.4173,177.9320,173.1489,161.5938,155.6250
2013-07-29,198.9949,177.5896,172.9215,161.5442,155.7579
2013-07-30,198.8123,177.4213,172.8686,161.6083,155.8310
2013-07-31,199.2276,177.6453,173.0739,161.8631,156.0205
2013-08-01,199.1205,177.4649,172.9380,161.7833,155.9765
2013-08-02,200.2836,178.3025,173.4888,162.0340,156.0387
2013-08-03,200.2449,178.2681,173.4553,162.0028,156.0086
2013-08-04,200.2062,178.2337,173.4218,161.9714,155.9784
2013-08-05,200.7674,178.7228,173.7970,162.2384,156.1344
2013-08-06,199.7598,177.9581,173.3152,161.9887,156.0635
2013-08-07,198.8837,177.3545,172.9848,161.8905,156.0734
2013-08-08,198.0244,176.6169,172.4947,161.7005,156.0924
2013-08-09,197.8642,176.5545,172.3525,161.5690,156.1253
2013-08-10,197.8451,176.5374,172.3359,161.5534,156.1102
2013-08-11,197.8260,176.5204,172.3192,161.5378,156.0951
2013-08-12,197.7761,176.5682,172.3155,161.5040,156.1509
2013-08-13,198.3827,176.9861,172.5981,161.5954,156.1295
2013-08-14,199.5915,177.7705,173.1637,161.8688,156.1923
2013-08-15,199.5723,177.7534,173.1470,161.8532,156.1772
2013-08-16,197.9629,176.7924,172.5049,161.4975,156.1359
2013-08-17,197.9438,176.7753,172.4883,161.4819,156.1209
2013-08-18,197.9247,176.7583,172.4716,161.4663,156.1058
2013-08-19,197.1102,176.2160,172.1280,161.3464,156.1320
2013-08-20,196.9134,176.0639,172.1300,161.4719,156.2246
2013-08-21,196.0225,175.3829,171.6896,161.2947,156.2370
2013-08-22,194.1223,173.9617,170.8061,160.8709,156.1911
2013-08-23,194.0904,173.9045,170.6893,160.7380,156.1483
2013-08-24,194.0716,173.8876,170.6728,160.7224,156.1332
2013-08-25,194.0529,173.8709,170.6564,160.7070,156.1181
2013-08-26,194.2392,174.0054,170.6607,160.7516,156.1864
2013-08-27,194.2163,174.1549,170.8316,160.8511,156.1942
2013-08-28,192.3211,172.9140,170.1504,160.6262,156.2068
2013-08-29,191.7749,172.4588,169.7630,160.4602,156.2391
2013-08-30,191.8210,172.4842,169.7931,160.4393,156.2700
2013-08-31,191.8025,172.4676,169.7768,160.4238,156.2549
2013-09-01,191.7839,172.4509,169.7603,160.4083,156.2398
2013-09-02,191.6602,172.4394,169.7812,160.3313,156.2359
2013-09-03,192.3954,173.0316,170.1022,160.4754,156.2659
2013-09-04,192.6527,173.1279,170.1194,160.5232,156.1879
2013-09-05,192.9685,173.2717,170.1002,160.5244,156.2200
2013-09-06,194.0286,174.0577,170.5866,160.7500,156.2414
2013-09-07,194.0099,174.0410,170.5702,160.7345,156.2264
2013-09-08,193.9911,174.0241,170.5537,160.7189,156.2113
2013-09-09,194.8136,174.7867,171.1108,161.0140,156.4169
2013-09-10,197.5244,176.7406,172.4267,161.6035,156.4572
2013-09-11,199.0414,177.7513,173.0670,161.9168,156.5397
2013-09-12,198.5208,177.3256,172.7274,161.7227,156.4947
2013-09-13,197.6863,176.7564,172.3057,161.4823,156.4202
2013-09-14,197.6731,176.7446,172.2942,161.4715,156.4098
2013-09-15,197.6599,176.7328,172.2827,161.4607,156.3994
2013-09-16,197.8187,176.6962,172.2458,161.4524,156.3296
2013-09-17,198.9328,177.4693,172.7503,161.6766,156.3703
2013-09-18,198.9195,177.4575,172.7388,161.6658,156.3598
2013-09-19,198.9063,177.4457,172.7273,161.6551,156.3495
2013-09-20,198.8931,177.4338,172.7158,161.6443,156.3390
2013-09-21,198.8798,177.4220,172.7043,161.6335,156.3286
2013-09-22,198.8666,177.4102,172.6928,161.6228,156.3182
2013-09-23,201.2030,178.9443,173.7942,162.3351,156.5103
2013-09-24,199.7106,178.2355,173.3525,162.0809,156.5317
2013-09-25,199.5251,178.1072,173.2416,162.0728,156.5151
2013-09-26,199.8073,178.2274,173.3117,162.1368,156.5185
2013-09-27,199.8828,178.2802,173.3427,162.1585,156.5023
2013-09-28,199.8695,178.2683,173.3311,162.1476,156.4918
2013-09-29,199.8563,178.2565,173.3196,162.1369,156.4814
2013-09-30,199.9178,178.2805,173.3384,162.1407,156.4757
2013-10-01,198.8474,177.4862,172.8755,162.0220,156.4790
2013-10-02,199.5468,177.9017,173.1180,162.1091,156.5063
2013-10-03,199.5333,177.8636,173.0726,162.1342,156.6178
2013-10-04,198.7804,177.4292,172.7855,161.9466,156.5943
2013-10-05,198.7672,177.4173,172.7739,161.9358,156.5839
2013-10-06,198.7539,177.4055,172.7624,161.9250,156.5734
2013-10-07,198.7756,177.4386,172.7638,161.9439,156.6402
2013-10-08,198.0988,176.9866,172.4833,161.8079,156.6190
2013-10-09,197.6602,176.7775,172.3939,161.7787,156.6435
2013-10-10,197.9084,176.8754,172.5123,161.8817,156.6645
2013-10-11,199.2668,177.7078,172.9860,162.0564,156.6957
2013-10-12,199.2349,177.6793,172.9582,162.0303,156.6706
2013-10-13,199.2028,177.6507,172.9304,162.0043,156.6454
2013-10-14,200.0432,178.2082,173.3045,162.2111,156.7294
2013-10-15,200.7056,178.6739,173.6247,162.4095,156.7721
2013-10-16,200.7568,178.7681,173.6611,162.3990,156.7587
2013-10-17,201.1204,178.9113,173.7232,162.4450,156.7922
2013-10-18,200.6309,178.4818,173.3935,162.3128,156.8003
2013-10-19,200.5987,178.4531,173.3656,162.2868,156.7751
2013-10-20,200.5664,178.4244,173.3377,162.2606,156.7499
2013-10-21,202.1451,179.6373,174.2998,162.9710,157.2414
2013-10-22,203.5923,180.6679,175.1045,163.4192,157.3359
2013-10-23,204.1802,181.0380,175.3387,163.5531,157.4183
2013-10-24,204.0923,181.0498,175.4778,163.6529,157.4231
2013-10-25,204.3557,181.2527,175.7030,163.8054,157.4446
2013-10-26,204.3228,181.2236,175.6748,163.7790,157.4193
2013-10-27,204.2899,181.1944,175.6465,163.7526,157.3940
2013-10-28,204.2924,181.1491,175.6529,163.8067,157.4765
2013-10-29,204.8728,181.5141,175.9683,164.0665,157.6136
2013-10-30,205.4879,181.9173,176.2894,164.3284,157.7672
2013-10-31,205.4549,181.8880,176.2610,164.3020,157.7418
2013-11-01,205.4218,181.8587,176.2327,164.2756,157.7164
2013-11-02,205.3888,181.8295,176.2043,164.2491,157.6911
2013-11-03,205.3558,181.8003,176.1760,164.2227,157.6657
2013-11-04,204.8969,181.6176,176.1456,164.2256,157.8037
2013-11-05,205.7272,182.1599,176.5102,164.4047,157.8476
2013-11-06,205.7782,182.2735,176.6019,164.4260,157.8314
2013-11-07,205.6930,182.1910,176.5610,164.4221,157.8705
2013-11-08,204.6752,181.6135,176.2415,164.3323,157.9800
2013-11-09,204.6424,181.5843,176.2132,164.3059,157.9547
2013-11-10,204.6356,181.5783,176.2073,164.3004,157.9494
2013-11-11,204.6921,181.4852,176.2038,164.4052,158.1177
2013-11-12,204.6859,181.3560,176.0495,164.3965,158.0941
2013-11-13,204.4240,181.1957,175.9789,164.3935,158.0685
2013-11-14,204.1405,180.8151,175.7179,164.3790,158.1156
2013-11-15,204.8227,181.2118,175.9795,164.5675,158.2859
2013-11-16,204.8158,181.2057,175.9736,164.5619,158.2806
2013-11-17,204.8090,181.1997,175.9677,164.5565,158.2753
2013-11-18,206.1430,182.1769,176.6446,164.9286,158.4096
2013-11-19,206.7490,182.7370,176.9874,165.0143,158.3966
2013-11-20,206.9334,182.8129,177.0966,165.0917,158.3834
2013-11-21,206.8894,182.7927,177.1544,165.2368,158.5233
2013-11-22,206.3293,182.2951,176.8588,165.1914,158.6220
2013-11-23,206.3224,182.2890,176.8530,165.1859,158.6167
2013-11-24,206.3155,182.2829,176.8470,165.1803,158.6114
2013-11-25,206.0240,181.9636,176.5623,165.0169,158.5342
2013-11-26,205.9923,181.9271,176.5379,164.9620,158.4137
2013-11-27,205.6404,181.6190,176.3384,164.9024,158.3777
2013-11-28,206.5203,182.2381,176.7622,165.0404,158.3045
2013-11-29,207.7663,183.0505,177.2638,165.1823,158.1220
2013-11-30,207.7594,183.0444,177.2579,165.1769,158.1168
2013-12-01,207.7525,183.0382,177.2520,165.1713,158.1115
2013-12-02,208.6328,183.7399,177.8016,165.4178,158.2225
2013-12-03,209.0992,184.0390,178.0316,165.5230,158.2184
2013-12-04,208.1465,183.4157,177.6298,165.3169,158.1747
2013-12-05,207.6138,183.0869,177.4365,165.2542,158.2364
2013-12-06,206.6905,182.5433,177.0781,165.0354,158.2275
2013-12-07,206.6837,182.5373,177.0723,165.0299,158.2223
2013-12-08,206.6767,182.5311,177.0663,165.0244,158.2170
2013-12-09,206.8510,182.6187,177.1149,165.2055,158.4246
2013-12-10,207.1697,182.7838,177.2236,165.3045,158.5099
2013-12-11,207.8504,183.2564,177.6072,165.5162,158.5163
2013-12-12,206.7860,182.6251,177.2722,165.3857,158.5221
2013-12-13,205.8666,181.9695,176.8130,165.1118,158.4064
2013-12-14,205.8401,181.9462,176.7902,165.0906,158.3861
2013-12-15,205.8136,181.9227,176.7674,165.0693,158.3657
2013-12-16,204.7891,181.3002,176.3463,164.9083,158.4452
2013-12-17,204.9271,181.3624,176.3753,164.9288,158.4612
2013-12-18,204.5795,181.2055,176.2533,164.8013,158.3510
2013-12-19,205.8566,181.8644,176.6642,165.1001,158.4676
2013-12-20,205.9217,182.0071,176.7829,165.1551,158.4555
2013-12-21,205.8952,181.9837,176.7602,165.1338,158.4351
2013-12-22,205.8687,181.9603,176.7375,165.1126,158.4147
2013-12-23,206.2904,182.1724,176.8274,165.1045,158.2986
2013-12-24,206.1543,182.0091,176.6435,165.0157,158.2913
2013-12-25,206.1278,181.9857,176.6207,164.9944,158.2709
2013-12-26,206.2141,181.9882,176.6214,165.0126,158.3175
2013-12-27,205.6630,181.5653,176.3501,164.9248,158.3237
2013-12-28,205.6365,181.5419,176.3274,164.9035,158.3034
2013-12-29,205.6100,181.5186,176.3047,164.8823,158.2830
2013-12-30,205.7935,181.7302,176.4556,165.0282,158.3631
2013-12-31,206.2637,182.0831,176.6979,165.1364,158.3927
2014-01-01,206.2371,182.0596,176.6751,165.1151,158.3722
2014-01-02,206.9414,182.4941,176.9684,165.2749,158.4204
2014-01-03,206.8057,182.4529,177.0053,165.2483,158.3880
2014-01-04,206.7791,182.4294,176.9826,165.2270,158.3676
2014-01-05,206.7524,182.4058,176.9597,165.2057,158.3471
2014-01-06,205.8408,181.8761,176.6297,165.0804,158.3783
2014-01-07,205.8205,181.8938,176.6971,165.1606,158.4428
2014-01-08,206.1799,182.1137,176.9096,165.3713,158.6507
2014-01-09,206.4471,182.3987,177.2130,165.6134,158.8253
2014-01-10,206.2597,182.2314,177.1576,165.6606,158.9122
2014-01-11,206.2199,182.1962,177.1234,165.6286,158.8815
2014-01-12,206.1801,182.1611,177.0892,165.5967,158.8509
2014-01-13,205.5862,181.7037,176.7570,165.5121,158.9384
2014-01-14,204.5290,181.1190,176.3745,165.2708,158.8802
2014-01-15,204.9849,181.4341,176.6880,165.5707,159.1402
2014-01-16,205.9896,182.0551,177.1396,165.8306,159.1698
2014-01-17,206.3968,182.4035,177.4108,165.9585,159.2253
2014-01-18,206.3570,182.3683,177.3766,165.9265,159.1946
2014-01-19,206.3171,182.3330,177.3423,165.8944,159.1638
2014-01-20,207.6864,183.4269,178.1974,166.3552,159.3121
2014-01-21,208.5882,184.0684,178.6927,166.6951,159.4295
2014-01-22,209.2267,184.5087,179.1486,167.0545,159.6967
2014-01-23,209.3143,184.6097,179.2849,167.2047,159.8618
2014-01-24,208.7841,184.3019,179.1274,167.1105,159.8489
2014-01-25,208.7438,184.2664,179.0929,167.0783,159.8181
2014-01-26,208.7035,184.2309,179.0583,167.0460,159.7873
2014-01-27,206.2682,182.7437,178.1868,166.6994,159.9330
2014-01-28,203.7031,180.9010,176.9791,166.1615,159.9280
2014-01-29,203.4896,180.5921,176.6773,166.0695,159.9209
2014-01-30,202.8155,180.1364,176.4604,166.0622,159.9957
2014-01-31,202.5839,179.9743,176.4544,166.2760,160.3196
2014-02-01,202.5447,179.9395,176.4203,166.2438,160.2886
2014-02-02,202.5057,179.9048,176.3863,166.2118,160.2577
2014-02-03,203.2586,180.4183,176.8117,166.4034,160.3218
2014-02-04,202.2667,179.8613,176.4973,166.1911,160.2212
2014-02-05,201.8497,179.6018,176.3539,166.1243,160.2774
2014-02-06,202.2497,179.7476,176.4973,166.2506,160.2978
2014-02-07,203.1880,180.3908,176.9110,166.4881,160.3788
2014-02-08,203.1488,180.3560,176.8769,166.4560,160.3478
2014-02-09,203.1096,180.3212,176.8427,166.4239,160.3169
2014-02-10,204.2811,181.1511,177.4431,166.7541,160.4530
2014-02-11,204.7872,181.4696,177.7150,166.8972,160.4842
2014-02-12,206.1956,182.4926,178.3970,167.2136,160.5083
2014-02-13,206.8757,183.0062,178.7094,167.3339,160.5212
2014-02-14,205.9792,182.4394,178.3418,167.1856,160.5893
2014-02-15,205.9646,182.4264,178.3291,167.1737,160.5779
2014-02-16,205.9498,182.4134,178.3163,167.1618,160.5664
2014-02-17,206.8710,183.2023,178.8352,167.4066,160.6738
2014-02-18,207.3874,183.6071,179.1276,167.5311,160.7089
2014-02-19,207.8231,183.8998,179.3852,167.7643,160.7587
2014-02-20,208.0580,184.1031,179.5900,167.9339,160.8471
2014-02-21,208.6777,184.5255,179.8827,168.0989,160.9162
2014-02-22,208.6628,184.5123,179.8698,168.0869,160.9046
2014-02-23,208.6480,184.4992,179.8571,168.0750,160.8932
2014-02-24,209.1258,184.8130,180.0567,168.2058,160.8588
2014-02-25,209.5537,185.0490,180.1850,168.2973,160.8341
2014-02-26,209.7176,185.1415,180.2529,168.2961,160.7157
2014-02-27,210.3607,185.6549,180.6363,168.4050,160.6763
2014-02-28,211.9518,186.6521,181.2287,168.5916,160.5536
2014-03-01,211.9366,186.6388,181.2158,168.5795,160.5421
2014-03-02,211.9215,186.6254,181.2028,168.5675,160.5306
2014-03-03,211.7944,186.5544,181.1080,168.5036,160.5158
2014-03-04,209.8164,185.3754,180.3912,168.1897,160.5568
2014-03-05,211.0625,186.1372,180.8926,168.4462,160.6425
2014-03-06,212.3124,186.9713,181.5458,168.8288,160.7700
2014-03-07,212.6484,187.3164,181.7493,169.0023,160.8246
2014-03-08,212.6333,187.3031,181.7364,168.9903,160.8132
2014-03-09,212.6181,187.2897,181.7234,168.9783,160.8017
2014-03-10,212.8411,187.4588,181.9579,169.2332,161.0716
2014-03-11,213.2655,187.6459,182.1825,169.4365,161.1769
2014-03-12,212.9477,187.5707,182.2141,169.4459,161.2494
2014-03-13,212.5115,187.2703,182.1035,169.4906,161.4377
2014-03-14,210.7659,186.2508,181.4552,169.1703,161.4764
2014-03-15,210.7320,186.2208,181.4260,169.1431,161.4505
2014-03-16,210.6981,186.1909,181.3968,169.1158,161.4245
2014-03-17,210.2318,186.0163,181.4414,169.2154,161.6647
2014-03-18,210.8711,186.3080,181.5872,169.3413,161.6934
2014-03-19,212.3793,187.3191,182.2748,169.7198,161.8402
2014-03-20,211.8399,186.9374,182.0169,169.6480,161.8925
2014-03-21,210.9267,186.2576,181.5083,169.4342,161.9462
2014-03-22,210.8928,186.2277,181.4791,169.4070,161.9201
2014-03-23,210.8588,186.1977,181.4498,169.3797,161.8940
2014-03-24,209.7813,185.5535,180.9256,169.0925,161.8741
2014-03-25,210.0357,185.7093,181.0237,169.1015,161.7928
2014-03-26,210.3570,185.9661,181.1851,169.1377,161.7798
2014-03-27,209.9011,185.7593,181.0286,169.0233,161.6862
2014-03-28,209.2833,185.4048,180.8274,168.9235,161.6761
2014-03-29,209.2496,185.3749,180.7982,168.8963,161.6500
2014-03-30,209.2160,185.3452,180.7692,168.8692,161.6241
2014-03-31,210.5188,186.2102,181.2975,169.1419,161.6996
2014-04-01,211.8727,187.0159,181.8522,169.4189,161.7616
2014-04-02,212.9466,187.7862,182.3433,169.6371,161.8572
2014-04-03,214.3214,188.6993,182.9571,169.9652,161.9259
2014-04-04,214.5441,188.8263,183.0509,170.0605,162.0099
2014-04-05,214.5096,188.7960,183.0215,170.0332,161.9839
2014-04-06,214.4751,188.7656,182.9920,170.0058,161.9578
2014-04-07,213.6566,188.3225,182.7620,169.9655,162.0649
2014-04-08,212.4430,187.6135,182.3356,169.7954,162.0982
2014-04-09,211.6788,187.1684,181.9150,169.4780,162.1407
2014-04-10,213.1173,188.1941,182.6598,169.8773,162.2553
2014-04-11,211.5270,187.2909,182.0271,169.4956,162.1603
2014-04-12,211.4708,187.2412,181.9787,169.4505,162.1172
2014-04-13,211.4146,187.1915,181.9304,169.4056,162.0742
2014-04-14,211.2192,187.1430,181.9836,169.4368,162.1376
2014-04-15,211.8329,187.6429,182.3894,169.7064,162.3355
2014-04-16,212.6015,188.1102,182.8210,169.9672,162.4187
2014-04-17,214.0110,189.0640,183.4687,170.3220,162.5217
2014-04-18,213.9542,189.0138,183.4200,170.2768,162.4785
2014-04-19,213.8973,188.9636,183.3713,170.2315,162.4354
2014-04-20,213.8406,188.9134,183.3226,170.1864,162.3923
2014-04-21,214.6755,189.4866,183.7386,170.4672,162.5282
2014-04-22,214.5511,189.3157,183.5911,170.3851,162.4888
2014-04-23,216.1229,190.2684,184.2902,170.8453,162.6300
2014-04-24,216.2489,190.3441,184.4047,170.9419,162.6765
2014-04-25,215.1253,189.6266,183.8840,170.6804,162.6187
2014-04-26,215.0681,189.5762,183.8351,170.6350,162.5755
2014-04-27,215.0110,189.5258,183.7863,170.5897,162.5323
2014-04-28,213.8397,188.7661,183.3671,170.5118,162.6784
2014-04-29,213.4277,188.4446,183.1422,170.4355,162.7045
2014-04-30,214.4174,189.1281,183.5990,170.7002,162.8191
2014-05-01,214.3604,189.0778,183.5502,170.6548,162.7759
2014-05-02,215.9004,190.1054,184.3732,171.1120,162.8688
2014-05-03,215.8431,190.0549,184.3242,171.0665,162.8256
2014-05-04,215.7857,190.0044,184.2752,171.0211,162.7823
2014-05-05,216.1619,190.3555,184.4925,171.1959,162.9187
2014-05-06,216.3517,190.4543,184.5470,171.2128,162.9153
2014-05-07,216.2572,190.3116,184.3546,171.1058,162.7226
2014-05-08,216.3414,190.1541,184.0621,170.7876,162.4434
2014-05-09,213.8731,188.6366,183.0123,170.3028,162.5054
2014-05-10,213.8318,188.6002,182.9769,170.2699,162.4740
2014-05-11,213.7905,188.5638,182.9416,170.2371,162.4427
2014-05-12,213.7652,188.4669,182.8248,170.1623,162.3899
2014-05-13,213.6986,188.4386,182.7280,170.0307,162.3029
2014-05-14,213.9287,188.6327,182.8629,170.1085,162.3435
2014-05-15,214.5770,189.1909,183.3358,170.3483,162.4766
2014-05-16,214.6425,189.3045,183.5180,170.4650,162.5526
2014-05-17,214.6011,189.2679,183.4826,170.4320,162.5212
2014-05-18,214.5597,189.2315,183.4472,170.3992,162.4899
2014-05-19,214.0743,188.9837,183.2402,170.3147,162.6023
2014-05-20,213.7756,188.6903,183.0349,170.2053,162.5752
2014-05-21,213.7344,188.6539,182.9996,170.1725,162.5439
2014-05-22,214.2625,188.7920,183.1195,170.3358,162.6311
2014-05-23,214.9625,189.4216,183.6918,170.7505,162.8846
2014-05-24,214.9210,189.3851,183.6564,170.7176,162.8532
2014-05-25,214.8796,189.3486,183.6210,170.6846,162.8218
2014-05-26,216.4359,190.4485,184.4701,171.1633,162.9700
2014-05-27,216.6515,190.5871,184.5875,171.2146,162.9394
2014-05-28,217.0384,190.7888,184.7819,171.4337,163.0717
2014-05-29,216.2211,190.2693,184.3964,171.2235,163.0497
2014-05-30,215.4807,189.8005,184.1405,171.1451,163.1584
2014-05-31,215.4392,189.7639,184.1050,171.1121,163.1270
2014-06-01,215.3976,189.7273,184.0695,171.0791,163.0955
2014-06-02,215.7807,189.9531,184.3153,171.3336,163.2476
2014-06-03,215.7320,189.9098,184.3131,171.3157,163.2074
2014-06-04,215.9727,190.1539,184.5316,171.4599,163.3202
2014-06-05,216.3828,190.3945,184.7535,171.5975,163.3766
2014-06-06,217.0837,190.8317,185.0742,171.7792,163.4829
2014-06-07,217.0419,190.7949,185.0386,171.7460,163.4514
2014-06-08,216.9999,190.7580,185.0028,171.7129,163.4198
2014-06-09,217.0650,190.8501,185.1418,171.8620,163.5969
2014-06-10,217.6270,191.1023,185.2776,171.9690,163.6230
2014-06-11,218.7484,191.8466,185.7583,172.1854,163.6583
2014-06-12,218.7091,191.7767,185.7063,172.1350,163.6060
2014-06-13,218.0302,191.3474,185.4150,172.0053,163.5828
2014-06-14,218.0085,191.3283,185.3966,171.9881,163.5665
2014-06-15,217.9867,191.3092,185.3780,171.9709,163.5502
2014-06-16,218.1442,191.3630,185.4589,172.1182,163.7258
2014-06-17,218.3397,191.4812,185.5779,172.2281,163.7914
2014-06-18,218.6304,191.5929,185.6914,172.3593,163.8385
2014-06-19,219.4619,192.0105,185.9419,172.4903,163.8550
2014-06-20,219.5508,192.2184,186.1266,172.6222,163.9137
2014-06-21,219.5289,192.1992,186.1080,172.6050,163.8974
2014-06-22,219.5070,192.1800,186.0894,172.5877,163.8810
2014-06-23,219.5300,192.1588,186.1189,172.6451,163.9446
2014-06-24,218.3539,191.4668,185.6030,172.3367,163.8625
2014-06-25,217.5932,191.1079,185.3557,172.1371,163.7971
2014-06-26,217.5906,191.1257,185.4111,172.1850,163.9040
2014-06-27,217.7082,191.2008,185.4743,172.2230,163.9445
2014-06-28,217.6865,191.1818,185.4558,172.2058,163.9282
2014-06-29,217.6648,191.1627,185.4373,172.1886,163.9118
2014-06-30,217.9587,191.4302,185.7089,172.4048,164.1424
2014-07-01,218.7550,191.9906,186.1389,172.6235,164.1603
2014-07-02,219.2879,192.2928,186.3340,172.7605,164.2234
2014-07-03,219.9015,192.7727,186.6660,172.8680,164.2309
2014-07-04,220.1682,192.9317,186.7186,172.8624,164.2387
2014-07-05,220.1462,192.9125,186.7000,172.8451,164.2223
2014-07-06,220.1242,192.8932,186.6814,172.8279,164.2059
2014-07-07,219.5917,192.5308,186.4406,172.7268,164.2150
2014-07-08,219.6991,192.6540,186.5589,172.8034,164.2925
2014-07-09,219.7722,192.8326,186.7824,172.8692,164.3125
2014-07-10,220.5433,193.4434,187.2338,173.0905,164.4286
2014-07-11,220.0821,193.2205,187.0969,173.0036,164.4907
2014-07-12,220.0749,193.2142,187.0908,172.9980,164.4854
2014-07-13,220.0679,193.2080,187.0849,172.9924,164.4801
2014-07-14,220.3254,193.3810,187.2111,173.1132,164.6061
2014-07-15,221.0107,193.8539,187.5022,173.3298,164.7301
2014-07-16,221.0036,193.8476,187.4962,173.3242,164.7247
2014-07-17,221.9696,194.4452,187.9384,173.6445,164.8810
2014-07-18,222.2327,194.6981,188.2330,173.8387,164.9249
2014-07-19,222.2256,194.6918,188.2269,173.8331,164.9196
2014-07-20,222.2184,194.6855,188.2208,173.8275,164.9142
2014-07-21,223.9278,195.6910,188.8613,174.1988,165.0982
2014-07-22,223.4394,195.3651,188.6428,174.0407,165.0613
2014-07-23,224.0044,195.7105,188.8468,174.1317,165.1004
2014-07-24,224.4198,196.0698,189.2553,174.5353,165.4246
2014-07-25,224.4353,196.1372,189.3128,174.5748,165.4734
2014-07-26,224.4281,196.1309,189.3068,174.5692,165.4681
2014-07-27,224.4208,196.1246,189.3007,174.5636,165.4627
2014-07-28,223.9719,195.8149,189.1067,174.5052,165.4777
2014-07-29,223.8482,195.7850,189.1217,174.5042,165.4731
2014-07-30,224.3375,196.1534,189.4371,174.6771,165.5330
2014-07-31,225.3757,196.8790,189.9895,175.0300,165.6939
2014-08-01,223.6427,195.7771,189.2874,174.6490,165.5737
2014-08-02,223.6356,195.7708,189.2813,174.6434,165.5684
2014-08-03,223.6283,195.7645,189.2752,174.6378,165.5630
2014-08-04,222.8494,195.1934,188.9230,174.4726,165.6190
2014-08-05,223.8112,195.9053,189.3667,174.6601,165.7268
2014-08-06,224.3373,196.3686,189.7748,174.8920,165.8651
2014-08-07,223.8752,196.1933,189.7521,174.9607,166.0986
2014-08-08,222.6325,195.5614,189.5415,175.0597,166.4248
2014-08-09,222.6253,195.5550,189.5353,175.0540,166.4194
2014-08-10,222.6109,195.5424,189.5231,175.0428,166.4087
2014-08-11,223.0036,195.6419,189.6222,175.1523,166.6131
2014-08-12,223.9123,196.3018,190.0739,175.4818,166.7953
2014-08-13,224.6537,196.8211,190.4999,175.7415,166.9096
2014-08-14,225.6883,197.6651,191.2837,176.3032,167.3650
2014-08-15,225.6737,197.6524,191.2714,176.2918,167.3542
2014-08-16,225.6592,197.6397,191.2591,176.2805,167.3434
2014-08-17,225.6447,197.6270,191.2468,176.2691,167.3327
2014-08-18,226.5476,198.2412,191.7115,176.6555,167.6164
2014-08-19,227.3054,198.7028,192.0077,176.8460,167.7210
2014-08-20,228.8720,199.7907,192.9919,177.6561,168.3926
2014-08-21,230.2675,200.7190,193.6971,178.0884,168.6336
2014-08-22,230.7206,201.2158,194.4612,178.8795,169.3604
2014-08-23,230.7058,201.2028,194.4487,178.8680,169.3495
2014-08-24,230.6910,201.1899,194.4362,178.8565,169.3386
2014-08-25,230.4823,201.0651,194.3850,178.8283,169.3633
2014-08-26,230.8084,201.2376,194.5079,178.9563,169.4714
2014-08-27,231.6101,201.7168,194.8273,179.1616,169.5610
2014-08-28,233.0185,202.6282,195.4645,179.5415,169.6388
2014-08-29,233.8615,203.2637,196.0055,179.9636,169.9564
2014-08-30,233.8465,203.2506,195.9929,179.9520,169.9455
2014-08-31,233.8314,203.2375,195.9802,179.9404,169.9346
2014-09-01,233.3966,203.0362,195.8229,179.8569,169.9841
2014-09-02,233.1471,202.9824,195.7993,179.8276,170.0080
2014-09-03,234.4093,203.8195,196.4502,180.1505,170.0672
2014-09-04,234.9328,204.2403,196.6544,180.0857,169.9087
2014-09-05,235.3198,204.3687,196.3836,179.5540,169.0556
2014-09-06,235.3046,204.3554,196.3709,179.5424,169.0446
2014-09-07,235.2895,204.3423,196.3583,179.5309,169.0338
2014-09-08,233.9059,203.1422,195.2311,178.6284,168.2798
2014-09-09,233.1853,202.7080,194.9275,178.4912,168.2521
2014-09-10,234.0744,203.3143,195.4338,178.7592,168.2433
2014-09-11,232.8325,202.4820,194.8851,178.5073,168.2343
2014-09-12,232.3531,202.1145,194.6083,178.3959,168.2319
2014-09-13,232.3300,202.0944,194.5889,178.3782,168.2152
2014-09-14,232.3068,202.0742,194.5695,178.3604,168.1984
2014-09-15,231.4548,201.3748,193.9215,177.8558,167.7344
2014-09-16,231.3333,201.2757,193.9268,177.9931,167.8841
2014-09-17,231.3707,201.2709,193.8886,177.9632,167.9753
2014-09-18,231.3476,201.2508,193.8693,177.9455,167.9586
2014-09-19,231.3245,201.2307,193.8499,177.9277,167.9418
2014-09-20,231.3015,201.2106,193.8306,177.9100,167.9250
2014-09-21,231.2784,201.1906,193.8112,177.8922,167.9083
2014-09-22,231.9106,201.7496,194.3070,178.1625,168.0322
2014-09-23,231.8802,201.8313,194.4299,178.3031,168.0414
2014-09-24,230.4999,200.8973,193.7837,177.9769,167.9290
2014-09-25,230.5166,200.8323,193.7122,177.9437,167.9943
2014-09-26,229.1380,200.0399,193.2505,177.6950,167.8562
2014-09-27,229.1150,200.0199,193.2312,177.6772,167.8394
2014-09-28,229.0922,200.0000,193.2119,177.6595,167.8226
2014-09-29,229.0955,199.9954,193.1602,177.6236,167.8136
2014-09-30,228.0345,199.0948,192.4378,177.1398,167.4266
2014-10-01,226.5950,198.2553,191.8360,176.8060,167.3511
2014-10-02,224.5637,196.9979,190.9468,176.2916,167.1125
2014-10-03,223.2195,196.0602,190.2806,175.9234,166.9875
2014-10-04,223.1971,196.0406,190.2616,175.9058,166.9708
2014-10-05,223.1749,196.0210,190.2426,175.8883,166.9542
2014-10-06,224.9931,197.1709,190.9558,176.1823,166.9456
2014-10-07,226.2245,197.9503,191.3204,176.2850,166.9192
2014-10-08,224.8994,197.1603,190.7101,175.8318,166.6060
2014-10-09,224.6083,196.8724,190.5000,175.7571,166.7366
2014-10-10,222.6027,195.7196,189.7744,175.4319,166.7974
2014-10-11,222.5455,195.6693,189.7256,175.3868,166.7545
2014-10-12,222.4883,195.6190,189.6769,175.3418,166.7117
2014-10-13,220.5014,194.3979,189.0009,175.0953,166.8062
2014-10-14,218.7072,193.2935,188.2402,174.6007,166.6227
2014-10-15,218.3455,193.0864,188.1945,174.7305,166.9632
2014-10-16,217.0595,192.2349,187.7548,174.6258,167.0993
2014-10-17,216.4498,191.8982,187.6151,174.5152,167.0935
2014-10-18,216.3942,191.8489,187.5669,174.4703,167.0505
2014-10-19,216.3385,191.7995,187.5186,174.4255,167.0075
2014-10-20,216.6719,191.9183,187.5516,174.5194,167.0880
2014-10-21,217.4647,192.3553,187.8958,174.7716,167.1559
2014-10-22,218.0262,192.6897,188.1427,174.9094,167.2772
2014-10-23,218.2665,193.1401,188.7469,175.3930,167.7120
2014-10-24,218.7956,193.5219,189.0600,175.5779,167.8024
2014-10-25,218.7394,193.4722,189.0115,175.5328,167.7593
2014-10-26,218.6832,193.4225,188.9629,175.4878,167.7162
2014-10-27,219.1645,193.7092,189.1685,175.6643,167.8532
2014-10-28,218.3413,193.1577,188.9081,175.5466,167.8186
2014-10-29,219.2981,193.6604,189.0734,175.6342,167.8494
2014-10-30,218.8816,193.4478,189.0698,175.7427,168.0601
2014-10-31,218.8253,193.3980,189.0211,175.6975,168.0168
2014-11-01,218.7691,193.3483,188.9726,175.6523,167.9737
2014-11-02,218.7128,193.2986,188.9240,175.6072,167.9305
2014-11-03,221.4202,195.0473,190.1585,176.3455,168.1646
2014-11-04,222.4043,195.7842,190.6411,176.5415,168.1241
2014-11-05,223.4030,196.4660,191.1508,176.7269,168.0878
2014-11-06,223.8866,196.7330,191.2420,176.7391,167.9693
2014-11-07,223.7257,196.5353,191.0548,176.6218,167.8462
2014-11-08,223.6682,196.4848,191.0058,176.5765,167.8031
2014-11-09,223.6107,196.4343,190.9566,176.5311,167.7599
2014-11-10,223.0791,196.1578,190.8115,176.5609,167.9303
2014-11-11,222.8552,195.9530,190.5968,176.3780,167.8377
2014-11-12,223.8625,196.6318,191.1535,176.7102,167.8988
2014-11-13,224.5859,197.1766,191.5328,176.8646,167.9189
2014-11-14,225.0275,197.5817,191.8864,177.1108,168.0377
2014-11-15,224.9529,197.5162,191.8228,177.0521,167.9820
2014-11-16,224.8783,197.4506,191.7592,176.9933,167.9263
2014-11-17,225.0295,197.5791,191.9323,177.1313,168.0429
2014-11-18,224.2261,197.0332,191.5966,176.9408,168.0501
2014-11-19,224.9758,197.4640,191.9464,177.1881,168.1526
2014-11-20,225.9013,198.1162,192.4136,177.4274,168.2057
2014-11-21,226.2159,198.3450,192.6752,177.6514,168.4717
2014-11-22,226.1409,198.2793,192.6113,177.5925,168.4158
2014-11-23,226.0659,198.2135,192.5474,177.5336,168.3599
2014-11-24,226.2587,198.3436,192.6218,177.6109,168.4639
2014-11-25,226.8566,198.6635,192.7785,177.7239,168.5011
2014-11-26,227.5462,199.1283,193.1610,177.9301,168.5065
2014-11-27,228.7125,199.8958,193.6756,178.1636,168.5900
2014-11-28,228.3429,199.6763,193.5150,178.0703,168.5872
2014-11-29,228.2672,199.6101,193.4508,178.0113,168.5313
2014-11-30,228.1915,199.5440,193.3867,177.9523,168.4755
2014-12-01,229.1043,200.2365,193.9470,178.2420,168.4667
2014-12-02,228.7209,199.9477,193.8245,178.2039,168.3472
2014-12-03,229.8360,200.6258,194.2760,178.4383,168.4378
2014-12-04,229.2454,200.1362,193.8865,178.2078,168.3427
2014-12-05,229.0840,200.0241,193.7671,178.0847,168.2298
2014-12-06,229.0080,199.9578,193.7028,178.0256,168.1740
2014-12-07,228.9321,199.8915,193.6386,177.9666,168.1182
2014-12-08,228.8561,199.8251,193.5743,177.9076,168.0625
2014-12-09,227.7702,199.2726,193.2895,177.7664,168.1712
2014-12-10,226.9009,198.5947,192.8761,177.5710,168.0816
2014-12-11,225.6317,197.7886,192.3257,177.2142,167.9618
2014-12-12,224.8166,197.2099,192.0434,177.1931,168.1430
2014-12-13,224.8166,197.2099,192.0434,177.1931,168.1430
2014-12-14,224.8166,197.2099,192.0434,177.1931,168.1430
2014-12-15,223.4764,196.4412,191.5852,176.9541,168.0993
2014-12-16,221.4256,195.0809,190.6764,176.4319,167.9335
2014-12-17,219.8625,194.1008,190.0410,176.0701,167.9095
2014-12-18,221.1332,194.7823,190.4016,176.2600,168.0281
2014-12-19,223.1504,196.0345,191.2253,176.8278,168.2371
2014-12-20,223.1504,196.0345,191.2253,176.8278,168.2371
2014-12-21,223.1504,196.0345,191.2253,176.8278,168.2371
2014-12-22,223.8887,196.4927,191.5179,177.0184,168.2603
2014-12-23,224.2722,196.7550,191.7250,177.1889,168.3596
2014-12-24,223.8089,196.5109,191.5869,177.1354,168.4207
2014-12-25,223.8089,196.5109,191.5869,177.1354,168.4207
2014-12-26,224.0768,196.6789,191.7399,177.1999,168.4341
2014-12-27,224.0768,196.6789,191.7399,177.1999,168.4341
2014-12-28,224.0768,196.6789,191.7399,177.1999,168.4341
2014-12-29,224.2807,196.8520,191.8696,177.2395,168.4739
2014-12-30,224.7251,197.1928,192.0616,177.2590,168.4441
2014-12-31,224.2825,196.9778,192.0570,177.3726,168.6599
2015-01-01,224.2825,196.9778,192.0570,177.3726,168.6599
2015-01-02,223.9658,196.8277,191.9795,177.2893,168.5867
2015-01-03,223.9658,196.8277,191.9795,177.2893,168.5867
2015-01-04,223.9658,196.8277,191.9795,177.2893,168.5867
2015-01-05,225.3242,197.6975,192.4953,177.5020,168.5506
2015-01-06,223.9907,196.8952,192.0556,177.3345,168.5215
2015-01-07,221.9409,195.5703,191.2012,176.8947,168.5568
2015-01-08,222.6709,195.9551,191.3288,176.9513,168.5995
2015-01-09,224.7688,197.1751,192.0947,177.4122,168.7638
2015-01-10,224.7979,197.2006,192.1195,177.4351,168.7856
2015-01-11,224.8270,197.2262,192.1444,177.4581,168.8075
2015-01-12,224.9083,197.3990,192.3475,177.5800,168.8067
2015-01-13,224.9488,197.4588,192.4705,177.6301,168.7601
2015-01-14,225.6327,197.9381,192.8164,177.8208,168.8287
2015-01-15,226.7375,198.6748,193.4812,178.3214,169.1113
2015-01-16,226.1434,198.3688,193.3109,178.2970,169.1473
2015-01-17,226.1726,198.3944,193.3359,178.3200,169.1691
2015-01-18,226.2019,198.4201,193.3609,178.3431,169.1910
2015-01-19,227.6555,199.2977,193.9474,178.7508,169.4010
2015-01-20,228.2341,199.6047,194.2179,178.9631,169.4761
2015-01-21,228.3389,199.8030,194.3933,179.1133,169.5661
2015-01-22,230.0733,200.9411,195.1286,179.4286,169.6060
2015-01-23,231.5095,201.9245,195.8845,179.8798,169.9078
2015-01-24,231.5394,201.9506,195.9098,179.9030,169.9297
2015-01-25,231.5693,201.9767,195.9351,179.9263,169.9517
2015-01-26,232.3495,202.6135,196.4507,180.2462,170.0061
2015-01-27,232.1848,202.4848,196.3871,180.2783,170.0326
2015-01-28,231.1938,201.9728,196.1614,180.2264,170.1024
2015-01-29,230.0664,201.4138,195.8602,180.1055,170.0926
2015-01-30,230.9778,202.0249,196.4208,180.6139,170.4808
2015-01-31,231.0077,202.0510,196.4463,180.6373,170.5029
2015-02-01,231.0376,202.0771,196.4716,180.6606,170.5249
2015-02-02,230.7283,201.9384,196.4761,180.7135,170.5610
2015-02-03,231.8217,202.7539,197.0464,181.1083,170.9030
2015-02-04,232.5258,203.2596,197.3505,181.2390,171.0512
2015-02-05,232.8542,203.5502,197.5842,181.3445,171.0697
2015-02-06,232.9744,203.6548,197.6810,181.4928,171.2246
2015-02-07,233.0045,203.6811,197.7065,181.5162,171.2467
2015-02-08,233.0347,203.7075,197.7322,181.5397,171.2689
2015-02-09,232.0819,203.1483,197.3950,181.4731,171.4104
2015-02-10,231.7716,202.9057,197.2599,181.4378,171.4278
2015-02-11,232.3228,203.1232,197.3875,181.5774,171.5490
2015-02-12,232.5077,203.2783,197.5395,181.6221,171.5023
2015-02-13,233.8079,204.1859,198.2237,182.0209,171.6675
2015-02-14,233.7995,204.1786,198.2166,182.0144,171.6614
2015-02-15,233.7912,204.1713,198.2096,182.0079,171.6553
2015-02-16,233.2464,203.8450,197.9478,181.8737,171.6704
2015-02-17,233.4594,204.0355,198.1007,181.9590,171.7082
2015-02-18,233.4163,203.9260,198.0065,181.9537,171.7436
2015-02-19,233.9861,204.3409,198.3360,182.1658,171.7897
2015-02-20,234.1572,204.4740,198.4820,182.2711,171.7959
2015-02-21,234.1488,204.4666,198.4749,182.2646,171.7897
2015-02-22,234.1404,204.4593,198.4678,182.2581,171.7835
2015-02-23,233.5984,204.0555,198.1636,182.1428,171.7879
2015-02-24,234.7816,204.8587,198.7811,182.4628,171.8326
2015-02-25,235.5982,205.3574,199.1358,182.6977,171.9305
2015-02-26,234.8354,204.8063,198.7530,182.5240,171.9386
2015-02-27,234.3133,204.5209,198.5839,182.4809,171.9570
2015-02-28,234.3050,204.5136,198.5769,182.4744,171.9509
2015-03-01,234.2966,204.5063,198.5698,182.4679,171.9447
2015-03-02,234.6568,204.8094,198.8086,182.6482,172.0028
2015-03-03,234.5853,204.6800,198.6700,182.5989,171.9927
2015-03-04,234.2075,204.5034,198.5684,182.5016,171.9327
2015-03-05,233.7325,204.2384,198.4495,182.4654,171.9578
2015-03-06,233.3267,203.9553,198.2977,182.5230,172.0614
2015-03-07,233.3184,203.9480,198.2906,182.5165,172.0552
2015-03-08,233.3101,203.9407,198.2836,182.5100,172.0491
2015-03-09,233.6030,204.2427,198.5808,182.6503,171.9572
2015-03-10,233.6022,204.1053,198.4902,182.6379,171.9757
2015-03-11,232.6030,203.5596,198.2739,182.5333,171.9532
2015-03-12,233.5315,204.1486,198.7481,182.8427,172.0244
2015-03-13,233.9680,204.3645,198.8579,182.9309,172.0867
2015-03-14,233.9379,204.3382,198.8323,182.9073,172.0646
2015-03-15,233.9077,204.3118,198.8066,182.8837,172.0424
2015-03-16,234.1490,204.5063,199.1246,183.1635,172.2313
2015-03-17,235.3002,205.0834,199.4288,183.2943,172.2249
2015-03-18,235.7419,205.3920,199.6542,183.3772,172.1842
2015-03-19,237.8053,206.6079,200.2787,183.6171,172.1483
2015-03-20,236.9419,206.1271,199.9538,183.4006,172.0925
2015-03-21,236.9114,206.1005,199.9280,183.3769,172.0703
2015-03-22,236.8808,206.0740,199.9023,183.3533,172.0481
2015-03-23,237.3274,206.3138,200.0575,183.4658,172.0482
2015-03-24,235.1876,204.9652,199.0471,182.8436,171.8143
2015-03-25,234.1986,204.3318,198.6881,182.6371,171.7468
2015-03-26,232.1386,203.1509,197.9274,182.2335,171.6369
2015-03-27,231.1339,202.4730,197.4805,181.9594,171.6071
2015-03-28,231.1042,202.4469,197.4551,181.9360,171.5850
2015-03-29,231.0744,202.4208,197.4297,181.9125,171.5629
2015-03-30,232.0173,203.0352,197.8575,182.1239,171.5808
2015-03-31,234.6502,204.7275,198.9860,182.7076,171.7536
2015-04-01,234.2100,204.5209,198.8505,182.5857,171.6763
2015-04-02,232.4760,203.4459,198.0635,182.1302,171.5937
2015-04-03,232.4461,203.4197,198.0380,182.1067,171.5716
2015-04-04,232.4161,203.3934,198.0124,182.0832,171.5495
2015-04-05,232.3862,203.3673,197.9870,182.0598,171.5274
2015-04-06,232.7566,203.6666,198.1372,182.1181,171.5347
2015-04-07,232.8052,203.6086,198.0505,182.0260,171.4908
2015-04-08,233.1564,203.8617,198.2529,182.1841,171.5287
2015-04-09,235.2301,205.1856,199.0571,182.3717,171.3508
2015-04-10,237.0853,206.5102,199.8826,182.7041,171.3615
2015-04-11,237.0381,206.4691,199.8428,182.6677,171.3274
2015-04-12,236.9908,206.4279,199.8030,182.6313,171.2932
2015-04-13,239.5088,208.0546,200.9479,183.3037,171.5414
2015-04-14,240.2938,208.6906,201.4291,183.4511,171.5096
2015-04-15,237.8336,206.9240,200.1177,182.7572,171.2518
2015-04-16,239.0526,207.6352,200.6277,183.0134,171.3352
2015-04-17,238.3068,207.1651,200.1976,182.6362,171.1642
2015-04-18,238.2593,207.1238,200.1577,182.5999,171.1301
2015-04-19,238.2118,207.0826,200.1178,182.5635,171.0960
2015-04-20,236.3194,205.9144,199.3652,182.0890,170.8645
2015-04-21,237.0216,206.1797,199.5156,182.1846,170.8285
2015-04-22,237.9872,206.8561,199.9858,182.3974,170.8552
2015-04-23,239.2236,207.6448,200.4643,182.6762,170.9453
2015-04-24,239.3707,207.6619,200.4778,182.6788,170.9453
2015-04-25,239.3230,207.6205,200.4378,182.6424,170.9112
2015-04-26,239.2752,207.5791,200.3978,182.6059,170.8771
2015-04-27,238.8800,207.3949,200.2706,182.5113,170.9524
2015-04-28,238.7249,207.4421,200.2848,182.4177,170.8471
2015-04-29,237.5080,206.5994,199.6721,182.1130,170.7669
2015-04-30,236.3251,205.7120,199.0539,181.8769,170.7308
2015-05-01,236.2779,205.6710,199.0142,181.8406,170.6967
2015-05-02,236.2308,205.6300,198.9745,181.8043,170.6627
2015-05-03,236.1837,205.5890,198.9348,181.7681,170.6286
2015-05-04,236.3744,205.6548,198.9837,181.8453,170.7563
2015-05-05,237.6486,206.5108,199.5280,182.1355,170.8156
2015-05-06,235.8662,205.4299,198.7447,181.5952,170.5011
2015-05-07,234.2330,204.3828,197.9592,181.0508,170.1856
2015-05-08,234.0723,204.1611,197.7558,180.8350,169.9764
2015-05-09,234.0256,204.1204,197.7164,180.7989,169.9424
2015-05-10,233.9804,204.0810,197.6782,180.7639,169.9096
2015-05-11,234.6827,204.4741,197.9120,181.0117,170.1360
2015-05-12,234.7806,204.6993,198.1553,181.1038,170.1237
2015-05-13,233.9740,203.9980,197.4837,180.5580,169.6723
2015-05-14,232.3216,202.9424,196.7153,180.1936,169.6286
2015-05-15,232.3824,202.7265,196.3416,179.8727,169.2677
2015-05-16,232.3376,202.6874,196.3037,179.8380,169.2350
2015-05-17,232.2927,202.6483,196.2659,179.8033,169.2024
2015-05-18,232.8392,203.0574,196.5947,180.0343,169.2847
2015-05-19,233.6153,203.5562,196.9528,180.2284,169.2977
2015-05-20,234.8984,204.3966,197.5506,180.5484,169.3249
2015-05-21,234.8532,204.3572,197.5125,180.5136,169.2923
2015-05-22,235.3166,204.5675,197.6356,180.6371,169.3153
2015-05-23,235.2712,204.5280,197.5974,180.6023,169.2826
2015-05-24,235.2258,204.4885,197.5593,180.5674,169.2500
2015-05-25,236.0580,205.0824,197.9857,180.8300,169.3695
2015-05-26,236.7291,205.4793,198.2821,180.9886,169.4036
2015-05-27,236.0860,205.1941,198.1678,180.9374,169.3816
2015-05-28,237.4038,205.9433,198.6694,181.2543,169.4958
2015-05-29,236.9131,205.5907,198.5088,181.2443,169.5162
2015-05-30,236.8674,205.5511,198.4705,181.2094,169.4835
2015-05-31,236.8217,205.5114,198.4322,181.1744,169.4508
2015-06-01,236.1699,205.2197,198.2733,181.1113,169.5110
2015-06-02,237.3856,205.9546,198.7721,181.4010,169.5748
2015-06-03,236.8200,205.4407,198.4317,181.2227,169.4801
2015-06-04,237.9605,206.0971,198.8687,181.4447,169.5003
2015-06-05,237.2893,205.6416,198.5836,181.3275,169.4589
2015-06-06,237.2435,205.6019,198.5453,181.2925,169.4262
2015-06-07,237.1978,205.5622,198.5070,181.2576,169.3935
2015-06-08,238.4325,206.3523,199.1050,181.5834,169.5368
2015-06-09,236.9943,205.4357,198.4822,181.2271,169.4507
2015-06-10,233.8934,203.3210,196.9366,180.3747,169.2635
2015-06-11,234.7899,203.8000,197.1290,180.3892,169.1212
2015-06-12,237.1620,205.3066,198.1698,180.9331,169.1208
2015-06-13,237.1462,205.2929,198.1566,180.9211,169.1095
2015-06-14,237.1305,205.2793,198.1434,180.9091,169.0983
2015-06-15,236.6126,205.0187,197.8937,180.6941,168.9101
2015-06-16,235.9090,204.5251,197.6329,180.6432,168.9210
2015-06-17,235.6927,204.3455,197.4798,180.5647,168.9773
2015-06-18,237.1522,205.2579,198.0788,180.8451,169.0109
2015-06-19,235.8765,204.2938,197.3155,180.4061,168.9162
2015-06-20,235.8608,204.2802,197.3024,180.3941,168.9049
2015-06-21,235.8450,204.2665,197.2892,180.3820,168.8936
2015-06-22,236.2301,204.5624,197.5822,180.6851,169.0136
2015-06-23,237.1696,205.2277,198.0095,180.9278,169.1137
2015-06-24,239.1282,206.4601,198.8605,181.3840,169.1489
2015-06-25,238.2125,205.8910,198.4737,181.1660,169.0691
2015-06-26,236.9315,205.0236,197.8573,180.9081,168.9837
2015-06-27,236.9157,205.0099,197.8441,180.8960,168.9724
2015-06-28,236.8999,204.9963,197.8310,180.8840,168.9611
2015-06-29,236.8842,204.9826,197.8178,180.8720,168.9499
2015-06-30,233.4316,202.9351,196.5750,180.2952,168.9233
2015-07-01,235.5164,204.2901,197.5168,180.7763,169.1056
2015-07-02,236.2481,204.6865,197.7325,180.9628,169.1451
2015-07-03,235.4627,204.1464,197.3596,180.8275,169.1587
2015-07-04,235.4470,204.1329,197.3465,180.8155,169.1475
2015-07-05,235.4313,204.1192,197.3334,180.8034,169.1362
2015-07-06,234.6881,203.7162,197.1106,180.7694,169.2040
2015-07-07,233.6932,203.1086,196.9131,180.8873,169.4423
2015-07-08,234.2260,203.4043,197.1429,181.1926,169.6554
2015-07-09,231.7990,201.8625,196.3669,180.9110,169.7744
2015-07-10,232.5003,202.3487,196.5785,180.9388,169.8242
2015-07-11,232.4628,202.3161,196.5468,180.9096,169.7969
2015-07-12,232.4255,202.2836,196.5152,180.8805,169.7696
2015-07-13,234.8419,203.9456,197.6387,181.4241,169.9206
2015-07-14,237.3787,205.5659,198.7285,182.0770,170.1592
2015-07-15,236.8239,205.2577,198.6987,182.1782,170.4126
2015-07-16,236.7858,205.2246,198.6667,182.1488,170.3852
2015-07-17,237.4738,205.6162,198.9112,182.3663,170.4707
2015-07-18,237.4356,205.5832,198.8793,182.3370,170.4434
2015-07-19,237.3974,205.5501,198.8473,182.3077,170.4159
2015-07-20,238.1827,206.1052,199.2491,182.5503,170.5362
2015-07-21,239.2652,206.8539,199.8317,182.9385,170.7085
2015-07-22,239.3123,206.9102,199.9441,183.0007,170.7289
2015-07-23,239.2334,206.9728,200.1810,183.3327,171.1616
2015-07-24,238.4882,206.5718,199.9511,183.2321,171.1381
2015-07-25,238.4498,206.5385,199.9190,183.2027,171.1106
2015-07-26,238.4114,206.5053,199.8867,183.1731,171.0830
2015-07-27,238.3011,206.5093,200.0316,183.3552,171.1933
2015-07-28,236.6029,205.3305,199.3696,183.1570,171.2769
2015-07-29,237.1008,205.5472,199.3767,183.1427,171.2790
2015-07-30,238.3166,206.1955,199.7385,183.3555,171.2976
2015-07-31,239.9028,207.2247,200.5088,183.8402,171.4133
2015-08-01,239.8642,207.1914,200.4766,183.8107,171.3857
2015-08-02,239.8256,207.1580,200.4443,183.7811,171.3581
2015-08-03,240.4219,207.7769,200.9406,184.0079,171.4411
2015-08-04,241.6058,208.5509,201.5733,184.4680,171.5979
2015-08-05,241.3225,208.3728,201.4441,184.4366,171.6365
2015-08-06,243.4238,209.7271,202.3487,184.9292,171.7051
2015-08-07,242.8822,209.4171,202.2271,184.9007,171.6984
2015-08-08,242.8431,209.3835,202.1946,184.8710,171.6708
2015-08-09,242.8040,209.3498,202.1621,184.8413,171.6432
2015-08-10,241.0448,208.3239,201.4882,184.5080,171.7231
2015-08-11,241.8884,208.7151,201.7061,184.6401,171.7959
2015-08-12,240.5985,207.9929,201.3551,184.5500,171.8264
2015-08-13,238.9346,206.7991,200.5773,184.1862,171.8340
2015-08-14,239.8919,207.4663,201.0643,184.4773,171.9106
2015-08-15,239.8610,207.4396,201.0384,184.4535,171.8884
2015-08-16,239.8301,207.4128,201.0125,184.4297,171.8663
2015-08-17,239.6063,207.2927,200.9385,184.4643,171.9999
2015-08-18,240.9526,208.0953,201.5298,184.8442,172.1208
2015-08-19,241.7358,208.5781,202.0096,185.2432,172.3098
2015-08-20,239.5532,207.2893,201.1908,184.8176,172.2709
2015-08-21,236.1768,205.3133,200.0124,184.1888,172.1767
2015-08-22,236.1464,205.2868,199.9867,184.1651,172.1546
2015-08-23,236.1160,205.2604,199.9609,184.1414,172.1324
2015-08-24,231.8901,202.7993,198.5521,183.5115,172.1658
2015-08-25,226.5295,199.3587,196.5553,182.7082,172.1760
2015-08-26,226.0378,199.2171,196.4096,182.5855,172.0583
2015-08-27,229.8782,201.3882,197.7135,183.3676,172.3121
2015-08-28,232.7612,203.1572,198.6701,183.6967,172.3596
2015-08-29,232.7311,203.1310,198.6444,183.6730,172.3374
2015-08-30,232.7012,203.1049,198.6189,183.6493,172.3152
2015-08-31,231.2345,202.3313,198.1443,183.3488,172.2595
2015-09-01,231.8595,202.8390,198.5905,183.5568,172.3166
2015-09-02,226.8893,199.7255,196.5107,182.3411,171.9132
2015-09-03,226.5957,199.3365,196.0502,181.9767,171.5764
2015-09-04,227.5518,199.9604,196.3896,182.0413,171.3440
2015-09-05,227.5225,199.9347,196.3644,182.0179,171.3220
2015-09-06,227.4932,199.9089,196.3391,181.9945,171.2999
2015-09-07,225.7047,198.7089,195.5949,181.6238,171.2824
2015-09-08,225.5805,198.4866,195.2661,181.3493,170.9924
2015-09-09,227.3048,199.2746,195.2674,180.9591,170.3732
2015-09-10,227.8535,199.6823,195.5757,181.1561,170.4027
2015-09-11,227.9424,199.7175,195.5897,181.2142,170.5186
2015-09-12,227.8894,199.6711,195.5443,181.1721,170.4790
2015-09-13,227.8364,199.6247,195.4988,181.1300,170.4393
2015-09-14,226.3070,198.6880,194.8771,180.9108,170.5857
2015-09-15,226.8786,198.9778,195.0043,180.9675,170.4713
2015-09-16,227.0337,199.0074,195.0024,180.9587,170.5391
2015-09-17,227.4486,199.2348,194.9871,180.7627,170.3852
2015-09-18,227.3957,199.1885,194.9417,180.7207,170.3456
2015-09-19,227.3428,199.1422,194.8964,180.6787,170.3059
2015-09-20,227.2900,199.0959,194.8511,180.6367,170.2663
2015-09-21,225.1360,197.8973,194.1085,180.1721,170.1940
2015-09-22,226.4438,198.7351,194.7792,180.6206,170.4010
2015-09-23,227.0493,199.1466,195.1451,180.8323,170.4920
2015-09-24,226.8746,198.9823,195.1771,181.0055,170.6320
2015-09-25,226.8719,198.8845,195.1578,181.0439,170.7515
2015-09-26,226.8191,198.8382,195.1124,181.0018,170.7118
2015-09-27,226.7664,198.7920,195.0671,180.9597,170.6721
2015-09-28,225.4882,198.0265,194.5076,180.6974,170.5752
2015-09-29,224.3553,197.3428,194.2179,180.6317,170.6247
2015-09-30,223.3381,196.7452,193.9394,180.6947,171.0271
2015-10-01,224.4106,197.4457,194.2444,180.7957,171.0456
2015-10-02,224.2652,197.2692,194.0951,180.6663,170.9550
2015-10-03,224.2131,197.2234,194.0501,180.6244,170.9153
2015-10-04,224.1610,197.1775,194.0049,180.5824,170.8755
2015-10-05,225.7499,198.1499,194.6169,180.9244,171.0903
2015-10-06,226.5825,198.7006,194.8675,180.9770,171.0777
2015-10-07,226.0458,198.4764,194.7488,180.8714,171.0361
2015-10-08,227.5235,199.5006,195.3935,181.1391,171.0788
2015-10-09,228.8809,200.3064,195.9264,181.4082,171.1356
2015-10-10,228.8441,200.2742,195.8949,181.3790,171.1080
2015-10-11,228.8073,200.2420,195.8634,181.3499,171.0806
2015-10-12,228.7705,200.2098,195.8319,181.3207,171.0530
2015-10-13,228.5040,200.2021,195.7787,181.2837,171.0777
2015-10-14,229.1301,200.5714,196.1877,181.5594,171.1868
2015-10-15,227.8152,199.6538,195.4604,181.0951,170.9789
2015-10-16,228.7307,200.1842,195.6552,181.1668,170.9828
2015-10-17,228.6939,200.1520,195.6238,181.1377,170.9553
2015-10-18,228.6570,200.1197,195.5922,181.1085,170.9277
2015-10-19,228.8476,200.2342,195.6449,181.0799,170.8529
2015-10-20,230.1537,201.0923,196.2989,181.4424,170.9427
2015-10-21,231.2304,201.7469,196.7875,181.6512,170.9219
2015-10-22,232.9491,202.9188,197.7310,182.2037,171.0159
2015-10-23,234.1887,203.5964,198.0391,182.3064,171.0480
2015-10-24,234.1510,203.5637,198.0073,182.2772,171.0205
2015-10-25,234.1133,203.5310,197.9754,182.2478,170.9930
2015-10-26,234.8928,204.0944,198.3059,182.4965,171.1542
2015-10-27,234.4649,203.9034,198.2206,182.4020,171.0877
2015-10-28,233.8915,203.4966,197.9382,182.2857,171.0839
2015-10-29,234.6194,203.8272,198.1514,182.4116,171.1000
2015-10-30,234.3778,203.5764,197.9275,182.2780,170.9659
2015-10-31,234.3401,203.5437,197.8956,182.2487,170.9384
2015-11-01,234.3024,203.5109,197.8637,182.2193,170.9108
2015-11-02,233.8740,203.2184,197.7085,182.1796,170.8851
2015-11-03,235.0791,203.9151,198.1337,182.4223,170.9434
2015-11-04,235.6223,204.2399,198.3096,182.4068,170.8962
2015-11-05,235.5889,204.3028,198.2562,182.2695,170.8232
2015-11-06,236.3850,204.7582,198.6329,182.5188,170.8109
2015-11-07,236.3470,204.7252,198.6010,182.4894,170.7834
2015-11-08,236.3090,204.6923,198.5690,182.4601,170.7560
2015-11-09,236.6154,204.8203,198.6234,182.4239,170.6694
2015-11-10,236.3896,204.6481,198.5203,182.3458,170.4924
2015-11-11,235.7971,204.1227,198.0792,182.1521,170.3591
2015-11-12,234.9979,203.6380,197.7892,182.0572,170.3241
2015-11-13,234.9171,203.7199,197.8943,182.0643,170.3116
2015-11-14,234.8858,203.6927,197.8679,182.0401,170.2889
2015-11-15,234.8545,203.6656,197.8416,182.0159,170.2662
2015-11-16,233.5585,202.8671,197.3598,181.8600,170.2392
2015-11-17,235.2538,203.8827,197.9855,182.2391,170.3986
2015-11-18,235.9097,204.2738,198.2563,182.4471,170.4460
2015-11-19,237.7821,205.3575,198.9820,182.8785,170.6217
2015-11-20,238.5084,205.9582,199.4424,183.0664,170.7003
2015-11-21,238.4767,205.9308,199.4159,183.0420,170.6776
2015-11-22,238.4448,205.9034,199.3893,183.0176,170.6548
2015-11-23,238.5545,206.0451,199.4752,182.9953,170.7128
2015-11-24,239.8089,206.8396,200.0985,183.3720,170.8241
2015-11-25,238.3164,205.7543,199.3016,182.9435,170.7267
2015-11-26,238.7618,206.0207,199.5146,183.0745,170.7737
2015-11-27,238.4640,205.8835,199.4486,183.1086,170.7785
2015-11-28,238.4323,205.8562,199.4221,183.0842,170.7558
2015-11-29,238.4005,205.8287,199.3955,183.0598,170.7331
2015-11-30,237.6595,205.2660,199.0321,182.9603,170.7092
2015-12-01,236.3732,204.3360,198.2183,182.5056,170.4215
2015-12-02,236.5497,204.3033,197.9783,182.3008,170.3206
2015-12-03,234.5394,203.0615,197.1502,181.9237,170.2489
2015-12-04,232.9615,202.0795,196.5661,181.5527,170.0085
2015-12-05,232.9305,202.0526,196.5399,181.5285,169.9859
2015-12-06,232.8995,202.0257,196.5137,181.5043,169.9633
2015-12-07,232.8160,201.8385,196.2078,181.3393,170.1103
2015-12-08,232.7851,201.8116,196.1817,181.3151,170.0877
2015-12-09,231.9706,201.3699,196.0587,181.3035,170.0915
2015-12-10,230.4918,200.3937,195.4389,180.9667,169.9948
2015-12-11,229.9334,200.0078,195.1262,180.8159,169.9891
2015-12-12,229.9334,200.0078,195.1262,180.8159,169.9891
2015-12-13,229.9334,200.0078,195.1262,180.8159,169.9891
2015-12-14,228.0131,198.7914,194.3283,180.3922,169.7565
2015-12-15,228.3615,198.9174,194.3325,180.3513,169.7973
2015-12-16,229.4658,199.6339,194.7096,180.4589,169.8219
2015-12-17,231.5578,200.9776,195.4995,180.8147,169.8292
2015-12-18,231.6935,201.2571,195.8747,180.9794,169.8793
2015-12-19,231.6935,201.2571,195.8747,180.9794,169.8793
2015-12-20,231.6935,201.2571,195.8747,180.9794,169.8793
2015-12-21,228.4000,199.1608,194.4506,180.1608,169.5987
2015-12-22,226.8530,198.1543,193.6688,179.7386,169.5472
2015-12-23,227.2451,198.3252,193.7416,179.7767,169.6447
2015-12-24,229.5834,199.8156,194.6934,180.2033,169.7007
2015-12-25,229.5834,199.8156,194.6934,180.2033,169.7007
2015-12-26,229.5834,199.8156,194.6934,180.2033,169.7007
2015-12-27,229.5834,199.8156,194.6934,180.2033,169.7007
2015-12-28,230.6376,200.4703,195.1802,180.4422,169.7454
2015-12-29,231.2122,200.8166,195.5303,180.6914,169.8303
2015-12-30,233.0578,201.9789,196.2864,181.1304,169.9072
2015-12-31,232.4051,201.6403,196.0823,181.0194,169.8432
2016-01-01,232.4051,201.6403,196.0823,181.0194,169.8432
2016-01-02,232.4051,201.6403,196.0823,181.0194,169.8432
2016-01-03,232.4051,201.6403,196.0823,181.0194,169.8432
2016-01-04,232.4003,201.7097,196.1808,181.0897,169.8351
2016-01-05,230.3751,200.4203,195.5161,180.9162,169.9421
2016-01-06,229.8971,200.1878,195.3707,180.9494,170.0858
2016-01-07,228.3257,199.3572,194.9700,180.8722,170.2472
2016-01-08,225.7222,197.7212,194.1588,180.6976,170.3403
2016-01-09,225.7222,197.7212,194.1588,180.6976,170.3403
2016-01-10,225.7222,197.7212,194.1588,180.6976,170.3403
2016-01-11,225.0743,197.4107,193.9861,180.5760,170.2429
2016-01-12,225.7356,197.8492,194.4888,181.0048,170.5045
2016-01-13,225.7378,197.8200,194.4003,181.0550,170.6765
2016-01-14,223.8254,196.7371,193.7130,180.6204,170.3861
2016-01-15,223.4395,196.4114,193.4154,180.4590,170.5663
2016-01-16,223.4395,196.4114,193.4154,180.4590,170.5663
2016-01-17,223.4395,196.4114,193.4154,180.4590,170.5663
2016-01-18,221.4325,195.1999,192.8586,180.2737,170.6300
2016-01-19,220.4787,194.5872,192.4408,180.1348,170.7449
2016-01-20,220.5074,194.7189,192.4387,180.1140,170.7171
2016-01-21,217.7106,192.9199,191.3663,179.6235,170.7694
2016-01-22,216.9646,192.5715,191.1513,179.5691,170.9418
2016-01-23,216.9646,192.5715,191.1513,179.5691,170.9418
2016-01-24,216.9646,192.5715,191.1513,179.5691,170.9418
2016-01-25,218.7306,193.7187,191.7619,179.8119,170.8688
2016-01-26,218.5669,193.7542,191.8974,179.8981,170.8682
2016-01-27,219.6308,194.4330,192.3728,180.2004,171.0566
2016-01-28,218.7371,193.8810,192.0891,180.0970,170.9733
2016-01-29,218.3569,193.7559,192.0300,180.0494,171.1028
2016-01-30,218.3569,193.7559,192.0300,180.0494,171.1028
2016-01-31,218.3569,193.7559,192.0300,180.0494,171.1028
2016-02-01,221.3913,195.7607,193.3272,180.6456,171.3988
2016-02-02,223.0463,196.8575,194.2688,181.2175,171.6299
2016-02-03,220.3307,195.2289,193.3320,180.8561,171.6225
2016-02-04,218.3804,193.8414,192.3308,180.3227,171.5901
2016-02-05,216.8644,192.9810,191.7106,179.9190,171.6105
2016-02-06,216.8644,192.9810,191.7106,179.9190,171.6105
2016-02-07,216.8644,192.9810,191.7106,179.9190,171.6105
2016-02-08,216.0675,192.5536,191.4718,179.7178,171.4789
2016-02-09,216.0751,192.6987,191.8306,180.0279,171.8025
2016-02-10,216.1649,192.7222,191.8884,180.0401,172.0011
2016-02-11,215.1559,192.1809,191.4715,179.8476,171.9914
2016-02-12,212.9282,190.8412,190.7916,179.6282,172.1012
2016-02-13,212.8916,190.8084,190.7588,179.5973,172.0716
2016-02-14,212.8550,190.7755,190.7260,179.5665,172.0420
2016-02-15,212.5937,190.5651,190.3577,179.3397,172.1060
2016-02-16,213.2938,191.0637,190.7106,179.5990,172.1812
2016-02-17,215.5084,192.4711,191.6728,180.0598,172.2803
2016-02-18,217.6141,193.7427,192.4873,180.4708,172.3934
2016-02-19,217.4474,193.7297,192.5403,180.5203,172.3821
2016-02-20,217.4101,193.6964,192.5072,180.4893,172.3525
2016-02-21,217.3727,193.6631,192.4741,180.4583,172.3229
2016-02-22,217.4141,193.7121,192.5795,180.5572,172.4754
2016-02-23,217.2948,193.4982,192.1243,180.1973,172.2337
2016-02-24,215.5639,192.4617,191.6266,180.0600,172.2694
2016-02-25,215.6204,192.4684,191.7202,180.2046,172.4932
2016-02-26,214.9540,191.9647,191.3395,180.0468,172.4465
2016-02-27,214.9170,191.9317,191.3066,180.0158,172.4168
2016-02-28,214.8800,191.8986,191.2736,179.9848,172.3871
2016-02-29,215.1528,192.2430,191.5486,180.1818,172.5493
2016-03-01,215.7022,192.5829,191.7866,180.3423,172.5338
2016-03-02,218.8584,194.5705,193.0231,180.9945,172.7807
2016-03-03,219.4930,194.9653,193.1876,181.0014,172.6628
2016-03-04,220.4769,195.6188,193.6721,181.2169,172.6958
2016-03-05,220.4390,195.5852,193.6388,181.1858,172.6662
2016-03-06,220.4011,195.5516,193.6055,181.1546,172.6364
2016-03-07,220.6855,195.8108,193.7428,181.2128,172.6675
2016-03-08,220.7460,195.8047,193.7445,181.1317,172.5911
2016-03-09,219.2612,194.8845,193.2309,180.9668,172.5689
2016-03-10,218.8413,194.5383,192.8910,180.7442,172.5335
2016-03-11,219.1693,194.7260,193.0849,180.8154,172.4686
2016-03-12,219.1481,194.7072,193.0663,180.7979,172.4519
2016-03-13,219.1269,194.6884,193.0476,180.7805,172.4353
2016-03-14,222.5034,196.9555,194.7008,181.7594,172.8890
2016-03-15,223.4801,197.5762,195.0705,181.8927,172.7337
2016-03-16,222.8079,197.2217,194.9472,181.9539,172.8889
2016-03-17,223.6228,197.7042,195.2040,182.1097,172.9962
2016-03-18,221.7212,196.4482,194.2834,181.5241,172.9244
2016-03-19,221.6998,196.4292,194.2647,181.5065,172.9077
2016-03-20,221.6784,196.4103,194.2459,181.4890,172.8910
2016-03-21,222.8402,197.3330,194.9247,181.8413,173.0840
2016-03-22,224.7024,198.5972,195.8109,182.2489,173.1255
2016-03-23,224.5082,198.4398,195.6733,182.2161,173.0933
2016-03-24,223.2889,197.6663,195.1671,182.0598,173.0817
2016-03-25,223.2674,197.6473,195.1483,182.0422,173.0650
2016-03-26,223.2458,197.6281,195.1294,182.0245,173.0483
2016-03-27,223.2242,197.6090,195.1105,182.0070,173.0316
2016-03-28,223.6826,197.9049,195.3631,182.2141,173.1984
2016-03-29,223.2757,197.6435,195.1908,182.1126,173.1775
2016-03-30,225.0087,198.6490,195.9361,182.5571,173.3786
2016-03-31,224.6883,198.5712,195.7681,182.3930,173.3354
2016-04-01,223.0321,197.6012,195.1834,182.0911,173.3300
2016-04-02,223.0106,197.5822,195.1646,182.0736,173.3132
2016-04-03,222.9890,197.5631,195.1457,182.0559,173.2965
2016-04-04,222.7118,197.3347,195.0121,182.0031,173.4584
2016-04-05,222.3853,197.1769,194.9357,181.9719,173.3977
2016-04-06,221.6034,196.7106,194.7216,181.8893,173.4485
2016-04-07,222.6160,197.2847,195.0310,182.1492,173.6025
2016-04-08,222.7419,197.3666,195.2132,182.2944,173.5680
2016-04-09,222.7205,197.3476,195.1944,182.2768,173.5513
2016-04-10,222.6908,197.3213,195.1684,182.2525,173.5282
2016-04-11,224.3995,198.4715,195.9669,182.6579,173.5960
2016-04-12,224.6749,198.6973,196.1654,182.7751,173.6460
2016-04-13,224.0073,198.2165,195.6888,182.4435,173.4885
2016-04-14,225.7880,199.4405,196.4708,182.8678,173.5881
2016-04-15,225.6239,199.3534,196.4042,182.9009,173.6005
2016-04-16,225.5938,199.3268,196.3780,182.8765,173.5773
2016-04-17,225.5638,199.3003,196.3519,182.8522,173.5542
2016-04-18,224.6798,198.7648,196.0084,182.6639,173.5693
2016-04-19,225.0689,199.0536,196.1955,182.7923,173.6671
2016-04-20,224.7435,198.8934,196.0701,182.7496,173.5961
2016-04-21,225.3167,199.2492,196.3912,182.9826,173.6603
2016-04-22,225.1753,199.1386,196.2546,182.7637,173.3990
2016-04-23,225.1453,199.1121,196.2286,182.7394,173.3760
2016-04-24,225.1153,199.0856,196.2024,182.7151,173.3529
2016-04-25,226.1915,199.6948,196.5789,182.9270,173.3540
2016-04-26,225.8156,199.4329,196.4124,182.9026,173.4086
2016-04-27,226.2962,199.7221,196.5742,182.9310,173.4280
2016-04-28,226.4458,199.8300,196.6745,182.9862,173.4075
2016-04-29,224.6207,198.6448,195.8525,182.3767,173.1208
2016-04-30,224.5909,198.6184,195.8265,182.3525,173.0978
2016-05-01,224.5609,198.5920,195.8004,182.3282,173.0748
2016-05-02,223.0832,197.6351,195.2682,182.0434,172.9793
2016-05-03,223.5207,197.9317,195.5415,182.2018,173.0788
2016-05-04,223.5505,198.0043,195.7303,182.3704,173.1606
2016-05-05,223.2149,197.8545,195.6665,182.3631,173.2207
2016-05-06,222.3404,197.3442,195.2304,182.0828,173.1440
2016-05-07,222.3108,197.3179,195.2044,182.0585,173.1210
2016-05-08,222.2812,197.2917,195.1784,182.0343,173.0980
2016-05-09,222.0256,197.1031,195.1006,182.0696,173.1990
2016-05-10,222.9775,197.7062,195.5127,182.3113,173.2135
2016-05-11,225.7963,199.4609,196.6999,182.9433,173.3757
2016-05-12,225.7947,199.4782,196.7957,182.9759,173.3248
2016-05-13,226.6059,200.0398,197.1641,183.1382,173.2641
2016-05-14,226.5841,200.0205,197.1451,183.1206,173.2475
2016-05-15,226.5622,200.0012,197.1261,183.1029,173.2307
2016-05-16,227.0177,200.3240,197.4825,183.3419,173.3377
2016-05-17,228.5315,201.2521,198.0445,183.5941,173.3931
2016-05-18,228.3018,201.1091,197.9497,183.4995,173.2676
2016-05-19,227.1439,200.3208,197.2925,183.1366,173.1683
2016-05-20,227.1939,200.2252,197.1655,183.1086,173.1098
2016-05-21,227.1720,200.2059,197.1464,183.0909,173.0931
2016-05-22,227.1500,200.1865,197.1274,183.0733,173.0763
2016-05-23,226.8771,200.0405,196.9702,183.0043,173.1029
2016-05-24,227.0380,200.1931,197.1428,183.1427,173.1630
2016-05-25,227.9406,200.7157,197.3868,183.2296,173.1690
2016-05-26,229.3692,201.6654,197.9777,183.4938,173.2437
2016-05-27,228.5716,201.1949,197.6271,183.3013,173.1825
2016-05-28,228.5496,201.1754,197.6080,183.2835,173.1658
2016-05-29,228.5274,201.1559,197.5889,183.2658,173.1490
2016-05-30,229.2950,201.6424,197.8593,183.3952,173.2196
2016-05-31,230.1272,202.1832,198.2902,183.6692,173.3396
2016-06-01,229.8748,201.9417,198.0009,183.3980,173.1127
2016-06-02,230.7175,202.5133,198.5275,183.7422,173.3180
2016-06-03,230.4829,202.3514,198.3330,183.6386,173.3212
2016-06-04,230.4606,202.3318,198.3138,183.6208,173.3044
2016-06-05,230.4383,202.3123,198.2947,183.6031,173.2877
2016-06-06,229.2152,201.6085,197.8520,183.4347,173.2347
2016-06-07,229.4627,201.7494,197.7907,183.2655,173.1029
2016-06-08,230.5211,202.4776,198.2801,183.5007,173.1501
2016-06-09,229.5138,201.8178,197.7935,183.1843,173.0325
2016-06-10,229.6493,201.9165,197.9195,183.3164,173.0912
2016-06-11,229.6339,201.9030,197.9062,183.3041,173.0796
2016-06-12,229.6187,201.8896,197.8931,183.2919,173.0681
2016-06-13,228.5754,201.2224,197.5044,183.1260,173.0814
2016-06-14,226.9787,200.2080,196.8659,182.8256,173.0607
2016-06-15,226.6830,200.0176,196.6957,182.6993,173.1025
2016-06-16,226.5912,200.0552,196.7254,182.6894,173.0998
2016-06-17,227.0145,200.3245,197.0029,182.9197,173.2838
2016-06-18,226.9994,200.3111,196.9897,182.9075,173.2722
2016-06-19,226.9843,200.2978,196.9766,182.8953,173.2607
2016-06-20,226.6885,200.1239,196.9322,182.8328,173.2010
2016-06-21,227.3212,200.5086,197.1359,182.9059,173.0316
2016-06-22,226.8559,200.1921,196.8269,182.7738,172.9813
2016-06-23,226.4290,199.9444,196.6203,182.6205,172.9029
2016-06-24,226.7805,200.2036,196.7037,182.6770,172.9789
2016-06-25,226.7654,200.1902,196.6905,182.6648,172.9674
2016-06-26,226.7503,200.1769,196.6775,182.6526,172.9559
2016-06-27,226.7352,200.1635,196.6643,182.6404,172.9443
2016-06-28,221.9274,197.2586,195.0972,181.9960,172.9944
2016-06-29,221.8274,197.0831,194.8200,181.8686,173.0492
2016-06-30,221.3945,196.8013,194.5379,181.7433,173.1028
2016-07-01,223.0061,197.8259,195.2252,182.1323,173.3596
2016-07-02,222.9913,197.8128,195.2122,182.1202,173.3481
2016-07-03,222.9764,197.7996,195.1992,182.1081,173.3365
2016-07-04,223.8392,198.4616,195.7772,182.5218,173.5679
2016-07-05,224.0352,198.6646,195.9090,182.5506,173.5792
2016-07-06,222.8525,198.0088,195.6195,182.5743,173.7312
2016-07-07,223.2060,198.1858,195.7025,182.6600,173.8318
2016-07-08,223.2565,198.2930,195.7600,182.6983,173.8795
2016-07-09,223.2417,198.2798,195.7470,182.6862,173.8680
2016-07-10,223.2129,198.2543,195.7218,182.6627,173.8456
2016-07-11,224.0776,198.7883,196.1068,182.9595,174.1214
2016-07-12,224.8762,199.3182,196.4796,183.1295,174.1101
2016-07-13,226.7629,200.5086,197.1525,183.4477,174.1587
2016-07-14,226.6309,200.3736,197.0522,183.3627,174.1057
2016-07-15,225.7650,199.8188,196.5962,183.0991,174.0565
2016-07-16,225.7359,199.7931,196.5709,183.0756,174.0341
2016-07-17,225.7069,199.7674,196.5455,183.0520,174.0117
2016-07-18,225.4928,199.7064,196.5173,183.0325,174.1131
2016-07-19,226.2048,200.2012,196.8000,183.1360,174.1270
2016-07-20,226.3570,200.3291,196.8937,183.1882,174.1571
2016-07-21,227.0720,200.8005,197.1681,183.3790,174.2333
2016-07-22,226.5131,200.4306,196.9362,183.2182,174.1320
2016-07-23,226.4839,200.4048,196.9109,183.1946,174.1096
2016-07-24,226.4548,200.3790,196.8855,183.1710,174.0872
2016-07-25,227.0474,200.7900,197.1409,183.2964,174.1590
2016-07-26,228.2707,201.5075,197.5778,183.4123,173.9869
2016-07-27,229.8848,202.4939,198.1840,183.6227,173.9473
2016-07-28,230.9953,203.2814,198.7353,183.9073,174.0209
2016-07-29,231.0994,203.3714,198.8746,184.0364,174.1171
2016-07-30,231.0696,203.3452,198.8490,184.0127,174.0946
2016-07-31,231.0399,203.3190,198.8233,183.9889,174.0722
2016-08-01,229.4543,202.3389,198.3559,183.9683,174.2336
2016-08-02,229.5166,202.4631,198.4668,184.0705,174.3651
2016-08-03,227.6906,201.3111,197.7584,183.7442,174.3006
2016-08-04,227.9575,201.4435,197.8501,183.7712,174.3599
2016-08-05,228.5139,201.8678,198.1912,184.0561,174.5302
2016-08-06,228.4845,201.8418,198.1657,184.0324,174.5077
2016-08-07,228.4551,201.8158,198.1401,184.0087,174.4852
2016-08-08,229.6433,202.5512,198.5570,184.1673,174.5577
2016-08-09,229.6893,202.6868,198.7022,184.3022,174.6622
2016-08-10,229.8454,202.8318,198.8932,184.5044,174.7749
2016-08-11,229.0537,202.4016,198.7777,184.6426,174.9379
2016-08-12,228.5677,202.1349,198.6046,184.6727,175.1056
2016-08-13,228.5530,202.1219,198.5918,184.6608,175.0943
2016-08-14,228.5382,202.1089,198.5790,184.6489,175.0830
2016-08-15,228.5235,202.0959,198.5662,184.6370,175.0717
2016-08-16,230.0423,203.3162,199.6556,185.5173,175.7093
2016-08-17,229.9770,203.4070,199.8759,185.7846,175.9096
2016-08-18,231.1573,204.1041,200.3239,186.0124,175.9398
2016-08-19,231.3467,204.2176,200.3709,185.9932,175.9021
2016-08-20,231.3318,204.2044,200.3580,185.9812,175.8907
2016-08-21,231.3169,204.1912,200.3450,185.9692,175.8794
2016-08-22,232.1716,204.7562,200.7764,186.1540,175.8883
2016-08-23,233.5247,205.6498,201.4633,186.5502,176.0385
2016-08-24,234.6128,206.4685,202.0325,186.8936,176.1896
2016-08-25,234.9341,206.7364,202.2440,187.0630,176.2750
2016-08-26,233.2414,205.7043,201.5352,186.6957,176.2514
2016-08-27,233.2263,205.6910,201.5222,186.6837,176.2400
2016-08-28,233.2113,205.6778,201.5092,186.6716,176.2286
2016-08-29,231.9434,204.9016,201.0245,186.5009,176.3121
2016-08-30,234.4881,206.5076,202.1258,187.0691,176.4770
2016-08-31,235.1030,206.9203,202.3846,187.1760,176.4857
2016-09-01,236.2608,207.6648,203.0004,187.6044,176.6690
2016-09-02,236.6875,207.9132,203.1663,187.6641,176.6709
2016-09-03,236.6723,207.8999,203.1532,187.6521,176.6596
2016-09-04,236.6571,207.8865,203.1401,187.6400,176.6482
2016-09-05,236.3416,207.6570,202.9707,187.5764,176.7206
2016-09-06,236.3285,207.7083,203.0347,187.6818,176.8347
2016-09-07,236.5219,207.8534,203.1837,187.8360,176.9675
2016-09-08,234.5472,206.6589,202.4557,187.5993,177.0333
2016-09-09,234.6759,206.8175,202.6371,187.7286,177.1200
2016-09-10,234.6759,206.8175,202.6371,187.7286,177.1200
2016-09-11,234.6759,206.8175,202.6371,187.7286,177.1200
2016-09-12,234.0413,206.5039,202.6631,187.7514,177.0307
2016-09-13,234.1783,206.3205,202.3250,187.4995,176.9064
2016-09-14,232.4013,205.2730,201.7271,187.2331,176.8349
2016-09-15,232.7246,205.4395,201.7038,187.1389,176.7121
2016-09-16,232.6833,205.4333,201.6398,187.1378,176.8340
2016-09-17,232.6833,205.4333,201.6398,187.1378,176.8340
2016-09-18,232.6833,205.4333,201.6398,187.1378,176.8340
2016-09-19,232.6833,205.4333,201.6398,187.1378,176.8340
2016-09-20,233.4741,205.9504,201.9853,187.3246,176.9147
2016-09-21,233.2640,205.8377,201.9550,187.3315,176.8599
2016-09-22,233.7377,206.1270,202.0827,187.3903,176.8851
2016-09-23,232.9551,205.7904,201.9475,187.4840,177.1385
2016-09-24,232.9551,205.7904,201.9475,187.4840,177.1385
2016-09-25,232.9551,205.7904,201.9475,187.4840,177.1385
2016-09-26,233.0502,205.9306,202.1948,187.6640,177.2159
2016-09-27,232.2473,205.4710,202.0176,187.6818,177.2892
2016-09-28,232.4904,205.5899,202.0941,187.8185,177.4811
2016-09-29,233.2999,206.0767,202.3809,188.0320,177.6098
2016-09-30,231.5685,205.1157,201.8453,187.8840,177.6404
2016-10-01,231.5685,205.1157,201.8453,187.8840,177.6404
2016-10-02,231.5685,205.1157,201.8453,187.8840,177.6404
2016-10-03,230.9672,204.5884,201.3450,187.6236,177.5654
2016-10-04,231.5848,204.9758,201.6348,187.7781,177.6168
2016-10-05,232.8699,205.8049,202.1577,187.8931,177.4821
2016-10-06,234.0914,206.5514,202.6110,188.0792,177.5296
2016-10-07,234.5662,206.8468,202.7784,188.1542,177.5302
2016-10-08,234.5662,206.8468,202.7784,188.1542,177.5302
2016-10-09,234.5662,206.8468,202.7784,188.1542,177.5302
2016-10-10,234.5511,206.8334,202.7653,188.1421,177.5188
2016-10-11,234.8592,207.0803,202.9519,188.3232,177.6348
2016-10-12,233.5514,206.3681,202.6324,188.2539,177.6331
2016-10-13,233.2064,206.1791,202.4312,188.0968,177.6286
2016-10-14,233.4599,206.3772,202.6865,188.2690,177.6583
2016-10-15,233.4448,206.3639,202.6735,188.2569,177.6468
2016-10-16,233.4298,206.3506,202.6604,188.2448,177.6354
2016-10-17,234.0004,206.6648,202.7066,188.1075,177.4354
2016-10-18,233.8854,206.5912,202.6599,188.0373,177.3140
2016-10-19,234.8119,207.1770,202.9406,188.1229,177.3324
2016-10-20,235.5383,207.8156,203.5229,188.5205,177.5726
2016-10-21,235.4895,207.8245,203.5403,188.5413,177.5466
2016-10-22,235.4744,207.8111,203.5272,188.5292,177.5352
2016-10-23,235.4592,207.7978,203.5141,188.5170,177.5237
2016-10-24,235.2669,207.6534,203.3780,188.4606,177.4913
2016-10-25,234.5256,207.1788,202.8698,188.0881,177.2919
2016-10-26,232.9319,206.2077,202.1941,187.7219,177.1930
2016-10-27,232.0869,205.6482,201.8104,187.5351,177.1107
2016-10-28,230.8364,204.7119,201.0030,186.9467,176.7401
2016-10-29,230.8214,204.6986,200.9900,186.9346,176.7287
2016-10-30,230.8066,204.6855,200.9770,186.9226,176.7173
2016-10-31,230.7917,204.6723,200.9641,186.9106,176.7059
2016-11-01,230.7769,204.6591,200.9512,186.8985,176.6946
2016-11-02,229.6726,203.8350,200.3241,186.4262,176.3742
2016-11-03,228.8842,203.2044,199.8775,186.0145,176.0004
2016-11-04,227.3775,202.2690,199.3939,185.8600,176.1127
2016-11-05,227.3628,202.2560,199.3810,185.8479,176.1013
2016-11-06,227.3482,202.2429,199.3682,185.8360,176.0900
2016-11-07,227.4674,202.2511,199.4227,185.9503,176.2243
2016-11-08,229.7417,203.7651,200.3652,186.5505,176.5727
2016-11-09,229.7866,203.8587,200.3649,186.5407,176.5890
2016-11-10,228.7224,203.0491,199.4872,185.7688,176.1467
2016-11-11,229.6007,203.1308,198.7964,184.5008,174.7497
2016-11-12,229.5854,203.1173,198.7832,184.4885,174.7381
2016-11-13,229.5701,203.1038,198.7700,184.4762,174.7265
2016-11-14,228.4869,201.9364,197.5815,183.4553,173.8387
2016-11-15,228.3281,201.0346,196.0163,181.5903,172.0260
2016-11-16,228.7743,201.5960,196.7336,182.5513,172.9527
2016-11-17,230.8110,203.1027,197.9204,183.2898,173.3081
2016-11-18,230.7545,203.1893,198.0928,183.5538,173.6091
2016-11-19,230.7392,203.1758,198.0796,183.5416,173.5975
2016-11-20,230.7238,203.1623,198.0664,183.5294,173.5860
2016-11-21,231.2031,203.4107,198.1352,183.4277,173.4225
2016-11-22,231.2056,203.3391,197.9261,183.2011,173.2110
2016-11-23,231.6065,203.6303,198.1240,183.3380,173.2607
2016-11-24,232.3471,204.0263,198.3046,183.2459,173.0523
2016-11-25,231.6763,203.5393,197.8983,182.9932,172.9185
2016-11-26,231.6608,203.5258,197.8851,182.9810,172.9070
2016-11-27,231.6454,203.5123,197.8719,182.9689,172.8955
2016-11-28,232.1642,203.7928,197.9669,182.9056,172.7967
2016-11-29,231.7258,203.5674,197.8660,182.9132,172.8384
2016-11-30,231.5222,203.5266,198.0354,183.2551,173.2579
2016-12-01,231.4270,203.5136,198.0739,183.3252,173.3735
2016-12-02,231.0507,203.2986,197.8810,183.1377,173.2784
2016-12-03,231.0354,203.2851,197.8679,183.1255,173.2669
2016-12-04,231.0199,203.2715,197.8546,183.1133,173.2553
2016-12-05,229.9385,202.6169,197.5796,183.1654,173.5113
2016-12-06,229.8630,202.6202,197.6254,183.3050,173.6972
2016-12-07,228.8470,202.0378,197.2492,183.1282,173.7251
2016-12-08,228.8318,202.0244,197.2361,183.1160,173.7136
2016-12-09,229.7103,202.6831,197.7116,183.4571,173.9440
2016-12-10,229.7029,202.6766,197.7052,183.4512,173.9384
2016-12-11,229.6955,202.6700,197.6988,183.4453,173.9328
2016-12-12,229.3791,202.5348,197.5242,183.3475,173.9196
2016-12-13,227.7113,201.3650,196.7029,182.9232,173.7007
2016-12-14,228.7148,202.0956,197.2944,183.3567,173.9915
2016-12-15,228.9062,202.4457,197.9156,183.9881,174.5750
2016-12-16,229.9220,203.0048,198.1598,184.0089,174.4412
2016-12-17,229.9146,202.9983,198.1535,184.0029,174.4356
2016-12-18,229.9072,202.9917,198.1471,183.9970,174.4300
2016-12-19,231.5423,204.0857,199.0361,184.5724,174.7124
2016-12-20,233.0937,205.1068,199.8451,185.1050,174.9479
2016-12-21,232.7791,204.9404,199.7785,185.2118,175.1091
2016-12-22,231.4474,204.0575,199.2108,185.0005,175.1523
2016-12-23,231.4342,204.0472,199.4071,185.2756,175.3459
2016-12-24,231.4267,204.0406,199.4007,185.2696,175.3402
2016-12-25,231.4193,204.0340,199.3942,185.2636,175.3346
2016-12-26,230.5730,203.3354,198.9225,185.0792,175.2495
2016-12-27,230.2249,203.1873,198.9289,185.2554,175.5015
2016-12-28,230.7731,203.6136,199.2171,185.5045,175.6763
2016-12-29,230.8764,203.8812,199.5504,185.7560,175.8918
2016-12-30,230.3094,203.6637,199.5399,185.8751,176.1921
2016-12-31,230.3019,203.6571,199.5335,185.8692,176.1864
2017-01-01,230.2945,203.6505,199.5271,185.8632,176.1807
2017-01-02,230.2871,203.6439,199.5206,185.8572,176.1750
2017-01-03,231.2454,204.4031,200.2115,186.3030,176.4311
2017-01-04,232.8769,205.5490,201.1052,187.0356,176.9281
2017-01-05,233.5395,206.1336,201.6938,187.5910,177.4039
2017-01-06,233.0300,205.8549,201.5896,187.6252,177.5361
2017-01-07,233.0225,205.8482,201.5831,187.6192,177.5304
2017-01-08,233.0149,205.8416,201.5766,187.6131,177.5247
2017-01-09,232.7431,205.6498,201.3465,187.4105,177.3427
2017-01-10,233.6916,206.2626,201.8110,187.6623,177.4094
2017-01-11,234.2518,206.5996,201.9320,187.5985,177.2808
2017-01-12,235.4689,207.4240,202.5108,187.8471,177.3860
2017-01-13,233.7216,206.4062,201.9268,187.6545,177.5111
2017-01-14,233.7367,206.4195,201.9399,187.6666,177.5225
2017-01-15,233.7518,206.4328,201.9529,187.6787,177.5340
2017-01-16,233.2910,206.1518,201.7169,187.5098,177.4421
2017-01-17,233.3422,206.1513,201.7212,187.5025,177.4132
2017-01-18,232.5050,205.6115,201.3141,187.2737,177.3506
2017-01-19,233.2230,206.0883,201.5638,187.2548,177.2336
2017-01-20,233.0529,205.9690,201.4643,187.1996,177.2029
2017-01-21,233.0680,205.9823,201.4773,187.2117,177.2144
2017-01-22,233.0830,205.9956,201.4903,187.2238,177.2258
2017-01-23,233.1787,206.0684,201.6574,187.4024,177.3905
2017-01-24,231.7696,205.1473,201.0236,187.0523,177.2678
2017-01-25,232.9338,205.9207,201.5223,187.2706,177.3866
2017-01-26,233.7173,206.4667,201.8390,187.4446,177.4872
2017-01-27,233.5900,206.4016,201.7531,187.3319,177.4003
2017-01-28,233.6051,206.4150,201.7662,187.3440,177.4117
2017-01-29,233.6202,206.4283,201.7792,187.3561,177.4232
2017-01-30,233.8702,206.5721,201.8906,187.4310,177.4608
2017-01-31,232.5749,205.6847,201.3621,187.2827,177.4945
2017-02-01,231.5514,205.0570,201.0345,187.2445,177.6390
2017-02-02,232.1787,205.5602,201.4817,187.6056,177.9216
2017-02-03,231.5989,205.2757,201.3734,187.6478,178.0751
2017-02-04,231.6139,205.2890,201.3864,187.6599,178.0866
2017-02-05,231.6288,205.3023,201.3994,187.6720,178.0981
2017-02-06,232.2453,205.7586,201.7451,187.8425,178.1847
2017-02-07,231.7302,205.4423,201.4930,187.6565,178.1151
2017-02-08,233.2938,206.5642,202.4509,188.3322,178.5186
2017-02-09,233.9418,207.0293,202.8509,188.6057,178.7072
2017-02-10,234.7433,207.6478,203.2573,188.8371,178.8907
2017-02-11,234.7015,207.6109,203.2211,188.8035,178.8588
2017-02-12,234.6597,207.5739,203.1849,188.7699,178.8270
2017-02-13,234.3392,207.3882,203.0150,188.6551,178.7507
2017-02-14,235.0884,207.8914,203.3055,188.7674,178.7737
2017-02-15,234.9915,207.8439,203.2932,188.8015,178.8867
2017-02-16,235.0696,207.8228,203.1948,188.6670,178.7562
2017-02-17,234.9338,207.7145,203.0398,188.4645,178.5559
2017-02-18,234.8920,207.6775,203.0036,188.4310,178.5241
2017-02-19,234.8502,207.6405,202.9675,188.3974,178.4924
2017-02-20,236.0870,208.4621,203.6010,188.8038,178.7090
2017-02-21,235.9191,208.2936,203.3896,188.6021,178.5702
2017-02-22,236.9711,208.9125,203.7005,188.6723,178.4672
2017-02-23,236.7904,208.8509,203.7182,188.7738,178.5909
2017-02-24,236.7287,208.8941,203.8721,188.9618,178.7978
2017-02-25,236.6865,208.8569,203.8358,188.9281,178.7659
2017-02-26,236.6444,208.8197,203.7995,188.8945,178.7341
2017-02-27,237.2584,209.2245,204.2091,189.2364,178.9863
2017-02-28,237.0053,209.0550,204.0436,189.1198,178.9423
2017-03-01,237.6862,209.5269,204.4773,189.4161,179.1012
2017-03-02,239.8406,210.8209,205.1446,189.6585,179.0797
2017-03-03,240.0083,210.9944,205.2773,189.6914,179.0671
2017-03-04,239.9656,210.9569,205.2408,189.6577,179.0352
2017-03-05,239.9228,210.9193,205.2042,189.6239,179.0033
2017-03-06,240.3947,211.2156,205.4534,189.8220,179.0831
2017-03-07,241.5336,211.9890,205.9712,189.9647,179.0370
2017-03-08,241.8723,212.2159,206.1134,189.9268,178.9367
2017-03-09,241.7220,212.1034,205.9545,189.7348,178.8339
2017-03-10,241.9458,212.0966,205.7807,189.4634,178.5496
2017-03-11,241.9301,212.0829,205.7674,189.4511,178.5380
2017-03-12,241.9146,212.0692,205.7541,189.4389,178.5265
2017-03-13,242.5240,212.3601,205.8646,189.4037,178.3287
2017-03-14,244.0509,213.4053,206.5073,189.5666,178.2593
2017-03-15,244.9471,213.8743,206.6157,189.3659,177.9202
2017-03-16,246.4677,214.7667,207.0523,189.5500,177.8554
2017-03-17,246.2849,214.9284,207.4009,189.9671,178.3460
2017-03-18,246.2690,214.9145,207.3875,189.9548,178.3344
2017-03-19,246.2532,214.9007,207.3741,189.9426,178.3230
2017-03-20,246.6226,215.3667,207.8742,190.3697,178.7133
2017-03-21,247.2232,215.8494,208.2913,190.6819,178.8824
2017-03-22,245.2824,214.6766,207.5113,190.1743,178.6372
2017-03-23,246.0879,215.2380,208.0264,190.6417,178.9896
2017-03-24,246.5859,215.6787,208.3852,190.9216,179.2479
2017-03-25,246.5701,215.6648,208.3718,190.9093,179.2364
2017-03-26,246.5542,215.6509,208.3584,190.8970,179.2248
2017-03-27,247.3274,216.2560,208.8288,191.1907,179.3365
2017-03-28,247.8058,216.6163,209.2362,191.5021,179.5572
2017-03-29,250.2141,218.2495,210.2821,191.9109,179.6382
2017-03-30,250.0823,218.1992,210.2738,191.9328,179.6534
2017-03-31,249.6460,217.9418,210.1026,191.9248,179.7705
2017-04-01,249.6299,217.9278,210.0891,191.9124,179.7589
2017-04-02,249.6139,217.9138,210.0756,191.9001,179.7474
2017-04-03,249.2349,217.7828,210.2529,192.2395,180.1836
2017-04-04,247.8263,216.8846,209.6240,191.9516,180.1227
2017-04-05,248.8717,217.6406,210.2512,192.3936,180.4179
2017-04-06,248.3292,217.4042,210.0259,192.2094,180.3925
2017-04-07,248.2085,217.3573,209.9612,192.1151,180.3761
2017-04-08,248.1925,217.3433,209.9476,192.1027,180.3644
2017-04-09,248.1765,217.3292,209.9340,192.0903,180.3528
2017-04-10,248.2129,217.4108,210.0481,192.2710,180.5075
2017-04-11,247.5974,217.0425,209.8724,192.2545,180.5917
2017-04-12,246.9473,216.6686,209.7342,192.3036,180.7289
2017-04-13,246.8242,216.6349,209.7413,192.3873,180.8373
2017-04-14,246.7913,216.6061,209.7133,192.3617,180.8132
2017-04-15,246.7585,216.5772,209.6854,192.3360,180.7891
2017-04-16,246.7257,216.5485,209.6576,192.3105,180.7651
2017-04-17,245.3325,215.7586,209.2599,192.2268,180.8915
2017-04-18,245.5447,216.0676,209.7834,192.9031,181.5351
2017-04-19,245.5120,216.0388,209.7555,192.8775,181.5109
2017-04-20,244.7179,215.4651,209.3038,192.5301,181.2381
2017-04-21,245.5724,215.9119,209.4501,192.5535,181.1888
2017-04-22,245.5398,215.8832,209.4223,192.5278,181.1647
2017-04-23,245.5071,215.8545,209.3944,192.5022,181.1406
2017-04-24,245.8702,216.1400,209.6644,192.6632,181.1909
2017-04-25,248.9697,218.0817,210.9102,193.1079,181.0890
2017-04-26,251.8368,219.7585,211.8797,193.3910,180.9546
2017-04-27,253.0858,220.4330,212.1885,193.3777,180.7330
2017-04-28,252.4805,220.0656,212.0304,193.4607,180.9010
2017-04-29,252.4469,220.0362,212.0021,193.4349,180.8769
2017-04-30,252.4133,220.0070,211.9739,193.4092,180.8528
2017-05-01,252.3798,219.9777,211.9458,193.3835,180.8288
2017-05-02,252.7126,220.2512,212.2569,193.6632,181.0040
2017-05-03,254.2435,221.3366,213.1262,194.1242,181.1886
2017-05-04,254.6163,221.5694,213.3051,194.2125,181.1954
2017-05-05,255.8435,222.2494,213.5487,194.0347,180.8575
2017-05-06,255.8094,222.2198,213.5202,194.0089,180.8334
2017-05-07,255.7754,222.1903,213.4919,193.9831,180.8094
2017-05-08,256.3182,222.5073,213.7551,194.1606,180.8507
2017-05-09,256.6620,222.6094,213.5682,193.8671,180.5169
2017-05-10,257.1790,222.7342,213.3934,193.4856,180.0617
2017-05-11,256.2861,222.1767,213.0354,193.3422,180.0784
2017-05-12,256.0161,221.9042,212.6732,192.9356,179.6831
2017-05-13,255.9996,221.8899,212.6595,192.9231,179.6715
2017-05-14,255.9831,221.8756,212.6458,192.9107,179.6599
2017-05-15,256.2389,222.0798,212.8728,193.0963,179.7605
2017-05-16,256.8015,222.5659,213.4083,193.5738,180.1319
2017-05-17,256.6733,222.5572,213.5544,193.7888,180.2958
2017-05-18,255.5116,222.0252,213.6290,194.1552,180.6849
2017-05-19,254.5702,221.4285,213.1650,193.9262,180.8747
2017-05-20,254.5538,221.4142,213.1513,193.9138,180.8631
2017-05-21,254.5374,221.3999,213.1376,193.9012,180.8514
2017-05-22,254.6970,221.4216,213.0039,193.7476,180.6586
2017-05-23,254.4672,221.2433,212.8063,193.5401,180.5247
2017-05-24,255.8850,222.1305,213.3878,193.7894,180.4796
2017-05-25,256.8081,222.7770,213.8820,194.0849,180.5970
2017-05-26,256.0020,222.1531,213.1869,193.5282,180.2523
2017-05-27,255.9855,222.1387,213.1731,193.5157,180.2406
2017-05-28,255.9689,222.1244,213.1594,193.5032,180.2290
2017-05-29,256.7618,222.5553,213.2762,193.3285,179.9680
2017-05-30,257.8238,223.2135,213.7394,193.5380,179.9953
2017-05-31,258.2364,223.6074,214.2613,194.0192,180.3666
2017-06-01,257.1769,223.0571,214.0883,194.2340,180.7117
2017-06-02,258.2897,223.8070,214.5385,194.4122,180.8020
2017-06-03,258.2731,223.7926,214.5248,194.3997,180.7904
2017-06-04,258.2565,223.7782,214.5109,194.3871,180.7787
2017-06-05,258.8802,224.3275,215.0563,194.8460,181.0759
2017-06-06,258.5416,224.1728,214.9867,194.8778,181.1437
2017-06-07,258.5011,224.1760,215.0026,194.8696,181.1544
2017-06-08,258.4280,224.0822,214.9004,194.8101,181.1518
2017-06-09,257.6096,223.5050,214.3926,194.4437,181.0363
2017-06-10,257.6010,223.4976,214.3855,194.4372,181.0303
2017-06-11,257.5924,223.4901,214.3783,194.4307,181.0242
2017-06-12,256.9996,223.0883,214.0419,194.2002,180.9460
2017-06-13,255.4249,221.9902,213.2152,193.7456,180.7322
2017-06-14,256.3444,222.6153,213.6636,193.9972,180.8768
2017-06-15,255.9270,222.3987,213.6433,194.1288,180.9677
2017-06-16,256.2068,222.5324,213.6788,194.1395,180.9833
2017-06-17,256.1984,222.5250,213.6717,194.1331,180.9774
2017-06-18,256.1898,222.5176,213.6646,194.1266,180.9713
2017-06-19,255.8408,222.2331,213.3941,193.8423,180.7833
2017-06-20,256.5456,222.6941,213.6188,193.9407,180.8111
2017-06-21,255.9155,222.2529,213.2579,193.6340,180.6727
2017-06-22,255.1388,221.6020,212.6756,193.2549,180.4403
2017-06-23,255.2609,221.7310,212.8000,193.3582,180.5324
2017-06-24,255.2524,221.7236,212.7929,193.3518,180.5264
2017-06-25,255.2439,221.7162,212.7858,193.3453,180.5203
2017-06-26,255.2353,221.7088,212.7787,193.3388,180.5143
2017-06-27,255.6069,221.9026,212.8048,193.2404,180.3391
2017-06-28,254.8652,221.2944,212.3064,192.7911,179.9910
2017-06-29,255.1831,221.4103,212.3361,192.7949,179.9665
2017-06-30,254.5319,220.8948,211.9447,192.5218,179.7235
2017-07-01,254.5234,220.8874,211.9376,192.5154,179.7175
2017-07-02,254.5149,220.8800,211.9305,192.5089,179.7115
2017-07-03,254.8094,221.0701,212.0202,192.5349,179.7319
2017-07-04,254.4741,220.8372,211.7545,192.3145,179.6446
2017-07-05,254.8454,221.0841,211.8769,192.2306,179.4802
2017-07-06,256.0703,221.8659,212.3230,192.3926,179.5038
2017-07-07,255.4246,221.3493,211.8671,191.9212,179.1120
2017-07-08,255.4161,221.3419,211.8601,191.9148,179.1060
2017-07-09,255.4075,221.3346,211.8530,191.9084,179.1001
2017-07-10,255.7548,221.5241,211.8386,191.7981,178.9936
2017-07-11,256.8265,222.2203,212.3639,192.0717,179.0389
2017-07-12,257.5014,222.7373,212.9252,192.5344,179.3646
2017-07-13,258.2909,223.3532,213.3458,192.8448,179.5788
2017-07-14,258.6843,223.4960,213.1054,192.3558,179.1188
2017-07-15,258.7177,223.5249,213.1329,192.3806,179.1420
2017-07-16,258.7512,223.5538,213.1605,192.4055,179.1651
2017-07-17,259.2280,223.7039,213.0519,192.1251,178.8121
2017-07-18,259.3949,223.7844,212.9877,191.9470,178.6162
2017-07-19,259.3445,223.7265,212.9498,191.8814,178.5535
2017-07-20,259.6213,223.9090,212.9133,191.7442,178.4668
2017-07-21,259.3148,223.7307,212.8773,191.8043,178.5331
2017-07-22,259.3483,223.7596,212.9048,191.8291,178.5562
2017-07-23,259.3819,223.7886,212.9324,191.8540,178.5793
2017-07-24,259.2239,223.7715,213.1415,192.1695,178.8759
2017-07-25,258.6201,223.4751,213.0475,192.2954,179.1590
2017-07-26,258.4988,223.3830,212.8454,192.0973,179.0320
2017-07-27,258.9299,223.7033,213.2198,192.4385,179.2687
2017-07-28,259.1619,223.8844,213.3716,192.5353,179.3626
2017-07-29,259.1954,223.9133,213.3992,192.5602,179.3858
2017-07-30,259.2289,223.9423,213.4268,192.5851,179.4090
2017-07-31,260.0659,224.5845,214.0322,193.0799,179.7135
2017-08-01,260.7398,224.9903,214.3885,193.3481,179.8489
2017-08-02,261.2747,225.3617,214.6615,193.5637,179.9928
2017-08-03,261.9591,225.8822,215.0493,193.8121,180.1008
2017-08-04,260.5379,224.8699,214.2547,193.3164,179.8028
2017-08-05,260.5717,224.8990,214.2824,193.3414,179.8261
2017-08-06,260.6054,224.9281,214.3102,193.3664,179.8493
2017-08-07,260.8290,225.0319,214.2179,193.1573,179.6642
2017-08-08,261.6216,225.4896,214.4402,193.1501,179.5247
2017-08-09,261.3813,225.3882,214.3955,193.2089,179.6837
2017-08-10,260.1552,224.5056,213.7126,192.8236,179.5302
2017-08-11,257.5084,222.8708,212.7712,192.4307,179.4109
2017-08-12,257.4918,222.8564,212.7574,192.4183,179.3993
2017-08-13,257.4752,222.8420,212.7437,192.4059,179.3877
2017-08-14,256.8732,222.5280,212.7119,192.6743,179.7275
2017-08-15,256.8566,222.5136,212.6982,192.6618,179.7159
2017-08-16,258.4302,223.5045,213.2626,192.9413,179.8527
2017-08-17,258.9287,223.8362,213.4937,192.9843,179.8683
2017-08-18,258.0095,223.3628,213.3569,192.9631,179.8668
2017-08-19,257.9929,223.3483,213.3431,192.9506,179.8552
2017-08-20,257.9763,223.3340,213.3293,192.9382,179.8436
2017-08-21,258.1608,223.4720,213.4517,193.0718,179.9165
2017-08-22,257.2231,222.8662,213.0992,192.9778,180.0031
2017-08-23,257.8501,223.2193,213.1911,192.9501,179.9751
2017-08-24,258.1311,223.3366,213.2145,192.7933,179.7049
2017-08-25,257.5438,222.9067,212.7900,192.3898,179.4649
2017-08-26,257.5272,222.8924,212.7763,192.3774,179.4533
2017-08-27,257.5106,222.8780,212.7626,192.3649,179.4417
2017-08-28,257.5038,222.8683,212.7434,192.3257,179.4405
2017-08-29,255.9872,221.9110,212.0442,191.8684,179.2522
2017-08-30,254.2196,220.8332,211.4118,191.6592,179.3323
2017-08-31,255.2418,221.4863,211.7987,191.8397,179.4405
2017-09-01,256.0617,222.0098,212.1200,192.0047,179.4664
2017-09-02,256.0451,221.9955,212.1063,191.9923,179.4548
2017-09-03,256.0287,221.9812,212.0927,191.9799,179.4433
2017-09-04,255.3583,221.6193,211.8904,192.0049,179.5982
2017-09-05,255.0398,221.4216,211.7903,191.9882,179.6062
2017-09-06,253.6548,220.6020,211.3248,191.8265,179.5884
2017-09-07,253.6688,220.5599,211.2740,191.8557,179.6011
2017-09-08,252.7412,219.9525,210.8649,191.6758,179.5095
2017-09-09,252.7249,219.9384,210.8514,191.6635,179.4980
2017-09-10,252.7081,219.9238,210.8374,191.6508,179.4860
2017-09-11,253.7745,220.6956,211.5566,192.1615,179.7641
2017-09-12,256.2337,222.2087,212.4657,192.5286,179.7556
2017-09-13,257.6888,223.0561,212.8532,192.4905,179.5022
2017-09-14,258.1177,223.3304,213.0653,192.6514,179.5613
2017-09-15,258.4040,223.4217,212.9849,192.4644,179.3270
2017-09-16,258.3868,223.4069,212.9708,192.4516,179.3151
2017-09-17,258.3695,223.3919,212.9566,192.4388,179.3031
2017-09-18,258.3524,223.3771,212.9424,192.4260,179.2912
2017-09-19,258.3352,223.3622,212.9283,192.4132,179.2793
2017-09-20,259.1933,223.7904,213.0526,192.3278,179.0898
2017-09-21,258.4771,223.3651,212.7019,192.1192,179.0146
2017-09-22,258.8791,223.7199,213.0183,192.3266,179.1317
2017-09-23,258.8619,223.7050,213.0041,192.3138,179.1198
2017-09-24,258.8446,223.6901,212.9899,192.3010,179.1078
2017-09-25,258.8528,223.8652,213.2896,192.6955,179.4511
2017-09-26,258.8944,223.9704,213.5071,192.8872,179.5536
2017-09-27,259.6211,224.4572,213.9320,193.1419,179.6815
2017-09-28,260.9306,225.3170,214.4361,193.2794,179.6516
2017-09-29,260.9518,225.3066,214.4573,193.2675,179.5885
2017-09-30,260.9344,225.2915,214.4429,193.2546,179.5765
2017-10-01,260.9171,225.2766,214.4287,193.2418,179.5645
2017-10-02,262.4390,226.1454,214.7604,193.1045,179.2117
2017-10-03,263.8315,226.9305,215.0830,192.9921,178.9382
2017-10-04,263.8518,226.8526,214.8455,192.6727,178.6395
2017-10-05,263.0177,226.2498,214.1451,192.0601,178.2285
2017-10-06,262.7596,225.9426,213.6155,191.4920,177.7775
2017-10-07,262.7420,225.9275,213.6012,191.4792,177.7657
2017-10-08,262.7246,225.9125,213.5870,191.4665,177.7539
2017-10-09,262.7070,225.8975,213.5728,191.4538,177.7420
2017-10-10,263.6938,226.3273,213.4994,190.8316,176.7902
2017-10-11,263.5351,226.0197,213.0457,190.3750,176.2922
2017-10-12,263.0483,225.6708,212.7529,190.1919,176.1818
2017-10-13,262.6858,225.4376,212.5368,189.9594,175.9882
2017-10-14,262.7027,225.4522,212.5505,189.9716,175.9996
2017-10-15,262.7197,225.4667,212.5642,189.9839,176.0109
2017-10-16,262.3050,225.1846,212.3916,189.9438,176.0413
2017-10-17,262.1967,225.1333,212.3334,189.8170,175.9648
2017-10-18,262.6742,225.4135,212.4638,189.7790,175.8810
2017-10-19,263.8806,226.1726,212.9005,189.9247,175.8758
2017-10-20,263.4923,225.9408,212.8977,190.0936,176.0624
2017-10-21,263.5093,225.9554,212.9114,190.1058,176.0737
2017-10-22,263.5263,225.9700,212.9251,190.1181,176.0851
2017-10-23,264.9335,227.0654,213.9008,190.9135,176.7292
2017-10-24,265.3988,227.6879,214.7648,191.7257,177.4620
2017-10-25,265.5829,227.8758,215.0720,192.1307,177.8033
2017-10-26,265.0875,227.3765,214.4633,191.5151,177.2817
2017-10-27,265.1046,227.3911,214.4772,191.5275,177.2931
2017-10-28,265.1218,227.4058,214.4910,191.5398,177.3046
2017-10-29,265.1389,227.4205,214.5049,191.5522,177.3160
2017-10-30,265.1096,227.4427,214.5906,191.7902,177.5946
2017-10-31,267.6759,229.3153,216.0426,192.5288,177.9285
2017-11-01,267.6932,229.3301,216.0566,192.5412,177.9400
2017-11-02,268.6816,229.9207,216.4756,192.7421,178.0814
2017-11-03,267.3015,229.0470,215.9182,192.5684,178.1843
2017-11-04,267.3188,229.0618,215.9321,192.5809,178.1958
2017-11-05,267.3360,229.0766,215.9461,192.5933,178.2073
2017-11-06,266.6835,228.6208,215.5503,192.3518,178.1632
2017-11-07,268.1144,229.6265,216.2233,192.6837,178.3205
2017-11-08,268.0150,229.5424,216.2062,192.7050,178.3502
2017-11-09,267.3443,229.1230,216.0040,192.7975,178.6410
2017-11-10,266.6596,228.6950,215.8261,192.7772,178.7265
2017-11-11,266.6064,228.6494,215.7831,192.7388,178.6909
2017-11-12,266.5533,228.6038,215.7401,192.7004,178.6553
2017-11-13,265.4607,227.8825,215.2590,192.4750,178.7234
2017-11-14,264.8670,227.4343,214.9143,192.3300,178.7173
2017-11-15,263.6011,226.6064,214.4090,192.0803,178.6846
2017-11-16,262.3366,225.7760,213.8316,191.7843,178.5925
2017-11-17,263.9516,226.6955,214.2120,191.7609,178.3072
2017-11-18,263.8991,226.6503,214.1694,191.7228,178.2717
2017-11-19,263.8464,226.6051,214.1267,191.6845,178.2362
2017-11-20,264.6720,227.1943,214.4672,191.7665,178.1448
2017-11-21,265.1979,227.3357,214.6115,191.9940,178.2519
2017-11-22,266.4219,227.9290,214.6337,191.6035,177.6975
2017-11-23,266.4652,227.7540,214.4196,191.3719,177.3568
2017-11-24,265.0137,226.5729,213.4719,190.7783,176.9482
2017-11-25,264.9609,226.5278,213.4294,190.7403,176.9130
2017-11-26,264.9081,226.4826,213.3868,190.7022,176.8777
2017-11-27,265.1412,226.6270,213.5497,190.8367,176.8999
2017-11-28,265.0732,226.6444,213.6952,191.0239,177.0349
2017-11-29,267.1101,227.7890,214.2644,191.1402,176.9257
2017-11-30,267.0123,227.6371,214.2055,191.1124,176.8866
2017-12-01,266.4382,227.0465,213.7079,190.8706,176.7894
2017-12-02,266.3851,227.0013,213.6653,190.8326,176.7541
2017-12-03,266.3319,226.9559,213.6226,190.7945,176.7188
2017-12-04,266.7661,227.2578,213.8995,190.9320,176.8042
2017-12-05,266.9628,227.3988,213.9213,190.8575,176.7353
2017-12-06,267.0994,227.3976,213.9616,190.8733,176.6416
2017-12-07,265.5826,226.3310,213.2443,190.5869,176.5127
2017-12-08,265.5296,226.2859,213.2018,190.5489,176.4775
2017-12-09,265.4767,226.2408,213.1593,190.5109,176.4423
2017-12-10,265.4682,226.2335,213.1524,190.5048,176.4367
2017-12-11,267.4282,227.4007,213.6963,190.6366,176.3835
2017-12-12,268.9029,228.3345,214.1489,190.6152,176.1666
2017-12-13,269.2243,228.6331,214.3207,190.6889,176.1347
2017-12-14,268.2813,228.0201,213.7433,190.2643,176.0083
2017-12-15,265.9097,226.6279,212.7791,189.7380,175.8666
2017-12-16,265.9012,226.6206,212.7722,189.7319,175.8609
2017-12-17,265.8926,226.6132,212.7653,189.7257,175.8552
2017-12-18,265.8591,226.7011,212.7448,189.7381,175.9812
2017-12-19,266.0803,227.4059,213.5787,190.4629,176.7447
2017-12-20,265.5289,227.0777,213.3733,190.3479,176.7252
2017-12-21,265.2995,227.0441,213.5636,190.7083,177.0764
2017-12-22,265.1700,227.0654,213.8252,191.1605,177.5916
2017-12-23,265.1615,227.0582,213.8183,191.1544,177.5859
2017-12-24,265.1530,227.0509,213.8115,191.1482,177.5802
2017-12-25,265.1443,227.0435,213.8045,191.1420,177.5745
2017-12-26,266.1109,227.7198,214.2678,191.3479,177.6426
2017-12-27,265.4032,227.3904,214.2104,191.4668,177.8665
2017-12-28,264.7143,226.9345,213.9970,191.4625,177.9358
2017-12-29,265.3524,227.3901,214.3051,191.5925,178.0216
2017-12-30,265.3438,227.3828,214.2982,191.5863,178.0159
2017-12-31,265.3352,227.3755,214.2913,191.5801,178.0101
2018-01-01,265.3266,227.3681,214.2843,191.5739,178.0044
2018-01-02,265.6060,227.6710,214.5846,191.7692,178.1730
2018-01-03,265.7052,227.7495,214.5325,191.7046,178.1557
2018-01-04,265.6689,227.8245,214.6088,191.7708,178.2116
2018-01-05,267.0905,228.6506,215.1002,191.9976,178.1164
2018-01-06,267.0818,228.6431,215.0932,191.9914,178.1106
2018-01-07,267.0733,228.6358,215.0863,191.9852,178.1049
2018-01-08,269.1728,230.0463,216.0545,192.5179,178.3065
2018-01-09,269.8878,230.5227,216.3255,192.6028,178.3028
2018-01-10,270.2893,230.7558,216.4761,192.6939,178.3341
2018-01-11,270.4040,230.6655,216.1895,192.2532,177.8616
2018-01-12,270.7865,230.8454,216.2554,192.3385,177.8722
2018-01-13,270.7777,230.8379,216.2484,192.3323,177.8664
2018-01-14,270.7690,230.8305,216.2414,192.3261,177.8607
2018-01-15,270.7957,230.8498,216.2007,192.3239,177.9432
2018-01-16,270.7870,230.8424,216.1937,192.3178,177.9375
2018-01-17,271.0721,231.1428,216.5584,192.5650,178.0146
2018-01-18,273.0396,232.4228,217.5335,193.2109,178.4434
2018-01-19,273.5716,232.8500,217.7896,193.2286,178.4326
2018-01-20,273.5627,232.8425,217.7826,193.2223,178.4268
2018-01-21,273.5539,232.8350,217.7756,193.2161,178.4211
2018-01-22,275.1260,233.8389,218.4137,193.5181,178.4801
2018-01-23,275.8004,234.2085,218.5290,193.5527,178.4917
2018-01-24,277.0851,235.1064,219.2179,193.9039,178.6654
2018-01-25,276.7189,234.8611,219.1845,194.0630,178.7417
2018-01-26,275.4908,234.2428,218.9918,194.1421,178.9655
2018-01-27,275.4819,234.2353,218.9847,194.1358,178.9598
2018-01-28,275.4730,234.2277,218.9776,194.1295,178.9540
2018-01-29,276.7331,235.0336,219.3652,194.3004,179.0488
2018-01-30,277.6336,235.6471,219.7220,194.2763,178.8801
2018-01-31,275.6133,234.3876,218.9540,193.8911,178.7456
2018-02-01,275.6114,234.3515,218.7663,193.7064,178.6786
2018-02-02,274.5538,233.6790,218.3625,193.5265,178.5731
2018-02-03,274.5449,233.6715,218.3554,193.5202,178.5673
2018-02-04,274.5361,233.6640,218.3484,193.5140,178.5616
2018-02-05,271.7758,231.9930,217.3359,192.8848,178.2483
2018-02-06,267.7764,229.6789,216.0519,192.1943,178.0000
2018-02-07,264.8695,227.4990,214.4968,191.7287,178.2114
2018-02-08,262.8444,226.3621,213.6965,191.2543,178.0211
2018-02-09,261.3248,225.7182,213.7499,191.4499,178.2291
2018-02-10,261.2783,225.6780,213.7118,191.4158,178.1973
2018-02-11,261.2318,225.6378,213.6738,191.3817,178.1656
2018-02-12,259.4941,224.2435,212.6693,191.0258,178.2742
2018-02-13,260.4299,224.7740,212.8065,191.0491,178.2357
2018-02-14,259.4803,224.1060,212.3913,190.9019,178.2521
2018-02-15,261.2785,225.1936,212.9996,191.2119,178.4287
2018-02-16,262.7961,226.1823,213.5542,191.3970,178.3623
2018-02-17,262.7494,226.1421,213.5162,191.3630,178.3305
2018-02-18,262.7026,226.1018,213.4782,191.3289,178.2987
2018-02-19,263.3628,226.5225,213.9014,191.6314,178.3792
2018-02-20,263.9881,226.9177,214.2758,191.9498,178.5047
2018-02-21,263.5288,226.8149,214.2502,192.0052,178.5971
2018-02-22,263.6210,227.0396,214.4361,192.0993,178.7346
2018-02-23,263.6353,227.0848,214.4914,192.1432,178.7479
2018-02-24,263.5884,227.0444,214.4532,192.1090,178.7160
2018-02-25,263.5415,227.0040,214.4150,192.0748,178.6842
2018-02-26,264.1854,227.3308,214.4756,192.0762,178.7324
2018-02-27,264.2678,227.2665,214.3843,192.0685,178.7282
2018-02-28,262.8620,226.3185,213.8104,191.7477,178.4798
2018-03-01,262.2522,225.9622,213.6520,191.6463,178.4651
2018-03-02,261.5176,225.5686,213.4821,191.5957,178.5018
2018-03-03,261.4710,225.5284,213.4441,191.5615,178.4700
2018-03-04,261.4245,225.4882,213.4061,191.5274,178.4382
2018-03-05,260.7303,224.9545,213.0233,191.3945,178.5454
2018-03-06,261.6057,225.4862,213.3007,191.5447,178.5892
2018-03-07,261.8500,225.6688,213.4383,191.5777,178.4948
2018-03-08,262.8681,226.2984,213.8693,191.7777,178.5347
2018-03-09,264.4542,227.2649,214.3310,191.7633,178.3105
2018-03-10,264.4542,227.2649,214.3310,191.7633,178.3105
2018-03-11,264.4542,227.2649,214.3310,191.7633,178.3105
2018-03-12,266.2360,228.2434,214.7886,191.9106,178.2870
2018-03-13,267.7256,229.4290,215.7433,192.5025,178.6187
2018-03-14,267.0940,229.1473,215.6993,192.5192,178.6752
2018-03-15,265.9976,228.4928,215.3042,192.3732,178.7418
2018-03-16,266.2615,228.6774,215.4572,192.4749,178.8787
2018-03-17,266.2615,228.6774,215.4572,192.4749,178.8787
2018-03-18,266.2615,228.6774,215.4572,192.4749,178.8787
2018-03-19,267.0849,229.2380,215.9137,192.8074,179.1297
2018-03-20,266.0391,228.6460,215.6433,192.6949,179.1223
2018-03-21,265.8522,228.4379,215.3579,192.4750,179.0110
2018-03-22,265.3290,228.0868,215.1278,192.3558,178.9001
2018-03-23,263.0317,226.7972,214.6075,192.2298,178.8549
2018-03-24,263.0317,226.7972,214.6075,192.2298,178.8549
2018-03-25,263.0317,226.7972,214.6075,192.2298,178.8549
2018-03-26,260.1874,225.1635,213.7803,191.9797,178.9725
2018-03-27,261.5280,225.7642,214.0186,192.1695,179.1616
2018-03-28,261.2812,225.8697,214.3971,192.4588,179.2897
2018-03-29,259.5358,224.7470,213.7895,192.3916,179.4944
2018-03-30,259.5358,224.7470,213.7895,192.3916,179.4944
2018-03-31,259.5358,224.7470,213.7895,192.3916,179.4944
2018-04-01,259.5358,224.7470,213.7895,192.3916,179.4944
2018-04-02,261.1300,225.8185,214.4758,192.6970,179.6238
2018-04-03,260.4176,225.5610,214.4579,192.6763,179.5769
2018-04-04,260.9626,225.8775,214.5827,192.7279,179.6724
2018-04-05,260.6599,225.6396,214.5453,192.9036,179.9369
2018-04-06,262.1426,226.6010,215.1251,193.2241,180.0574
2018-04-07,262.1426,226.6010,215.1251,193.2241,180.0574
2018-04-08,262.1426,226.6010,215.1251,193.2241,180.0574
2018-04-09,261.7846,226.5063,215.2073,193.1794,179.9051
2018-04-10,261.6067,226.4184,215.1079,193.0754,179.9706
2018-04-11,262.5593,227.0202,215.4086,193.2848,180.1738
2018-04-12,261.6462,226.5243,215.1675,193.2155,180.2091
2018-04-13,261.5158,226.4336,215.0773,193.2374,180.2810
2018-04-14,261.4984,226.4185,215.0630,193.2245,180.2689
2018-04-15,261.4809,226.4034,215.0486,193.2116,180.2569
2018-04-16,260.8504,226.0529,214.8855,193.1581,180.2490
2018-04-17,260.4911,225.6858,214.6057,193.0149,180.1804
2018-04-18,260.9730,225.9664,214.7928,193.2305,180.3269
2018-04-19,262.0689,226.7204,215.3659,193.5942,180.3735
2018-04-20,261.9862,226.7461,215.3533,193.4950,180.3121
2018-04-21,261.9687,226.7310,215.3389,193.4821,180.3000
2018-04-22,261.9512,226.7159,215.3246,193.4692,180.2880
2018-04-23,261.1176,226.0985,214.9356,193.2695,180.2075
2018-04-24,261.6567,226.3571,214.9569,193.1401,180.1242
2018-04-25,261.0904,225.9541,214.6223,192.7641,179.7432
2018-04-26,260.4438,225.2809,213.9260,192.1371,179.3258
2018-04-27,261.0062,225.6350,214.2195,192.4466,179.5679
2018-04-28,260.9888,225.6200,214.2052,192.4337,179.5559
2018-04-29,260.9715,225.6050,214.1910,192.4210,179.5440
2018-04-30,262.5705,226.7312,215.0660,192.9228,179.7761
2018-05-01,262.5530,226.7161,215.0517,192.9099,179.7641
2018-05-02,264.2307,227.9478,216.0023,193.3750,180.0546
2018-05-03,265.0745,228.5277,216.3910,193.5635,180.1712
2018-05-04,264.1787,227.8592,216.0003,193.4264,180.2253
2018-05-05,264.1610,227.8440,215.9859,193.4135,180.2133
2018-05-06,264.1434,227.8288,215.9715,193.4006,180.2013
2018-05-07,264.8225,228.2541,216.2743,193.6797,180.4386
2018-05-08,266.5076,229.3599,216.8930,193.8697,180.3940
2018-05-09,269.2121,231.0562,218.0132,194.3492,180.5738
2018-05-10,268.8233,230.6646,217.3735,193.7782,180.1886
2018-05-11,268.5216,230.3983,217.1737,193.7514,180.2202
2018-05-12,268.4956,230.3761,217.1527,193.7327,180.2028
2018-05-13,268.4696,230.3538,217.1317,193.7139,180.1853
2018-05-14,266.9724,229.4719,216.6587,193.6164,180.2823
2018-05-15,268.1274,230.1630,217.1118,193.7768,180.2982
2018-05-16,269.1584,230.8266,217.4530,193.7865,180.2136
2018-05-17,269.1801,230.9144,217.5213,193.9101,180.3999
2018-05-18,268.7340,230.6542,217.3310,193.8034,180.4922
2018-05-19,268.7081,230.6319,217.3100,193.7847,180.4748
2018-05-20,268.6821,230.6096,217.2890,193.7659,180.4573
2018-05-21,268.6561,230.5873,217.2680,193.7472,180.4399
2018-05-22,269.6645,231.0500,217.4896,193.7491,180.4181
2018-05-23,267.1938,229.4878,216.4177,193.2986,180.2271
2018-05-24,265.1393,228.1233,215.4794,192.7761,180.0960
2018-05-25,264.3985,227.7146,215.2414,192.6522,180.0579
2018-05-26,264.3730,227.6927,215.2206,192.6336,180.0406
2018-05-27,264.3474,227.6706,215.1998,192.6149,180.0231
2018-05-28,264.5988,227.9517,215.4131,192.7806,180.2717
2018-05-29,264.1184,227.6582,215.1869,192.6364,180.2284
2018-05-30,261.6924,226.1380,214.2549,192.1378,180.1456
2018-05-31,262.1209,226.3306,214.3108,192.2074,180.2124
2018-06-01,263.2251,227.0768,214.7700,192.3740,180.2032
2018-06-02,263.1996,227.0548,214.7492,192.3554,180.1857
2018-06-03,263.1743,227.0329,214.7285,192.3369,180.1684
2018-06-04,264.1423,227.5970,215.0429,192.5333,180.3217
2018-06-05,265.3445,228.4617,215.6326,192.9035,180.4734
2018-06-06,266.2538,229.0589,215.9626,192.9303,180.4885
2018-06-07,265.0774,228.1855,215.2213,192.4297,180.3197
2018-06-08,264.6774,227.8848,215.0410,192.2978,180.3062
2018-06-09,264.6518,227.8628,215.0202,192.2792,180.2887
2018-06-10,264.6253,227.8400,214.9987,192.2599,180.2707
2018-06-11,264.4392,227.8197,215.1245,192.5901,180.5830
2018-06-12,265.8374,228.7218,215.6259,192.7438,180.5515
2018-06-13,266.2641,229.0711,215.8118,192.7946,180.5562
2018-06-14,265.9861,228.8898,215.7610,192.8049,180.5759
2018-06-15,264.6977,228.0756,215.1152,192.4578,180.5737
2018-06-16,264.6713,228.0528,215.0937,192.4386,180.5557
2018-06-17,264.6449,228.0300,215.0722,192.4194,180.5376
2018-06-18,264.3583,227.8009,215.0147,192.4755,180.6401
2018-06-19,263.2846,227.1480,214.5881,192.2463,180.6575
2018-06-20,262.4424,226.5727,214.3201,192.2421,180.7263
2018-06-21,262.4263,226.5469,214.2938,192.2375,180.7091
2018-06-22,261.3606,225.9475,214.0394,192.1530,180.7203
2018-06-23,261.3345,225.9250,214.0180,192.1339,180.7023
2018-06-24,261.3084,225.9024,213.9967,192.1147,180.6842
2018-06-25,260.7444,225.4694,213.7276,192.0596,180.6872
2018-06-26,259.0735,224.3440,213.1405,191.8238,180.5758
2018-06-27,258.3499,223.7725,212.7072,191.6459,180.5791
2018-06-28,257.6929,223.3907,212.5285,191.5587,180.5706
2018-06-29,258.0458,223.5124,212.6280,191.6910,180.6504
2018-06-30,258.0200,223.4901,212.6068,191.6719,180.6323
2018-07-01,257.9943,223.4678,212.5856,191.6527,180.6143
2018-07-02,257.9685,223.4455,212.5644,191.6336,180.5963
2018-07-03,259.1083,224.2679,212.9906,191.7142,180.6660
2018-07-04,259.6118,224.6122,213.2886,191.9655,180.7176
2018-07-05,259.4180,224.4196,213.1972,191.9537,180.6724
2018-07-06,260.2586,224.9574,213.5637,192.2218,180.8218
2018-07-07,260.2325,224.9349,213.5423,192.2026,180.8037
2018-07-08,260.2066,224.9125,213.5210,192.1834,180.7857
2018-07-09,262.2714,226.2339,214.4677,192.7589,180.9875
2018-07-10,262.8699,226.6462,214.7033,192.8305,180.9501
2018-07-11,263.1694,226.8320,214.8415,192.8888,180.9884
2018-07-12,261.6382,225.9530,214.3031,192.6575,180.9927
2018-07-13,261.4396,225.7236,214.0196,192.4856,180.8949
2018-07-14,261.4312,225.7164,214.0127,192.4794,180.8891
2018-07-15,261.4227,225.7091,214.0058,192.4732,180.8833
2018-07-16,261.4143,225.7018,213.9989,192.4669,180.8774
2018-07-17,262.1817,226.1984,214.4860,192.8068,180.9637
2018-07-18,264.3171,227.5913,215.3415,193.1784,180.9800
2018-07-19,265.2615,228.2147,215.8122,193.4765,181.1695
2018-07-20,266.2163,228.9071,216.3249,193.7697,181.3186
2018-07-21,266.2077,228.8997,216.3179,193.7635,181.3128
2018-07-22,266.1991,228.8923,216.3109,193.7572,181.3069
2018-07-23,266.9912,229.4769,216.7378,194.0282,181.4448
2018-07-24,267.5068,229.9061,217.1029,194.2870,181.6417
2018-07-25,267.5079,229.9132,217.1203,194.3178,181.6266
2018-07-26,267.0788,229.6102,216.8437,194.2123,181.6247
2018-07-27,266.7777,229.4432,216.7398,194.1684,181.6235
2018-07-28,266.7691,229.4358,216.7328,194.1621,181.6176
2018-07-29,266.7606,229.4284,216.7259,194.1559,181.6118
2018-07-30,265.2910,228.4338,216.1650,193.9977,181.5784
2018-07-31,263.5675,227.3216,215.4968,193.7175,181.5494
2018-08-01,263.4760,227.3283,215.4072,193.6302,181.6205
2018-08-02,263.4023,227.3097,215.5134,193.7443,181.7059
2018-08-03,262.2845,226.5785,215.0003,193.5764,181.7390
2018-08-04,262.2760,226.5711,214.9934,193.5701,181.7331
2018-08-05,262.2677,226.5639,214.9865,193.5640,181.7273
2018-08-06,263.3244,227.1923,215.3832,193.8344,181.7834
2018-08-07,263.7611,227.4033,215.5725,194.0066,181.9134
2018-08-08,263.1726,226.9925,215.2927,193.8758,181.9650
2018-08-09,263.2367,227.0541,215.4335,194.0246,182.1338
2018-08-10,262.6927,226.6891,215.1784,193.8914,182.1733
2018-08-11,262.6589,226.6599,215.1507,193.8664,182.1498
2018-08-12,262.6251,226.6307,215.1230,193.8415,182.1264
2018-08-13,262.1779,226.4501,215.1248,193.8804,182.3579
2018-08-14,261.1626,225.7248,214.6062,193.6251,182.3733
2018-08-15,261.1290,225.6958,214.5786,193.6002,182.3499
2018-08-16,261.1925,225.7388,214.7098,193.7832,182.4861
2018-08-17,261.5925,225.9219,214.8614,193.9603,182.6683
2018-08-18,261.5589,225.8928,214.8338,193.9354,182.6448
2018-08-19,261.5252,225.8637,214.8061,193.9104,182.6213
2018-08-20,262.3593,226.3917,215.2587,194.2176,182.8650
2018-08-21,263.7059,227.3550,215.9851,194.6256,183.0907
2018-08-22,263.3271,227.1483,215.8747,194.5172,183.1099
2018-08-23,262.7013,226.8479,215.7292,194.4852,183.1161
2018-08-24,263.1116,227.1772,215.9602,194.5878,183.1720
2018-08-25,263.0777,227.1480,215.9324,194.5628,183.1484
2018-08-26,263.0439,227.1187,215.9046,194.5377,183.1249
2018-08-27,262.8814,226.9345,215.7643,194.5081,183.1217
2018-08-28,263.2277,227.2274,215.9628,194.6757,183.1943
2018-08-29,264.2044,227.7476,216.1446,194.4700,182.8525
2018-08-30,266.9644,229.2926,216.9751,194.6740,182.6491
2018-08-31,267.3377,229.5414,217.0926,194.6251,182.5953
2018-09-01,267.3033,229.5118,217.0647,194.6001,182.5718
2018-09-02,267.2688,229.4822,217.0367,194.5750,182.5483
2018-09-03,268.3603,230.1570,217.5596,194.9897,182.8223
2018-09-04,268.5892,230.3177,217.7221,195.1716,183.0030
2018-09-05,269.0035,230.4702,217.9111,195.2898,183.2062
2018-09-06,266.5174,228.7535,216.6919,194.6310,182.9044
2018-09-07,264.4016,227.4511,215.7900,194.2196,182.7776
2018-09-08,264.3676,227.4219,215.7623,194.1946,182.7541
2018-09-09,264.3336,227.3926,215.7345,194.1696,182.7306
2018-09-10,264.9867,227.8703,215.9324,194.1787,182.5875
2018-09-11,265.4386,227.9575,215.9070,194.0649,182.4017
2018-09-12,265.8892,228.2146,216.1137,194.2027,182.5401
2018-09-13,265.1317,227.7958,215.8793,194.1293,182.5697
2018-09-14,264.9997,227.8981,216.0614,194.3186,182.8466
2018-09-15,264.9820,227.8829,216.0470,194.3056,182.8345
2018-09-16,264.9644,227.8677,216.0327,194.2927,182.8223
2018-09-17,264.9468,227.8525,216.0183,194.2797,182.8101
2018-09-18,264.9291,227.8374,216.0039,194.2668,182.7979
2018-09-19,264.9115,227.8222,215.9895,194.2539,182.7858
2018-09-20,267.5769,229.5452,217.3052,195.0792,182.9467
2018-09-21,266.6936,229.0413,216.9396,194.8824,182.9243
2018-09-22,266.6758,229.0260,216.9252,194.8694,182.9122
2018-09-23,266.6581,229.0108,216.9108,194.8565,182.9000
2018-09-24,265.7290,228.4865,216.6258,194.7677,182.9011
2018-09-25,264.4467,227.5706,215.9979,194.4041,182.6490
2018-09-26,265.2909,228.0156,216.2286,194.4271,182.5466
2018-09-27,263.8757,227.0245,215.4247,193.8486,182.0890
2018-09-28,263.3023,226.7274,215.3287,193.9935,182.2332
2018-09-29,263.2848,226.7124,215.3143,193.9806,182.2211
2018-09-30,263.2671,226.6972,215.2999,193.9677,182.2089
2018-10-01,262.3654,226.1610,215.0517,193.9872,182.3595
2018-10-02,261.1450,225.3633,214.6241,193.9067,182.4775
2018-10-03,261.4425,225.5943,214.8819,194.2182,182.6104
2018-10-04,261.9703,225.9885,215.1411,194.4060,182.6403
2018-10-05,262.3484,226.1077,215.1570,194.2443,182.4057
2018-10-06,262.3309,226.0927,215.1427,194.2313,182.3936
2018-10-07,262.3135,226.0776,215.1284,194.2184,182.3814
2018-10-08,261.4744,225.3880,214.6074,193.9341,182.2033
2018-10-09,263.4840,226.6311,215.5208,194.5476,182.3147
2018-10-10,263.5256,226.6413,215.4200,194.4307,182.2158
2018-10-11,260.6481,224.8215,214.3022,193.6914,181.7941
2018-10-12,256.5338,221.9717,212.2210,192.4573,181.1426
2018-10-13,256.5091,221.9503,212.2006,192.4388,181.1251
2018-10-14,256.4843,221.9289,212.1800,192.4202,181.1076
2018-10-15,256.4595,221.9074,212.1595,192.4015,181.0901
2018-10-16,256.5464,222.0943,212.1551,192.3337,181.0626
2018-10-17,256.4322,221.8495,211.8474,192.1689,180.8958
2018-10-18,256.6335,221.9073,211.9585,192.2221,180.7489
2018-10-19,255.2903,221.1285,211.5839,192.0727,180.8017
2018-10-20,255.2656,221.1071,211.5635,192.0541,180.7842
2018-10-21,255.2409,221.0857,211.5430,192.0355,180.7667
2018-10-22,255.4982,221.2805,211.7554,192.2826,181.0178
2018-10-23,257.0234,222.3526,212.5826,192.7301,181.1616
2018-10-24,255.5598,221.4735,212.1570,192.6846,181.3445
2018-10-25,253.9389,220.6432,211.8585,192.4954,181.3019
2018-10-26,253.8907,220.4983,211.5192,192.3549,181.3040
2018-10-27,253.8661,220.4769,211.4987,192.3363,181.2865
2018-10-28,253.8416,220.4556,211.4783,192.3178,181.2689
2018-10-29,253.1610,220.1003,211.4261,192.4167,181.3162
2018-10-30,251.8698,219.2021,210.7616,191.9605,181.0697
2018-10-31,252.7921,219.5566,210.7573,191.9791,180.9752
2018-11-01,252.7676,219.5353,210.7369,191.9605,180.9577
2018-11-02,252.7432,219.5141,210.7166,191.9420,180.9402
2018-11-03,252.7188,219.4929,210.6962,191.9234,180.9227
2018-11-04,252.6944,219.4717,210.6759,191.9049,180.9052
2018-11-05,261.0569,225.0247,214.4365,193.7116,181.3967
2018-11-06,257.9210,223.2131,213.4370,193.4533,181.6920
2018-11-07,257.2640,222.8441,213.2798,193.4647,181.7969
2018-11-08,257.9556,223.2205,213.3615,193.4560,181.7909
2018-11-09,257.0521,222.7700,213.0780,193.2521,181.7411
2018-11-10,257.0179,222.7404,213.0497,193.2264,181.7169
2018-11-11,256.9837,222.7107,213.0213,193.2007,181.6927
2018-11-12,255.7559,221.7757,212.3672,192.8659,181.5375
2018-11-13,254.8338,221.2005,212.0988,192.7766,181.5557
2018-11-14,255.3019,221.4255,212.0891,192.5708,181.4331
2018-11-15,254.6839,221.0195,211.8730,192.4695,181.3789
2018-11-16,254.0911,220.6512,211.5886,192.3303,181.3800
2018-11-17,254.0573,220.6219,211.5605,192.3048,181.3560
2018-11-18,254.0235,220.5925,211.5323,192.2792,181.3318
2018-11-19,253.2205,220.1513,211.3106,192.2656,181.4561
2018-11-20,252.1067,219.4836,211.0094,192.1144,181.3901
2018-11-21,248.8973,217.5677,209.8791,191.7082,181.4917
2018-11-22,248.9746,217.5902,209.8307,191.6815,181.5022
2018-11-23,248.7926,217.4236,209.7429,191.6426,181.4272
2018-11-24,248.7595,217.3947,209.7150,191.6171,181.4030
2018-11-25,248.7264,217.3658,209.6871,191.5916,181.3789
2018-11-26,249.4702,217.8686,210.0304,191.6798,181.3551
2018-11-27,251.0856,218.7827,210.4265,191.6848,181.3181
2018-11-28,251.2430,218.8520,210.5687,191.9031,181.4663
2018-11-29,252.2296,219.3340,210.7936,192.0295,181.4716
2018-11-30,252.5015,219.6254,211.1848,192.3509,181.6681
2018-12-01,252.4679,219.5962,211.1568,192.3253,181.6439
2018-12-02,252.4343,219.5669,211.1286,192.2997,181.6197
2018-12-03,252.6598,219.7572,211.2451,192.4392,181.7140
2018-12-04,254.4226,220.8988,212.0408,192.8257,181.8675
2018-12-05,252.8030,220.1095,211.7360,192.6673,181.7983
2018-12-06,252.4502,219.7549,211.5290,192.5835,181.8069
2018-12-07,250.9064,218.6946,210.9354,192.4540,181.9425
2018-12-08,250.8730,218.6655,210.9074,192.4283,181.9182
2018-12-09,250.8397,218.6364,210.8794,192.4028,181.8941
2018-12-10,249.3385,217.8667,210.5977,192.3483,181.9908
2018-12-11,247.1244,216.2922,209.4862,191.8179,181.8463
2018-12-12,248.4397,217.2031,210.0484,192.1197,181.9880
2018-12-13,250.6001,218.6324,210.9852,192.5618,182.1063
2018-12-14,252.0186,219.6156,211.6608,192.8120,182.1067
2018-12-15,252.0186,219.6156,211.6608,192.8120,182.1067
2018-12-16,252.0186,219.6156,211.6608,192.8120,182.1067
2018-12-17,251.3619,219.2025,211.4435,192.6562,182.0246
2018-12-18,249.5983,218.0076,210.8016,192.3289,181.9333
2018-12-19,249.8917,218.2509,211.0630,192.5534,182.1026
2018-12-20,249.4382,218.0394,211.1351,192.6729,182.2815
2018-12-21,247.6601,216.9622,210.5873,192.5433,182.3711
2018-12-22,247.6601,216.9622,210.5873,192.5433,182.3711
2018-12-23,247.6601,216.9622,210.5873,192.5433,182.3711
2018-12-24,246.7884,216.5323,210.4681,192.5915,182.5311
2018-12-25,246.7884,216.5323,210.4681,192.5915,182.5311
2018-12-26,245.9060,216.0428,210.2570,192.4324,182.4503
2018-12-27,247.4690,216.9783,210.8275,192.9484,182.8837
2018-12-28,248.7656,217.8033,211.4437,193.4002,183.1313
2018-12-29,248.7656,217.8033,211.4437,193.4002,183.1313
2018-12-30,248.7656,217.8033,211.4437,193.4002,183.1313
2018-12-31,250.2508,218.8804,212.2367,193.8704,183.3343
2019-01-01,250.2508,218.8804,212.2367,193.8704,183.3343
2019-01-02,250.7613,219.2789,212.4816,194.0636,183.4720
2019-01-03,251.2306,219.5875,212.9031,194.6116,183.7670
2019-01-04,250.3974,219.1976,213.0034,194.9039,184.0145
2019-01-05,250.3974,219.1976,213.0034,194.9039,184.0145
2019-01-06,250.3974,219.1976,213.0034,194.9039,184.0145
2019-01-07,251.5716,219.9688,213.4389,195.3062,184.3228
2019-01-08,251.5599,219.8947,213.2660,194.9867,184.0185
2019-01-09,252.6685,220.6854,213.9118,195.5450,184.3875
2019-01-10,255.0179,222.1294,214.6799,195.7247,184.1898
2019-01-11,255.4213,222.4830,214.8192,195.6998,184.1400
2019-01-12,255.4295,222.4902,214.8262,195.7061,184.1460
2019-01-13,255.4377,222.4974,214.8331,195.7124,184.1519
2019-01-14,255.4225,222.5956,214.9610,195.7414,184.1926
2019-01-15,254.4263,221.9794,214.6566,195.7083,184.2868
2019-01-16,255.4251,222.7399,215.1504,195.9819,184.4381
2019-01-17,256.1640,223.2574,215.4922,196.1101,184.4773
2019-01-18,256.4515,223.3623,215.4345,195.9348,184.2753
2019-01-19,256.4598,223.3695,215.4414,195.9411,184.2812
2019-01-20,256.4680,223.3766,215.4483,195.9474,184.2871
2019-01-21,257.9228,224.2941,215.8967,196.0745,184.2308
2019-01-22,258.6187,224.6593,215.9372,195.8536,183.9424
2019-01-23,256.6470,223.3568,215.1417,195.4702,183.8451
2019-01-24,256.8909,223.5198,215.4083,195.8352,184.0800
2019-01-25,257.5986,224.0895,215.9406,196.2632,184.3342
2019-01-26,257.6069,224.0967,215.9476,196.2695,184.3402
2019-01-27,257.6152,224.1039,215.9546,196.2758,184.3462
2019-01-28,258.3176,224.7117,216.5530,196.7626,184.7052
2019-01-29,258.4961,224.9057,216.7966,196.8604,184.7496
2019-01-30,258.1981,224.6853,216.7073,196.9459,184.8781
2019-01-31,258.2252,224.6673,216.5821,196.9379,184.9014
2019-02-01,258.0280,224.7315,216.8832,197.3826,185.2802
2019-02-02,258.0363,224.7388,216.8902,197.3890,185.2862
2019-02-03,258.0447,224.7460,216.8973,197.3953,185.2922
2019-02-04,257.7572,224.7851,217.0948,197.6469,185.4955
2019-02-05,257.8678,224.9097,217.3013,197.8794,185.7256
2019-02-06,258.3006,225.2028,217.5900,198.0998,185.8657
2019-02-07,257.9044,224.9534,217.4557,197.9527,185.8426
2019-02-08,256.7270,224.2093,216.9204,197.6102,185.7268
2019-02-09,256.7353,224.2165,216.9274,197.6166,185.7328
2019-02-10,256.7262,224.2085,216.9197,197.6096,185.7261
2019-02-11,255.8422,223.6032,216.5786,197.5656,185.8569
2019-02-12,257.0468,224.5203,217.3577,198.1187,186.2364
2019-02-13,258.4424,225.2953,217.7240,198.2364,186.1058
2019-02-14,259.2805,225.8460,218.0459,198.3114,186.0774
2019-02-15,260.5625,226.6410,218.7436,198.8420,186.3133
2019-02-16,260.5532,226.6330,218.7359,198.8350,186.3066
2019-02-17,260.5438,226.6248,218.7280,198.8278,186.3000
2019-02-18,260.2238,226.2989,218.3353,198.5841,186.1821
2019-02-19,259.9114,226.1608,218.2839,198.5244,186.1243
2019-02-20,259.6676,226.0300,218.3410,198.7213,186.3727
2019-02-21,259.6559,226.1705,218.3846,198.6717,186.3828
2019-02-22,259.4290,226.0502,218.2912,198.5912,186.3704
2019-02-23,259.4196,226.0420,218.2834,198.5840,186.3637
2019-02-24,259.4104,226.0340,218.2756,198.5770,186.3571
2019-02-25,260.0947,226.5311,218.5850,198.7457,186.4421
2019-02-26,260.6967,227.0702,218.9753,198.9237,186.4843
2019-02-27,260.3238,226.8117,218.8465,198.8602,186.4209
2019-02-28,259.4071,226.0935,218.1610,198.4936,186.1609
2019-03-01,258.5730,225.5431,217.7156,198.2988,186.1037
2019-03-02,258.5638,225.5351,217.7079,198.2918,186.0971
2019-03-03,258.5546,225.5270,217.7001,198.2847,186.0905
2019-03-04,260.3334,226.6276,218.2876,198.3877,186.0026
2019-03-05,260.7754,226.8263,218.3105,198.2660,185.7793
2019-03-06,260.1285,226.5562,218.1482,198.2948,185.9241
2019-03-07,259.9263,226.5001,218.2416,198.3507,186.0435
2019-03-08,259.2148,226.1096,218.1678,198.4714,186.2894
2019-03-09,259.2055,226.1015,218.1600,198.4643,186.2827
2019-03-10,259.2055,226.1015,218.1600,198.4643,186.2827
2019-03-11,260.1227,226.6712,218.6990,198.9247,186.5966
2019-03-12,262.4703,228.2323,219.7500,199.5271,186.8669
2019-03-13,262.9763,228.5921,219.9614,199.5948,186.8011
2019-03-14,263.0995,228.7049,220.1216,199.8332,187.0319
2019-03-15,264.1445,229.4134,220.6641,200.1308,187.1606
2019-03-16,264.1445,229.4134,220.6641,200.1308,187.1606
2019-03-17,264.1445,229.4134,220.6641,200.1308,187.1606
2019-03-18,265.1523,230.1430,221.2696,200.5493,187.3936
2019-03-19,265.8996,230.7253,221.7173,200.8279,187.5104
2019-03-20,265.7253,230.7089,221.8874,201.1057,187.7856
2019-03-21,265.2519,230.4888,221.9546,201.3475,188.0245
2019-03-22,264.8365,230.3823,222.1057,201.7359,188.5135
2019-03-23,264.8365,230.3823,222.1057,201.7359,188.5135
2019-03-24,264.8365,230.3823,222.1057,201.7359,188.5135
2019-03-25,265.2805,230.7951,222.8769,202.3650,188.9913
2019-03-26,264.2533,230.0830,222.4410,202.2979,189.1752
2019-03-27,265.4853,230.8920,222.9942,202.5598,189.1744
2019-03-28,265.7490,231.2145,223.4479,202.8826,189.5436
2019-03-29,265.3407,230.9799,223.2404,202.8219,189.6014
2019-03-30,265.3407,230.9799,223.2404,202.8219,189.6014
2019-03-31,265.3407,230.9799,223.2404,202.8219,189.6014
2019-04-01,266.5432,231.8617,223.7467,203.0062,189.6192
2019-04-02,267.4710,232.4528,224.0996,203.1596,189.5803
2019-04-03,266.7060,231.9318,223.7690,203.0510,189.6110
2019-04-04,267.1719,232.3157,223.9342,203.0792,189.5922
2019-04-05,267.1951,232.2913,223.8699,203.0714,189.5591
2019-04-06,267.1951,232.2913,223.8699,203.0714,189.5591
2019-04-07,267.1951,232.2913,223.8699,203.0714,189.5591
2019-04-08,267.5355,232.6255,224.2058,203.4279,189.8448
2019-04-09,267.5429,232.8186,224.5671,203.8833,190.2544
2019-04-10,267.4986,233.0664,225.1047,204.4707,190.8339
2019-04-11,267.7523,233.2859,225.3893,204.8083,191.1657
2019-04-12,267.1394,232.8434,225.0034,204.5224,191.0020
2019-04-13,267.0950,232.8046,224.9659,204.4883,190.9702
2019-04-14,267.0506,232.7660,224.9286,204.4544,190.9385
2019-04-15,266.5456,232.3919,224.4966,204.0537,190.7751
2019-04-16,267.0818,232.7264,224.7991,204.2577,190.8092
2019-04-17,267.9673,233.2791,225.0277,204.2434,190.6741
2019-04-18,266.9902,232.7487,224.7594,204.1432,190.7503
2019-04-19,266.9458,232.7100,224.7220,204.1092,190.7185
2019-04-20,266.9015,232.6714,224.6846,204.0753,190.6868
2019-04-21,266.8571,232.6327,224.6473,204.0414,190.6552
2019-04-22,267.1000,232.8145,224.9169,204.3928,190.9506
2019-04-23,267.2168,232.8362,224.9128,204.3415,190.8543
2019-04-24,268.2524,233.4027,225.2624,204.5845,190.9172
2019-04-25,268.5935,233.6155,225.3383,204.4968,190.8626
2019-04-26,268.8610,233.5803,225.2184,204.3250,190.6194
2019-04-27,268.8163,233.5416,225.1810,204.2910,190.5878
2019-04-28,268.7716,233.5027,225.1435,204.2571,190.5561
2019-04-29,268.8239,233.5665,225.2145,204.3317,190.5816
2019-04-30,270.2041,234.4544,225.6646,204.4074,190.4234
2019-05-01,270.1592,234.4154,225.6270,204.3734,190.3917
2019-05-02,270.3088,234.5500,225.8076,204.4791,190.4420
2019-05-03,271.0655,234.9305,225.9502,204.4612,190.3917
2019-05-04,271.0205,234.8915,225.9126,204.4272,190.3601
2019-05-05,270.9754,234.8525,225.8751,204.3932,190.3284
2019-05-06,270.7251,234.6727,225.6681,204.3696,190.4465
2019-05-07,269.1688,233.6672,225.0572,204.1994,190.4494
2019-05-08,267.3385,232.3936,224.3513,203.8280,190.2885
2019-05-09,266.8422,232.0968,224.0885,203.7932,190.3237
2019-05-10,266.3992,231.8075,223.9937,203.7827,190.3322
2019-05-11,266.3736,231.7852,223.9721,203.7630,190.3139
2019-05-12,266.3478,231.7627,223.9505,203.7433,190.2955
2019-05-13,265.6004,231.3063,223.6460,203.6493,190.3965
2019-05-14,263.8944,230.2710,223.2541,203.5742,190.5234
2019-05-15,264.4084,230.5195,223.2267,203.5578,190.4896
2019-05-16,264.9922,230.9421,223.5541,203.7209,190.5721
2019-05-17,265.1440,231.0281,223.5285,203.6664,190.5835
2019-05-18,265.1184,231.0058,223.5069,203.6467,190.5651
2019-05-19,265.0928,230.9835,223.4853,203.6271,190.5467
2019-05-20,264.5285,230.6003,223.3731,203.6197,190.5963
2019-05-21,264.5029,230.5780,223.3515,203.6000,190.5779
2019-05-22,265.2204,230.9327,223.5976,203.8987,190.6829
2019-05-23,265.0856,230.8826,223.6561,204.0206,190.8014
2019-05-24,263.4083,229.7927,223.2971,204.1740,191.1406
2019-05-25,263.3829,229.7705,223.2756,204.1543,191.1222
2019-05-26,263.3573,229.7482,223.2539,204.1345,191.1036
2019-05-27,263.1984,229.7207,223.2889,204.2141,191.2261
2019-05-28,263.6858,230.1675,223.8631,204.8058,191.6506
2019-05-29,265.3299,231.3295,225.0514,205.7878,192.1934
2019-05-30,265.9939,231.9864,226.0046,206.8060,193.0398
2019-05-31,266.5197,232.4132,226.2112,206.7530,192.9124
2019-06-01,266.4940,232.3908,226.1893,206.7330,192.8938
2019-06-02,266.4683,232.3684,226.1675,206.7131,192.8752
2019-06-03,266.7443,232.8106,226.7931,207.3164,193.3388
2019-06-04,266.3171,232.6745,226.7414,207.3574,193.5170
2019-06-05,265.7528,232.2831,226.4227,207.2930,193.6306
2019-06-06,264.7622,231.7651,226.4570,207.6769,194.1169
2019-06-07,264.5215,231.5973,226.4486,207.8717,194.2892
2019-06-08,264.4959,231.5748,226.4267,207.8516,194.2704
2019-06-09,264.4704,231.5525,226.4048,207.8315,194.2516
2019-06-10,265.5593,232.3958,227.2923,208.6660,194.8863
2019-06-11,268.8664,235.1848,230.4086,211.4175,197.0165
2019-06-12,269.9018,236.1331,231.3001,212.1146,197.4142
2019-06-13,269.2157,235.7605,231.1688,212.1656,197.5049
2019-06-14,269.6962,236.0047,231.2827,212.2203,197.4695
2019-06-15,269.6424,235.9577,231.2367,212.1781,197.4302
2019-06-16,269.5887,235.9106,231.1905,212.1357,197.3908
2019-06-17,268.9079,235.3140,230.6470,211.6401,196.9934
2019-06-18,268.7548,235.1835,230.5437,211.5806,196.9690
2019-06-19,270.3573,236.2661,231.3266,212.1137,197.2045
2019-06-20,271.1086,236.7544,231.7366,212.3257,197.2211
2019-06-21,270.8682,236.8856,232.1415,212.9144,197.7524
2019-06-22,270.8143,236.8384,232.0952,212.8719,197.7131
2019-06-23,270.7602,236.7912,232.0489,212.8295,197.6736
2019-06-24,270.3078,236.5427,231.9257,212.7853,197.6708
2019-06-25,270.0082,236.3575,231.7343,212.5834,197.5205
2019-06-26,267.8911,234.9618,230.7616,211.9824,197.2548
2019-06-27,268.4439,235.0925,230.4335,211.3889,196.5500
2019-06-28,269.0519,235.4948,230.6838,211.5006,196.5848
2019-06-29,268.9982,235.4478,230.6377,211.4583,196.5456
2019-06-30,268.9446,235.4009,230.5918,211.4162,196.5064
2019-07-01,269.5322,235.8872,231.1399,211.9112,196.8973
2019-07-02,270.7927,236.6769,231.6090,212.0509,196.7798
2019-07-03,271.5289,237.2226,232.1226,212.4493,197.0608
2019-07-04,271.8087,237.4298,232.3762,212.7708,197.2915
2019-07-05,271.6071,237.3600,232.3878,212.8523,197.3846
2019-07-06,271.5529,237.3126,232.3415,212.8099,197.3453
2019-07-07,271.4988,237.2653,232.2951,212.7674,197.3059
2019-07-08,272.4908,237.7322,232.3244,212.5495,196.9013
2019-07-09,272.0651,237.3663,232.1221,212.5525,196.9347
2019-07-10,272.2392,237.5135,232.2490,212.7370,197.0489
2019-07-11,272.4574,237.7429,232.6151,213.1926,197.4485
2019-07-12,272.4136,237.7986,232.7027,213.3067,197.5538
2019-07-13,272.4136,237.7986,232.7027,213.3067,197.5538
2019-07-14,272.4136,237.7986,232.7027,213.3067,197.5538
2019-07-15,271.7403,237.3498,232.3454,213.1415,197.5630
2019-07-16,271.7403,237.3498,232.3454,213.1415,197.5630
2019-07-17,271.4700,237.2946,232.4238,213.2129,197.6953
2019-07-18,271.3496,237.3424,232.7605,213.6802,198.0787
2019-07-19,271.6209,237.5936,233.1456,214.1690,198.5279
2019-07-20,271.6209,237.5936,233.1456,214.1690,198.5279
2019-07-21,271.6209,237.5936,233.1456,214.1690,198.5279
2019-07-22,272.3723,238.3600,234.2907,215.3376,199.5085
2019-07-23,272.7873,238.7679,234.8740,215.9882,200.0112
2019-07-24,273.8303,239.5822,235.8012,216.8746,200.6542
2019-07-25,274.3515,240.1159,236.5209,217.7155,201.2928
2019-07-26,274.6477,240.3681,236.8366,217.8925,201.3979
2019-07-27,274.6477,240.3681,236.8366,217.8925,201.3979
2019-07-28,274.6477,240.3681,236.8366,217.8925,201.3979
2019-07-29,275.5122,240.9654,237.2294,218.2269,201.6641
2019-07-30,275.3530,240.8680,237.3629,218.4633,201.8711
2019-07-31,275.3737,240.9160,237.3972,218.5610,201.9984
2019-08-01,274.4930,240.5657,237.6378,219.0136,202.4457
2019-08-02,273.7330,240.1518,237.4857,219.0440,202.5856
2019-08-03,273.7330,240.1518,237.4857,219.0440,202.5856
2019-08-04,273.7330,240.1518,237.4857,219.0440,202.5856
2019-08-05,272.0825,239.0594,237.1449,219.3873,203.1760
2019-08-06,269.1458,237.3522,236.8910,220.0190,204.0448
2019-08-07,268.6241,237.0770,236.7403,220.1270,204.2877
2019-08-08,269.3467,237.7529,237.7747,221.2420,205.1797
2019-08-09,270.4728,238.5840,237.9984,221.1654,205.0693
2019-08-10,270.4554,238.5687,237.9830,221.1512,205.0561
2019-08-11,270.4380,238.5533,237.9677,221.1369,205.0429
2019-08-12,270.3525,238.5446,238.1130,221.2688,205.1760
2019-08-13,268.5144,237.3897,237.4097,220.9199,205.2222
2019-08-14,266.6957,236.1569,236.2660,220.3159,205.0625
2019-08-15,266.6785,236.1417,236.2508,220.3017,205.0493
2019-08-16,263.9287,234.5148,235.5862,220.1414,205.3149
2019-08-17,263.9116,234.4996,235.5709,220.1271,205.3016
2019-08-18,263.8946,234.4845,235.5558,220.1130,205.2884
2019-08-19,265.5575,235.6687,236.3332,220.6647,205.6384
2019-08-20,267.4089,236.8970,237.1199,221.0511,205.8756
2019-08-21,266.8289,236.4798,237.0081,221.0342,205.8542
2019-08-22,267.6575,237.1713,237.6864,221.6725,206.2462
2019-08-23,267.5431,237.0002,237.5847,221.5766,206.1542
2019-08-24,267.5258,236.9848,237.5693,221.5623,206.1409
2019-08-25,267.5086,236.9696,237.5541,221.5480,206.1276
2019-08-26,265.6693,235.8971,237.2122,221.5332,206.2424
2019-08-27,265.4805,235.6872,236.8888,221.3345,206.1580
2019-08-28,265.9776,236.1246,237.3127,221.6418,206.4061
2019-08-29,266.7096,236.5602,237.6025,221.8876,206.5285
2019-08-30,267.9017,237.4022,238.0358,222.0199,206.5688
2019-08-31,267.8844,237.3869,238.0204,222.0056,206.5556
2019-09-01,267.8671,237.3716,238.0051,221.9912,206.5422
2019-09-02,269.5596,238.4985,238.5995,222.0320,206.3281
2019-09-03,270.3030,238.9356,238.8230,222.0829,206.2690
2019-09-04,269.3600,238.3153,238.8315,222.4339,206.7044
2019-09-05,271.4437,240.0221,240.6453,224.1020,207.9818
2019-09-06,272.3468,240.6368,240.8388,223.9952,207.7654
2019-09-07,272.3292,240.6213,240.8232,223.9807,207.7519
2019-09-08,272.3117,240.6058,240.8077,223.9663,207.7386
2019-09-09,271.6873,240.1970,240.5333,223.8432,207.7181
2019-09-10,272.7342,240.8389,240.6890,223.6315,207.4121
2019-09-11,272.9391,240.8735,240.5555,223.4159,207.2473
2019-09-12,274.5188,241.6742,240.5347,222.8101,206.4881
2019-09-13,275.1746,242.2390,240.9805,223.0972,206.6398
2019-09-14,275.1562,242.2229,240.9644,223.0823,206.6260
2019-09-15,275.1379,242.2068,240.9484,223.0675,206.6123
2019-09-16,274.6120,241.6809,240.1031,222.0655,205.8077
2019-09-17,274.7125,241.6562,239.9297,221.7512,205.5316
2019-09-18,274.6943,241.6402,239.9138,221.7365,205.5179
2019-09-19,274.6760,241.6241,239.8978,221.7217,205.5042
2019-09-20,274.6576,241.6079,239.8818,221.7069,205.4905
2019-09-21,274.6394,241.5919,239.8658,221.6922,205.4769
2019-09-22,274.6211,241.5758,239.8498,221.6774,205.4632
2019-09-23,276.5054,242.8715,240.8410,222.1369,205.5979
2019-09-24,277.8227,243.7766,241.4516,222.5179,205.8592
2019-09-25,277.0237,243.3108,241.4428,222.8070,206.2230
2019-09-26,277.0081,243.2859,241.3051,222.8301,206.2905
2019-09-27,277.6756,243.6650,241.3290,222.5365,205.9650
2019-09-28,277.6571,243.6488,241.3129,222.5217,205.9513
2019-09-29,277.6386,243.6326,241.2969,222.5069,205.9376
2019-09-30,278.7426,244.3415,241.7502,222.7644,206.1548
2019-10-01,278.6130,244.1382,241.5771,222.6744,206.1044
2019-10-02,277.7302,243.4169,241.1964,222.3608,205.8485
2019-10-03,275.2020,241.8746,240.4635,222.2617,206.1089
2019-10-04,273.4767,241.0290,240.3540,222.9011,206.9504
2019-10-05,273.4585,241.0129,240.3379,222.8862,206.9366
2019-10-06,273.4403,240.9968,240.3219,222.8714,206.9228
2019-10-07,273.7511,241.3719,240.7352,223.3530,207.3275
2019-10-08,273.8376,241.5610,241.0985,223.6459,207.5795
2019-10-09,274.2090,241.7926,241.4288,223.8256,207.6331
2019-10-10,275.5131,242.8088,242.2529,224.5187,208.1438
2019-10-11,275.2927,242.5780,241.7652,223.9299,207.6662
2019-10-12,275.2927,242.5780,241.7652,223.9299,207.6662
2019-10-13,275.2927,242.5780,241.7652,223.9299,207.6662
2019-10-14,276.4362,243.2399,241.8077,223.4381,207.0689
2019-10-15,276.5198,243.3159,241.7707,223.2565,206.8801
2019-10-16,278.5358,244.5230,242.4889,223.4715,206.8391
2019-10-17,279.9773,245.3196,242.9016,223.3610,206.5098
2019-10-18,279.4509,244.6346,241.2220,221.2182,204.6939
2019-10-19,279.4509,244.6346,241.2220,221.2182,204.6939
2019-10-20,279.4509,244.6346,241.2220,221.2182,204.6939
2019-10-21,278.4461,243.7280,240.2267,220.1880,203.8133
2019-10-22,280.5645,244.4707,240.1946,219.5272,202.6187
2019-10-23,281.4665,244.5046,239.1932,217.8292,200.6800
2019-10-24,281.0739,244.0646,238.9590,217.7980,200.5206
2019-10-25,280.9284,244.1926,239.3949,218.5002,201.3136
2019-10-26,280.9284,244.1926,239.3949,218.5002,201.3136
2019-10-27,280.9284,244.1926,239.3949,218.5002,201.3136
2019-10-28,282.0555,244.9292,239.8291,218.6490,201.2671
2019-10-29,282.9464,245.3516,239.5533,217.8411,200.3663
2019-10-30,282.7412,244.9245,238.8264,216.9033,199.4532
2019-10-31,282.7412,244.9245,238.8264,216.9033,199.4532
2019-11-01,282.7412,244.9245,238.8264,216.9033,199.4532
2019-11-02,282.7412,244.9245,238.8264,216.9033,199.4532
2019-11-03,282.7412,244.9245,238.8264,216.9033,199.4532
2019-11-04,284.8660,245.7741,239.0821,216.5653,198.6909
2019-11-05,287.7592,247.4723,239.7674,216.2794,197.9738
2019-11-06,289.7130,248.4079,240.2592,216.2351,197.5300
2019-11-07,287.6523,247.0069,239.4914,216.0157,197.7000
2019-11-08,287.6877,247.1101,239.8266,216.4162,198.1283
2019-11-09,287.6877,247.1101,239.8266,216.4162,198.1283
2019-11-10,287.6112,247.0444,239.7629,216.3587,198.0756
2019-11-11,288.4859,247.9040,240.6970,217.3037,199.1233
2019-11-12,289.4820,248.3505,241.0052,217.4057,198.9900
2019-11-13,295.4865,251.3513,241.7887,216.1110,196.7083
2019-11-14,296.1579,250.7250,239.4187,212.6417,193.4335
2019-11-15,297.9019,249.3462,234.8929,205.7218,185.6312
2019-11-16,297.8227,249.2799,234.8305,205.6671,185.5818
2019-11-17,297.7436,249.2137,234.7681,205.6125,185.5326
2019-11-18,296.8340,251.0490,239.6871,212.5671,193.0201
2019-11-19,294.8093,250.2418,239.6515,213.1222,194.3151
2019-11-20,297.3262,252.0148,240.9773,213.8328,194.6880
2019-11-21,300.1102,253.5584,241.5310,213.3885,193.8117
2019-11-22,298.8160,252.6676,241.0362,213.2452,193.7634
2019-11-23,298.7367,252.6005,240.9722,213.1885,193.7119
2019-11-24,298.6573,252.5333,240.9081,213.1319,193.6604
2019-11-25,299.1116,252.8376,241.1984,213.4547,193.9334
2019-11-26,298.7984,252.7433,241.3451,213.8173,194.3656
2019-11-27,298.1195,252.2297,241.2182,214.0375,194.7092
2019-11-28,302.0427,254.7202,242.8007,214.6345,194.6535
2019-11-29,307.3183,257.7952,244.4848,214.9738,194.2491
2019-11-30,307.2367,257.7267,244.4198,214.9166,194.1975
2019-12-01,307.1550,257.6582,244.3549,214.8595,194.1459
2019-12-02,301.6763,254.1122,241.8489,213.5003,193.7576
2019-12-03,298.9948,252.1794,240.2737,212.2093,192.7900
2019-12-04,297.3392,251.0677,239.2874,211.4815,192.3010
2019-12-05,297.2866,251.0707,239.1239,211.2075,192.0701
2019-12-06,295.8321,250.2489,238.1839,210.3454,191.6196
2019-12-07,295.7535,250.1824,238.1206,210.2895,191.5687
2019-12-08,295.6750,250.1160,238.0574,210.2337,191.5178
2019-12-09,295.9154,250.4095,238.4302,210.6657,191.9620
2019-12-10,293.6921,249.0660,237.7395,210.4480,191.9766
2019-12-11,295.4653,250.2724,238.6519,211.0108,192.2732
2019-12-12,295.5167,250.5454,239.3815,211.9720,193.1845
2019-12-13,296.3639,251.2601,240.2842,212.9984,194.0904
2019-12-14,296.3544,251.2520,240.2765,212.9916,194.0842
2019-12-15,296.3448,251.2440,240.2688,212.9847,194.0779
2019-12-16,298.2085,252.8763,242.1597,214.6562,195.3774
2019-12-17,298.0715,253.2190,243.4272,216.7287,197.2462
2019-12-18,296.8618,252.9930,244.4546,218.6780,199.3319
2019-12-19,295.3508,252.0286,243.9017,218.6621,199.3903
2019-12-20,295.3324,252.1024,243.8481,218.6725,199.3122
2019-12-21,295.3229,252.0942,243.8403,218.6655,199.3058
2019-12-22,295.3134,252.0861,243.8325,218.6585,199.2993
2019-12-23,294.9159,251.7662,243.4123,218.2862,199.0541
2019-12-24,296.3328,252.6097,243.9378,218.4041,198.8759
2019-12-25,296.3233,252.6016,243.9300,218.3971,198.8695
2019-12-26,295.2914,251.9254,243.3506,217.9689,198.6621
2019-12-27,294.1027,251.2373,243.0434,218.0394,198.8729
2019-12-28,294.0931,251.2291,243.0355,218.0323,198.8665
2019-12-29,294.0837,251.2211,243.0277,218.0253,198.8601
2019-12-30,294.4111,251.6110,243.6787,218.6653,199.3377
2019-12-31,294.2082,251.5988,243.8488,218.8571,199.5120
2020-01-01,294.1986,251.5906,243.8409,218.8500,199.5055
2020-01-02,295.3561,252.2458,244.1983,218.9952,199.4953
2020-01-03,300.1889,255.4837,246.3882,220.3129,200.1380
2020-01-04,300.1791,255.4754,246.3802,220.3057,200.1315
2020-01-05,300.1695,255.4672,246.3723,220.2986,200.1251
2020-01-06,301.0037,256.1849,247.0756,220.7441,200.4230
2020-01-07,303.9772,258.0587,248.4207,221.4531,200.6566
2020-01-08,305.3959,259.0012,249.0798,221.7039,200.6847
2020-01-09,303.4186,257.7568,248.0856,221.1481,200.4963
2020-01-10,304.6075,258.5565,248.4701,221.1457,200.2906
2020-01-11,304.5976,258.5481,248.4620,221.1385,200.2841
2020-01-12,304.5878,258.5398,248.4541,221.1314,200.2777
2020-01-13,307.0818,260.0501,249.1571,220.8209,199.6901
2020-01-14,310.5960,262.2880,250.6355,221.5728,199.9020
2020-01-15,308.7182,261.1143,249.9257,221.3672,199.9929
2020-01-16,307.8622,260.6238,249.7322,221.4681,200.2828
2020-01-17,309.1049,261.5098,250.5030,222.0600,200.6362
2020-01-18,309.0950,261.5014,250.4949,222.0529,200.6298
2020-01-19,309.0851,261.4930,250.4869,222.0458,200.6233
2020-01-20,309.4323,261.8884,251.0682,222.7903,201.2394
2020-01-21,308.7819,261.4938,251.0794,223.1671,201.6642
2020-01-22,305.6789,259.3980,249.6574,222.4455,201.3542
2020-01-23,306.6776,259.9105,249.7576,222.2750,201.0267
2020-01-24,304.8772,258.6477,248.6268,221.5658,200.6400
2020-01-25,304.8674,258.6394,248.6188,221.5587,200.6336
2020-01-26,304.8575,258.6310,248.6107,221.5515,200.6270
2020-01-27,305.8284,259.2464,248.9223,221.3872,200.4168
2020-01-28,304.4889,258.5322,248.6794,221.3815,200.6505
2020-01-29,305.7158,259.3374,249.1818,221.8061,200.9201
2020-01-30,305.2312,258.9465,248.8832,221.5994,200.7639
2020-01-31,305.9112,259.2858,248.8965,221.3977,200.5378
2020-02-01,305.9012,259.2774,248.8885,221.3905,200.5313
2020-02-02,305.8914,259.2690,248.8805,221.3834,200.5248
2020-02-03,304.3534,258.3876,248.4345,221.0971,200.4979
2020-02-04,301.1667,256.3519,247.1044,220.6192,200.4455
2020-02-05,302.8361,257.5259,247.8657,221.0085,200.6519
2020-02-06,303.4732,257.9548,248.0539,221.0354,200.5826
2020-02-07,305.2894,259.1446,248.8050,221.3346,200.6646
2020-02-08,305.2796,259.1363,248.7971,221.3275,200.6581
2020-02-09,305.2697,259.1279,248.7890,221.3203,200.6516
2020-02-10,305.9378,259.6235,249.3069,221.7156,201.0077
2020-02-11,307.1949,260.4353,249.8271,222.0662,201.1927
2020-02-12,308.3923,261.0764,249.9130,221.7206,200.7186
2020-02-13,308.8658,261.3804,250.0068,221.7577,200.6496
2020-02-14,310.0322,261.9777,250.1426,221.5065,200.2780
2020-02-15,309.9682,261.9237,250.0909,221.4608,200.2366
2020-02-16,309.9044,261.8697,250.0394,221.4152,200.1954
2020-02-17,309.1687,261.3595,249.4638,220.9140,199.8795
2020-02-18,308.8913,261.2072,249.2689,220.7795,199.7706
2020-02-19,308.0759,260.4415,248.2718,219.7860,199.0164
2020-02-20,308.9040,260.6994,247.8538,218.8735,198.0950
2020-02-21,309.8418,260.8404,247.2624,217.5883,196.7508
2020-02-22,309.7778,260.7866,247.2114,217.5434,196.7102
2020-02-23,309.7140,260.7328,247.1604,217.4985,196.6696
2020-02-24,309.7522,260.3947,246.4262,216.4332,195.6345
2020-02-25,303.1036,256.1978,244.4708,216.1362,196.1948
2020-02-26,299.9191,254.3727,243.6408,215.9584,196.4567
2020-02-27,297.2724,252.8527,242.3137,215.0115,195.9231
2020-02-28,292.2073,249.5030,239.7412,213.0716,194.6793
2020-02-29,292.1471,249.4516,239.6918,213.0276,194.6391
2020-03-01,292.0868,249.4001,239.6423,212.9837,194.5990
2020-03-02,287.9358,246.3668,237.4179,211.7813,194.1419
2020-03-03,292.2657,248.9986,238.9362,212.6411,194.6395
2020-03-04,291.2299,248.8403,239.9340,213.8283,195.6730
2020-03-05,294.8891,251.6946,242.7968,216.7217,197.9488
2020-03-06,294.5002,251.6660,243.3753,217.2255,198.3994
2020-03-07,294.4394,251.6141,243.3251,217.1807,198.3585
2020-03-08,294.3787,251.5622,243.2749,217.1359,198.3176
2020-03-09,289.7449,248.8967,241.7930,216.9235,199.0898
2020-03-10,277.6428,241.4079,238.1191,215.6074,199.6631
2020-03-11,279.8217,242.3954,237.8350,215.2896,199.3611
2020-03-12,272.9380,238.0657,235.4329,214.1243,199.2899
2020-03-13,256.5523,226.6677,226.5244,207.3579,195.2095
2020-03-14,256.5192,226.6385,226.4952,207.3312,195.1843
2020-03-15,256.4862,226.6094,226.4661,207.3045,195.1592
2020-03-16,259.5338,228.2414,226.8216,207.7900,195.4935
2020-03-17,242.0824,217.5367,221.6290,206.6511,196.7038
2020-03-18,243.6334,218.0976,221.3346,206.6672,196.6645
2020-03-19,233.1918,210.0087,213.9887,200.4010,192.4700
2020-03-20,231.5445,208.2367,211.1375,197.4555,190.7948
2020-03-21,231.5146,208.2099,211.1103,197.4301,190.7702
2020-03-22,231.4848,208.1830,211.0831,197.4047,190.7457
2020-03-23,231.1342,207.5471,210.3973,195.9711,189.3364
2020-03-24,225.8860,203.5059,206.4716,192.6250,187.2200
2020-03-25,232.2025,207.1026,208.1943,193.1221,187.0192
2020-03-26,237.8400,211.2571,211.9124,195.6998,188.3128
2020-03-27,243.9613,215.9496,215.3718,198.0066,189.4276
2020-03-28,243.9299,215.9218,215.3441,197.9811,189.4032
2020-03-29,243.8985,215.8940,215.3164,197.9556,189.3788
2020-03-30,239.8290,213.4331,214.0058,197.2509,189.1882
2020-03-31,243.7484,215.6874,215.2375,197.7840,189.4072
2020-04-01,246.3374,217.8351,216.8911,198.6288,189.9031
2020-04-02,243.3372,216.1634,217.0314,199.6961,191.3184
2020-04-03,245.5814,217.8110,217.9277,200.1874,191.5598
2020-04-04,245.5497,217.7829,217.8996,200.1616,191.5351
2020-04-05,245.5181,217.7549,217.8715,200.1358,191.5105
2020-04-06,245.2500,217.2957,217.2741,199.1449,190.8838
2020-04-07,250.2564,220.6413,219.1431,200.2634,191.3132
2020-04-08,251.7060,221.8837,220.2741,200.8105,191.3952
2020-04-09,256.1503,224.6534,222.4545,202.3479,192.4234
2020-04-10,256.1248,224.6310,222.4323,202.3277,192.4042
2020-04-11,256.0992,224.6085,222.4101,202.3075,192.3850
2020-04-12,256.0736,224.5861,222.3879,202.2873,192.3658
2020-04-13,256.3933,225.5979,223.9289,204.3401,194.1323
2020-04-14,257.7059,226.6793,225.1995,205.2910,194.5748
2020-04-15,262.3346,229.8977,227.2790,206.3688,194.8867
2020-04-16,261.5320,229.4355,227.3814,206.6907,195.1845
2020-04-17,260.4085,228.6501,226.8938,206.4492,195.1012
2020-04-18,260.3825,228.6273,226.8712,206.4286,195.0817
2020-04-19,260.3565,228.6045,226.8485,206.4080,195.0623
2020-04-20,263.5694,230.9088,228.4769,207.5789,195.7565
2020-04-21,262.3960,230.4275,228.3079,207.7657,195.9738
2020-04-22,259.1955,228.0831,227.1283,207.3164,195.9496
2020-04-23,260.3417,228.8921,227.6489,207.8387,196.3148
2020-04-24,261.1031,229.6146,228.5604,208.5908,196.9813
2020-04-25,261.0770,229.5916,228.5376,208.5700,196.9616
2020-04-26,261.0509,229.5687,228.5148,208.5492,196.9420
2020-04-27,259.9460,228.7855,228.1632,208.6047,197.4765
2020-04-28,263.0725,230.9873,230.0422,209.9450,198.3402
2020-04-29,264.0906,231.8622,230.7895,210.6275,198.6873
2020-04-30,265.1108,232.8356,231.4027,211.1751,199.0406
2020-05-01,265.0844,232.8124,231.3797,211.1541,199.0208
2020-05-02,265.0579,232.7891,231.3565,211.1330,199.0009
2020-05-03,265.0314,232.7660,231.3335,211.1119,198.9811
2020-05-04,261.3919,231.0788,230.9556,211.4141,199.7387
2020-05-05,258.6672,228.8943,229.6067,210.9891,199.7857
2020-05-06,259.4198,229.7143,230.3853,211.8227,200.4595
2020-05-07,260.7093,230.7630,231.2455,212.3561,200.7454
2020-05-08,261.4993,231.4234,231.7945,212.8012,201.1688
2020-05-09,261.4731,231.4003,231.7713,212.7800,201.1487
2020-05-10,261.4731,231.4003,231.7713,212.7800,201.1487
2020-05-11,261.2808,231.2745,231.9916,213.4119,201.7116
2020-05-12,259.9861,230.6284,232.2861,214.3665,202.6550
2020-05-13,257.8152,229.6621,232.3969,215.1686,203.5078
2020-05-14,254.0250,227.2604,231.1037,214.8223,203.5768
2020-05-15,253.6098,226.9316,230.7482,214.7661,203.7167
2020-05-16,253.6098,226.9316,230.7482,214.7661,203.7167
2020-05-17,253.6098,226.9316,230.7482,214.7661,203.7167
2020-05-18,255.0275,227.9759,231.6027,215.4443,204.1538
2020-05-19,259.5862,231.3773,234.2999,217.5137,205.4443
2020-05-20,259.7637,231.7882,235.1402,218.2990,206.0367
2020-05-21,259.7637,231.7882,235.1402,218.2990,206.0367
2020-05-22,257.5750,230.8235,234.8633,218.8927,206.7730
2020-05-23,257.5750,230.8235,234.8633,218.8927,206.7730
2020-05-24,257.5750,230.8235,234.8633,218.8927,206.7730
2020-05-25,256.7758,230.5042,235.8879,220.7496,208.3433
2020-05-26,257.7883,231.2845,236.6964,221.4931,208.8036
2020-05-27,260.3195,232.7811,236.9659,220.9409,207.8702
2020-05-28,264.6507,234.9121,236.6396,218.7981,205.4688
2020-05-29,263.5961,234.5904,237.7835,220.5272,207.1482
2020-05-30,263.5961,234.5904,237.7835,220.5272,207.1482
2020-05-31,263.5961,234.5904,237.7835,220.5272,207.1482
2020-06-01,261.9627,233.6575,237.5713,220.8867,207.5427
2020-06-02,262.1419,233.8825,237.7719,221.0624,207.7220
2020-06-03,263.1792,234.6985,238.0387,220.8436,207.2162
2020-06-04,263.8976,235.0912,237.4000,219.7056,206.1453
2020-06-05,265.9075,235.9647,237.1806,218.5439,204.8991
2020-06-06,265.9075,235.9647,237.1806,218.5439,204.8991
2020-06-07,265.9075,235.9647,237.1806,218.5439,204.8991
2020-06-08,267.9543,237.1629,236.8394,217.3635,203.6854
2020-06-09,271.6299,239.2054,237.2359,216.7086,202.6550
2020-06-10,271.5684,239.1730,237.6358,217.0866,202.9928
2020-06-11,269.3034,238.1974,238.4203,218.8117,204.5081
2020-06-12,266.3086,236.1664,237.6707,218.4794,204.4916
2020-06-13,266.3175,236.1743,237.6787,218.4867,204.4985
2020-06-14,266.3264,236.1822,237.6866,218.4940,204.5053
2020-06-15,268.2141,237.3304,237.7815,218.3836,204.2468
2020-06-16,268.7126,237.5850,237.7919,218.4342,204.3611
2020-06-17,267.7325,237.0231,237.0892,217.7708,203.8486
2020-06-18,273.4695,240.7957,240.0166,219.5897,204.6150
2020-06-19,277.3313,243.7113,242.9200,222.0813,206.2195
2020-06-20,277.3405,243.7193,242.9281,222.0887,206.2263
2020-06-21,277.3498,243.7275,242.9362,222.0961,206.2332
2020-06-22,279.0422,245.3981,245.3903,224.5673,208.2328
2020-06-23,279.0692,245.3039,244.7191,223.6165,207.5107
2020-06-24,280.9614,246.6561,245.9071,224.3703,207.8073
2020-06-25,279.3647,245.7508,245.3733,223.9389,207.6798
2020-06-26,278.1990,245.0507,244.9737,224.1184,208.1336
2020-06-27,278.2082,245.0589,244.9818,224.1258,208.1405
2020-06-28,278.2175,245.0670,244.9900,224.1333,208.1474
2020-06-29,278.2268,245.0752,244.9982,224.1408,208.1544
2020-06-30,277.7031,244.6788,244.3771,223.5577,207.7578
2020-07-01,279.5894,245.7813,244.7228,223.3623,207.3884
2020-07-02,280.2930,246.3972,245.2286,223.8289,207.8075
2020-07-03,280.8542,246.9349,245.2718,223.4762,207.5091
2020-07-04,280.8635,246.9431,245.2799,223.4836,207.5160
2020-07-05,280.8729,246.9513,245.2881,223.4911,207.5229
2020-07-06,282.6177,248.0497,246.1635,223.8491,207.5972
2020-07-07,285.9725,250.6221,248.0733,225.3540,208.5535
2020-07-08,283.7726,249.3543,247.8794,225.6475,208.9829
2020-07-09,282.5339,248.7566,247.8921,226.3040,209.6456
2020-07-10,280.3084,246.9975,246.0245,224.3883,208.0235
2020-07-11,280.3174,247.0054,246.0324,224.3955,208.0302
2020-07-12,280.3265,247.0134,246.0404,224.4028,208.0369
2020-07-13,283.1523,248.6307,246.8588,224.5420,207.8388
2020-07-14,282.7068,248.3679,246.4572,223.9483,207.3839
2020-07-15,283.1565,248.6201,246.5100,224.1960,207.6764
2020-07-16,283.1656,248.6281,246.5180,224.2032,207.6832
2020-07-17,282.0766,247.6433,245.3871,223.2371,206.9210
2020-07-18,282.0857,247.6513,245.3949,223.2443,206.9276
2020-07-19,282.0948,247.6593,245.4029,223.2515,206.9343
2020-07-20,282.2335,247.2941,244.2750,221.7131,205.2781
2020-07-21,283.4192,248.1422,244.7478,221.8397,205.2030
2020-07-22,283.3274,248.1880,245.0463,222.0435,205.2851
2020-07-23,281.6591,247.1277,244.5286,222.1282,205.6948
2020-07-24,279.0957,245.9895,244.7637,223.2812,206.9931
2020-07-25,279.1047,245.9975,244.7717,223.2884,206.9998
2020-07-26,279.1138,246.0055,244.7796,223.2957,207.0066
2020-07-27,278.5136,245.6574,244.9786,223.8029,207.5561
2020-07-28,280.9281,247.1280,245.5509,223.7126,207.0339
2020-07-29,281.1418,247.5066,245.7988,223.8811,207.1963
2020-07-30,279.4574,246.2965,244.9251,223.5396,207.1923
2020-07-31,276.9237,244.4796,243.3928,222.5405,206.6779
2020-08-01,276.9327,244.4875,243.4007,222.5477,206.6846
2020-08-02,276.9416,244.4953,243.4085,222.5549,206.6912
2020-08-03,277.8186,245.2962,244.1344,223.0593,207.1477
2020-08-04,279.5851,246.4965,244.9289,223.5664,207.4223
2020-08-05,282.5226,248.3924,246.5496,224.5399,207.8544
2020-08-06,285.6268,250.5820,248.4062,225.7235,208.4156
2020-08-07,286.3487,251.1133,248.4539,225.4996,208.2167
2020-08-08,286.3579,251.1214,248.4619,225.5068,208.2234
2020-08-09,286.3672,251.1295,248.4700,225.5142,208.2301
2020-08-10,287.7185,252.0341,248.6757,225.4479,208.1379
2020-08-11,291.5348,254.5374,250.5344,226.5856,208.6936
2020-08-12,290.9743,254.3654,250.6959,226.9380,208.9531
2020-08-13,291.5090,254.7889,250.8623,227.0218,209.0452
2020-08-14,292.3417,255.3979,251.5838,227.7006,209.4222
2020-08-15,292.3323,255.3897,251.5757,227.6933,209.4155
2020-08-16,292.3228,255.3814,251.5675,227.6859,209.4087
2020-08-17,293.4134,256.0051,251.9736,227.9221,209.5308
2020-08-18,295.7998,257.7450,253.0707,228.3984,209.7269
2020-08-19,294.1982,256.6694,252.3714,227.9451,209.4832
2020-08-20,289.5480,253.7570,250.7563,227.6822,209.8696
2020-08-21,288.9297,253.2374,250.5128,227.5982,209.9431
2020-08-22,288.9205,253.2293,250.5048,227.5909,209.9363
2020-08-23,288.9111,253.2211,250.4966,227.5835,209.9295
2020-08-24,291.4675,254.9601,251.7775,228.1212,210.1242
2020-08-25,292.2191,255.7079,252.4821,228.8804,210.7355
2020-08-26,291.5630,255.4018,252.6806,229.3132,211.1674
2020-08-27,292.5662,256.2155,253.5848,230.0402,211.7379
2020-08-28,292.2475,255.9202,253.2616,229.8712,211.6430
2020-08-29,292.2380,255.9119,253.2534,229.8637,211.6362
2020-08-30,292.2287,255.9037,253.2453,229.8563,211.6294
2020-08-31,292.2606,255.9897,253.1183,229.7868,211.4817
2020-09-01,289.6133,254.0318,251.8211,229.0118,211.1203
2020-09-02,289.5868,254.0331,251.9978,229.2588,211.2367
2020-09-03,291.1727,255.0050,252.2148,229.0874,211.0147
2020-09-04,289.2591,253.7951,251.6221,228.6842,210.8657
2020-09-05,289.2497,253.7869,251.6140,228.6767,210.8588
2020-09-06,289.2404,253.7787,251.6059,228.6694,210.8521
2020-09-07,286.9335,252.1707,250.3267,228.0275,210.6013
2020-09-08,286.7054,252.0095,250.0256,227.7630,210.4080
2020-09-09,284.7620,250.7547,249.1909,227.1829,210.1023
2020-09-10,283.4900,249.7597,248.2144,226.6723,209.8248
2020-09-11,281.6545,248.2727,247.1986,225.8522,209.1348
2020-09-12,281.6450,248.2644,247.1904,225.8446,209.1278
2020-09-13,281.6357,248.2561,247.1822,225.8371,209.1209
2020-09-14,282.8042,248.7393,247.2195,225.2339,208.5601
2020-09-15,285.1759,250.3296,248.3118,225.9025,208.9029
2020-09-16,284.2731,249.7808,248.0772,225.7715,208.8195
2020-09-17,284.7370,250.0288,248.1345,225.5845,208.5601
2020-09-18,284.7275,250.0205,248.1263,225.5771,208.5532
2020-09-19,284.7180,250.0122,248.1180,225.5695,208.5463
2020-09-20,284.7085,250.0038,248.1097,225.5620,208.5393
2020-09-21,283.9876,249.2955,247.3118,224.5482,207.9040
2020-09-22,282.1729,247.9238,246.4257,224.1972,207.8995
2020-09-23,282.3926,248.0995,246.2473,224.0363,207.7960
2020-09-24,281.2683,247.3155,245.8012,223.6094,207.5076
2020-09-25,281.9975,247.3391,244.9152,222.3465,206.4920
2020-09-26,281.9882,247.3310,244.9071,222.3392,206.4851
2020-09-27,281.9788,247.3227,244.8989,222.3317,206.4782
2020-09-28,282.2330,247.4521,244.4440,221.8137,206.1312
2020-09-29,283.7790,248.3756,244.5514,221.1951,205.5179
2020-09-30,283.4116,247.9610,244.2334,220.7770,205.0185
2020-10-01,285.8601,249.7400,245.3175,221.2189,205.0102
2020-10-02,286.0586,250.0941,245.7368,221.6698,205.4985
2020-10-03,286.0491,250.0858,245.7286,221.6624,205.4916
2020-10-04,286.0396,250.0775,245.7205,221.6551,205.4848
2020-10-05,286.9060,250.8537,246.8698,222.7661,206.3784
2020-10-06,290.4343,253.1912,248.2917,223.3699,206.4817
2020-10-07,290.8486,253.5456,248.5539,223.3097,206.1978
2020-10-08,291.1242,253.6211,248.3314,223.1276,206.0782
2020-10-09,294.1598,255.7115,249.8616,224.0649,206.6219
2020-10-10,294.1031,255.6622,249.8134,224.0217,206.5820
2020-10-11,294.0463,255.6129,249.7653,223.9785,206.5422
2020-10-12,293.9895,255.5635,249.7170,223.9352,206.5023
2020-10-13,297.7819,258.4255,251.8970,225.3383,207.2719
2020-10-14,297.6106,258.2513,251.8535,225.1080,207.0172
2020-10-15,297.7376,258.3402,252.0740,225.2305,207.0684
2020-10-16,296.5074,257.4007,251.1576,224.7912,206.9650
2020-10-17,296.4502,257.3510,251.1091,224.7478,206.9251
2020-10-18,296.3930,257.3014,251.0607,224.7045,206.8851
2020-10-19,295.2188,256.5734,250.5603,224.3102,206.6466
2020-10-20,292.8379,255.0103,249.8009,223.9824,206.5147
2020-10-21,293.3063,255.3285,249.9065,223.8801,206.3436
2020-10-22,293.0873,255.2211,249.8326,223.6852,206.2630
2020-10-23,291.9076,254.6151,249.4388,223.7632,206.4999
2020-10-24,291.8512,254.5660,249.3906,223.7200,206.4601
2020-10-25,291.7949,254.5168,249.3425,223.6768,206.4202
2020-10-26,290.8029,253.9613,248.9299,223.6896,206.6202
2020-10-27,288.6598,252.6174,248.2887,223.5702,206.6881
2020-10-28,285.5166,250.5416,247.0342,223.0589,206.6362
2020-10-29,282.4658,248.3564,245.6265,222.0790,206.0745
2020-10-30,280.5764,247.1335,244.6844,221.7835,206.2396
2020-10-31,280.5223,247.0858,244.6372,221.7407,206.1998
2020-11-01,280.4681,247.0381,244.5900,221.6979,206.1600
2020-11-02,278.6360,245.7259,243.6747,220.9628,205.8274
2020-11-03,279.7646,246.4449,243.9511,221.0931,205.8907
2020-11-04,279.2998,246.2439,244.0980,221.6920,206.4139
2020-11-05,281.4038,247.7160,245.3295,222.5566,206.8931
2020-11-06,286.6649,251.3689,248.2596,224.4541,207.6560
2020-11-07,286.6096,251.3204,248.2117,224.4108,207.6160
2020-11-08,286.5543,251.2719,248.1638,224.3675,207.5759
2020-11-09,290.2464,253.9187,249.9925,225.4217,208.1177
2020-11-10,295.4264,257.2715,251.7609,225.6651,207.6561
2020-11-11,295.4309,257.2580,251.1475,225.1748,207.4795
2020-11-12,294.4853,256.7009,250.6121,225.0804,207.5856
2020-11-13,293.4806,255.9915,250.4898,225.0879,207.5807
2020-11-14,293.4123,255.9319,250.4316,225.0355,207.5324
2020-11-15,293.3442,255.8725,250.3734,224.9832,207.4842
2020-11-16,297.7430,258.7369,251.7446,225.2211,207.1973
2020-11-17,301.3259,261.2330,253.6085,226.4053,207.7644
2020-11-18,300.5240,260.7329,253.1650,226.1403,207.6624
2020-11-19,298.2284,259.2730,252.2767,225.5649,207.3964
2020-11-20,298.0916,258.9570,251.7804,225.1566,206.9852
2020-11-21,298.0222,258.8968,251.7218,225.1042,206.9371
2020-11-22,297.9529,258.8366,251.6632,225.0519,206.8889
2020-11-23,299.4454,260.0281,252.7796,225.7281,207.2541
2020-11-24,302.2969,262.1133,254.3007,226.7239,207.8312
2020-11-25,306.7756,264.8749,256.0401,227.3673,207.7610
2020-11-26,305.4474,263.9560,255.4244,226.9964,207.4358
2020-11-27,304.1491,263.0083,254.7338,226.5454,207.1296
2020-11-28,304.0784,262.9471,254.6746,226.4927,207.0814
2020-11-29,304.0077,262.8860,254.6154,226.4400,207.0332
2020-11-30,305.3425,263.7263,255.1759,226.6768,207.0185
2020-12-01,303.1837,262.0313,253.7624,225.6060,206.2737
2020-12-02,304.1522,262.6994,254.0583,225.8816,206.4202
2020-12-03,303.1509,262.0701,253.3428,225.2557,205.9921
2020-12-04,303.4076,262.3594,253.5510,225.3843,206.0821
2020-12-05,303.3370,262.2984,253.4920,225.3318,206.0341
2020-12-06,303.2665,262.2374,253.4331,225.2795,205.9862
2020-12-07,303.9295,262.6275,253.2275,224.6952,205.4620
2020-12-08,303.8588,262.5665,253.1686,224.6430,205.4142
2020-12-09,302.4774,261.5363,252.3663,224.1854,205.0565
2020-12-10,300.4370,260.1546,251.4516,223.6288,204.7411
2020-12-11,300.2973,259.9930,251.3209,223.6661,204.8365
2020-12-12,300.3070,260.0014,251.3291,223.6733,204.8431
2020-12-13,300.3167,260.0098,251.3372,223.6806,204.8497
2020-12-14,298.0352,258.4209,250.4311,223.2506,204.6906
2020-12-15,297.5701,258.1022,250.4062,223.2944,204.7946
2020-12-16,299.4770,259.4600,251.3916,224.1662,205.3531
2020-12-17,301.2259,260.7074,252.5760,224.8653,205.7951
2020-12-18,300.2486,260.3546,253.0116,225.8959,206.8030
2020-12-19,300.2583,260.3630,253.0198,225.9032,206.8096
2020-12-20,300.2680,260.3714,253.0280,225.9105,206.8163
2020-12-21,300.0399,260.4030,253.2663,226.0887,207.0225
2020-12-22,299.7326,260.0975,253.1791,226.2782,207.2410
2020-12-23,299.1384,259.9838,253.2051,226.5514,207.5564
2020-12-24,296.5260,258.1430,252.1797,226.2285,207.5579
2020-12-25,296.5356,258.1513,252.1878,226.2358,207.5646
2020-12-26,296.5451,258.1596,252.1960,226.2431,207.5713
2020-12-27,296.5547,258.1680,252.2042,226.2504,207.5780
2020-12-28,294.8188,256.9982,251.5180,226.0516,207.6132
2020-12-29,296.1745,257.9475,252.0524,226.3556,207.8167
2020-12-30,297.8663,259.0678,252.9709,226.9025,207.9346
2020-12-31,299.4906,260.3342,254.0796,227.6196,208.3100
2021-01-01,299.5003,260.3426,254.0878,227.6270,208.3168
2021-01-02,299.5099,260.3509,254.0960,227.6343,208.3234
2021-01-03,299.5196,260.3593,254.1042,227.6416,208.3302
2021-01-04,300.6591,261.0592,254.5838,227.8253,208.3388
2021-01-05,299.7207,260.6329,254.5203,227.9616,208.6770
2021-01-06,301.3641,261.8740,255.2039,228.3615,208.9767
2021-01-07,301.4268,262.0865,255.3468,228.6045,209.3216
2021-01-08,308.2202,266.6166,257.6792,229.4673,209.2205
2021-01-09,308.2302,266.6252,257.6875,229.4748,209.2272
2021-01-10,308.2004,266.5994,257.6626,229.4526,209.2070
2021-01-11,311.6075,268.9391,259.5942,230.4036,209.5827
2021-01-12,312.2879,269.4432,259.3745,229.6397,208.8069
2021-01-13,316.3277,272.2084,261.2005,230.7031,209.2020
2021-01-14,320.9653,275.6151,263.6691,232.0991,209.8353
2021-01-15,320.0965,275.0455,263.2415,231.8021,209.6644
2021-01-16,320.0656,275.0189,263.2160,231.7797,209.6442
2021-01-17,320.0347,274.9924,263.1906,231.7573,209.6239
2021-01-18,317.7440,273.6175,262.5784,231.6083,209.8626
2021-01-19,318.5802,274.1334,262.9196,231.7078,209.8249
2021-01-20,319.2876,275.0314,263.7367,232.3986,210.4514
2021-01-21,320.3601,275.8454,264.2763,232.6394,210.5408
2021-01-22,316.2176,273.1356,262.6011,231.9633,210.6086
2021-01-23,316.1870,273.1092,262.5757,231.9409,210.5882
2021-01-24,316.1565,273.0829,262.5504,231.9185,210.5679
2021-01-25,317.0213,273.5788,263.0655,232.4125,210.9060
2021-01-26,320.4606,276.0836,264.9259,233.4494,211.3397
2021-01-27,318.4062,274.7956,264.1985,233.3546,211.5102
2021-01-28,316.2114,273.4794,263.4770,232.9980,211.3939
2021-01-29,315.7796,273.2175,263.2890,233.3951,211.8473
2021-01-30,315.7491,273.1911,263.2636,233.3726,211.8268
2021-01-31,315.7186,273.1647,263.2381,233.3500,211.8063
2021-02-01,310.5470,269.7172,261.0183,232.1090,211.3481
2021-02-02,312.9439,271.2497,261.8043,232.0563,211.0001
2021-02-03,318.3845,274.9181,264.3660,233.2915,211.4498
2021-02-04,318.0308,274.6206,264.2745,233.3862,211.5192
2021-02-05,320.2041,276.2697,265.3548,234.0653,211.9498
2021-02-06,320.1731,276.2430,265.3291,234.0427,211.9293
2021-02-07,320.1423,276.2164,265.3035,234.0201,211.9089
2021-02-08,321.8279,277.4389,266.2761,234.7038,212.2785
2021-02-09,323.6017,278.6499,267.1243,235.3869,212.8032
2021-02-10,324.5120,279.2936,267.7223,235.7856,213.0679
2021-02-11,324.6993,279.5948,268.1298,236.2080,213.4914
2021-02-12,323.4245,278.9035,267.7051,236.2118,213.8160
2021-02-13,323.3439,278.8340,267.6384,236.1529,213.7627
2021-02-14,323.2633,278.7645,267.5718,236.0941,213.7095
2021-02-15,324.8973,279.8609,268.2222,236.3483,213.8535
2021-02-16,323.6730,279.0944,267.6237,236.0192,213.7771
2021-02-17,324.0285,279.1345,267.0641,235.1139,212.8220
2021-02-18,323.5872,278.6384,266.2339,234.1201,211.9121
2021-02-19,318.2921,274.9888,263.6000,232.6162,211.2522
2021-02-20,318.2129,274.9203,263.5344,232.5583,211.1996
2021-02-21,318.1336,274.8518,263.4688,232.5004,211.1470
2021-02-22,317.2660,274.0753,262.4083,231.3834,210.1641
2021-02-23,313.9061,271.6968,260.3511,229.9046,209.1807
2021-02-24,311.5897,269.7512,258.5585,228.4996,208.1600
2021-02-25,309.9300,268.6588,256.9834,227.1985,207.3156
2021-02-26,309.7974,268.3506,256.3038,225.6661,205.7959
2021-02-27,309.7201,268.2837,256.2399,225.6098,205.7446
2021-02-28,309.6430,268.2169,256.1761,225.5537,205.6934
2021-03-01,308.6441,267.7971,255.8645,225.7830,206.3062
2021-03-02,312.8604,270.6596,258.0177,227.4145,207.4358
2021-03-03,314.6465,272.0910,259.3338,228.3264,208.0968
2021-03-04,316.6918,273.4510,259.6044,227.7501,207.1210
2021-03-05,312.0547,270.4861,257.4451,226.5193,206.6251
2021-03-06,311.9770,270.4188,257.3810,226.4629,206.5737
2021-03-07,311.8993,270.3514,257.3169,226.4065,206.5222
2021-03-08,312.0978,269.8709,255.8950,224.7283,204.8179
2021-03-09,309.5384,268.0553,254.3831,223.7249,204.2443
2021-03-10,309.3485,268.2024,254.6362,224.1222,204.8116
2021-03-11,310.8515,269.1473,255.3816,224.6289,205.1047
2021-03-12,311.5102,269.6126,255.8267,225.2297,205.5280
2021-03-13,311.4902,269.5952,255.8103,225.2152,205.5147
2021-03-14,311.4701,269.5779,255.7938,225.2007,205.5015
2021-03-15,310.8099,268.7623,255.0627,224.6224,204.8698
2021-03-16,311.3907,269.0744,255.1127,224.4950,204.6103
2021-03-17,312.9272,270.1701,255.9622,224.8672,204.6301
2021-03-18,315.1606,271.6364,256.7655,225.3610,204.7646
2021-03-19,312.9813,269.7960,255.2732,223.7872,203.3783
2021-03-20,312.9610,269.7785,255.2567,223.7727,203.3651
2021-03-21,312.9409,269.7612,255.2403,223.7583,203.3520
2021-03-22,309.2420,267.3212,253.6523,223.1168,203.2287
2021-03-23,308.7537,266.8971,253.2264,222.6908,202.9679
2021-03-24,307.7668,266.4243,253.0866,222.7414,203.1272
2021-03-25,306.3374,265.4955,252.1328,222.0301,202.7212
2021-03-26,308.1379,266.3671,252.0992,221.4443,201.7549
2021-03-27,308.1181,266.3499,252.0830,221.4300,201.7420
2021-03-28,308.0981,266.3327,252.0667,221.4157,201.7289
2021-03-29,311.6818,268.2572,252.4659,220.5782,200.2957
2021-03-30,314.0948,270.0293,253.7848,221.4334,200.8469
2021-03-31,313.5059,269.5142,253.2545,220.9160,200.4054
2021-04-01,310.8580,267.7230,252.1459,220.5643,200.3394
2021-04-02,310.8380,267.7058,252.1297,220.5501,200.3265
2021-04-03,310.8181,267.6886,252.1135,220.5359,200.3136
2021-04-04,310.7980,267.6713,252.0972,220.5217,200.3007
2021-04-05,310.8938,267.6790,252.3921,220.7863,200.5373
2021-04-06,312.3794,268.6994,253.6985,222.2477,201.8340
2021-04-07,312.9985,269.3966,254.4937,223.2332,202.7720
2021-04-08,311.7551,268.5255,253.9028,222.9216,202.6773
2021-04-09,310.9560,267.9869,253.6281,222.8338,202.7121
2021-04-10,310.9146,267.9513,253.5944,222.8042,202.6852
2021-04-11,310.8732,267.9156,253.5606,222.7745,202.6582
2021-04-12,311.0239,268.0603,253.4791,222.6308,202.4780
2021-04-13,309.7763,267.0612,252.4480,221.7015,201.6055
2021-04-14,310.3138,267.2103,252.0944,220.9062,200.5526
2021-04-15,310.5213,267.2553,251.8245,220.3758,199.7274
2021-04-16,310.2027,267.0835,251.8641,220.8449,200.4814
2021-04-17,310.1614,267.0479,251.8306,220.8155,200.4547
2021-04-18,310.1202,267.0125,251.7971,220.7862,200.4281
2021-04-19,312.8922,268.9528,253.5895,221.9749,201.4273
2021-04-20,312.7963,268.7721,253.2712,221.8421,201.1516
2021-04-21,309.7754,266.8220,251.8749,221.0846,200.9480
2021-04-22,309.4843,266.5953,251.4253,220.6345,200.4935
2021-04-23,312.3024,268.2346,252.4865,220.6464,199.7410
2021-04-24,312.2609,268.1990,252.4529,220.6170,199.7145
2021-04-25,312.2192,268.1632,252.4193,220.5876,199.6878
2021-04-26,315.7178,270.5543,254.2019,221.8401,200.4044
2021-04-27,314.5588,269.6712,253.1442,220.7352,199.3628
2021-04-28,312.6887,268.0001,251.1680,218.6976,197.5273
2021-04-29,311.4653,266.5977,249.7389,217.1353,195.7606
2021-04-30,312.3911,266.8273,249.4367,216.2546,194.5173
2021-05-01,312.3495,266.7917,249.4035,216.2258,194.4914
2021-05-02,312.3080,266.7563,249.3704,216.1970,194.4656
2021-05-03,311.5432,266.1625,248.9053,215.8687,194.2141
2021-05-04,310.5123,265.4177,248.5390,215.9102,194.5742
2021-05-05,309.4977,265.1490,248.8734,216.8244,195.9333
2021-05-06,309.6788,265.5006,249.7811,218.1229,197.2496
2021-05-07,309.0306,265.0858,249.7754,218.5197,197.6940
2021-05-08,308.9895,265.0505,249.7422,218.4906,197.6677
2021-05-09,308.9484,265.0153,249.7089,218.4615,197.6414
2021-05-10,308.2433,264.4341,249.6699,218.8829,198.2499
2021-05-11,306.8506,263.4200,249.1224,218.8450,198.3960
2021-05-12,305.8699,262.9864,249.0287,219.1072,198.6702
2021-05-13,305.2541,262.5703,248.4145,218.1285,197.6996
2021-05-14,305.9167,262.9586,248.6049,218.4491,197.9670
2021-05-15,305.8774,262.9248,248.5730,218.4210,197.9415
2021-05-16,305.8379,262.8909,248.5409,218.3929,197.9160
2021-05-17,307.0172,263.5603,248.6916,218.3605,197.8322
2021-05-18,308.7315,263.9931,248.3653,216.6764,195.4905
2021-05-19,307.8462,263.2833,248.2588,216.5785,195.5254
2021-05-20,306.4153,262.2083,246.9118,215.0703,194.2479
2021-05-21,306.3758,262.1746,246.8800,215.0426,194.2229
2021-05-22,306.3364,262.1408,246.8482,215.0149,194.1979
2021-05-23,306.2969,262.1070,246.8164,214.9872,194.1728
2021-05-24,308.1553,263.2281,247.5555,214.9443,193.7982
2021-05-25,313.9009,266.6361,248.6248,214.0703,192.1547
2021-05-26,317.2736,268.8369,249.6267,213.6923,191.2713
2021-05-27,317.4472,269.0585,249.9817,214.2068,191.7145
2021-05-28,318.0231,269.5095,250.2579,214.5061,192.0408
2021-05-29,317.9822,269.4749,250.2257,214.4785,192.0161
2021-05-30,317.9412,269.4402,250.1935,214.4509,191.9914
2021-05-31,317.7661,269.5667,250.7183,215.4617,193.1596
2021-06-01,318.0050,269.8955,251.4880,216.3239,194.0805
2021-06-02,319.2853,270.9154,252.2634,216.8734,194.3269
2021-06-03,318.9246,270.6628,252.0031,216.7977,194.2415
2021-06-04,316.6370,268.6022,249.7469,214.6229,192.3565
2021-06-05,316.5962,268.5676,249.7147,214.5953,192.3317
2021-06-06,316.5554,268.5330,249.6825,214.5676,192.3069
2021-06-07,316.1254,267.7428,248.2389,212.8450,190.5432
2021-06-08,315.7721,267.1758,247.0956,211.1772,188.8955
2021-06-09,316.3180,267.4882,246.9333,210.8201,188.5332
2021-06-10,316.8749,267.9653,247.1582,210.7816,188.4809
2021-06-11,318.4296,269.1754,248.4508,211.8847,189.3990
2021-06-12,318.3978,269.1485,248.4260,211.8636,189.3800
2021-06-13,318.3660,269.1216,248.4012,211.8424,189.3611
2021-06-14,318.3493,269.3428,249.0199,212.7660,190.4714
2021-06-15,318.6590,269.6810,249.2071,212.8693,190.5027
2021-06-16,319.3598,270.1130,249.3360,212.8115,190.2896
2021-06-17,318.7570,269.8418,249.0685,212.5339,190.0366
2021-06-18,320.2882,270.8899,249.5391,212.4774,189.7133
2021-06-19,320.2562,270.8627,249.5141,212.4562,189.6944
2021-06-20,320.2243,270.8357,249.4893,212.4350,189.6754
2021-06-21,320.1922,270.8086,249.4643,212.4137,189.6565
2021-06-22,322.5928,272.3698,250.2638,212.8151,189.7500
2021-06-23,324.6351,273.6278,251.0400,213.1061,189.6593
2021-06-24,320.7225,270.9417,249.0758,211.8579,189.0503
2021-06-25,321.8940,271.4788,249.0825,211.3394,188.2896
2021-06-26,321.8618,271.4517,249.0576,211.3182,188.2708
2021-06-27,321.8297,271.4246,249.0328,211.2972,188.2520
2021-06-28,321.7975,271.3975,249.0079,211.2760,188.2332
2021-06-29,322.1998,271.5278,249.0055,210.9384,187.8040
2021-06-30,322.2065,271.3237,248.6822,210.3776,187.0007
2021-07-01,319.2252,269.1554,246.6049,208.7740,185.8480
2021-07-02,321.7595,270.8137,247.3509,208.6944,185.3747
2021-07-03,321.7275,270.7867,247.3263,208.6736,185.3562
2021-07-04,321.6953,270.7596,247.3015,208.6527,185.3377
2021-07-05,320.8262,269.6501,246.0826,207.2229,183.8435
2021-07-06,319.9935,268.7344,244.7210,205.6114,182.1880
2021-07-07,321.0296,269.4138,245.1871,205.6496,182.1580
2021-07-08,323.2642,270.7584,245.9795,205.8851,182.0501
2021-07-09,321.0703,269.5968,246.0007,206.9918,183.5235
2021-07-10,321.0599,269.5881,245.9927,206.9852,183.5176
2021-07-11,321.0496,269.5794,245.9848,206.9785,183.5116
2021-07-12,322.5170,270.5997,246.9885,208.1494,184.5900
2021-07-13,322.5311,270.4226,247.1208,208.4922,184.9774
2021-07-14,322.4266,270.5556,247.7043,209.1567,185.3932
2021-07-15,323.3788,271.3008,248.6200,210.0441,186.2283
2021-07-16,323.3684,271.2920,248.6120,210.0373,186.2223
2021-07-17,323.3579,271.2833,248.6040,210.0305,186.2163
2021-07-18,323.3475,271.2745,248.5960,210.0237,186.2103
2021-07-19,322.6327,271.2803,249.3380,211.2513,187.6073
2021-07-20,321.7291,271.3633,249.9965,212.5387,189.3321
2021-07-21,322.9949,272.2501,250.3525,212.9631,189.7306
2021-07-22,323.8759,272.4516,250.1071,212.3354,188.8626
2021-07-23,322.7250,271.6679,249.6250,211.9406,188.6535
2021-07-24,322.7147,271.6593,249.6170,211.9338,188.6475
2021-07-25,322.7043,271.6505,249.6090,211.9270,188.6414
2021-07-26,323.4482,271.9890,249.5629,211.5158,188.0218
2021-07-27,322.8200,271.2246,248.5266,210.5795,187.1735
2021-07-28,319.8536,269.0479,246.5815,209.1579,186.0981
2021-07-29,324.0337,271.5440,247.2574,208.2265,184.2857
2021-07-30,323.6355,271.3373,247.5143,208.6289,184.8162
2021-07-31,323.6250,271.3286,247.5063,208.6222,184.8102
2021-08-01,323.6146,271.3198,247.4984,208.6154,184.8043
2021-08-02,323.1539,271.2381,247.8425,209.3069,185.6120
2021-08-03,324.6196,272.2306,248.6966,209.7166,185.7903
2021-08-04,329.7864,275.5244,250.6782,210.5325,185.8642
2021-08-05,329.7773,275.5805,250.6262,210.2097,185.4437
2021-08-06,330.8309,276.2123,250.6655,209.9666,185.0500
2021-08-07,330.8202,276.2034,250.6575,209.9598,185.0441
2021-08-08,330.8096,276.1945,250.6494,209.9530,185.0381
2021-08-09,333.3926,277.9982,251.7047,210.5973,185.5302
2021-08-10,334.2846,278.3963,251.8498,210.3912,185.1463
2021-08-11,332.7870,277.2891,251.0162,209.9102,184.8907
2021-08-12,330.9949,276.1545,250.1805,209.4935,184.8770
2021-08-13,330.2294,275.7214,249.9775,209.5826,185.2233
2021-08-14,330.1445,275.6506,249.9132,209.5287,185.1757
2021-08-15,330.0597,275.5797,249.8490,209.4749,185.1281
2021-08-16,330.9370,276.2471,250.7186,210.3972,186.0338
2021-08-17,332.0554,277.1418,251.7033,211.2828,186.8035
2021-08-18,331.5941,276.9804,251.7320,211.3986,186.9147
2021-08-19,330.1834,276.0557,250.9861,210.7818,186.5158
2021-08-20,327.7750,274.4925,249.7786,210.1668,186.2674
2021-08-21,327.6908,274.4220,249.7145,210.1128,186.2195
2021-08-22,327.6065,274.3514,249.6503,210.0588,186.1717
2021-08-23,327.3097,274.0150,248.7978,209.1255,185.4155
2021-08-24,329.4002,275.2254,249.3861,209.0434,184.9973
2021-08-25,331.1195,276.3535,250.2904,209.5144,185.0734
2021-08-26,331.7785,276.9292,250.8677,210.1443,185.6584
2021-08-27,331.4019,276.9220,250.9191,210.1575,185.7111
2021-08-28,331.3167,276.8509,250.8546,210.1035,185.6633
2021-08-29,331.2316,276.7797,250.7901,210.0495,185.6156
2021-08-30,332.8304,277.9453,251.5280,210.6494,186.1849
2021-08-31,332.2932,277.7536,251.8251,211.1550,186.8392
2021-09-01,331.4829,277.2709,251.5124,210.9410,186.6924
2021-09-02,329.1875,275.4059,249.3856,208.5513,184.2637
2021-09-03,329.6060,275.1936,248.6391,207.2122,182.4517
2021-09-04,329.5213,275.1229,248.5752,207.1590,182.4048
2021-09-05,329.4365,275.0522,248.5113,207.1057,182.3579
2021-09-06,329.0725,274.7820,248.3541,207.0190,182.3199
2021-09-07,331.6610,276.4346,249.3125,207.2812,182.1518
2021-09-08,333.5001,277.3615,249.4701,206.5129,180.7701
2021-09-09,334.1645,277.7235,249.6480,206.3455,180.3394
2021-09-10,334.5008,277.6149,248.7836,205.1594,178.8222
2021-09-11,334.4562,277.5779,248.7504,205.1321,178.7984
2021-09-12,334.4117,277.5410,248.7174,205.1048,178.7746
2021-09-13,335.1529,277.9632,248.9178,204.8089,178.2700
2021-09-14,332.8376,276.4367,248.2350,205.0769,179.0115
2021-09-15,331.4218,275.7523,248.6448,206.2341,180.6076
2021-09-16,331.0204,275.5798,249.1375,207.5480,182.2661
2021-09-17,330.9763,275.5431,249.1044,207.5204,182.2418
2021-09-18,330.9324,275.5065,249.0713,207.4928,182.2176
2021-09-19,330.8883,275.4698,249.0381,207.4652,182.1934
2021-09-20,328.2982,273.9600,248.0829,206.9924,182.0727
2021-09-21,325.6485,272.2425,247.0250,206.4922,181.8031
2021-09-22,325.0904,272.0092,247.3939,207.3042,182.8910
2021-09-23,326.7616,272.9973,247.7442,207.3800,182.7307
2021-09-24,329.8485,274.9079,248.6577,207.5303,182.4871
2021-09-25,329.8046,274.8714,248.6246,207.5027,182.4628
2021-09-26,329.7608,274.8348,248.5916,207.4751,182.4385
2021-09-27,329.1791,274.2717,247.8049,206.7191,181.6898
2021-09-28,331.2666,275.4663,247.7151,205.8307,180.3441
2021-09-29,328.0774,273.4486,246.1112,204.6114,179.3516
2021-09-30,328.7241,273.8482,245.8316,204.0815,178.7243
2021-10-01,331.0218,275.4813,246.9532,204.5345,178.7709
2021-10-02,330.9778,275.4447,246.9204,204.5073,178.7471
2021-10-03,330.9337,275.4080,246.8875,204.4801,178.7233
2021-10-04,328.7550,273.7206,245.2840,203.4836,178.0459
2021-10-05,327.1993,272.4521,243.8933,201.8202,176.2081
2021-10-06,328.4736,272.8775,243.2346,200.4930,174.4352
2021-10-07,327.8324,271.9356,241.1759,197.7407,171.3148
2021-10-08,329.6029,272.7808,240.7662,196.0364,168.9922
2021-10-09,329.5591,272.7445,240.7341,196.0103,168.9697
2021-10-10,329.4323,272.6396,240.6415,195.9349,168.9047
2021-10-11,329.3056,272.5347,240.5489,195.8595,168.8397
2021-10-12,331.0214,273.1805,239.8022,193.4663,165.5446
2021-10-13,332.3695,273.6201,238.9933,191.6402,163.2687
2021-10-14,330.2175,271.6628,237.2881,190.0517,161.8136
2021-10-15,331.2356,272.4316,238.9571,192.1419,164.1165
2021-10-16,331.1082,272.3268,238.8652,192.0680,164.0534
2021-10-17,330.9807,272.2220,238.7732,191.9940,163.9902
2021-10-18,336.7618,276.1857,241.9357,194.2897,165.8026
2021-10-19,334.7309,274.7098,240.4117,192.8457,164.5137
2021-10-20,333.5623,273.9144,240.2105,193.0018,164.9316
2021-10-21,333.6274,274.0178,240.6361,193.6303,165.7047
2021-10-22,334.7036,274.7899,240.6490,193.2924,165.2645
2021-10-23,334.5748,274.6842,240.5565,193.2180,165.2009
2021-10-24,334.4461,274.5785,240.4639,193.1437,165.1374
2021-10-25,334.7047,274.7516,240.6627,193.2668,165.3591
2021-10-26,334.0739,274.7144,241.6601,195.2128,167.9213
2021-10-27,333.5229,274.8822,242.9946,197.3883,170.7534
2021-10-28,330.1818,272.7697,241.7622,197.0455,170.9091
2021-10-29,330.4343,273.0049,241.9293,197.4326,171.5479
2021-10-30,330.3072,272.8999,241.8362,197.3566,171.4819
2021-10-31,330.1801,272.7949,241.7432,197.2807,171.4159
2021-11-01,330.0531,272.6900,241.6502,197.2048,171.3500
2021-11-02,332.2649,274.1518,242.5383,197.9658,172.0143
2021-11-03,333.7121,275.0437,243.2625,198.5016,172.4379
2021-11-04,335.4621,276.1287,243.8251,198.8656,172.6394
2021-11-05,336.8913,277.1756,244.3949,198.8933,172.4091
2021-11-06,336.7617,277.0690,244.3010,198.8168,172.3428
2021-11-07,336.6321,276.9624,244.2070,198.7403,172.2765
2021-11-08,336.7155,277.0014,244.2705,198.8729,172.4638
2021-11-09,335.0065,275.8856,243.7579,198.9573,172.8744
2021-11-10,331.9788,273.9822,242.6618,198.6014,172.9870
2021-11-11,328.7539,272.5520,243.9705,202.0653,177.8720
2021-11-12,329.7338,273.3830,244.7778,203.1219,178.9895
2021-11-13,329.5918,273.2653,244.6724,203.0344,178.9124
2021-11-14,329.4499,273.1477,244.5671,202.9470,178.8354
2021-11-15,332.2939,274.9731,245.4200,203.0018,178.4406
2021-11-16,333.2231,275.3308,245.2215,202.3477,177.3899
2021-11-17,333.2283,275.1828,244.7789,201.7675,176.7868
2021-11-18,337.0022,277.6357,246.4468,202.5258,177.0003
2021-11-19,340.3379,279.9038,247.7752,203.1438,177.2714
2021-11-20,340.1915,279.7834,247.6686,203.0564,177.1952
2021-11-21,340.0451,279.6630,247.5620,202.9690,177.1189
2021-11-22,339.0284,279.0466,247.0596,202.5455,176.9112
2021-11-23,333.4491,275.8711,245.9749,203.5765,179.3416
2021-11-24,332.5284,275.2109,245.9401,204.3347,180.5701
2021-11-25,331.2319,274.3584,245.1125,204.0411,180.4490
2021-11-26,333.8198,275.8461,245.6473,203.6048,179.3938
2021-11-27,333.6761,275.7273,245.5415,203.5171,179.3166
2021-11-28,333.5324,275.6086,245.4358,203.4295,179.2394
2021-11-29,331.6131,274.6029,245.1232,203.4000,179.4898
2021-11-30,333.4942,275.5545,245.4056,203.2080,178.9769
2021-12-01,330.8751,274.0555,244.5671,202.8401,178.8640
2021-12-02,327.7842,272.1574,243.8465,202.7638,179.1965
2021-12-03,331.4638,274.5236,245.0650,203.4057,179.4556
2021-12-04,331.3210,274.4054,244.9595,203.3181,179.3783
2021-12-05,331.1784,274.2873,244.8540,203.2306,179.3011
2021-12-06,330.6675,274.1519,245.6103,204.6551,181.2606
2021-12-07,331.8025,274.9316,245.7808,204.9487,181.4956
2021-12-08,331.6597,274.8133,245.6751,204.8606,181.4175
2021-12-09,336.8914,278.0367,247.4092,205.2648,181.0205
2021-12-10,337.5335,278.4944,247.6147,205.0537,180.6033
2021-12-11,337.4792,278.4496,247.5748,205.0207,180.5743
2021-12-12,337.4249,278.4049,247.5350,204.9877,180.5452
2021-12-13,339.5817,279.7928,248.2930,205.3239,180.5990
2021-12-14,335.6797,277.2029,246.5256,204.2336,179.9380
2021-12-15,333.7572,275.6867,245.0603,202.9704,178.7101
2021-12-16,334.2015,275.8016,244.9199,202.8473,178.5582
2021-12-17,336.7516,277.2669,245.7322,202.6896,177.9200
2021-12-18,336.6973,277.2223,245.6926,202.6570,177.8914
2021-12-19,336.6431,277.1777,245.6531,202.6244,177.8627
2021-12-20,332.4357,274.4997,243.4190,201.0313,176.5941
2021-12-21,332.5087,274.5577,242.7831,199.7253,174.8299
2021-12-22,337.3337,277.7726,244.9394,201.2378,176.0531
2021-12-23,338.7097,278.9170,246.4965,203.0653,178.1899
2021-12-24,337.6611,278.3582,246.5045,203.5739,179.0703
2021-12-25,337.6068,278.3134,246.4649,203.5411,179.0415
2021-12-26,337.5525,278.2686,246.4252,203.5084,179.0127
2021-12-27,340.0741,280.0454,247.5717,204.0780,179.2276
2021-12-28,339.9495,280.0288,247.7032,204.5934,179.9638
2021-12-29,339.7041,279.9925,248.1760,205.4804,181.1082
2021-12-30,337.2922,278.4155,247.0079,204.8587,180.7857
2021-12-31,337.8223,278.6604,247.0708,204.6965,180.4231
2022-01-01,337.7679,278.6155,247.0310,204.6636,180.3940
2022-01-02,337.7135,278.5707,246.9912,204.6306,180.3650
2022-01-03,336.5066,277.8042,246.5989,204.4635,180.3057
2022-01-04,338.9495,279.4604,247.6339,204.9908,180.6143
2022-01-05,338.8675,279.1380,246.9863,204.0189,179.4329
2022-01-06,332.4271,274.9485,244.3615,202.5373,178.5802
2022-01-07,329.4338,273.1478,243.1151,202.3047,178.9373
2022-01-08,329.3808,273.1039,243.0760,202.2722,178.9085
2022-01-09,329.3278,273.0600,243.0369,202.2397,178.8798
2022-01-10,326.9991,271.4602,242.1430,201.9744,179.0024
2022-01-11,325.9569,270.7686,241.6615,201.6517,178.7617
2022-01-12,327.6146,271.7537,241.6966,201.0465,177.7679
2022-01-13,329.1876,272.6434,242.2923,201.0998,177.4953
2022-01-14,326.4718,271.0528,241.4717,200.7975,177.5762
2022-01-15,326.3879,270.9831,241.4096,200.7459,177.5305
2022-01-16,326.3040,270.9134,241.3476,200.6943,177.4849
2022-01-17,322.3905,268.3987,239.7504,200.4795,178.0405
2022-01-18,324.6122,269.9028,240.7155,200.9741,178.2957
2022-01-19,321.2549,267.6799,239.2608,200.2752,178.0059
2022-01-20,318.6360,266.0203,238.1784,199.4690,177.3454
2022-01-21,316.2783,264.6300,237.9122,199.8548,178.0686
2022-01-22,316.1970,264.5620,237.8511,199.8034,178.0229
2022-01-23,316.1157,264.4940,237.7899,199.7521,177.9771
2022-01-24,312.3163,262.7297,237.9662,201.3944,180.6014
2022-01-25,309.3549,260.9980,236.9397,201.7478,181.7788
2022-01-26,309.0951,260.9371,236.9576,201.9053,181.9541
2022-01-27,308.1501,260.1703,236.2372,201.0588,180.9369
2022-01-28,304.5552,257.4898,233.4962,198.2824,177.9424
2022-01-29,304.4769,257.4236,233.4362,198.2314,177.8967
2022-01-30,304.3987,257.3574,233.3762,198.1805,177.8509
2022-01-31,307.6579,259.4724,234.5721,199.1004,178.6077
2022-02-01,308.9109,260.3565,235.7010,200.5841,180.3125
2022-02-02,310.4252,261.2837,236.7787,201.5619,181.1798
2022-02-03,312.9361,262.8745,238.1616,202.4952,181.8953
2022-02-04,313.3205,263.2624,238.4250,202.5263,181.8995
2022-02-05,313.2400,263.1948,238.3638,202.4743,181.8528
2022-02-06,313.1594,263.1271,238.3025,202.4222,181.8060
2022-02-07,315.4771,264.6439,239.1580,202.7263,181.9058
2022-02-08,316.0683,264.9483,239.2764,202.8231,182.0295
2022-02-09,315.9350,264.9255,238.7660,202.3900,181.6896
2022-02-10,318.3503,266.3012,239.6018,202.6898,181.7217
2022-02-11,312.3671,262.3081,237.2907,201.5663,181.1180
2022-02-12,312.2340,262.1964,237.1897,201.4805,181.0409
2022-02-13,312.1010,262.0847,237.0886,201.3947,180.9637
2022-02-14,310.3180,260.9825,236.3854,201.0696,180.8528
2022-02-15,308.4981,259.7740,235.3771,200.6908,180.7607
2022-02-16,309.6007,260.3052,235.5298,200.6657,180.6363
2022-02-17,309.6348,260.2347,235.6780,200.7971,180.6989
2022-02-18,307.1484,258.8139,235.0338,200.6585,180.9009
2022-02-19,307.0176,258.7037,234.9337,200.5731,180.8239
2022-02-20,306.8868,258.5935,234.8336,200.4876,180.7468
2022-02-21,303.5943,256.4764,233.5328,200.1251,180.8663
2022-02-22,303.4310,256.5142,233.2465,199.9294,180.7438
2022-02-23,300.1301,254.4198,232.1588,199.6029,180.8640
2022-02-24,296.6170,252.1025,230.9242,199.2172,181.0131
2022-02-25,296.4677,252.4428,230.7875,200.1558,182.8034
2022-02-26,296.3414,252.3353,230.6892,200.0705,182.7256
2022-02-27,296.2152,252.2278,230.5909,199.9853,182.6477
2022-02-28,300.9254,255.0184,232.3245,200.7646,182.8754
2022-03-01,299.1013,253.6718,231.6307,200.8393,183.4174
2022-03-02,298.5277,253.6405,232.3728,202.1093,184.9477
2022-03-03,300.2553,254.5662,232.6496,202.3695,185.0938
2022-03-04,296.7684,252.4435,230.6867,201.4303,184.8109
2022-03-05,296.6420,252.3360,230.5884,201.3445,184.7322
2022-03-06,296.5156,252.2285,230.4902,201.2587,184.6535
2022-03-07,294.2050,250.8549,229.8642,201.6476,185.5554
2022-03-08,288.2136,247.3060,228.0932,201.4513,186.3285
2022-03-09,287.3639,246.8127,227.9916,201.7095,186.8005
2022-03-10,288.8474,247.9020,229.1907,203.3138,188.4698
2022-03-11,290.2327,248.7644,230.3176,204.3018,189.2359
2022-03-12,290.2046,248.7404,230.2954,204.2821,189.2176
2022-03-13,290.1766,248.7163,230.2731,204.2623,189.1994
2022-03-14,287.8435,247.1118,229.2122,203.6272,188.8436
2022-03-15,285.6782,245.5529,227.7763,202.4149,187.9227
2022-03-16,285.1510,244.9300,226.5065,201.0613,186.6327
2022-03-17,290.1207,248.1432,228.1875,201.2802,186.0794
2022-03-18,292.3276,249.6053,228.9847,201.2421,185.6576
2022-03-19,292.2994,249.5812,228.9625,201.2227,185.6397
2022-03-20,292.2712,249.5571,228.9404,201.2033,185.6218
2022-03-21,295.5545,251.7111,229.9612,201.3132,185.2201
2022-03-22,295.6414,251.4958,229.6915,200.9460,184.7739
2022-03-23,295.5417,251.3248,229.2769,200.4343,184.1789
2022-03-24,294.9677,250.9172,229.2277,200.5095,184.1674
2022-03-25,294.4764,250.4243,228.5246,199.9052,183.6019
2022-03-26,294.4480,250.4001,228.5025,199.8859,183.5842
2022-03-27,294.4195,250.3759,228.4804,199.8665,183.5664
2022-03-28,293.5173,249.5917,227.5808,198.8531,182.5109
2022-03-29,290.8657,247.7905,226.0890,197.7413,181.6665
2022-03-30,292.5737,249.1390,227.0959,198.4913,182.1680
2022-03-31,296.8407,252.1859,229.8018,200.5600,183.7198
2022-04-01,295.6363,251.6958,230.0053,201.3603,184.7612
2022-04-02,295.6077,251.6715,229.9830,201.3408,184.7434
2022-04-03,295.5791,251.6471,229.9608,201.3213,184.7255
2022-04-04,295.6043,251.7204,230.2168,201.7198,184.9343
2022-04-05,295.5961,251.8818,230.4845,202.1142,185.3390
2022-04-06,294.2605,251.0959,230.1252,202.0270,185.4738
2022-04-07,294.5758,251.3117,229.9178,201.5106,184.9157
2022-04-08,298.0365,253.5141,231.0257,201.7749,184.8177
2022-04-09,298.0077,253.4895,231.0033,201.7554,184.7999
2022-04-10,297.8208,253.3306,230.8584,201.6288,184.6839
2022-04-11,298.6584,254.2264,231.7313,202.4526,185.6578
2022-04-12,297.3363,253.4108,230.8963,201.6745,185.0520
2022-04-13,293.7426,251.0040,229.2971,200.8789,184.7088
2022-04-14,294.3897,251.5060,229.6825,201.3253,185.1338
2022-04-15,294.2051,251.3482,229.5384,201.1990,185.0177
2022-04-16,294.0205,251.1906,229.3944,201.0728,184.9016
2022-04-17,293.8361,251.0331,229.2506,200.9467,184.7857
2022-04-18,295.9607,252.7629,230.8531,202.2404,185.9523
2022-04-19,295.9513,252.6236,230.3062,201.4046,184.9922
2022-04-20,295.5481,252.2185,230.1766,201.8778,185.7008
2022-04-21,295.3204,252.0420,230.2970,202.0970,186.0310
2022-04-22,293.2278,250.7014,229.4980,201.6353,185.8013
2022-04-23,293.0439,250.5442,229.3541,201.5089,185.6848
2022-04-24,292.8601,250.3870,229.2102,201.3824,185.5683
2022-04-25,291.7191,250.0405,229.3791,201.5671,185.8895
2022-04-26,292.5988,250.5569,229.2754,201.2359,185.5406
2022-04-27,288.8305,248.0113,227.6083,200.1302,184.8062
2022-04-28,289.0146,248.0388,227.7531,200.4803,185.1119
2022-04-29,293.7922,251.1812,229.7619,201.7046,185.9136
2022-04-30,293.6079,251.0237,229.6178,201.5781,185.7970
2022-05-01,293.4237,250.8662,229.4738,201.4516,185.6805
2022-05-02,291.3867,249.7250,229.1212,201.1877,185.5140
2022-05-03,292.4266,250.3073,229.2318,200.9463,185.1544
2022-05-04,291.9409,249.8048,228.7074,200.7205,185.0961
2022-05-05,294.9225,251.5767,229.4514,200.9785,185.0491
2022-05-06,292.2398,249.6252,228.2178,199.8179,184.0241
2022-05-07,292.0565,249.4687,228.0746,199.6926,183.9087
2022-05-08,291.8732,249.3121,227.9315,199.5673,183.7933
2022-05-09,287.4137,246.2991,225.7883,198.4141,183.2324
2022-05-10,285.2922,244.7655,224.6842,197.1670,182.0285
2022-05-11,284.3195,243.9773,223.8449,196.4739,181.5069
2022-05-12,281.8101,242.4191,223.3636,196.6402,181.9476
2022-05-13,282.4925,242.9649,224.1103,197.7075,183.1494
2022-05-14,282.3659,242.8559,224.0099,197.6189,183.0673
2022-05-15,282.2393,242.7470,223.9094,197.5303,182.9852
2022-05-16,284.7392,244.2556,224.8073,198.0207,183.1834
2022-05-17,285.4811,244.7098,225.3241,198.4099,183.4893
2022-05-18,287.6617,246.1873,226.1851,198.9463,183.8001
2022-05-19,283.8436,243.8596,225.2342,198.7373,184.0075
2022-05-20,282.5996,243.0618,225.0306,199.2676,184.8013
2022-05-21,282.4729,242.9528,224.9297,199.1782,184.7184
2022-05-22,282.3463,242.8439,224.8288,199.0890,184.6356
2022-05-23,281.3576,242.4215,225.1902,200.0073,185.7578
2022-05-24,282.4613,243.1454,225.9410,200.9383,186.6469
2022-05-25,282.0555,243.0037,226.2723,201.4832,187.2860
2022-05-26,283.0203,243.6354,226.3822,201.4677,187.2152
2022-05-27,284.1100,244.1886,226.3088,201.1043,186.6784
2022-05-28,283.9827,244.0791,226.2074,201.0142,186.5947
2022-05-29,283.8553,243.9696,226.1059,200.9240,186.5110
2022-05-30,286.9136,245.8663,227.2285,201.4408,186.6281
2022-05-31,289.6361,247.7494,228.5189,202.0510,186.9400
2022-06-01,287.8471,246.7718,227.8898,201.8057,186.8797
2022-06-02,286.3878,245.9489,227.4829,201.6207,186.8074
2022-06-03,285.4686,245.2622,226.8985,201.4754,186.8429
2022-06-04,285.3406,245.1523,226.7968,201.3851,186.7591
2022-06-05,285.2127,245.0424,226.6951,201.2948,186.6754
2022-06-06,283.9058,244.2818,226.4992,201.3007,186.8038
2022-06-07,286.1295,245.6097,226.9037,201.0128,186.1875
2022-06-08,289.1895,247.6509,228.0974,201.5291,186.4281
2022-06-09,285.6423,245.3005,226.4623,200.2034,185.3436
2022-06-10,283.9645,244.2787,225.9710,199.8939,185.1562
2022-06-11,283.8516,244.1816,225.8812,199.8144,185.0826
2022-06-12,283.7388,244.0845,225.7914,199.7350,185.0090
2022-06-13,282.0045,243.0090,224.8339,198.9979,184.4535
2022-06-14,281.2918,242.3856,224.0479,197.9291,183.4801
2022-06-15,281.5115,242.4883,223.9451,197.7627,183.3465
2022-06-16,281.8045,242.9574,224.5731,198.6896,184.3919
2022-06-17,279.7645,241.8826,224.5775,199.1461,185.2441
2022-06-18,279.6533,241.7864,224.4882,199.0669,185.1704
2022-06-19,279.5421,241.6903,224.3990,198.9877,185.0968
2022-06-20,280.9555,242.9083,225.3765,199.8837,185.9849
2022-06-21,280.8439,242.8118,225.2869,199.8043,185.9110
2022-06-22,283.5793,244.6585,226.4688,200.6002,186.4821
2022-06-23,283.7883,245.0679,227.5640,202.2711,188.3630
2022-06-24,287.0618,247.2864,229.1269,203.3504,189.2476
2022-06-25,286.9476,247.1881,229.0358,203.2695,189.1723
2022-06-26,286.8336,247.0899,228.9448,203.1888,189.0971
2022-06-27,286.7195,246.9916,228.8537,203.1080,189.0219
2022-06-28,294.8863,252.1755,231.4080,203.7267,188.7614
2022-06-29,291.8772,250.0332,229.8222,202.2864,187.4630
2022-06-30,293.1411,251.0355,230.3095,202.4878,187.5795
2022-07-01,294.0011,251.7079,230.9365,203.0748,188.3022
2022-07-02,293.8841,251.6078,230.8447,202.9940,188.2273
2022-07-03,293.7673,251.5077,230.7529,202.9133,188.1525
2022-07-04,294.6995,252.1526,231.4235,203.6173,188.8779
2022-07-05,293.2187,251.2152,230.9498,203.5768,189.0261
2022-07-06,295.8106,253.0631,232.2527,204.5167,189.8587
2022-07-07,301.3165,256.7002,234.4336,205.3286,190.0727
2022-07-08,301.3131,256.4379,233.8452,204.7804,189.4841
2022-07-09,301.1933,256.3359,233.7522,204.6990,189.4088
2022-07-10,301.1063,256.2618,233.6847,204.6398,189.3541
2022-07-11,302.6631,257.2838,234.0750,204.4233,188.8865
2022-07-12,304.8594,258.8979,234.8437,204.3263,188.5343
2022-07-13,307.3716,260.5443,235.3239,203.9168,187.8475
2022-07-14,307.6705,260.7608,235.2983,203.8181,187.7958
2022-07-15,313.4783,264.8055,237.8743,205.0327,188.5278
2022-07-16,313.3877,264.7289,237.8056,204.9734,188.4733
2022-07-17,313.2971,264.6524,237.7368,204.9141,188.4188
2022-07-18,302.7989,257.6836,233.9332,204.2741,189.2035
2022-07-19,292.6610,251.0681,230.4891,203.3215,189.2702
2022-07-20,292.9474,251.1207,230.2772,203.1434,189.0475
2022-07-21,291.5795,250.2654,229.8345,202.9950,189.0307
2022-07-22,294.1523,251.8653,230.3804,202.6276,188.3340
2022-07-23,294.0673,251.7925,230.3139,202.5691,188.2796
2022-07-24,293.9823,251.7198,230.2473,202.5105,188.2252
2022-07-25,295.2228,252.7170,231.2167,203.0557,188.6296
2022-07-26,297.9676,254.4538,232.0965,203.3241,188.5893
2022-07-27,292.5935,250.8889,230.1401,202.7183,188.5738
2022-07-28,294.3537,251.9753,230.5958,202.9961,188.6515
2022-07-29,294.3192,252.0642,230.9095,203.3870,189.1001
2022-07-30,294.2342,251.9913,230.8428,203.3282,189.0455
2022-07-31,294.1491,251.9185,230.7760,203.2695,188.9908
2022-08-01,293.6585,251.5944,230.6405,203.4745,189.2447
2022-08-02,290.4420,249.6680,230.2495,204.1070,190.2843
2022-08-03,289.7843,249.2433,229.7742,203.6023,189.6924
2022-08-04,292.9517,251.1433,230.2784,202.9503,188.6463
2022-08-05,292.9984,251.2489,230.6598,203.3848,189.0104
2022-08-06,292.9137,251.1763,230.5932,203.3260,188.9558
2022-08-07,292.8291,251.1037,230.5265,203.2673,188.9011
2022-08-08,295.5416,252.8110,231.2664,203.4319,188.7059
2022-08-09,294.6877,252.2081,231.0615,203.5796,188.8773
2022-08-10,292.2176,250.4521,229.8438,202.7274,188.1822
2022-08-11,292.4361,250.6112,230.3284,203.8396,189.4205
2022-08-12,291.9291,250.1420,229.8640,203.2465,188.7248
2022-08-13,291.7982,250.0298,229.7609,203.1554,188.6402
2022-08-14,291.6674,249.9178,229.6580,203.0644,188.5557
2022-08-15,291.5365,249.8057,229.5550,202.9733,188.4711
2022-08-16,293.5842,250.9416,229.9575,202.7823,187.9369
2022-08-17,293.6339,250.6370,229.4014,202.1586,187.1936
2022-08-18,295.6232,251.7156,229.4111,201.1472,185.7954
2022-08-19,299.9594,254.3642,230.2261,200.3696,184.3622
2022-08-20,299.8250,254.2502,230.1229,200.2798,184.2795
2022-08-21,299.6905,254.1361,230.0197,200.1899,184.1969
2022-08-22,303.0333,256.1228,230.4250,199.3812,183.0471
2022-08-23,300.5887,254.2767,228.8473,197.7962,181.5517
2022-08-24,296.7200,251.7066,227.7010,197.7903,182.0464
2022-08-25,294.6119,250.4959,227.6438,198.9480,183.5639
2022-08-26,295.6968,251.2596,228.2495,199.4889,184.0879
2022-08-27,295.5643,251.1470,228.1472,199.3995,184.0053
2022-08-28,295.4317,251.0344,228.0449,199.3101,183.9228
2022-08-29,290.8914,248.5095,227.3507,199.5715,184.7012
2022-08-30,287.1612,246.1683,225.9929,199.2095,184.7447
2022-08-31,283.6259,243.8507,224.6764,198.7163,184.6332
2022-09-01,285.7388,245.4123,225.7102,199.2095,184.9939
2022-09-02,283.4413,243.9335,225.0228,199.4527,185.6877
2022-09-03,283.3143,243.8241,224.9219,199.3633,185.6044
2022-09-04,283.1872,243.7148,224.8210,199.2739,185.5212
2022-09-05,280.8608,242.7005,225.4721,201.1695,187.9503
2022-09-06,277.8762,241.1424,225.4017,202.5196,189.9084
2022-09-07,281.0070,242.8611,225.7245,201.5613,188.4066
2022-09-08,280.3759,242.0559,224.7251,200.6791,187.5383
2022-09-09,280.3902,241.7396,224.3258,200.2573,187.0323
2022-09-10,280.2788,241.6435,224.2366,200.1777,186.9579
2022-09-11,280.1673,241.5474,224.1474,200.0981,186.8836
2022-09-12,284.2624,244.1791,225.6099,200.6597,186.9944
2022-09-13,288.9347,247.0745,226.7892,200.2938,185.8924
2022-09-14,287.6626,246.2995,226.5909,199.9430,185.6380
2022-09-15,288.5634,246.9960,227.4232,201.2201,187.0681
2022-09-16,288.4487,246.8979,227.3328,201.1402,186.9938
2022-09-17,288.3340,246.7997,227.2425,201.0602,186.9194
2022-09-18,288.2194,246.7016,227.1522,200.9803,186.8452
2022-09-19,288.1048,246.6036,227.0619,200.9004,186.7709
2022-09-20,285.1795,244.8625,226.2059,200.8795,187.0821
2022-09-21,284.8445,244.5038,225.5902,199.8447,185.8667
2022-09-22,284.8818,244.5629,225.6479,199.6459,185.6011
2022-09-23,283.3975,243.1283,223.9894,197.6579,183.4492
2022-09-24,283.2849,243.0317,223.9004,197.5793,183.3763
2022-09-25,283.1723,242.9351,223.8115,197.5008,183.3034
2022-09-26,283.3902,243.0414,223.7155,197.1914,182.9329
2022-09-27,285.1995,243.8657,223.2614,195.6941,181.0973
2022-09-28,283.7740,242.5730,221.9018,194.4625,180.0460
2022-09-29,280.7808,240.2903,219.9686,193.0600,178.8288
2022-09-30,277.5916,238.0581,218.7185,192.4883,178.6150
2022-10-01,277.4812,237.9635,218.6316,192.4118,178.5440
2022-10-02,277.3709,237.8689,218.5447,192.3353,178.4731
2022-10-03,275.7699,237.0304,218.3397,192.6499,178.9711
2022-10-04,277.8261,238.1971,219.0777,193.2910,179.3720
2022-10-05,277.3652,237.6952,218.4764,192.8247,178.8091
2022-10-06,279.7649,239.1670,219.0329,192.2870,177.8204
2022-10-07,279.5494,238.9068,218.7383,191.8752,177.3053
2022-10-08,279.4383,238.8118,218.6514,191.7989,177.2348
2022-10-09,279.3272,238.7169,218.5645,191.7227,177.1643
2022-10-10,279.2464,238.6479,218.5013,191.6673,177.1131
2022-10-11,274.2763,235.5964,217.1309,191.4445,177.4600
2022-10-12,269.5755,232.4946,215.4466,191.1246,177.7145
2022-10-13,268.4655,231.9190,215.5175,191.8512,178.7463
2022-10-14,272.0996,234.1752,216.8058,192.7866,179.4373
2022-10-15,272.0210,234.1075,216.7432,192.7309,179.3854
2022-10-16,271.9424,234.0398,216.6805,192.6752,179.3336
2022-10-17,272.9521,234.9263,217.6117,193.4228,180.0364
2022-10-18,279.4826,239.2425,220.0671,194.7218,180.7994
2022-10-19,282.2749,240.9078,220.7804,194.6434,180.3778
2022-10-20,281.0400,239.7077,219.3037,192.9259,178.5401
2022-10-21,279.4837,238.6256,218.6204,192.4944,178.2078
2022-10-22,279.4029,238.5567,218.5573,192.4388,178.1563
2022-10-23,279.3222,238.4877,218.4941,192.3831,178.1048
2022-10-24,281.8946,240.1002,219.3046,193.0332,178.6753
2022-10-25,282.1777,240.2654,219.5370,193.3579,179.1572
2022-10-26,280.7769,239.4157,219.3215,193.8652,179.9304
2022-10-27,278.4991,238.1356,219.1784,194.6313,181.0742
2022-10-28,276.8184,237.2349,218.9357,194.8135,181.3878
2022-10-29,276.7384,237.1664,218.8725,194.7572,181.3354
2022-10-30,276.6584,237.0978,218.8092,194.7009,181.2830
2022-10-31,276.5785,237.0293,218.7460,194.6446,181.2306
2022-11-01,276.4985,236.9608,218.6828,194.5884,181.1782
2022-11-02,276.5365,236.9321,218.5411,194.3778,180.7876
2022-11-03,276.3172,236.8360,218.7514,194.3617,180.6309
2022-11-04,277.4408,237.4812,219.1228,194.6476,180.7125
2022-11-05,277.3606,237.4125,219.0595,194.5913,180.6602
2022-11-06,277.2805,237.3439,218.9962,194.5351,180.6080
2022-11-07,278.0435,237.9134,219.2490,194.7750,180.9251
2022-11-08,276.2391,236.9980,219.3992,195.7206,182.2609
2022-11-09,274.7839,236.4455,220.5322,198.2039,185.1215
2022-11-10,272.2569,235.3145,220.8698,199.7782,187.2112
2022-11-11,273.3724,236.5880,222.6549,202.4338,190.3129
2022-11-12,273.3270,236.5487,222.6179,202.4001,190.2813
2022-11-13,273.2816,236.5094,222.5809,202.3665,190.2496
2022-11-14,275.6805,238.1599,223.8624,203.1999,191.0056
2022-11-15,278.3161,240.1944,225.6393,204.4487,192.0415
2022-11-16,278.0586,240.7268,227.3733,207.3485,195.3600
2022-11-17,277.5184,240.4993,227.5232,207.5870,195.6714
2022-11-18,280.6969,242.2403,227.2817,205.7427,193.2774
2022-11-19,280.6502,242.2000,227.2439,205.7085,193.2453
2022-11-20,280.6036,242.1597,227.2061,205.6742,193.2131
2022-11-21,283.3227,244.0155,228.1888,205.8063,193.0377
2022-11-22,286.9941,246.4949,230.2154,207.4170,194.4521
2022-11-23,285.1847,245.3454,229.7965,207.6994,195.0165
2022-11-24,283.3347,244.0305,228.7376,206.8222,194.3167
2022-11-25,281.5566,242.8163,228.2919,206.8438,194.4796
2022-11-26,281.5099,242.7760,228.2539,206.8094,194.4473
2022-11-27,281.4630,242.7356,228.2160,206.7750,194.4149
2022-11-28,281.4466,242.7981,228.2551,206.6294,194.2095
2022-11-29,279.5144,241.6003,227.6472,206.2608,194.0187
2022-11-30,279.2509,241.3642,227.6052,206.3644,194.1382
2022-12-01,279.8255,241.7237,227.4718,206.1809,193.9233
2022-12-02,279.7187,242.0215,228.3211,207.2683,195.1841
2022-12-03,279.6722,241.9813,228.2831,207.2338,195.1516
2022-12-04,279.6257,241.9410,228.2452,207.1994,195.1192
2022-12-05,278.7826,241.6947,228.8844,208.7543,196.9192
2022-12-06,278.8147,241.9075,229.2879,209.0957,197.2867
2022-12-07,276.7707,240.6042,228.2472,208.2544,196.5193
2022-12-08,276.7246,240.5641,228.2092,208.2198,196.4866
2022-12-09,275.2282,239.4406,227.1034,207.0300,195.2893
2022-12-10,275.1399,239.3637,227.0305,206.9636,195.2266
2022-12-11,275.0516,239.2869,226.9577,206.8971,195.1639
2022-12-12,270.8966,236.6397,225.6728,206.6141,195.3084
2022-12-13,270.3303,236.1266,225.0562,205.9543,194.6617
2022-12-14,271.4340,237.0051,225.9946,206.7692,195.3893
2022-12-15,271.7433,237.2432,226.0217,206.6004,195.2261
2022-12-16,271.6164,237.2202,226.0275,206.4604,194.9853
2022-12-17,271.5292,237.1441,225.9550,206.3941,194.9227
2022-12-18,271.4421,237.0680,225.8825,206.3279,194.8602
2022-12-19,272.3672,237.6795,226.0391,206.1048,194.4922
2022-12-20,272.4017,237.6186,225.8962,205.7674,194.1544
2022-12-21,273.0267,237.9110,225.7388,205.3339,193.6181
2022-12-22,271.9188,237.1849,225.3716,205.4700,193.9089
2022-12-23,268.2048,234.8292,224.1507,205.0667,193.7832
2022-12-24,268.1187,234.7539,224.0788,205.0009,193.7210
2022-12-25,268.0326,234.6785,224.0069,204.9351,193.6588
2022-12-26,270.5819,236.3415,224.8988,205.2020,193.6268
2022-12-27,271.2020,236.6824,225.0175,205.1327,193.4726
2022-12-28,270.2175,236.2121,224.8266,205.2986,193.9214
2022-12-29,265.1128,233.0428,223.5503,205.4065,194.5498
2022-12-30,267.0259,234.3134,224.0941,205.6008,194.5578
2022-12-31,266.9403,234.2383,224.0222,205.5348,194.4954
2023-01-01,266.8545,234.1630,223.9502,205.4688,194.4329
2023-01-02,266.7689,234.0879,223.8784,205.4029,194.3705
2023-01-03,265.6249,233.5021,223.8406,205.8579,195.1041
2023-01-04,264.2248,232.5848,223.3161,205.4356,194.7879
2023-01-05,266.1099,233.7899,223.7185,205.1469,194.1750
2023-01-06,266.9801,234.1398,223.5687,204.4029,193.1050
2023-01-07,266.8945,234.0647,223.4970,204.3373,193.0431
2023-01-08,266.8088,233.9895,223.4253,204.2717,192.9811
2023-01-09,267.5733,234.6154,223.9548,204.9504,193.6963
2023-01-10,267.3917,234.6189,224.1058,205.1140,193.8831
2023-01-11,267.1049,234.4533,224.1768,205.4571,194.2842
2023-01-12,266.8982,234.5586,224.7453,206.3777,195.3363
2023-01-13,267.8621,235.3645,225.4896,206.9329,195.8327
2023-01-14,267.8362,235.3417,225.4678,206.9129,195.8137
2023-01-15,267.8103,235.3190,225.4460,206.8929,195.7948
2023-01-16,269.2921,236.2148,225.4682,206.2108,194.8768
2023-01-17,268.8326,235.8143,224.8512,205.4424,194.0786
2023-01-18,268.4239,235.4561,224.5267,205.0082,193.6035
2023-01-19,266.2569,234.1744,224.1591,205.0312,193.7448
2023-01-20,269.1805,236.0784,224.9956,204.9472,193.3487
2023-01-21,269.1545,236.0556,224.9739,204.9274,193.3301
2023-01-22,269.1285,236.0328,224.9521,204.9076,193.3114
2023-01-23,268.7736,235.6390,224.3472,204.4122,192.7514
2023-01-24,268.5880,235.5518,224.5971,205.1319,193.5983
2023-01-25,266.6594,234.2713,223.9586,205.0215,193.6551
2023-01-26,266.6237,234.1445,223.7773,204.8310,193.4037
2023-01-27,268.0944,235.1870,224.4768,205.2445,193.7016
2023-01-28,268.0685,235.1643,224.4551,205.2246,193.6828
2023-01-29,268.0426,235.1415,224.4334,205.2048,193.6641
2023-01-30,268.3926,235.4207,224.5685,205.2649,193.7407
2023-01-31,268.8623,235.5457,224.4690,204.8303,193.2019
2023-02-01,267.4337,234.2254,222.7769,203.1178,191.5030
2023-02-02,265.6880,233.1641,222.1759,202.9551,191.4755
2023-02-03,264.3069,232.5322,222.1197,203.4815,192.1917
2023-02-04,264.2814,232.5097,222.0982,203.4619,192.1731
2023-02-05,264.2559,232.4873,222.0768,203.4422,192.1545
2023-02-06,264.1070,232.2682,221.6910,202.8169,191.4863
2023-02-07,265.6532,233.0122,221.5167,201.8993,190.3569
2023-02-08,264.7328,232.2459,220.8249,201.4535,190.0036
2023-02-09,262.8777,231.0135,220.0291,200.7402,189.3969
2023-02-10,263.5910,231.5025,220.3049,200.6559,189.2103
2023-02-11,263.5160,231.4366,220.2421,200.5988,189.1564
2023-02-12,263.4410,231.3707,220.1795,200.5417,189.1026
2023-02-13,263.5912,231.2908,219.7606,199.8947,188.4014
2023-02-14,263.1689,230.8800,219.1791,199.3240,187.8322
2023-02-15,261.8454,229.8982,218.5342,198.9545,187.5327
2023-02-16,261.6576,229.6627,218.1003,198.4647,186.9980
2023-02-17,261.8934,229.8248,218.2966,198.4910,186.9859
2023-02-18,261.8189,229.7594,218.2345,198.4345,186.9327
2023-02-19,261.7444,229.6940,218.1724,198.3780,186.8795
2023-02-20,259.6591,228.4600,217.3711,197.9799,186.6946
2023-02-21,260.2448,228.8673,217.8786,198.5371,187.2338
2023-02-22,259.0058,227.9042,216.8880,197.4329,186.1936
2023-02-23,258.1327,227.4625,216.8933,197.8453,186.7584
2023-02-24,259.8312,228.5733,217.6536,198.3915,187.1425
2023-02-25,259.7572,228.5082,217.5917,198.3350,187.0892
2023-02-26,259.6833,228.4432,217.5297,198.2786,187.0360
2023-02-27,261.3751,229.6287,218.4043,198.8159,187.5372
2023-02-28,264.9062,232.0748,219.9014,199.4878,187.9623
2023-03-01,264.4778,231.7922,219.7914,199.5087,188.0724
2023-03-02,262.0825,230.2013,218.5279,198.4633,187.1512
2023-03-03,261.2435,229.4940,217.6643,197.4883,186.1361
2023-03-04,261.1691,229.4287,217.6023,197.4321,186.0832
2023-03-05,261.0948,229.3635,217.5405,197.3760,186.0303
2023-03-06,262.0396,230.0063,218.1436,197.9011,186.5134
2023-03-07,260.3266,228.8774,217.5900,197.7177,186.4484
2023-03-08,256.9761,226.7537,216.5041,197.3030,186.3204
2023-03-09,257.7425,227.2011,216.8959,197.7749,186.7016
2023-03-10,255.5490,225.8139,216.1912,197.4103,186.4265
2023-03-11,255.5573,225.8212,216.1982,197.4166,186.4325
2023-03-12,255.5655,225.8285,216.2052,197.4230,186.4385
2023-03-13,252.3142,224.0217,215.8111,198.2985,187.8053
2023-03-14,252.5881,224.8875,217.8492,201.6559,191.6546
2023-03-15,252.2135,224.4040,216.9111,200.5494,190.5545
2023-03-16,253.1989,225.2387,217.9069,201.6664,191.6801
2023-03-17,255.5736,226.6911,218.5367,201.8651,191.7078
2023-03-18,255.5818,226.6984,218.5438,201.8716,191.7140
2023-03-19,255.5901,226.7057,218.5508,201.8782,191.7202
2023-03-20,256.1934,227.2577,219.2983,202.5734,192.3817
2023-03-21,255.4785,226.6756,218.9732,202.7446,192.7333
2023-03-22,257.2235,227.7426,219.5074,202.9152,192.7998
2023-03-23,256.2472,227.3288,219.6284,203.0829,193.0046
2023-03-24,254.0870,226.1628,219.1642,203.2055,193.3474
2023-03-25,254.0952,226.1701,219.1713,203.2120,193.3537
2023-03-26,254.1034,226.1774,219.1784,203.2186,193.3599
2023-03-27,254.6241,226.6212,219.8539,204.1759,194.4217
2023-03-28,254.1523,226.0560,219.1995,203.4583,193.6639
2023-03-29,253.4386,225.5966,218.8778,203.1126,193.2796
2023-03-30,253.1420,225.5131,219.0360,203.4247,193.6267
2023-03-31,254.0845,226.3270,219.7242,203.9145,194.0566
2023-04-01,254.0927,226.3343,219.7313,203.9211,194.0629
2023-04-02,254.1008,226.3415,219.7384,203.9276,194.0691
2023-04-03,255.6292,227.5419,220.6873,204.7571,194.8404
2023-04-04,258.4906,229.4886,222.0303,205.5118,195.3525
2023-04-05,259.6594,230.3641,222.5632,205.5593,195.3082
2023-04-06,258.6641,229.6475,221.9739,205.1351,194.9387
2023-04-07,258.6725,229.6549,221.9810,205.1417,194.9450
2023-04-08,258.6808,229.6623,221.9882,205.1483,194.9513
2023-04-09,258.6891,229.6697,221.9953,205.1549,194.9576
2023-04-10,259.6429,230.4650,222.5208,205.6214,195.3924
2023-04-11,261.6072,231.5273,222.6675,204.8967,194.4232
2023-04-12,260.7146,230.7410,221.9008,204.2418,193.7291
2023-04-13,258.8716,229.4072,220.9792,203.5663,193.1125
2023-04-14,258.3674,229.1910,221.2269,204.2531,193.8821
2023-04-15,258.2732,229.1075,221.1463,204.1786,193.8114
2023-04-16,258.1790,229.0239,221.0657,204.1042,193.7407
2023-04-17,258.7064,229.2126,221.0497,203.8977,193.4984
2023-04-18,259.9676,229.8026,220.9427,203.3140,192.7848
2023-04-19,258.3014,228.6729,220.2006,202.9189,192.5031
2023-04-20,257.0161,227.7529,219.3233,202.0623,191.7383
2023-04-21,254.8892,226.4676,218.7280,202.0283,191.8861
2023-04-22,254.7963,226.3850,218.6482,201.9546,191.8161
2023-04-23,254.7033,226.3025,218.5685,201.8809,191.7461
2023-04-24,253.1442,225.4121,217.9773,201.5284,191.5614
2023-04-25,257.5825,228.1163,219.1139,201.1468,190.6902
2023-04-26,255.5905,227.0327,219.0423,201.8461,191.6632
2023-04-27,253.2480,225.5951,218.2353,201.5398,191.5692
2023-04-28,253.9039,225.9070,218.0200,201.3213,191.2854
2023-04-29,253.8112,225.8246,217.9405,201.2478,191.2156
2023-04-30,253.7187,225.7423,217.8611,201.1745,191.1459
2023-05-01,253.6262,225.6600,217.7816,201.1012,191.0762
2023-05-02,255.1199,226.6856,218.4981,201.6059,191.5087
2023-05-03,254.6783,226.4871,218.5500,201.6814,191.6121
2023-05-04,253.8315,226.0154,218.4167,201.8162,191.8020
2023-05-05,251.8489,224.7461,217.7465,201.5797,191.7035
2023-05-06,251.7571,224.6642,217.6672,201.5062,191.6336
2023-05-07,251.6653,224.5823,217.5878,201.4327,191.5638
2023-05-08,252.4742,225.0518,217.7339,201.5411,191.5953
2023-05-09,252.9754,225.3069,217.8081,201.4196,191.3900
2023-05-10,251.6446,224.2868,216.9764,200.6471,190.6702
2023-05-11,251.1402,223.9438,216.7536,200.6012,190.6232
2023-05-12,252.8192,225.0649,217.5904,201.0360,190.8568
2023-05-13,252.7948,225.0431,217.5693,201.0165,190.8383
2023-05-14,252.7703,225.0214,217.5483,200.9971,190.8199
2023-05-15,250.1058,223.0984,216.3657,200.3424,190.3509
2023-05-16,250.4389,223.1434,216.1362,199.8418,189.7589
2023-05-17,252.1747,224.2734,216.7032,199.7605,189.5215
2023-05-18,253.1053,224.7972,217.2173,200.3836,190.1316
2023-05-19,252.9014,224.5952,216.9373,200.1351,189.9257
2023-05-20,252.8769,224.5735,216.9163,200.1158,189.9074
2023-05-21,252.8525,224.5518,216.8954,200.0964,189.8890
2023-05-22,253.5677,224.9689,217.1689,200.2527,190.0391
2023-05-23,254.6520,225.5546,217.2961,199.9418,189.5119
2023-05-24,253.8729,225.0230,216.9042,199.6709,189.2521
2023-05-25,253.5084,224.7984,216.8070,199.5701,189.1603
2023-05-26,253.0019,224.3405,216.2591,198.9876,188.5971
2023-05-27,252.9775,224.3188,216.2382,198.9684,188.5789
2023-05-28,252.9531,224.2972,216.2173,198.9492,188.5607
2023-05-29,252.4531,223.9238,215.7261,198.5404,188.2269
2023-05-30,252.0192,223.7019,215.7788,198.7340,188.4277
2023-05-31,251.8841,223.7135,215.8793,198.8910,188.5659
2023-06-01,251.8373,223.7693,216.1628,199.4116,189.1958
2023-06-02,252.3464,224.1474,216.6355,200.0242,189.7410
2023-06-03,252.3220,224.1257,216.6145,200.0048,189.7226
2023-06-04,252.2976,224.1041,216.5936,199.9855,189.7043
2023-06-05,254.1631,225.3027,217.2017,200.1700,189.7291
2023-06-06,253.9453,225.3045,217.4964,200.5112,190.1092
2023-06-07,254.8552,226.0094,218.0555,200.9162,190.3919
2023-06-08,254.3105,225.6216,217.8993,201.0497,190.5912
2023-06-09,253.9373,225.4404,217.6568,200.8970,190.4248
2023-06-10,253.9289,225.4329,217.6495,200.8903,190.4184
2023-06-11,253.9204,225.4254,217.6423,200.8836,190.4121
2023-06-12,253.8788,225.3875,217.8120,201.1557,190.6395
2023-06-13,259.3533,228.9641,219.7576,201.7151,190.7095
2023-06-14,260.0953,229.3850,219.9919,201.8752,190.8829
2023-06-15,259.4899,229.0356,219.9217,201.8978,190.8783
2023-06-16,260.7479,229.9905,220.6778,202.6064,191.5345
2023-06-17,260.7392,229.9829,220.6704,202.5997,191.5282
2023-06-18,260.7304,229.9751,220.6630,202.5929,191.5217
2023-06-19,260.1037,229.6627,220.7066,202.7117,191.7185
2023-06-20,260.0948,229.6940,220.6917,202.6416,191.5859
2023-06-21,260.0861,229.6864,220.6844,202.6349,191.5796
2023-06-22,259.7807,229.7919,221.3067,203.5739,192.5950
2023-06-23,260.1695,230.0767,221.3642,203.4647,192.4997
2023-06-24,260.1608,230.0691,221.3569,203.4579,192.4933
2023-06-25,260.1522,230.0614,221.3495,203.4512,192.4869
2023-06-26,260.1435,230.0538,221.3422,203.4444,192.4805
2023-06-27,258.9120,229.3424,221.0746,203.4947,192.5736
2023-06-28,257.9339,228.7086,220.4793,203.1362,192.3132
2023-06-29,257.5742,228.4951,220.4244,203.0374,192.1582
2023-06-30,258.3067,228.7584,220.0223,202.2634,191.3294
2023-07-01,258.2981,228.7508,220.0150,202.2567,191.3231
2023-07-02,258.2895,228.7432,220.0076,202.2499,191.3166
2023-07-03,259.9950,229.8474,220.7075,202.6534,191.5875
2023-07-04,260.9297,230.4504,221.0298,202.7810,191.5485
2023-07-05,260.4651,230.1458,220.7272,202.4374,191.1852
2023-07-06,259.3823,229.3676,220.1752,202.0760,190.9084
2023-07-07,258.1366,228.4482,219.5002,201.6362,190.6168
2023-07-08,258.1280,228.4406,219.4929,201.6295,190.6104
2023-07-09,258.1194,228.4330,219.4856,201.6228,190.6041
2023-07-10,259.7914,229.3324,219.7769,201.4982,190.1944
2023-07-11,261.9834,230.7935,220.5991,201.7325,190.2061
2023-07-12,264.6903,232.3575,220.9764,201.0451,189.1423
2023-07-13,265.6222,233.0771,221.2439,200.8637,188.7165
2023-07-14,267.1660,234.3392,222.3840,201.8404,189.6315
2023-07-15,267.1832,234.3543,222.3983,201.8534,189.6437
2023-07-16,267.2005,234.3695,222.4127,201.8665,189.6560
2023-07-17,268.0551,235.0162,222.7382,201.8005,189.5267
2023-07-18,269.9489,236.3546,223.4119,201.9698,189.6021
2023-07-19,269.7360,236.2689,223.4418,202.1321,189.7946
2023-07-20,269.2497,236.0125,223.4599,202.4258,190.0548
2023-07-21,267.6018,234.8018,222.5814,201.9231,189.7140
2023-07-22,267.6191,234.8170,222.5957,201.9361,189.7262
2023-07-23,267.6363,234.8321,222.6101,201.9491,189.7384
2023-07-24,271.1254,237.0592,223.6905,202.0471,189.4781
2023-07-25,273.4607,238.4881,224.3003,202.1146,189.3258
2023-07-26,275.4080,239.7955,225.0361,202.3786,189.4326
2023-07-27,274.8821,239.4575,224.9348,202.4657,189.5709
2023-07-28,274.6366,239.2502,224.7919,202.2241,189.3704
2023-07-29,274.6543,239.2656,224.8064,202.2372,189.3826
2023-07-30,274.6721,239.2811,224.8209,202.2503,189.3949
2023-07-31,276.6072,240.6526,225.6143,202.5868,189.4698
2023-08-01,281.1109,244.0277,228.2754,204.5994,191.2839
2023-08-02,280.1607,243.3094,227.5229,203.8175,190.5608
2023-08-03,278.7260,242.1049,226.3111,202.5137,189.3248
2023-08-04,279.2082,242.1488,225.6628,201.4634,188.1996
2023-08-05,279.2261,242.1644,225.6774,201.4763,188.2117
2023-08-06,279.2442,242.1801,225.6919,201.4894,188.2238
2023-08-07,278.2517,241.7264,225.8933,202.0897,188.8981
2023-08-08,279.9259,242.7097,226.2148,201.8901,188.5962
2023-08-09,280.5321,243.1998,226.7915,202.5007,189.2386
2023-08-10,279.5168,242.5700,226.1934,201.7301,188.4086
2023-08-11,277.8496,241.4395,225.5262,201.4490,188.2418
2023-08-12,277.8138,241.4084,225.4972,201.4231,188.2176
2023-08-13,277.7780,241.3773,225.4682,201.3972,188.1933
2023-08-14,276.0388,240.0626,224.4032,200.4456,187.3924
2023-08-15,276.0033,240.0317,224.3744,200.4199,187.3683
2023-08-16,274.3065,238.8882,223.5355,199.9157,187.0548
2023-08-17,272.9971,237.9882,222.8909,199.4194,186.6369
2023-08-18,272.8885,237.7777,222.5497,198.8418,186.0200
2023-08-19,272.8533,237.7471,222.5210,198.8161,185.9960
2023-08-20,272.8182,237.7165,222.4924,198.7906,185.9721
2023-08-21,272.6187,237.4738,222.0272,198.2600,185.4314
2023-08-22,272.5799,237.2407,221.4134,197.4216,184.5767
2023-08-23,272.6654,237.2693,221.3911,197.1977,184.1960
2023-08-24,273.0842,237.8281,222.0119,197.9956,184.9431
2023-08-25,270.5293,236.2344,221.4670,198.1840,185.3644
2023-08-26,270.4945,236.2040,221.4385,198.1585,185.3406
2023-08-27,270.4597,236.1736,221.4100,198.1329,185.3167
2023-08-28,267.0959,234.0354,220.2418,197.9424,185.4606
2023-08-29,269.6601,235.7983,221.3341,198.5041,185.8761
2023-08-30,273.8604,238.6498,222.9987,199.2426,186.2767
2023-08-31,273.5355,238.5143,223.1245,199.6016,186.6817
2023-09-01,272.6021,237.9074,222.8012,199.5439,186.7448
2023-09-02,272.5671,237.8768,222.7725,199.5183,186.7208
2023-09-03,272.5320,237.8462,222.7438,199.4926,186.6967
2023-09-04,272.3669,237.6301,222.4826,199.2419,186.4647
2023-09-05,273.9921,238.6626,223.0477,199.4306,186.4972
2023-09-06,275.3691,239.4876,223.5050,199.4994,186.5390
2023-09-07,274.9820,239.1254,223.1033,198.9494,185.9525
2023-09-08,275.0799,239.2218,223.1488,198.9694,185.9519
2023-09-09,275.0444,239.1910,223.1200,198.9438,185.9279
2023-09-10,275.0352,239.1830,223.1126,198.9371,185.9217
2023-09-11,277.7789,240.9941,224.1786,199.3103,186.0171
2023-09-12,278.4184,241.3115,224.1246,199.0619,185.6779
2023-09-13,279.8944,242.2044,224.4789,198.7874,185.1499
2023-09-14,277.8613,240.8444,223.5585,198.2492,184.6682
2023-09-15,278.7058,241.2488,223.6664,198.2018,184.5538
2023-09-16,278.6965,241.2407,223.6589,198.1952,184.5476
2023-09-17,278.6872,241.2327,223.6515,198.1886,184.5415
2023-09-18,278.6779,241.2247,223.6440,198.1820,184.5353
2023-09-19,278.6687,241.2167,223.6366,198.1754,184.5292
2023-09-20,277.7078,240.5974,223.3983,198.0334,184.4346
2023-09-21,275.6029,239.1964,222.5195,197.4692,184.0450
2023-09-22,274.0675,237.9252,221.4053,196.2351,182.9479
2023-09-23,274.0584,237.9172,221.3978,196.2286,182.9418
2023-09-24,274.0493,237.9093,221.3905,196.2221,182.9357
2023-09-25,273.9721,237.8632,221.4137,196.1559,182.7567
2023-09-26,275.1778,238.3964,221.3378,195.7070,182.3232
2023-09-27,274.1626,237.4521,220.3513,194.4061,180.9972
2023-09-28,273.7370,236.9604,219.5770,193.5780,180.2113
2023-09-29,274.8688,237.3895,219.2869,192.8462,179.2344
2023-09-30,274.8597,237.3816,219.2796,192.8398,179.2284
2023-10-01,274.8505,237.3737,219.2723,192.8334,179.2225
2023-10-02,273.0612,236.3311,218.9591,192.9883,179.4857
2023-10-03,272.5747,235.8138,218.1204,191.9476,178.4581
2023-10-04,272.4419,235.3235,217.0149,190.2846,176.8223
2023-10-05,271.4765,234.7571,216.6181,190.3181,177.0012
2023-10-06,272.2321,235.2804,217.0343,190.5507,177.1428
2023-10-07,272.2230,235.2725,217.0271,190.5444,177.1369
2023-10-08,272.2139,235.2647,217.0198,190.5380,177.1310
2023-10-09,272.2049,235.2569,217.0126,190.5317,177.1251
2023-10-10,273.8421,236.2224,217.1852,190.4013,176.9210
2023-10-11,278.6316,239.7716,220.0170,192.3800,178.5017
2023-10-12,279.3266,240.5653,220.8735,193.1589,179.2130
2023-10-13,280.4185,241.0526,220.9594,192.7115,178.7084
2023-10-14,280.3555,240.9984,220.9097,192.6682,178.6682
2023-10-15,280.2924,240.9442,220.8600,192.6248,178.6280
2023-10-16,280.9871,241.7279,221.9877,193.9949,180.0680
2023-10-17,281.2849,241.7411,221.5727,193.5001,179.6362
2023-10-18,282.0386,241.8803,220.9240,192.3004,178.3448
2023-10-19,277.2984,238.3856,218.1874,190.0118,176.1961
2023-10-20,275.5140,236.9343,216.9318,188.7560,175.0113
2023-10-21,275.4520,236.8809,216.8830,188.7135,174.9719
2023-10-22,275.3900,236.8276,216.8342,188.6710,174.9326
2023-10-23,273.4120,235.4936,215.9001,187.8240,174.1110
2023-10-24,271.6211,234.4280,215.3489,187.6067,173.9456
2023-10-25,270.4757,233.5499,214.3280,186.5955,172.8606
2023-10-26,267.4699,231.4157,212.8935,185.6148,172.1026
2023-10-27,267.4097,231.3637,212.8456,185.5730,172.0639
2023-10-28,267.3495,231.3116,212.7977,185.5312,172.0251
2023-10-29,267.2894,231.2595,212.7498,185.4895,171.9864
2023-10-30,268.6783,232.5017,214.2507,186.7967,173.0653
2023-10-31,264.6277,229.6488,211.9733,185.3118,171.8935
2023-11-01,264.5681,229.5971,211.9256,185.2701,171.8548
2023-11-02,262.6186,228.1786,210.8596,184.5624,171.1368
2023-11-03,264.0764,229.7443,213.2306,187.7204,174.4603
2023-11-04,264.0170,229.6926,213.1826,187.6781,174.4210
2023-11-05,263.9576,229.6410,213.1346,187.6359,174.3818
2023-11-06,266.3065,231.7915,215.3070,189.9884,176.7728
2023-11-07,266.8327,232.0866,215.2479,189.7791,176.5685
2023-11-08,268.1371,233.1712,216.2146,190.6493,177.3943
2023-11-09,270.1028,234.8102,217.9166,192.3591,179.0788
2023-11-10,270.7376,235.0835,217.9871,192.0938,178.7485
2023-11-11,270.7015,235.0521,217.9580,192.0682,178.7247
2023-11-12,270.6655,235.0209,217.9291,192.0427,178.7009
2023-11-13,273.6757,236.9784,218.7532,192.2042,178.6671
2023-11-14,275.2994,238.0975,219.4440,192.5197,178.8816
2023-11-15,276.1297,239.1167,220.8141,194.6415,180.9831
2023-11-16,273.9051,237.6156,220.1783,194.6992,181.3198
2023-11-17,271.1567,236.2202,220.0953,195.6392,182.6006
2023-11-18,271.1206,236.1888,220.0661,195.6132,182.5763
2023-11-19,271.0845,236.1574,220.0368,195.5871,182.5520
2023-11-20,272.6317,237.2031,220.7483,195.9458,182.7846
2023-11-21,273.2001,237.4232,220.6614,195.5647,182.2800
2023-11-22,271.5327,236.4344,220.2783,195.6243,182.5291
2023-11-23,271.6899,236.6648,220.6063,195.9430,182.8672
2023-11-24,271.2291,236.4404,220.6849,196.3013,183.2990
2023-11-25,271.1930,236.4090,220.6555,196.2752,183.2746
2023-11-26,271.1569,236.3775,220.6261,196.2490,183.2502
2023-11-27,271.2759,236.4238,220.4986,195.9882,183.0089
2023-11-28,270.2458,235.9531,220.4292,196.2593,183.3845
2023-11-29,270.4741,236.2542,220.8719,196.8497,183.9713
2023-11-30,270.4678,236.5436,221.6730,198.0113,185.2913
2023-12-01,270.9799,236.7268,221.6009,197.8207,185.0989
2023-12-02,270.9439,236.6953,221.5714,197.7945,185.0743
2023-12-03,270.9078,236.6638,221.5419,197.7681,185.0496
2023-12-04,270.6636,236.6405,221.7067,198.1816,185.5088
2023-12-05,269.7403,236.0634,221.3943,198.0206,185.4168
2023-12-06,271.6957,237.7054,222.8350,199.0982,186.3214
2023-12-07,272.5499,238.4863,223.7458,199.9699,187.1293
2023-12-08,272.5136,238.4545,223.7161,199.9433,187.1044
2023-12-09,272.4774,238.4228,223.6863,199.9167,187.0795
2023-12-10,272.4161,238.3692,223.6360,199.8717,187.0374
2023-12-11,271.9050,238.0811,223.5770,200.3546,187.8185
2023-12-12,274.4729,239.6033,224.1537,200.0422,187.2465
2023-12-13,274.7632,239.9885,224.5004,200.5047,187.7830
2023-12-14,275.9294,240.8962,225.0454,200.9297,188.0688
2023-12-15,278.0419,243.0615,227.7474,204.1880,191.3406
2023-12-16,277.9793,243.0068,227.6961,204.1421,191.2976
2023-12-17,277.9168,242.9521,227.6449,204.0962,191.2546
2023-12-18,279.2609,244.0071,228.5949,204.6953,191.7122
2023-12-19,279.2807,243.9113,228.2400,204.2391,191.2408
2023-12-20,277.5092,242.6291,227.4826,204.0502,191.1397
2023-12-21,277.4412,242.9937,228.6159,205.4429,192.6630
2023-12-22,279.7569,244.3988,228.9495,205.1246,192.0982
2023-12-23,279.6939,244.3438,228.8980,205.0784,192.0549
2023-12-24,279.6310,244.2888,228.8465,205.0323,192.0117
2023-12-25,279.5680,244.2338,228.7950,204.9861,191.9685
2023-12-26,282.8098,246.3018,229.9912,205.3785,192.0478
2023-12-27,286.4953,248.7154,231.1475,205.6314,191.9495
2023-12-28,285.4488,248.1754,231.0842,205.9436,192.2933
2023-12-29,286.2698,248.5326,231.0196,205.5897,191.8072
2023-12-30,286.2054,248.4767,230.9676,205.5434,191.7640
2023-12-31,286.1410,248.4208,230.9157,205.4972,191.7209
2024-01-01,286.0766,248.3649,230.8638,205.4509,191.6778
2024-01-02,283.8933,247.0172,230.2660,205.3930,191.8298
2024-01-03,282.4725,245.7943,229.1459,204.1623,190.6793
2024-01-04,281.3052,244.7934,228.2974,203.2987,189.7418
2024-01-05,279.7353,243.5923,227.3598,202.5499,189.1607
2024-01-06,279.6724,243.5375,227.3086,202.5043,189.1182
2024-01-07,279.6094,243.4827,227.2575,202.4588,189.0756
2024-01-08,281.3880,244.5546,227.6644,202.2971,188.7486
2024-01-09,283.7817,245.9648,228.0355,202.0056,188.0921
2024-01-10,286.3038,247.6037,228.9493,202.2219,188.0854
2024-01-11,287.5169,248.4701,229.4367,202.4369,188.2317
2024-01-12,285.7851,247.3767,228.8595,202.2223,188.0852
2024-01-13,285.8313,247.4167,228.8965,202.2550,188.1156
2024-01-14,285.8775,247.4567,228.9335,202.2877,188.1460
2024-01-15,285.7413,247.5273,229.5227,203.1775,189.0399
2024-01-16,286.1950,247.8890,229.8645,203.4669,189.2908
2024-01-17,286.4315,247.8629,229.5304,202.9827,188.9148
2024-01-18,284.4144,246.4253,228.4104,202.2446,188.3662
2024-01-19,283.3596,245.5660,227.5651,201.5707,187.7975
2024-01-20,283.4054,245.6057,227.6019,201.6032,187.8279
2024-01-21,283.4512,245.6454,227.6387,201.6358,187.8583
2024-01-22,282.6313,245.0017,226.9297,201.0574,187.3508
2024-01-23,281.4621,244.2427,226.6267,201.1221,187.5289
2024-01-24,282.9422,245.2752,227.1953,201.3945,187.7185
2024-01-25,284.8312,246.7740,228.4685,202.3699,188.5762
2024-01-26,286.0936,247.6997,229.0276,202.7057,188.7996
2024-01-27,286.1399,247.7397,229.0647,202.7385,188.8301
2024-01-28,286.1862,247.7798,229.1017,202.7713,188.8606
2024-01-29,287.6485,248.8307,229.6810,202.9048,188.8857
2024-01-30,290.9717,251.2760,231.2630,203.8128,189.5379
2024-01-31,291.2887,251.5578,231.6498,204.2175,189.9943
2024-02-01,290.3295,251.3743,232.5742,205.7317,191.6538
2024-02-02,293.2224,253.7164,234.3964,207.3631,193.1768
2024-02-03,293.2699,253.7574,234.4343,207.3967,193.2080
2024-02-04,293.3172,253.7984,234.4722,207.4302,193.2392
2024-02-05,294.1661,254.1805,234.2107,206.7798,192.6148
2024-02-06,295.9045,255.1159,234.3580,206.1970,191.8064
2024-02-07,297.1852,256.0207,234.9272,206.6559,192.1689
2024-02-08,297.8893,256.5035,235.3720,207.1342,192.7059
2024-02-09,300.1408,257.9786,236.0633,207.1582,192.6547
2024-02-10,300.0687,257.9166,236.0066,207.1084,192.6084
2024-02-11,299.9965,257.8545,235.9498,207.0585,192.5620
2024-02-12,303.1985,260.0598,237.2341,207.6352,192.9172
2024-02-13,305.1698,261.3677,238.0791,208.1478,193.2640
2024-02-14,301.9767,258.9665,236.3752,206.8180,192.2061
2024-02-15,300.1886,257.7438,235.4851,206.3729,191.8244
2024-02-16,303.0224,259.7325,236.7617,207.1221,192.3519
2024-02-17,302.9495,259.6700,236.7047,207.0723,192.3056
2024-02-18,302.8766,259.6076,236.6478,207.0225,192.2593
2024-02-19,305.1403,261.0404,237.2567,206.6554,191.5067
2024-02-20,305.0124,260.9599,237.2327,206.6771,191.5281
2024-02-21,304.3062,260.6077,237.2734,206.9500,191.8937
2024-02-22,305.1427,260.9241,237.1953,206.5438,191.3561
2024-02-23,308.1324,262.7159,237.8598,206.2591,190.7338
2024-02-24,308.0583,262.6527,237.8026,206.2095,190.6880
2024-02-25,307.9842,262.5895,237.7454,206.1599,190.6421
2024-02-26,310.7347,264.3605,238.4266,205.6814,189.7359
2024-02-27,310.8383,264.3385,238.4144,205.4847,189.5158
2024-02-28,311.4691,264.5879,238.1996,204.9268,188.7996
2024-02-29,309.3872,263.1766,237.3167,204.4395,188.5153
2024-03-01,308.1690,262.3160,237.0742,204.7996,189.0492
2024-03-02,308.0949,262.2529,237.0171,204.7503,189.0037
2024-03-03,308.0208,262.1899,236.9601,204.7011,188.9583
2024-03-04,309.1436,263.0768,237.8437,205.5720,189.7709
2024-03-05,310.1249,263.7261,238.3111,205.7985,190.0345
2024-03-06,309.8677,263.7383,239.0563,207.0650,191.3904
2024-03-07,312.7808,265.8854,240.5522,208.0755,192.1640
2024-03-08,314.2185,266.9867,241.4279,208.9573,193.1223
2024-03-09,314.1428,266.9224,241.3698,208.9070,193.0758
2024-03-10,314.0822,266.8709,241.3232,208.8667,193.0386
2024-03-11,309.4919,264.0645,240.1203,208.8474,193.5876
2024-03-12,309.9550,264.3381,240.0832,208.6714,193.4255
2024-03-13,310.9866,264.9558,240.0417,208.0791,192.6569
2024-03-14,307.0364,262.2254,238.2712,207.0765,191.9095
2024-03-15,304.9865,260.6406,236.9854,205.9129,190.8071
2024-03-16,304.9277,260.5902,236.9397,205.8731,190.7702
2024-03-17,304.8689,260.5400,236.8940,205.8334,190.7335
2024-03-18,303.1453,259.2680,236.1575,205.3414,190.3124
2024-03-19,304.4387,259.8903,236.2694,205.0041,189.8018
2024-03-20,308.1994,262.4185,237.4777,205.4282,190.0064
2024-03-21,313.5031,265.8826,239.2618,205.9022,189.9874
2024-03-22,313.9075,266.1642,239.5237,206.0595,190.0675
2024-03-23,313.8470,266.1128,239.4775,206.0197,190.0309
2024-03-24,313.7864,266.0615,239.4313,205.9800,189.9942
2024-03-25,314.9114,267.0076,240.3072,206.5443,190.4400
2024-03-26,313.5166,266.0850,239.6742,206.2388,190.3079
2024-03-27,314.8117,266.9753,240.1613,206.2892,190.2269
2024-03-28,316.2652,268.0213,241.0808,207.1042,190.9599
2024-03-29,316.2041,267.9696,241.0342,207.0642,190.9230
2024-03-30,316.1432,267.9179,240.9877,207.0243,190.8862
2024-03-31,316.0821,267.8662,240.9412,206.9843,190.8494
2024-04-01,316.8332,268.4165,241.3413,207.2988,191.1530
2024-04-02,316.0889,267.7416,240.5826,206.4895,190.3891
2024-04-03,314.5588,266.6779,239.6674,205.6309,189.6678
2024-04-04,310.3764,263.8892,238.0819,205.1146,189.4847
2024-04-05,305.0243,260.3843,236.1482,204.2968,188.9371
2024-04-06,304.9655,260.3341,236.1027,204.2574,188.9006
2024-04-07,304.9067,260.2838,236.0571,204.2180,188.8642
2024-04-08,306.0477,260.8698,236.0432,203.7758,188.3238
2024-04-09,305.9172,260.5734,235.3767,202.7392,187.0551
2024-04-10,305.3963,260.3648,235.6645,203.2549,187.5744
2024-04-11,305.5149,260.1898,235.0618,202.0158,186.3214
2024-04-12,306.6955,260.8430,234.9752,201.5025,185.7226
2024-04-13,306.6548,260.8083,234.9439,201.4757,185.6979
2024-04-14,306.6139,260.7736,234.9127,201.4489,185.6732
2024-04-15,305.4273,260.1214,234.7443,201.6468,186.0618
2024-04-16,306.0315,260.1734,234.0989,200.3875,184.7449
2024-04-17,304.6499,258.9662,232.5797,198.7082,183.1640
2024-04-18,302.3302,257.4857,231.9400,198.8670,183.5790
2024-04-19,300.4620,256.1453,230.8097,197.9535,182.6947
2024-04-20,300.4221,256.1112,230.7790,197.9272,182.6704
2024-04-21,300.3821,256.0772,230.7483,197.9009,182.6461
2024-04-22,297.0583,253.9802,229.8985,198.1553,183.2521
2024-04-23,297.6766,254.4452,230.3032,198.5897,183.6578
2024-04-24,299.4033,255.7035,231.0755,198.9452,183.8535
2024-04-25,299.8855,255.9794,231.0187,198.5970,183.4451
2024-04-26,297.1525,254.0583,229.5369,197.7104,182.8262
2024-04-27,297.1129,254.0245,229.5064,197.6840,182.8018
2024-04-28,297.0734,253.9907,229.4759,197.6578,182.7775
2024-04-29,299.1752,255.5388,230.6613,198.5641,183.4933
2024-04-30,300.4418,256.4981,231.5063,199.2478,184.0785
2024-05-01,300.4018,256.4640,231.4755,199.2212,184.0540
2024-05-02,300.4490,256.6645,231.8040,199.3159,184.1964
2024-05-03,302.5643,258.2086,232.8691,200.1902,184.8585
2024-05-04,302.5241,258.1742,232.8381,200.1636,184.8339
2024-05-05,302.4839,258.1399,232.8071,200.1369,184.8093
2024-05-06,301.0466,257.4635,232.9240,201.0466,185.8619
2024-05-07,300.4754,257.1394,232.9288,201.4206,186.3584
2024-05-08,302.2044,258.3944,233.8916,202.0542,186.8613
2024-05-09,302.3880,258.5620,233.9193,201.9691,186.8262
2024-05-10,302.0916,258.3334,233.6941,201.7781,186.5995
2024-05-11,302.0430,258.2918,233.6565,201.7456,186.5694
2024-05-12,301.9944,258.2503,233.6189,201.7132,186.5394
2024-05-13,299.4605,256.5010,232.4327,200.9051,185.9181
2024-05-14,299.8296,256.7433,232.4314,200.6968,185.5416
2024-05-15,299.4257,256.4630,232.3523,200.7910,185.6336
2024-05-16,299.5511,256.8299,233.1498,202.0331,186.9510
2024-05-17,297.5817,255.5866,232.5262,201.8553,186.9325
2024-05-18,297.5338,255.5454,232.4888,201.8228,186.9024
2024-05-19,297.4860,255.5043,232.4514,201.7904,186.8724
2024-05-20,296.6976,254.9378,232.0670,201.5258,186.6557
2024-05-21,296.6498,254.8968,232.0296,201.4933,186.6256
2024-05-22,293.4763,252.8269,230.9438,201.2728,186.6711
2024-05-23,297.0211,255.2322,232.0928,201.2623,186.3976
2024-05-24,296.7112,254.9734,231.7186,200.5640,185.6523
2024-05-25,296.6635,254.9324,231.6813,200.5317,185.6224
2024-05-26,296.6157,254.8914,231.6441,200.4994,185.5925
2024-05-27,295.5779,254.2045,231.3349,200.5234,185.6604
2024-05-28,295.2922,254.0073,231.2272,200.4400,185.6106
2024-05-29,293.9382,252.9544,230.1798,199.5225,184.7499
2024-05-30,293.2644,252.3225,229.3981,198.5782,183.8674
2024-05-31,295.5582,253.8433,230.2777,198.9145,184.0015
2024-06-01,295.5106,253.8024,230.2406,198.8825,183.9718
2024-06-02,295.4631,253.7616,230.2036,198.8505,183.9422
2024-06-03,296.1081,254.1143,230.5410,199.2321,184.3091
2024-06-04,293.8465,252.8920,230.2175,199.7745,185.1283
2024-06-05,292.8266,252.4229,230.2946,200.3456,185.8716
2024-06-06,294.9305,253.9528,231.3855,201.0182,186.3666
2024-06-07,296.4431,255.0132,232.1146,201.3921,186.6208
2024-06-08,296.3954,254.9722,232.0773,201.3597,186.5908
2024-06-09,296.3478,254.9312,232.0399,201.3273,186.5608
2024-06-10,296.1573,254.6214,231.3776,200.6391,186.0050
2024-06-11,296.9291,255.0730,231.5443,200.6814,186.0535
2024-06-12,296.5716,254.8675,231.4294,200.6453,186.0250
2024-06-13,295.8517,254.6196,231.5622,201.1515,186.6442
2024-06-14,296.5016,255.1618,231.8467,201.2116,186.6301
2024-06-15,296.4719,255.1362,231.8236,201.1915,186.6115
2024-06-16,296.4423,255.1107,231.8004,201.1714,186.5928
2024-06-17,297.9587,256.1588,232.4151,201.3529,186.6136
2024-06-18,300.6756,257.7976,232.7274,200.7145,185.7429
2024-06-19,301.2044,258.2154,233.0996,200.7833,185.6852
2024-06-20,301.1744,258.1897,233.0764,200.7633,185.6667
2024-06-21,299.1813,256.6860,231.8718,199.6083,184.5257
2024-06-22,299.1514,256.6604,231.8487,199.5883,184.5073
2024-06-23,299.1215,256.6348,231.8255,199.5684,184.4889
2024-06-24,300.3423,257.4721,232.2417,199.5870,184.4565
2024-06-25,301.9448,258.4914,232.8278,199.6084,184.2433
2024-06-26,301.6185,258.3121,232.7328,199.6133,184.2288
2024-06-27,302.4351,258.6636,232.3662,198.8284,183.2613
2024-06-28,303.5629,259.4278,232.8337,198.9980,183.2796
2024-06-29,303.5326,259.4020,232.8104,198.9782,183.2614
2024-06-30,303.5023,259.3761,232.7872,198.9583,183.2431
2024-07-01,301.5734,257.9807,231.8686,198.5819,183.0063
2024-07-02,300.5380,257.1393,231.0178,197.8544,182.3160
2024-07-03,301.4095,257.6991,231.2530,197.8430,182.2573
2024-07-04,301.8745,258.2241,232.0138,198.5009,182.7390
2024-07-05,301.9084,258.2076,232.1204,198.5408,182.7088
2024-07-06,301.8782,258.1817,232.0972,198.5209,182.6906
2024-07-07,301.8481,258.1560,232.0740,198.5011,182.6724
2024-07-08,301.5782,258.1668,232.4487,199.1344,183.3688
2024-07-09,303.1719,259.3776,233.3639,199.7385,183.9299
2024-07-10,301.7411,258.3805,232.8655,199.7060,183.9999
2024-07-11,300.0434,257.1355,232.2289,199.6895,184.1217
2024-07-12,299.6206,257.1105,232.9612,200.9876,185.5618
2024-07-13,299.6302,257.1187,232.9687,200.9940,185.5678
2024-07-14,299.6399,257.1271,232.9763,201.0006,185.5738
2024-07-15,300.9651,258.1232,233.7002,201.5219,186.0081
2024-07-16,300.9748,258.1315,233.7077,201.5284,186.0141
2024-07-17,302.3138,258.9369,233.9337,201.6781,186.1145
2024-07-18,304.2240,260.3045,235.0970,202.5226,186.9097
2024-07-19,306.7617,262.1694,236.1746,202.9502,187.3138
2024-07-20,306.7716,262.1780,236.1823,202.9568,187.3199
2024-07-21,306.7815,262.1864,236.1899,202.9633,187.3259
2024-07-22,305.9075,261.5867,235.6604,202.6444,187.1471
2024-07-23,308.2514,263.2511,236.5329,202.9930,187.3192
2024-07-24,306.7163,262.3396,236.0819,202.9813,187.4987
2024-07-25,304.0410,260.6248,235.2188,202.9089,187.7938
2024-07-26,302.9367,260.0077,234.9147,203.1479,188.3314
2024-07-27,302.9464,260.0161,234.9223,203.1544,188.3374
2024-07-28,302.9562,260.0245,234.9299,203.1610,188.3435
2024-07-29,305.9315,262.0536,236.3187,204.0279,188.9723
2024-07-30,307.1218,262.9373,236.9145,204.2800,189.1277
2024-07-31,307.3938,263.1478,237.2651,204.6330,189.5309
2024-08-01,307.2613,263.2034,237.6641,205.3592,190.2371
2024-08-02,303.2431,260.9342,237.0359,206.1093,191.4948
2024-08-03,303.2529,260.9426,237.0435,206.1160,191.5010
2024-08-04,303.2627,260.9510,237.0512,206.1226,191.5072
2024-08-05,302.3299,261.0133,238.0854,208.2707,194.1427
2024-08-06,298.2056,258.5478,236.9946,208.5547,195.1963
2024-08-07,297.0515,257.5101,236.0184,207.6310,194.2461
2024-08-08,296.8953,257.3237,236.0535,207.4291,193.9625
2024-08-09,298.1888,258.1423,236.3285,207.6071,194.0517
2024-08-10,298.1218,258.0843,236.2754,207.5604,194.0081
2024-08-11,298.0547,258.0262,236.2222,207.5137,193.9644
2024-08-12,298.6841,258.5662,236.8154,207.9561,194.2809
2024-08-13,298.8915,258.8978,237.2453,208.3570,194.5847
2024-08-14,301.9692,261.1136,239.1907,209.9845,195.9726
2024-08-15,301.9012,261.0548,239.1368,209.9373,195.9285
2024-08-16,304.1972,262.6533,240.2087,210.8111,196.6282
2024-08-17,304.1288,262.5941,240.1546,210.7637,196.5840
2024-08-18,304.0604,262.5351,240.1006,210.7163,196.5397
2024-08-19,306.2203,263.9544,241.0118,210.8879,196.4692
2024-08-20,307.1372,264.6327,241.5379,211.4033,196.9255
2024-08-21,304.9927,263.4073,241.3802,212.1515,197.9396
2024-08-22,304.7137,263.2183,241.5141,212.6526,198.5098
2024-08-23,303.0170,261.9851,240.6717,212.0754,198.1648
2024-08-24,302.9488,261.9261,240.6175,212.0277,198.1202
2024-08-25,302.8807,261.8672,240.5634,211.9800,198.0756
2024-08-26,303.6596,262.4869,241.2072,212.9035,198.9735
2024-08-27,302.1231,261.4076,240.6042,212.7440,198.9279
2024-08-28,301.4539,260.8960,240.2032,212.5685,198.8304
2024-08-29,301.6470,261.0227,240.3265,212.4847,198.7508
2024-08-30,303.2244,261.9670,240.7374,212.3639,198.5265
2024-08-31,303.1561,261.9080,240.6832,212.3161,198.4818
2024-09-01,303.0878,261.8490,240.6290,212.2683,198.4371
2024-09-02,303.2845,261.8817,240.6254,212.3531,198.5665
2024-09-03,303.0871,261.7525,240.4552,212.1648,198.3492
2024-09-04,302.7639,261.7133,240.8887,212.8452,199.2313
2024-09-05,305.6186,264.0362,242.8951,214.7263,201.1091
2024-09-06,306.2067,264.6435,243.4275,215.2683,201.6714
2024-09-07,306.1378,264.5840,243.3728,215.2199,201.6261
2024-09-08,306.0690,264.5245,243.3180,215.1714,201.5807
2024-09-09,303.9227,263.4279,243.2297,215.9089,202.7827
2024-09-10,305.3054,264.4041,244.0432,216.7542,203.6144
2024-09-11,305.8167,265.0744,245.1847,218.3843,205.4035
2024-09-12,305.6406,265.0465,245.4194,218.9242,206.0878
2024-09-13,304.9873,264.6107,245.2752,218.9954,206.1559
2024-09-14,304.9569,264.5842,245.2507,218.9735,206.1354
2024-09-15,304.9264,264.5578,245.2262,218.9517,206.1148
2024-09-16,305.0696,264.7672,245.5706,219.5388,206.7016
2024-09-17,305.3912,264.9924,245.7371,219.6288,206.7112
2024-09-18,305.3608,264.9660,245.7126,219.6068,206.6906
2024-09-19,305.3303,264.9395,245.6880,219.5849,206.6700
2024-09-20,305.2998,264.9131,245.6635,219.5630,206.6493
2024-09-21,305.2693,264.8866,245.6389,219.5410,206.6287
2024-09-22,305.2388,264.8601,245.6144,219.5191,206.6080
2024-09-23,307.4491,266.2103,246.0148,219.2538,206.2508
2024-09-24,307.4810,266.3262,246.0508,219.1998,206.1710
2024-09-25,306.7485,265.9500,246.0237,219.5753,206.6766
2024-09-26,306.0522,265.6243,246.0558,219.6990,206.9417
2024-09-27,306.4838,265.9486,246.7217,220.7541,208.0261
2024-09-28,306.4532,265.9220,246.6971,220.7321,208.0054
2024-09-29,306.4226,265.8955,246.6725,220.7101,207.9846
2024-09-30,306.2432,265.9981,247.2757,221.9055,209.4778
2024-10-01,306.8417,266.2126,247.0916,221.6422,209.3592
2024-10-02,307.0517,266.5789,248.0429,223.0730,211.0535
2024-10-03,309.2532,267.9893,248.2428,222.2395,209.9528
2024-10-04,310.1022,268.2370,247.5203,220.7705,208.3194
2024-10-05,310.0712,268.2102,247.4956,220.7485,208.2986
2024-10-06,310.0403,268.1834,247.4709,220.7264,208.2778
2024-10-07,312.0059,269.0241,246.7879,218.6406,205.7629
2024-10-08,311.5684,268.4832,245.8751,217.4987,204.5516
2024-10-09,313.0308,269.1350,245.9415,217.1382,203.9521
2024-10-10,312.1684,268.3505,245.0662,215.9992,202.6881
2024-10-11,311.1360,267.4706,244.0704,214.9860,201.6358
2024-10-12,311.1260,267.4620,244.0625,214.9791,201.6293
2024-10-13,311.1160,267.4534,244.0547,214.9722,201.6228
2024-10-14,311.1276,267.3491,243.7879,214.6207,201.1486
2024-10-15,311.9954,267.8889,243.8915,214.2928,200.6339
2024-10-16,312.7330,268.4505,244.3413,214.4307,200.6561
2024-10-17,314.1964,269.7184,245.6612,216.2690,202.7462
2024-10-18,313.9742,269.4813,245.2454,215.7111,202.2326
2024-10-19,313.9640,269.4726,245.2375,215.7041,202.2260
2024-10-20,313.9539,269.4639,245.2296,215.6972,202.2195
2024-10-21,316.4316,271.2258,246.4962,216.5088,202.9682
2024-10-22,315.9564,270.6484,245.6083,215.3789,201.8278
2024-10-23,313.8027,269.0318,244.1058,214.1024,200.7322
2024-10-24,312.0761,267.5944,242.5885,212.4695,199.0528
2024-10-25,311.9437,267.6728,242.9883,213.0834,199.6753
2024-10-26,311.9336,267.6642,242.9805,213.0766,199.6688
2024-10-27,311.9235,267.6555,242.9726,213.0697,199.6624
2024-10-28,312.5925,268.1337,243.1410,212.9640,199.5080
2024-10-29,312.0311,267.4589,242.1023,211.7229,198.1399
2024-10-30,312.8567,267.9589,242.3404,211.5430,197.7627
2024-10-31,312.8466,267.9503,242.3326,211.5362,197.7564
2024-11-01,312.8365,267.9416,242.3247,211.5294,197.7500
2024-11-02,312.8264,267.9330,242.3169,211.5226,197.7436
2024-11-03,312.8163,267.9243,242.3091,211.5157,197.7372
2024-11-04,312.1871,267.5449,242.0523,211.3546,197.7503
2024-11-05,311.4876,267.2089,242.0441,211.7736,198.3100
2024-11-06,313.0319,268.1479,242.5048,211.9854,198.4024
2024-11-07,318.1098,271.0500,243.1063,211.2178,197.1919
2024-11-08,316.5097,270.3665,243.5480,212.4213,198.5443
2024-11-09,316.4995,270.3578,243.5401,212.4144,198.5379
2024-11-10,316.3945,270.2681,243.4594,212.3440,198.4720
2024-11-11,317.6830,271.3739,244.3776,213.1824,199.4561
2024-11-12,322.4062,274.3903,245.7624,213.3407,199.2989
2024-11-13,319.9055,272.3591,243.6856,211.4534,197.5280
2024-11-14,318.7333,271.6014,243.3629,211.7684,198.1711
2024-11-15,315.9739,269.8091,242.4506,211.3434,197.8948
2024-11-16,315.8691,269.7196,242.3702,211.2733,197.8291
2024-11-17,315.7643,269.6302,242.2898,211.2032,197.7635
2024-11-18,313.8639,268.3070,241.4799,210.6226,197.2569
2024-11-19,315.3399,269.4043,242.3784,211.4178,197.9999
2024-11-20,315.1954,269.4576,242.7138,212.0287,198.7145
2024-11-21,314.8872,269.1508,242.3543,211.6427,198.3458
2024-11-22,315.1616,269.2588,242.4037,211.8833,198.6293
2024-11-23,315.0571,269.1695,242.3234,211.8131,198.5634
2024-11-24,314.9527,269.0803,242.2430,211.7428,198.4976
2024-11-25,318.0216,271.0461,243.2120,211.7675,198.1835
2024-11-26,318.5614,271.6077,244.1491,212.9320,199.3075
2024-11-27,317.7387,271.1349,244.0145,213.2968,199.8258
2024-11-28,318.6968,272.0072,245.1974,214.7304,201.3658
2024-11-29,318.0755,271.5836,245.0494,214.7580,201.5801
2024-11-30,317.9700,271.4936,244.9682,214.6868,201.5133
2024-12-01,317.8646,271.4035,244.8869,214.6156,201.4464
2024-12-02,319.2698,272.5373,246.0821,215.7998,202.6284
2024-12-03,319.9188,272.9279,246.1509,215.3941,202.0476
2024-12-04,318.9503,272.4059,246.0985,215.4581,202.0452
2024-12-05,319.7021,273.0779,246.5682,215.7363,202.2801
2024-12-06,318.9497,272.5748,246.3378,215.4867,202.0125
2024-12-07,318.8438,272.4844,246.2560,215.4152,201.9455
2024-12-08,318.7382,272.3941,246.1744,215.3438,201.8785
2024-12-09,318.9692,272.7255,246.4400,215.5994,202.1551
2024-12-10,319.3043,272.9626,246.5569,215.5015,202.0941
2024-12-11,318.0340,272.1061,245.8515,214.9877,201.6697
2024-12-12,319.7023,273.2142,246.3099,214.9654,201.3353
2024-12-13,318.2700,272.1197,245.1739,213.7862,200.2422
2024-12-14,318.2495,272.1021,245.1581,213.7724,200.2293
2024-12-15,318.2290,272.0846,245.1423,213.7586,200.2163
2024-12-16,318.6610,272.2339,244.6549,212.7869,199.1945
2024-12-17,319.8366,273.0297,244.7191,212.3586,198.5974
2024-12-18,318.6161,272.0510,243.8034,211.4238,197.6762
2024-12-19,314.0134,269.1623,242.4706,210.7365,197.4682
2024-12-20,312.6153,267.7486,240.1456,208.0508,194.8560
2024-12-21,312.5952,267.7313,240.1301,208.0374,194.8435
2024-12-22,312.5750,267.7140,240.1146,208.0240,194.8309
2024-12-23,313.0227,268.0272,240.5088,208.7131,195.4897
2024-12-24,313.0521,267.7673,239.5768,207.2570,193.8774
2024-12-25,313.0319,267.7500,239.5614,207.2437,193.8649
2024-12-26,313.3182,267.7575,239.1715,206.5898,192.9753
2024-12-27,313.6832,267.8221,238.7291,205.7599,192.0095
2024-12-28,313.6629,267.8048,238.7137,205.7466,191.9971
2024-12-29,313.6428,267.7875,238.6983,205.7334,191.9848
2024-12-30,313.2529,267.2884,238.2000,204.8608,190.8826
2024-12-31,312.3355,267.0242,238.8801,206.1492,192.4414
2025-01-01,312.3153,267.0070,238.8647,206.1358,192.4290
2025-01-02,312.8979,267.3607,238.9649,206.0264,192.2755
2025-01-03,312.9192,267.5677,239.4027,206.5868,192.9047
2025-01-04,312.8990,267.5505,239.3872,206.5734,192.8923
2025-01-05,312.8788,267.5332,239.3718,206.5601,192.8798
2025-01-06,316.8534,270.1845,240.6398,206.8456,192.8253
2025-01-07,317.8295,270.7383,240.6317,206.3371,192.1663
2025-01-08,315.6803,268.9881,239.1542,204.8485,190.6020
2025-01-09,315.6408,268.4690,238.4590,203.8172,189.3224
2025-01-10,315.0106,268.1076,238.3444,203.9607,189.5979
2025-01-11,315.0309,268.1249,238.3598,203.9739,189.6101
2025-01-12,315.0513,268.1423,238.3752,203.9871,189.6224
2025-01-13,312.6697,266.4045,236.7466,202.2213,187.9811
2025-01-14,312.4007,265.9094,235.9118,201.4270,187.2224
2025-01-15,312.2161,265.5748,235.2815,200.6671,186.3862
2025-01-16,315.7903,268.3007,237.7846,202.9181,188.3097
2025-01-17,319.1792,270.6475,239.5403,204.0195,189.2844
2025-01-18,319.1999,270.6651,239.5558,204.0327,189.2966
2025-01-19,319.2205,270.6826,239.5713,204.0459,189.3089
2025-01-20,320.8912,271.8916,240.3818,204.7965,190.0046
2025-01-21,319.3826,270.9614,240.0281,204.9315,190.2958
2025-01-22,321.3472,272.5531,241.5353,206.6432,192.1196
2025-01-23,320.2905,272.1240,241.8212,207.3841,192.9796
2025-01-24,319.4730,271.4308,241.1798,206.8185,192.3836
2025-01-25,319.4936,271.4483,241.1953,206.8318,192.3960
2025-01-26,319.5142,271.4659,241.2109,206.8452,192.4085
2025-01-27,318.8695,271.1354,241.3200,207.1410,192.7307
2025-01-28,317.8222,270.6242,241.6630,208.1731,194.1512
2025-01-29,319.8418,272.0105,242.2132,208.0035,193.6660
2025-01-30,320.0322,272.0175,242.1118,207.5896,193.0572
2025-01-31,321.3252,272.7931,242.5614,207.7593,192.9371
2025-02-01,321.3459,272.8107,242.5771,207.7727,192.9496
2025-02-02,321.3667,272.8283,242.5928,207.7862,192.9621
2025-02-03,320.4028,272.2985,242.3524,207.6127,192.7670
2025-02-04,318.8424,271.2756,241.4994,206.9734,192.3116
2025-02-05,318.9185,271.4884,241.7818,207.3381,192.5240
2025-02-06,318.4542,271.4464,242.5661,208.7269,193.9587
2025-02-07,318.7215,271.7036,242.7612,208.8110,193.9910
2025-02-08,318.7421,271.7212,242.7769,208.8245,194.0035
2025-02-09,318.7627,271.7387,242.7926,208.8380,194.0160
2025-02-10,315.5115,269.6043,241.5763,208.3583,193.9832
2025-02-11,316.1300,270.0861,241.8516,208.7249,194.3554
2025-02-12,315.7087,269.6523,241.2317,208.0545,193.7091
2025-02-13,312.7436,267.3925,238.8761,205.6774,191.3964
2025-02-14,313.3340,267.9021,239.7173,206.6896,192.2393
2025-02-15,313.2116,267.7975,239.6237,206.6088,192.1642
2025-02-16,313.0893,267.6929,239.5301,206.5282,192.0892
2025-02-17,312.6377,267.6304,239.9723,207.3078,192.8505
2025-02-18,314.5304,268.8077,240.4629,207.0844,192.4299
2025-02-19,315.2925,269.0374,240.0041,206.1093,191.2483
2025-02-20,315.4107,268.9240,239.6560,205.7842,190.9569
2025-02-21,314.1067,268.1975,239.6353,206.2322,191.4520
2025-02-22,313.9840,268.0926,239.5416,206.1516,191.3772
2025-02-23,313.8614,267.9880,239.4481,206.0711,191.3025
2025-02-24,312.0083,266.9919,239.5355,206.5489,192.1166
2025-02-25,312.1878,267.1289,239.9601,207.0350,192.7045
2025-02-26,310.7006,266.4466,240.4003,208.3845,194.2900
2025-02-27,311.6352,267.1717,240.7106,208.2252,193.9115
2025-02-28,311.5912,267.0660,240.4571,207.6654,193.4495
2025-03-01,311.4694,266.9616,240.3632,207.5842,193.3739
2025-03-02,311.3478,266.8574,240.2693,207.5032,193.2984
2025-03-03,312.2133,267.5325,240.9563,208.4427,194.3875
2025-03-04,310.9214,266.7886,241.0348,208.6109,194.6500
2025-03-05,307.9219,265.1947,240.7249,209.4872,195.9988
2025-03-06,306.9353,264.4077,239.6618,208.3677,194.7119
2025-03-07,303.6763,262.1393,238.4209,207.7420,194.3393
2025-03-08,303.5577,262.0369,238.3278,207.6609,194.2634
2025-03-09,303.4391,261.9346,238.2347,207.5798,194.1876
2025-03-10,304.5166,262.7135,238.8017,208.0698,194.6216
2025-03-11,302.3682,261.4966,238.8753,208.9664,195.9507
2025-03-12,302.5167,261.7085,238.9098,208.9166,196.0088
2025-03-13,301.4002,260.9051,238.2508,208.3372,195.3598
2025-03-14,302.4374,261.6298,238.9930,208.7182,195.6482
2025-03-15,302.3985,261.5961,238.9622,208.6914,195.6230
2025-03-16,302.3595,261.5624,238.9314,208.6645,195.5978
2025-03-17,304.0506,262.5490,239.1716,208.6390,195.2853
2025-03-18,304.0739,262.5174,239.1730,208.7393,195.2588
2025-03-19,302.8878,261.7532,238.9345,208.6471,195.1756
2025-03-20,304.1941,262.5783,239.4468,208.9871,195.3472
2025-03-21,305.8039,263.7899,240.6780,210.0857,196.4291
2025-03-22,305.7645,263.7559,240.6470,210.0587,196.4038
2025-03-23,305.7252,263.7220,240.6161,210.0316,196.3785
2025-03-24,306.6773,264.4512,241.1076,210.3657,196.7014
2025-03-25,306.4722,263.9858,240.0225,209.2972,195.5492
2025-03-26,305.3827,263.3345,239.8359,209.3816,195.6185
2025-03-27,304.0153,262.3729,239.0559,208.7587,195.1350
2025-03-28,306.2205,263.7528,239.5410,208.5536,194.7529
2025-03-29,306.1810,263.7188,239.5101,208.5267,194.7278
2025-03-30,306.1416,263.6849,239.4793,208.4999,194.7027
2025-03-31,307.6905,265.1280,241.2169,209.8858,196.1945
2025-04-01,308.8132,265.8300,241.4350,210.0842,196.4966
2025-04-02,309.0622,266.3725,242.5786,211.5677,198.0353
2025-04-03,310.3493,267.2027,242.8634,211.7180,198.1950
2025-04-04,305.5526,265.0930,244.2425,214.9594,202.3162
2025-04-05,305.5133,265.0589,244.2111,214.9317,202.2902
2025-04-06,305.4739,265.0247,244.1796,214.9040,202.2641
2025-04-07,302.9026,264.2655,244.9606,216.6278,205.2255
2025-04-08,298.2294,260.7645,241.8028,214.6311,203.9049
2025-04-09,297.3073,259.9296,241.4092,214.0884,203.3904
2025-04-10,304.5416,263.8391,240.6499,211.5014,199.8650
2025-04-11,301.5709,262.0561,240.2368,211.2317,199.6611
2025-04-12,301.5207,262.0125,240.1969,211.1966,199.6279
2025-04-13,301.4706,261.9690,240.1570,211.1615,199.5948
2025-04-14,300.6978,260.9727,238.0523,208.6866,196.8060
2025-04-15,302.4118,262.3573,239.9043,210.5005,198.3004
2025-04-16,303.5848,263.3030,240.9607,211.3023,198.9542
2025-04-17,303.3472,263.3757,241.7525,212.1749,199.8930
2025-04-18,303.2967,263.3318,241.7123,212.1396,199.8597
2025-04-19,303.2463,263.2881,241.6721,212.1043,199.8265
2025-04-20,303.1959,263.2443,241.6319,212.0690,199.7933
2025-04-21,303.8286,263.5563,241.5163,211.4679,198.9483
2025-04-22,300.0106,261.0364,240.0152,210.6882,198.4079
2025-04-23,301.0044,261.5150,240.0163,210.5735,197.9833
2025-04-24,300.7873,261.4660,240.1288,210.9372,198.2174
2025-04-25,303.9727,263.7352,241.7460,212.1290,199.0396
2025-04-26,303.9222,263.6913,241.7059,212.0937,199.0065
2025-04-27,303.8717,263.6475,241.6657,212.0585,198.9734
2025-04-28,304.5911,264.2670,242.3186,212.5483,199.3059
2025-04-29,306.1128,265.2990,243.4999,213.5337,200.1195
2025-04-30,309.7489,267.8603,245.4454,214.8711,201.2575
2025-05-01,309.6975,267.8159,245.4047,214.8354,201.2241
2025-05-02,312.6116,269.8438,246.7722,215.4703,201.7688
2025-05-03,312.5596,269.7990,246.7312,215.4345,201.7353
2025-05-04,312.5076,269.7541,246.6902,215.3987,201.7018
2025-05-05,309.7625,267.5087,244.0555,213.0657,199.4064
2025-05-06,308.8535,266.8306,243.4749,212.4409,198.7852
2025-05-07,308.8261,266.8810,243.7232,212.7172,199.0334
2025-05-08,311.2936,268.5988,244.9533,213.3595,199.4841
2025-05-09,310.0134,267.4411,243.1859,211.5920,197.6670
2025-05-10,309.9934,267.4238,243.1702,211.5784,197.6542
2025-05-11,309.9735,267.4066,243.1546,211.5647,197.6415
2025-05-12,308.8881,266.7141,242.9226,211.5851,197.6803
2025-05-13,313.8582,269.6321,243.3404,210.4669,195.9114
2025-05-14,314.9309,270.3613,243.6441,210.3667,195.5574
2025-05-15,314.8939,270.3020,243.1637,209.5146,194.5762
2025-05-16,316.4053,271.4144,244.6375,211.1291,196.1523
2025-05-17,316.3849,271.3969,244.6217,211.1155,196.1397
2025-05-18,316.3645,271.3794,244.6059,211.1018,196.1270
2025-05-19,317.6636,272.1929,245.1338,211.4321,196.4404
2025-05-20,316.1048,271.1444,244.5905,211.2816,196.3576
2025-05-21,316.0844,271.1269,244.5747,211.2680,196.3449
2025-05-22,315.8041,271.0679,244.6429,211.0901,196.2304
2025-05-23,315.2710,270.5731,243.8757,210.1965,195.3836
2025-05-24,315.2507,270.5557,243.8600,210.1830,195.3710
2025-05-25,315.2304,270.5382,243.8442,210.1694,195.3584
2025-05-26,314.2717,270.0163,243.9532,210.6363,195.8566
2025-05-27,314.1495,269.9045,243.8964,210.5558,195.7053
2025-05-28,316.8403,271.7216,245.3934,211.8085,196.6631
2025-05-29,315.6402,270.8390,244.3400,210.7536,195.7131
2025-05-30,315.7987,271.0083,244.7943,211.4256,196.3957
2025-05-31,315.7783,270.9908,244.7784,211.4120,196.3831
2025-06-01,315.7580,270.9734,244.7627,211.3984,196.3704
2025-06-02,315.6728,270.9691,245.0407,211.8954,197.0682
2025-06-03,315.3715,270.7167,244.5671,211.4046,196.5692
2025-06-04,317.0220,271.8084,245.0306,211.5008,196.5659
2025-06-05,318.0215,272.7577,246.2953,212.8161,197.7356
2025-06-06,316.0384,271.4699,245.3481,212.2020,197.2778
2025-06-07,316.0181,271.4524,245.3323,212.1883,197.2651
2025-06-08,315.9977,271.4349,245.3165,212.1747,197.2524
2025-06-09,316.5529,271.4818,244.4155,210.8628,195.8169
2025-06-10,318.3136,272.7159,245.2763,211.3619,196.2037
2025-06-11,319.7867,273.7027,245.9085,211.6062,196.2521
2025-06-12,320.5542,274.4410,246.9991,212.7113,197.2253
2025-06-13,319.5637,273.8371,246.8381,213.0510,197.5888
2025-06-14,319.5424,273.8189,246.8217,213.0368,197.5757
2025-06-15,319.5212,273.8006,246.8053,213.0227,197.5625
2025-06-16,318.5122,273.0705,246.0555,212.2295,197.0028
2025-06-17,319.3118,273.5323,246.0463,212.1052,196.7323
2025-06-18,319.0217,273.5452,246.5439,212.7763,197.5682
2025-06-19,320.0334,274.1177,246.9524,213.0896,197.8748
2025-06-20,320.0120,274.0994,246.9359,213.0754,197.8616
2025-06-21,319.9907,274.0811,246.9195,213.0612,197.8484
2025-06-22,319.9695,274.0629,246.9031,213.0471,197.8353
2025-06-23,320.4247,274.3845,246.9970,213.0470,197.9351
2025-06-24,322.6975,276.0651,248.3720,214.1898,198.9306
2025-06-25,323.5748,276.7696,249.1531,214.9178,199.2691
2025-06-26,323.3302,276.6542,249.1384,214.8059,199.1356
2025-06-27,324.2086,277.2216,249.7772,215.4125,199.4622
2025-06-28,324.1870,277.2031,249.7606,215.3982,199.4489
2025-06-29,324.1654,277.1846,249.7439,215.3838,199.4356
2025-06-30,325.6034,278.0342,250.1612,215.3486,199.3162
2025-07-01,326.7795,278.9482,251.1039,216.3157,200.1628
2025-07-02,325.1468,277.7440,250.0254,215.6168,199.5685
2025-07-03,325.4193,277.8870,249.8123,215.3553,199.2602
2025-07-04,326.4501,278.3276,249.4438,214.5307,198.1949
2025-07-05,326.4283,278.3091,249.4272,214.5164,198.1816
2025-07-06,326.4066,278.2906,249.4106,214.5022,198.1685
2025-07-07,327.3065,278.9415,249.8138,214.6832,198.3310
2025-07-08,327.2594,278.9421,249.7028,214.2686,198.0697
2025-07-09,329.1236,280.1312,250.1327,214.1846,197.8095
2025-07-10,331.2586,281.7449,251.6836,215.3686,198.8500
2025-07-11,331.9835,282.1496,251.6493,215.2327,198.7660
2025-07-12,332.0264,282.1861,251.6819,215.2605,198.7917
2025-07-13,332.0693,282.2226,251.7144,215.2883,198.8174
2025-07-14,331.4519,281.7833,250.9994,214.5384,198.2259
2025-07-15,334.4060,283.6646,251.7090,214.2801,197.7497
2025-07-16,334.4492,283.7013,251.7416,214.3078,197.7753
2025-07-17,332.6340,282.5689,250.7716,213.5027,197.0745
2025-07-18,334.7513,283.9347,251.8587,214.2747,197.6961
2025-07-19,334.7947,283.9715,251.8913,214.3024,197.7217
2025-07-20,334.8379,284.0082,251.9239,214.3301,197.7472
2025-07-21,333.7006,283.3813,251.8937,214.6037,198.1354
2025-07-22,333.4137,283.4311,252.4862,215.5393,199.0649
2025-07-23,333.5615,283.5761,252.9003,216.2273,199.7794
2025-07-24,333.8134,283.5656,252.5805,215.7493,199.1677
2025-07-25,334.0747,283.6790,252.5073,215.4217,198.7760
2025-07-26,334.1179,283.7156,252.5399,215.4496,198.8017
2025-07-27,334.1611,283.7523,252.5726,215.4775,198.8274
2025-07-28,336.1684,285.2071,253.6053,216.1764,199.5218
2025-07-29,337.9210,286.4900,254.0706,216.0905,199.5355
2025-07-30,338.9849,287.4284,255.4370,217.5023,200.9907
2025-07-31,340.1887,288.3006,255.7523,217.3810,200.8477
2025-08-01,338.5133,287.2694,255.2286,217.0548,200.5843
2025-08-02,338.5571,287.3066,255.2616,217.0829,200.6103
2025-08-03,338.6008,287.3437,255.2946,217.1109,200.6362
2025-08-04,335.9879,286.1497,256.4549,219.5478,203.5501
2025-08-05,338.4132,287.8430,257.5896,220.3301,204.0341
2025-08-06,339.1087,288.3773,257.8715,220.4195,204.1143
2025-08-07,343.0643,291.1290,259.4297,220.9819,204.3659
2025-08-08,342.7270,290.8796,259.3815,220.8881,204.1004
2025-08-09,342.7713,290.9172,259.4150,220.9167,204.1268
2025-08-10,342.6723,290.8331,259.3401,220.8529,204.0678
2025-08-11,341.8062,290.2285,258.9380,220.7763,204.0209
2025-08-12,343.3236,291.2588,259.7281,221.2591,204.4242
2025-08-13,343.9218,291.4957,259.6783,221.2721,204.2445
2025-08-14,344.0868,291.7045,260.2492,222.0422,204.9460
2025-08-15,343.9873,291.6202,260.1739,221.9781,204.8868
2025-08-16,343.8879,291.5359,260.0988,221.9139,204.8276
2025-08-17,343.7885,291.4516,260.0236,221.8498,204.7684
2025-08-18,344.8954,292.0679,259.8692,221.0429,203.8194
2025-08-19,346.5819,292.9830,260.1853,220.8066,203.3442
2025-08-20,344.8112,291.6665,259.4923,220.4711,203.1525
2025-08-21,344.4019,291.2280,258.9280,219.8585,202.5713
2025-08-22,344.6277,291.2690,258.5372,219.2210,201.8572
2025-08-23,344.5280,291.1848,258.4625,219.1577,201.7989
2025-08-24,344.4285,291.1006,258.3878,219.0943,201.7405
2025-08-25,348.2165,293.8293,260.7535,221.2752,203.7818
2025-08-26,347.6152,293.4732,260.5675,221.0919,203.6033
2025-08-27,348.2660,293.8636,260.7675,221.2942,203.8987
2025-08-28,349.6488,294.7779,261.5021,221.8948,204.4337
2025-08-29,350.8252,295.5484,262.0440,222.1941,204.5221
2025-08-30,350.7239,295.4631,261.9683,222.1299,204.4630
2025-08-31,350.6226,295.3777,261.8927,222.0657,204.4039
2025-09-01,349.4032,294.5080,261.1781,221.6318,204.1634
2025-09-02,350.4595,295.2476,261.7292,221.9129,204.4380
2025-09-03,349.4902,294.5932,260.8392,221.0422,203.6708
2025-09-04,349.9934,295.2113,262.0157,222.2938,204.8887
2025-09-05,352.2405,296.6977,263.0705,222.8456,205.1345
2025-09-06,352.1387,296.6119,262.9945,222.7812,205.0752
2025-09-07,352.0369,296.5263,262.9185,222.7169,205.0160
2025-09-08,353.1404,297.5924,264.7416,224.7070,207.0132
2025-09-09,353.8702,298.1469,265.0851,224.8030,207.0305
2025-09-10,353.1907,297.7466,264.5950,224.2969,206.5889
2025-09-11,353.5659,297.9437,264.9213,224.5227,206.7071
2025-09-12,354.7850,298.8133,265.6723,225.4036,207.4782
2025-09-13,354.7850,298.8133,265.6723,225.4036,207.4782
2025-09-14,354.7850,298.8133,265.6723,225.4036,207.4782
2025-09-15,353.4259,297.9340,264.7643,224.5049,206.5627
2025-09-16,354.1215,298.5357,265.3056,224.8371,206.7192
2025-09-17,353.8827,298.4744,265.4491,225.1427,207.0303
2025-09-18,353.8827,298.4744,265.4491,225.1427,207.0303
2025-09-19,353.8827,298.4744,265.4491,225.1427,207.0303
2025-09-20,353.8827,298.4744,265.4491,225.1427,207.0303
2025-09-21,353.8827,298.4744,265.4491,225.1427,207.0303
2025-09-22,355.1623,299.1484,265.3706,224.8450,206.6640
2025-09-23,355.5224,299.2895,264.7145,223.7160,205.3364
2025-09-24,355.7481,299.4742,265.0377,224.0055,205.5636
2025-09-25,354.5761,298.5123,263.8374,222.9033,204.4653
2025-09-26,353.3547,297.6618,263.0956,222.3757,204.1269
2025-09-27,353.3547,297.6618,263.0956,222.3757,204.1269
2025-09-28,353.3547,297.6618,263.0956,222.3757,204.1269
2025-09-29,354.3741,298.3734,263.6338,222.8961,204.7536
2025-09-30,356.7243,300.0439,264.8538,223.6441,205.4448
2025-10-01,357.6097,300.6668,265.3395,224.0777,205.9289
2025-10-02,357.7526,300.8950,265.7031,224.5263,206.3831
2025-10-03,358.7588,301.7018,266.2695,224.8180,206.6793
2025-10-04,358.7588,301.7018,266.2695,224.8180,206.6793
2025-10-05,358.7588,301.7018,266.2695,224.8180,206.6793
2025-10-06,359.0783,301.6941,265.7949,224.0949,205.8133
2025-10-07,358.8133,301.4660,265.5153,223.7369,205.3521
2025-10-08,357.9515,301.0589,265.8855,224.3480,206.1965
2025-10-09,355.7653,299.6574,265.0216,224.1970,206.1204
2025-10-10,354.4415,298.7959,264.6622,224.2042,206.2370
2025-10-11,354.3959,298.7574,264.6281,224.1753,206.2105
2025-10-12,354.3502,298.7189,264.5940,224.1464,206.1839
2025-10-13,351.5274,297.1787,264.6098,224.8360,207.4726
2025-10-14,354.5856,299.2336,265.9190,225.7480,208.1258
2025-10-15,355.8420,299.9737,266.0088,225.5452,207.8329
2025-10-16,357.6479,301.1377,266.7325,225.8052,207.6949
2025-10-17,357.0691,301.0425,267.2478,226.4842,208.3651
2025-10-18,357.0231,301.0038,267.2134,226.4550,208.3383
2025-10-19,356.9772,300.9650,267.1790,226.4259,208.3115
2025-10-20,357.3696,301.1953,267.1343,226.3165,208.1795
2025-10-21,358.6599,302.0449,267.8693,226.9245,208.5188
2025-10-22,358.4848,301.9770,268.0265,227.2338,208.9502
2025-10-23,356.4237,300.5606,266.8089,226.3219,208.0905
2025-10-24,355.6891,299.9445,266.0140,225.6502,207.3139
2025-10-25,355.6433,299.9059,265.9798,225.6212,207.2873
2025-10-26,355.5975,299.8672,265.9455,225.5921,207.2606
2025-10-27,357.1924,300.8914,266.3452,225.6742,207.1340
2025-10-28,358.3454,301.7525,267.0635,226.3055,207.5321
2025-10-29,359.1097,302.3692,267.3815,226.3853,207.4913
2025-10-30,358.3124,301.8420,266.5568,225.5417,206.5726
2025-10-31,358.2663,301.8031,266.5224,225.5126,206.5460
2025-11-01,358.2201,301.7643,266.4881,225.4836,206.5194
2025-11-02,358.1740,301.7254,266.4538,225.4546,206.4928
2025-11-03,357.7710,301.3022,266.0062,224.8804,205.8510
2025-11-04,357.8100,301.4289,266.1013,224.9084,205.7642
2025-11-05,355.9515,300.1615,265.3750,224.6572,205.8475
2025-11-06,356.3266,300.2190,264.9537,224.0981,205.1520
2025-11-07,355.4659,299.7368,265.1645,224.5510,205.7103
2025-11-08,355.4201,299.6982,265.1303,224.5221,205.6838
2025-11-09,355.3744,299.6596,265.0962,224.4932,205.6573
2025-11-10,356.4231,300.3009,265.3150,224.4721,205.5064
2025-11-11,358.4258,301.7516,266.2718,225.1186,205.8280
2025-11-12,358.8043,302.0137,266.7414,225.6373,206.2762
2025-11-13,358.6362,301.8964,266.7430,225.6427,206.1454
2025-11-14,354.2958,298.9699,265.0731,224.9627,205.8058
2025-11-15,354.2958,298.9699,265.0731,224.9627,205.8058
2025-11-16,354.2958,298.9699,265.0731,224.9627,205.8058
2025-11-17,354.3116,298.9863,265.2449,225.2575,206.2404
2025-11-18,350.3688,296.6605,264.5682,225.6450,206.8914
2025-11-19,350.1557,296.5388,264.3211,225.4845,207.0430
2025-11-20,351.1996,297.1219,264.5205,225.3784,206.7588
2025-11-21,350.3412,296.8479,265.3638,226.4410,208.0757
2025-11-22,350.3412,296.8479,265.3638,226.4410,208.0757
2025-11-23,350.3412,296.8479,265.3638,226.4410,208.0757
2025-11-24,351.6984,297.6707,265.6051,226.5783,208.2203
2025-11-25,354.6129,299.7007,266.7327,227.0969,208.4384
2025-11-26,357.0664,301.2770,267.8112,227.8140,208.9935
2025-11-27,358.1396,301.8735,268.2638,228.0616,208.8915
2025-11-28,358.0231,301.8370,268.3122,228.1960,209.0043
2025-11-29,358.0231,301.8370,268.3122,228.1960,209.0043
2025-11-30,358.0231,301.8370,268.3122,228.1960,209.0043
2025-12-01,358.6515,302.1326,268.3110,228.0462,208.6765
2025-12-02,357.3879,301.1918,267.1122,226.9068,207.5606
2025-12-03,357.8085,301.5944,267.7697,227.5256,208.1456
2025-12-04,356.9507,300.9001,266.9709,226.9012,207.4098
2025-12-05,356.8632,300.6896,266.7062,226.5157,206.8629
2025-12-06,356.8632,300.6896,266.7062,226.5157,206.8629
2025-12-07,356.8632,300.6896,266.7062,226.5157,206.8629
2025-12-08,356.8632,300.6896,266.7062,226.5157,206.8629
2025-12-09,356.3005,300.3742,266.0152,225.8483,206.2638
2025-12-10,356.8292,300.6166,265.6457,225.1898,205.5139
2025-12-11,358.2701,301.5891,266.6523,226.2012,206.5547
2025-12-12,357.3238,300.8959,266.2688,226.1595,206.4420
2025-12-13,357.2892,300.8667,266.2430,226.1376,206.4220
2025-12-14,357.2547,300.8377,266.2173,226.1158,206.4021
2025-12-15,356.0052,300.0033,266.0167,226.1339,206.4998
2025-12-16,355.1169,299.2879,265.4655,225.7334,206.0827
2025-12-17,353.1775,298.1433,264.9190,225.6140,206.2751
2025-12-18,353.3033,298.2467,265.1795,225.9112,206.8473
2025-12-19,353.3753,298.3346,265.1722,225.8943,206.7452
2025-12-20,353.3412,298.3058,265.1466,225.8725,206.7253
2025-12-21,353.3071,298.2770,265.1209,225.8506,206.7053
2025-12-22,353.9435,298.6007,265.2787,225.8188,206.3629
2025-12-23,355.2730,299.4550,265.7476,225.9881,206.3860
2025-12-24,355.1149,299.2923,265.5826,225.8052,206.0605
2025-12-25,355.0805,299.2633,265.5569,225.7833,206.0406
2025-12-26,355.4267,299.6019,265.9722,226.2976,206.6477
2025-12-27,355.3925,299.5730,265.9466,226.2758,206.6278
2025-12-28,355.3581,299.5440,265.9209,226.2539,206.6078
2025-12-29,356.0912,300.1471,266.5539,226.8587,207.1848
2025-12-30,358.0768,301.5403,267.2098,226.9176,207.1016
2025-12-31,358.5017,301.9454,267.7054,227.3727,207.6094
2026-01-01,358.4671,301.9163,267.6796,227.3507,207.5894
2026-01-02,355.9594,300.2222,266.5425,226.6781,207.0145
2026-01-03,355.9250,300.1932,266.5167,226.6562,206.9945
2026-01-04,355.8906,300.1642,266.4910,226.6343,206.9745
2026-01-05,355.9499,300.1796,266.4642,226.6666,206.9996
2026-01-06,360.5935,303.1287,268.1112,227.2763,207.1056
2026-01-07,362.0615,304.0891,269.0437,228.0426,207.5082
2026-01-08,360.2311,302.9766,268.2938,227.6346,207.2068
2026-01-09,360.4451,302.9375,267.8335,227.1741,206.7065
2026-01-10,360.4684,302.9570,267.8508,227.1888,206.7199
2026-01-11,360.4917,302.9766,267.8681,227.2035,206.7332
2026-01-12,361.5482,303.5790,268.2003,227.3182,206.6008
2026-01-13,359.7057,302.3583,267.4555,226.9672,206.1890
2026-01-14,360.1163,302.7779,268.2418,227.6811,206.8714
2026-01-15,360.0476,302.8059,268.4620,228.0105,207.1820
2026-01-16,361.3521,303.5392,268.5912,227.8420,206.8675
2026-01-17,361.3755,303.5588,268.6085,227.8568,206.8809
2026-01-18,361.3988,303.5784,268.6258,227.8714,206.8942
2026-01-19,361.2374,303.4393,268.2979,227.4392,206.4910
2026-01-20,361.8496,303.8321,268.2982,227.2694,206.1647
2026-01-21,359.3294,302.1492,267.1945,226.6738,205.8322
2026-01-22,359.7028,302.3031,267.3451,227.0829,206.0308
2026-01-23,360.5893,302.9441,267.8597,227.3958,206.0376
2026-01-24,360.6126,302.9637,267.8770,227.4105,206.0510
2026-01-25,360.6359,302.9833,267.8943,227.4252,206.0643
2026-01-26,361.2234,303.5821,268.6354,228.0609,206.5798
2026-01-27,359.8639,302.6186,267.9995,227.7796,206.2252
2026-01-28,362.4666,304.2985,268.8248,227.7698,205.6570
2026-01-29,362.0581,303.9727,268.5103,227.5239,205.3367
2026-01-30,362.0408,304.0350,268.8073,228.0936,206.1713
2026-01-31,362.0641,304.0546,268.8246,228.1083,206.1846
2026-02-01,362.0876,304.0743,268.8420,228.1231,206.1980
2026-02-02,362.1172,304.1316,269.0268,228.3402,206.6757
2026-02-03,361.9784,303.8030,268.3419,227.5859,205.7928
2026-02-04,362.2054,303.8813,268.7206,227.8587,205.8191
2026-02-05,360.0192,302.3965,267.8141,227.5506,205.8987
2026-02-06,360.0818,302.7598,268.7553,228.7040,207.4547
2026-02-07,360.1050,302.7793,268.7727,228.7188,207.4681
2026-02-08,360.1282,302.7988,268.7900,228.7335,207.4815
2026-02-09,361.2930,303.3506,268.9288,228.7058,207.1666
2026-02-10,362.7791,304.4988,269.9632,229.4524,207.6882
2026-02-11,362.9168,304.6401,270.4277,229.9346,208.3033
2026-02-12,364.0957,305.3482,270.6801,229.9025,208.0293
2026-02-13,362.5817,304.6285,270.8975,230.4488,208.8715
2026-02-14,362.5300,304.5851,270.8589,230.4160,208.8417
2026-02-15,362.4783,304.5417,270.8203,230.3832,208.8120
2026-02-16,364.0659,305.6433,271.7610,231.2125,209.8404
2026-02-17,363.9452,305.6078,271.8202,231.2870,209.9678
2026-02-18,364.7385,306.0527,271.6989,230.7972,209.3636
2026-02-19,364.4686,305.6988,271.3680,230.5764,209.0133
2026-02-20,365.2049,306.1902,271.6250,230.6488,209.0773
2026-02-21,365.1529,306.1465,271.5862,230.6159,209.0475
2026-02-22,365.1008,306.1028,271.5475,230.5830,209.0177
2026-02-23,366.9679,307.4519,272.3701,231.0751,209.3723
2026-02-24,366.7191,307.5160,272.9923,231.6862,210.0640
2026-02-25,368.2706,308.5211,273.4148,231.8305,209.9201
2026-02-26,368.5857,308.6870,273.4476,231.8346,209.6850
2026-02-27,369.6338,309.4396,274.3577,232.6418,210.7208
2026-02-28,369.5811,309.3955,274.3186,232.6087,210.6908
2026-03-01,369.5283,309.3514,274.2794,232.5755,210.6607
2026-03-02,371.2441,310.6050,275.4896,233.4998,211.7443
2026-03-03,370.3834,309.6161,273.2684,231.2107,209.5196
2026-03-04,368.1868,308.0882,271.5973,230.2712,209.5788
2026-03-05,365.8385,306.6074,271.1811,230.2794,209.4922
2026-03-06,366.8160,307.3371,271.2783,229.8767,209.2259
2026-03-07,366.7637,307.2933,271.2397,229.8439,209.1961
2026-03-08,366.7114,307.2494,271.2010,229.8111,209.1663
2026-03-09,367.6069,308.1009,271.7975,230.2152,209.8470
2026-03-10,366.1745,307.4426,271.6815,230.8734,210.7584
2026-03-11,363.9499,305.7841,270.9433,230.6282,210.2245
2026-03-12,363.4933,305.4100,270.4375,230.0023,209.5864
2026-03-13,361.3090,303.8371,268.9451,228.6786,208.7168
2026-03-14,361.3090,303.8371,268.9451,228.6786,208.7168
2026-03-15,361.3090,303.8371,268.9451,228.6786,208.7168
2026-03-16,361.3834,303.8185,268.9280,228.4946,208.6595
2026-03-17,363.4493,305.2196,269.8026,228.9133,208.6867
2026-03-18,364.8112,306.1641,270.7666,229.6788,209.2521
2026-03-19,363.8582,305.3873,269.6014,228.2097,207.6664
2026-03-20,362.5214,304.4306,268.1591,226.8865,206.5046
2026-03-21,362.5214,304.4306,268.1591,226.8865,206.5046
2026-03-22,362.5214,304.4306,268.1591,226.8865,206.5046
2026-03-23,358.5316,301.5022,265.9322,225.3314,205.4577
2026-03-24,358.1278,301.2349,265.8297,225.5810,205.5900
2026-03-25,357.6879,300.9866,266.1098,226.2576,206.7078
2026-03-26,360.1778,302.5852,266.9820,226.6177,206.5423
2026-03-27,358.2811,301.1894,265.6480,225.6173,205.8016
2026-03-28,358.2811,301.1894,265.6480,225.6173,205.8016
2026-03-29,358.2811,301.1894,265.6480,225.6173,205.8016
2026-03-30,358.2202,301.4052,266.6108,226.9033,207.5060
2026-03-31,358.5404,301.8152,267.6252,228.1282,209.0584
2026-04-01,362.0049,304.2128,269.1118,229.0880,209.5829
2026-04-02,363.5140,305.2147,269.7041,229.0972,208.8178
2026-04-03,363.5140,305.2147,269.7041,229.0972,208.8178
2026-04-04,363.5140,305.2147,269.7041,229.0972,208.8178
2026-04-05,363.5140,305.2147,269.7041,229.0972,208.8178
2026-04-06,363.5937,305.2308,269.6131,229.0360,208.8653
2026-04-07,362.1974,304.4641,269.2551,229.1688,209.1753
2026-04-08,366.3153,307.4801,271.7998,230.7204,210.7128
2026-04-09,368.3022,308.7168,272.8274,231.5030,210.5018
2026-04-10,368.6603,308.9963,272.9360,231.6877,210.5707
2026-04-11,368.5380,308.8939,272.8455,231.6109,210.5008
2026-04-12,368.4159,308.7915,272.7550,231.5341,210.4311
2026-04-13,368.8718,309.2569,273.0949,231.5809,210.1752
2026-04-14,373.0933,312.1426,274.8820,232.5242,210.7864
2026-04-15,373.8785,312.8742,275.7482,233.3098,211.1821
2026-04-16,374.5378,313.5009,276.2890,233.7270,211.5397
2026-04-17,376.4724,314.6566,277.0440,234.0299,211.5967
2026-04-18,376.3476,314.5523,276.9521,233.9523,211.5265
2026-04-19,376.2228,314.4479,276.8602,233.8747,211.4563
2026-04-20,375.8219,314.1361,276.3745,233.4388,210.6925
2026-04-21,376.1374,314.2212,276.0656,232.9269,210.1716
2026-04-22,376.2128,314.1066,275.6073,232.1939,209.4482
2026-04-23,376.4872,314.4190,275.3709,231.8977,209.1086
2026-04-24,375.1804,313.2856,274.1372,230.8478,208.2745
2026-04-25,375.0559,313.1816,274.0463,230.7712,208.2054
2026-04-26,374.9316,313.0778,273.9554,230.6947,208.1364
2026-04-27,377.7711,315.2853,275.4664,231.3828,208.4685
2026-04-28,377.1177,314.6307,274.5984,230.5417,207.5407
2026-04-29,375.4234,313.3075,273.3737,229.5364,206.7142
2026-04-30,375.8885,313.4615,273.1627,229.1958,206.4743
2026-05-01,375.7640,313.3576,273.0722,229.1198,206.4059
2026-05-02,375.6393,313.2536,272.9816,229.0438,206.3374
2026-05-03,375.5147,313.1497,272.8910,228.9679,206.2690
2026-05-04,378.4452,315.1579,273.8891,229.3571,206.2418
2026-05-05,379.8013,316.0084,273.8802,228.7512,205.4898
2026-05-06,381.8333,317.4711,274.9940,229.3962,205.8201
2026-05-07,383.7916,318.9435,276.4368,230.3510,206.3922
2026-05-08,380.9662,316.8998,274.8897,229.1095,205.1755
2026-05-09,380.8398,316.7946,274.7985,229.0335,205.1074
2026-05-10,380.6811,316.6627,274.6840,228.9381,205.0219
2026-05-11,382.3893,317.8176,275.3587,229.4106,205.4743
2026-05-12,382.8066,318.0479,274.8718,228.6400,204.3604
2026-05-13,381.2254,316.5811,273.6208,227.8832,204.0432
2026-05-14,379.0384,315.2072,272.9704,227.8743,204.2225
2026-05-15,377.9280,314.1874,271.1892,226.0724,202.1276
2026-05-16,377.7706,314.0565,271.0762,225.9783,202.0434
2026-05-17,377.6132,313.9257,270.9633,225.8841,201.9592
2026-05-18,376.2112,312.8338,269.5470,224.5011,200.9645
2026-05-19,374.2135,311.4928,268.5568,223.8157,200.4097
2026-05-20,372.7630,310.1460,266.9744,222.3344,198.9201
2026-05-21,372.6077,310.0168,266.8631,222.2418,198.8372
2026-05-22,377.0896,313.4282,269.7954,224.3623,200.4048
2026-05-23,376.9325,313.2977,269.6830,224.2688,200.3213
2026-05-24,376.7755,313.1671,269.5707,224.1754,200.2378
2026-05-25,378.2732,313.9923,270.1661,224.4743,200.4087
2026-05-26,378.8157,314.5452,271.3524,225.7952,201.7100
2026-05-27,382.6680,317.2761,272.9464,226.1446,201.4060
2026-05-28,382.4127,317.0373,272.7614,225.7802,200.9121
2026-05-29,382.8690,317.5216,273.2423,226.2188,201.2734
2026-05-30,382.7095,317.3893,273.1284,226.1245,201.1896
2026-05-31,382.5501,317.2571,273.0146,226.0303,201.1057
2026-06-01,382.0756,316.9688,272.9235,226.0566,201.1106
2026-06-02,383.0891,317.9653,273.7833,226.4535,201.3757
2026-06-03,381.5067,316.5134,272.2424,225.0775,199.9259
2026-06-04,381.2541,316.3429,272.3674,225.1575,200.2641
2026-06-05,379.2366,314.5648,270.4103,223.8094,199.0112
2026-06-06,379.0787,314.4338,270.2976,223.7161,198.9283
2026-06-07,378.9207,314.3028,270.1850,223.6229,198.8454
2026-06-08,375.8430,311.8766,268.2608,222.3890,198.4260
2026-06-09,377.2821,312.9249,268.6201,222.2639,198.0664
2026-06-10,378.9949,313.9707,269.3335,222.7429,198.3934
2026-06-11,375.2090,311.5367,267.7179,221.9491,197.9659
2026-06-12,379.1583,314.3578,270.0852,223.5761,199.0180
2026-06-13,379.1331,314.3369,270.0672,223.5613,199.0048
2026-06-14,379.1078,314.3160,270.0492,223.5463,198.9915
2026-06-15,381.5754,316.0137,271.7338,224.8815,200.0151
2026-06-16,384.3932,318.0550,273.5250,226.0981,200.7036
2026-06-17,382.1439,316.5205,272.7594,226.0227,201.0063
2026-06-18,379.7135,314.7894,271.6749,225.2798,200.2382
2026-06-19,385.2120,318.4971,273.6705,225.6216,199.8478
2026-06-20,385.1864,318.4760,273.6523,225.6066,199.8346
2026-06-21,385.1607,318.4547,273.6340,225.5915,199.8212
2026-06-22,386.0341,318.9928,273.4831,225.1209,199.2144
2026-06-23,388.5908,320.4355,274.4181,225.5408,199.4104
2026-06-24,386.6029,319.0132,273.5710,225.4441,200.1264
2026-06-25,388.4756,320.6988,275.1921,226.9491,201.9494
2026-06-26,387.8414,320.1927,275.1965,227.0938,202.1217
2026-06-27,387.8156,320.1713,275.1782,227.0787,202.1082
2026-06-28,387.7898,320.1501,275.1599,227.0636,202.0948
2026-06-29,387.7640,320.1287,275.1416,227.0485,202.0813
2026-06-30,389.8086,321.5715,275.7497,227.2710,202.0746
2026-07-01,390.6920,321.8786,274.7904,225.8097,199.9451
2026-07-02,391.1911,322.0522,274.9398,226.1367,200.6175
2026-07-03,387.7770,319.7224,273.5758,225.4091,200.1767
2026-07-04,387.7512,319.7011,273.5575,225.3941,200.1634
2026-07-05,387.7254,319.6798,273.5393,225.3791,200.1500
2026-07-06,389.0585,320.6835,274.5423,226.0009,200.6785
2026-07-07,390.9868,322.0009,275.2971,226.2499,200.4970
2026-07-08,387.2611,319.2031,272.8367,224.5163,199.0648
2026-07-09,387.5141,319.6284,272.8900,224.3427,198.8805
2026-07-10,389.9474,321.1832,273.9219,224.9896,199.2717
2026-07-11,389.9474,321.1832,273.9219,224.9896,199.2717
2026-07-12,389.9474,321.1832,273.9219,224.9896,199.2717
2026-07-13,388.6164,320.1943,273.1617,224.4219,198.6465
2026-07-14,385.8946,318.1175,271.9098,223.7283,198.4708
2026-07-15,386.9821,318.8961,272.1848,223.7960,198.3417
2026-07-16,386.9821,318.8961,272.1848,223.7960,198.3417
2026-07-17,384.0978,316.9852,271.1109,223.6411,198.7668
2026-07-18,384.0978,316.9852,271.1109,223.6411,198.7668
2026-07-19,384.0978,316.9852,271.1109,223.6411,198.7668
2026-07-20,382.9176,316.2791,270.3348,223.0880,198.3673
2026-07-21,382.4795,315.9433,269.7566,222.3602,197.6605
2026-07-22,385.2324,317.4599,270.1008,221.5610,196.0810
2026-07-23,385.8547,317.6217,269.5636,220.7727,195.0191
2026-07-24,387.2714,318.3990,269.9010,220.8696,195.1498
2026-07-25,387.2714,318.3990,269.9010,220.8696,195.1498
2026-07-26,387.2714,318.3990,269.9010,220.8696,195.1498
2026-07-27,386.4191,317.7875,269.7682,221.1177,195.7786
2026-07-28,385.0294,316.7798,269.4448,221.1692,196.0067
2026-07-29,380.2520,313.4366,267.4682,220.5950,196.0522
2026-07-30,376.9466,311.1540,265.7925,219.5991,195.5927
2026-07-31,378.5971,312.5926,266.8027,220.0023,195.3509
2026-08-01,378.5971,312.5926,266.8027,220.0023,195.3509
2026-08-02,378.5971,312.5926,266.8027,220.0023,195.3509
2026-08-03,381.6797,314.6270,267.8830,220.1144,195.2218
2026-08-04,382.8887,315.5208,268.5816,220.6278,195.5011
2026-08-05,385.5682,317.4216,270.2477,221.8314,196.1289
2026-08-06,385.9016,317.5246,270.3955,221.9372,196.1414
2026-08-07,386.3285,317.9040,271.1236,222.5341,196.7656
2026-08-08,386.3285,317.9040,271.1236,222.5341,196.7656
2026-08-09,386.3285,317.9040,271.1236,222.5341,196.7656
2026-08-10,386.4851,318.0306,270.9968,222.5586,196.8298
2026-08-11,387.1099,318.1841,270.5740,222.0497,196.3413
2026-08-12,386.0432,317.6671,270.6306,222.1331,196.5435
2026-08-13,386.8020,318.2588,271.1393,222.4315,196.6582
2026-08-14,388.1823,319.2954,272.1758,223.1517,197.2680
2026-08-15,388.1699,319.2851,272.1671,223.1445,197.2617
2026-08-16,388.1574,319.2748,272.1583,223.1373,197.2553
2026-08-17,388.1662,319.1711,271.6265,222.7678,196.8738
2026-08-18,388.3093,319.2281,271.5273,222.5195,196.4906
2026-08-19,388.7066,319.4477,271.5397,222.5499,196.7793
2026-08-20,388.0037,319.1843,271.1790,222.3712,196.6533
2026-08-21,388.2331,319.4008,271.3011,222.2629,196.4968
2026-08-22,388.2207,319.3906,271.2924,222.2558,196.4905
2026-08-23,388.2081,319.3803,271.2837,222.2486,196.4842
2026-08-24,388.2585,319.1493,270.9490,221.9901,196.0898
2026-08-25,386.7255,318.2262,270.9630,222.3573,196.5793
2026-08-26,387.2813,318.7684,271.4727,222.6985,196.7060
2026-08-27,389.6645,320.3026,272.1683,222.8268,196.6800
2026-08-28,392.5463,322.2568,272.9693,222.8152,196.2466
2026-08-29,392.5337,322.2464,272.9605,222.8080,196.2402
2026-08-30,392.5211,322.2361,272.9517,222.8009,196.2339
2026-08-31,392.1353,321.6540,271.9413,221.9250,195.4615
