fecha,indicador,valor
2002-01-01,imacec,2.8
2002-01-01,ipc,-0.1
2002-01-02,dolar,654.79
2002-01-02,tpm,6.5
2002-01-03,dolar,658.31
2002-01-03,tpm,6.5
2002-01-04,dolar,648.69
2002-01-04,tpm,6.5
2002-01-07,dolar,650.28
2002-01-07,tpm,6.5
2002-01-08,dolar,654.63
2002-01-08,tpm,6.5
2002-01-09,dolar,657.3
2002-01-09,tpm,6.5
2002-01-10,dolar,667.71
2002-01-10,tpm,6.5
2002-01-11,dolar,676.2
2002-01-11,tpm,6
2002-01-14,dolar,683.11
2002-01-14,tpm,6
2002-01-15,dolar,674.04
2002-01-15,tpm,6
2002-01-16,dolar,663.97
2002-01-16,tpm,6
2002-01-17,dolar,672.68
2002-01-17,tpm,6
2002-01-18,dolar,666.76
2002-01-18,tpm,6
2002-01-21,dolar,670.23
2002-01-21,tpm,6
2002-01-22,dolar,670.37
2002-01-22,tpm,6
2002-01-23,dolar,668.01
2002-01-23,tpm,6
2002-01-24,dolar,668.46
2002-01-24,tpm,6
2002-01-25,dolar,672.47
2002-01-25,tpm,6
2002-01-28,dolar,671.31
2002-01-28,tpm,6
2002-01-29,dolar,674.36
2002-01-29,tpm,6
2002-01-30,dolar,678.33
2002-01-30,tpm,6
2002-01-31,dolar,678.19
2002-01-31,tpm,6
2002-02-01,dolar,676.23
2002-02-01,imacec,0.7
2002-02-01,ipc,0
2002-02-01,tpm,6
2002-02-04,dolar,677.76
2002-02-04,tpm,6
2002-02-05,dolar,684.38
2002-02-05,tpm,6
2002-02-06,dolar,687.3
2002-02-06,tpm,6
2002-02-07,dolar,687.29
2002-02-07,tpm,6
2002-02-08,dolar,688.98
2002-02-08,tpm,6
2002-02-11,dolar,686.25
2002-02-11,tpm,6
2002-02-12,dolar,685.14
2002-02-12,tpm,6
2002-02-13,dolar,681.05
2002-02-13,tpm,6
2002-02-14,dolar,675.16
2002-02-14,tpm,6
2002-02-15,dolar,675.78
2002-02-15,tpm,6
2002-02-18,dolar,677.91
2002-02-18,tpm,6
2002-02-19,dolar,675.76
2002-02-19,tpm,6
2002-02-20,dolar,672.81
2002-02-20,tpm,5.5
2002-02-21,dolar,671.86
2002-02-21,tpm,5.5
2002-02-22,dolar,674.64
2002-02-22,tpm,5.5
2002-02-25,dolar,675.39
2002-02-25,tpm,5.5
2002-02-26,dolar,675.04
2002-02-26,tpm,5.5
2002-02-27,dolar,672.67
2002-02-27,tpm,5.5
2002-02-28,dolar,675.3
2002-02-28,tpm,5.5
2002-03-01,dolar,672.3
2002-03-01,imacec,1
2002-03-01,ipc,0.5
2002-03-01,tpm,5.5
2002-03-04,dolar,670.67
2002-03-04,tpm,5.5
2002-03-05,dolar,666.64
2002-03-05,tpm,5.5
2002-03-06,dolar,665.84
2002-03-06,tpm,5.5
2002-03-07,dolar,668.29
2002-03-07,tpm,5.5
2002-03-08,dolar,666.71
2002-03-08,tpm,5.5
2002-03-11,dolar,661.85
2002-03-11,tpm,5.5
2002-03-12,dolar,661.38
2002-03-12,tpm,5.5
2002-03-13,dolar,662.59
2002-03-13,tpm,4.75
2002-03-14,dolar,659.55
2002-03-14,tpm,4.75
2002-03-15,dolar,655.44
2002-03-15,tpm,4.75
2002-03-18,dolar,656.69
2002-03-18,tpm,4.75
2002-03-19,dolar,656.15
2002-03-19,tpm,4.75
2002-03-20,dolar,656.76
2002-03-20,tpm,4.75
2002-03-21,dolar,657.47
2002-03-21,tpm,4.75
2002-03-22,dolar,660.54
2002-03-22,tpm,4.75
2002-03-25,dolar,665.5
2002-03-25,tpm,4.75
2002-03-26,dolar,670.53
2002-03-26,tpm,4.75
2002-03-27,dolar,665.94
2002-03-27,tpm,4.75
2002-03-28,dolar,664.44
2002-03-28,tpm,4.75
2002-04-01,dolar,655.9
2002-04-01,imacec,3.1
2002-04-01,ipc,0.4
2002-04-01,tpm,4.75
2002-04-02,dolar,657.29
2002-04-02,tpm,4.75
2002-04-03,dolar,656.28
2002-04-03,tpm,4.75
2002-04-04,dolar,658.23
2002-04-04,tpm,4.75
2002-04-05,dolar,662.78
2002-04-05,tpm,4.75
2002-04-08,dolar,652.74
2002-04-08,tpm,4.75
2002-04-09,dolar,648.07
2002-04-09,tpm,4.75
2002-04-10,dolar,647.04
2002-04-10,tpm,4.75
2002-04-11,dolar,641.75
2002-04-11,tpm,4.75
2002-04-12,dolar,643.83
2002-04-12,tpm,4.75
2002-04-15,dolar,645.72
2002-04-15,tpm,4.75
2002-04-16,dolar,646.88
2002-04-16,tpm,4.75
2002-04-17,dolar,646.35
2002-04-17,tpm,4.75
2002-04-18,dolar,644.29
2002-04-18,tpm,4.75
2002-04-19,dolar,649.1
2002-04-19,tpm,4.75
2002-04-22,dolar,647.42
2002-04-22,tpm,4.75
2002-04-23,dolar,652.22
2002-04-23,tpm,4.75
2002-04-25,dolar,653.82
2002-04-25,tpm,4.75
2002-04-26,dolar,656.5
2002-04-26,tpm,4.75
2002-04-29,dolar,651.94
2002-04-29,tpm,4.75
2002-04-30,dolar,649.09
2002-04-30,tpm,4.75
2002-05-01,imacec,2.1
2002-05-01,ipc,0.1
2002-05-02,dolar,646.44
2002-05-02,tpm,4.75
2002-05-03,dolar,650.4
2002-05-03,tpm,4.75
2002-05-06,dolar,653.34
2002-05-06,tpm,4.75
2002-05-07,dolar,655.52
2002-05-07,tpm,4.75
2002-05-08,dolar,654.96
2002-05-08,tpm,4.75
2002-05-09,dolar,653.53
2002-05-09,tpm,4.75
2002-05-10,dolar,656.67
2002-05-10,tpm,4
2002-05-13,dolar,659.14
2002-05-13,tpm,4
2002-05-14,dolar,655.32
2002-05-14,tpm,4
2002-05-15,dolar,655.62
2002-05-15,tpm,4
2002-05-16,dolar,652.56
2002-05-16,tpm,4
2002-05-17,dolar,650.31
2002-05-17,tpm,4
2002-05-20,dolar,651.68
2002-05-20,tpm,4
2002-05-22,dolar,651.82
2002-05-22,tpm,4
2002-05-23,dolar,654.49
2002-05-23,tpm,4
2002-05-24,dolar,655.6
2002-05-24,tpm,4
2002-05-28,dolar,655.7
2002-05-28,tpm,4
2002-05-29,dolar,656.39
2002-05-29,tpm,4
2002-05-30,dolar,654.2
2002-05-30,tpm,4
2002-05-31,dolar,654.44
2002-05-31,tpm,4
2002-06-01,imacec,2.5
2002-06-01,ipc,-0.1
2002-06-03,dolar,655.9
2002-06-03,tpm,4
2002-06-04,dolar,657.39
2002-06-04,tpm,4
2002-06-05,dolar,660.74
2002-06-05,tpm,4
2002-06-06,dolar,661.58
2002-06-06,tpm,4
2002-06-07,dolar,662.21
2002-06-07,tpm,4
2002-06-10,dolar,663.15
2002-06-10,tpm,4
2002-06-11,dolar,661.29
2002-06-11,tpm,4
2002-06-12,dolar,663.2
2002-06-12,tpm,4
2002-06-13,dolar,666.93
2002-06-13,tpm,4
2002-06-14,dolar,666.17
2002-06-14,tpm,4
2002-06-17,dolar,668.42
2002-06-17,tpm,4
2002-06-18,dolar,667.32
2002-06-18,tpm,4
2002-06-19,dolar,668.56
2002-06-19,tpm,4
2002-06-20,dolar,674.96
2002-06-20,tpm,4
2002-06-21,dolar,685.03
2002-06-21,tpm,4
2002-06-24,dolar,693.77
2002-06-24,tpm,4
2002-06-25,dolar,702.17
2002-06-25,tpm,4
2002-06-26,dolar,694.63
2002-06-26,tpm,4
2002-06-27,dolar,704.28
2002-06-27,tpm,4
2002-06-28,dolar,697.62
2002-06-28,tpm,4
2002-07-01,dolar,688.05
2002-07-01,imacec,3.8
2002-07-01,ipc,0.4
2002-07-01,tpm,4
2002-07-02,dolar,690.3
2002-07-02,tpm,4
2002-07-03,dolar,698.67
2002-07-03,tpm,4
2002-07-04,dolar,697.13
2002-07-04,tpm,4
2002-07-05,dolar,691.5
2002-07-05,tpm,4
2002-07-08,dolar,694.6
2002-07-08,tpm,4
2002-07-09,dolar,697.26
2002-07-09,tpm,4
2002-07-10,dolar,699.91
2002-07-10,tpm,4
2002-07-11,dolar,698.84
2002-07-11,tpm,4
2002-07-12,dolar,696.71
2002-07-12,tpm,3.25
2002-07-15,dolar,693.72
2002-07-15,tpm,3.25
2002-07-16,dolar,697.01
2002-07-16,tpm,3.25
2002-07-17,dolar,697.08
2002-07-17,tpm,3.25
2002-07-18,dolar,693.9
2002-07-18,tpm,3.25
2002-07-19,dolar,693.21
2002-07-19,tpm,3.25
2002-07-22,dolar,692.5
2002-07-22,tpm,3.25
2002-07-23,dolar,692.4
2002-07-23,tpm,3.25
2002-07-24,dolar,696.05
2002-07-24,tpm,3.25
2002-07-25,dolar,701.65
2002-07-25,tpm,3.25
2002-07-26,dolar,702.61
2002-07-26,tpm,3.25
2002-07-29,dolar,702.31
2002-07-29,tpm,3.25
2002-07-30,dolar,699.3
2002-07-30,tpm,3.25
2002-07-31,dolar,700.98
2002-07-31,tpm,3.25
2002-08-01,dolar,703.57
2002-08-01,imacec,3.7
2002-08-01,ipc,0.4
2002-08-01,tpm,3.25
2002-08-02,dolar,704.36
2002-08-02,tpm,3.25
2002-08-05,dolar,697.71
2002-08-05,tpm,3.25
2002-08-06,dolar,698.41
2002-08-06,tpm,3.25
2002-08-07,dolar,701.08
2002-08-07,tpm,3.25
2002-08-08,dolar,696.95
2002-08-08,tpm,3.25
2002-08-09,dolar,692.21
2002-08-09,tpm,3
2002-08-12,dolar,695.14
2002-08-12,tpm,3
2002-08-13,dolar,700.96
2002-08-13,tpm,3
2002-08-14,dolar,702.07
2002-08-14,tpm,3
2002-08-16,dolar,702.21
2002-08-16,tpm,3
2002-08-19,dolar,700.37
2002-08-19,tpm,3
2002-08-20,dolar,699.19
2002-08-20,tpm,3
2002-08-21,dolar,699.46
2002-08-21,tpm,3
2002-08-22,dolar,702.3
2002-08-22,tpm,3
2002-08-23,dolar,705.09
2002-08-23,tpm,3
2002-08-26,dolar,706.75
2002-08-26,tpm,3
2002-08-27,dolar,705.92
2002-08-27,tpm,3
2002-08-28,dolar,706.23
2002-08-28,tpm,3
2002-08-29,dolar,713.26
2002-08-29,tpm,3
2002-08-30,dolar,715.16
2002-08-30,tpm,3
2002-09-01,imacec,4.6
2002-09-01,ipc,0.8
2002-09-02,dolar,710.35
2002-09-02,tpm,3
2002-09-03,dolar,709.26
2002-09-03,tpm,3
2002-09-04,dolar,714.58
2002-09-04,tpm,3
2002-09-05,dolar,717.35
2002-09-05,tpm,3
2002-09-06,dolar,717.05
2002-09-06,tpm,3
2002-09-09,dolar,717.2
2002-09-09,tpm,3
2002-09-10,dolar,716.43
2002-09-10,tpm,3
2002-09-11,dolar,719.19
2002-09-11,tpm,3
2002-09-12,dolar,720.26
2002-09-12,tpm,3
2002-09-13,dolar,721.31
2002-09-13,tpm,3
2002-09-16,dolar,721.52
2002-09-16,tpm,3
2002-09-17,dolar,724.76
2002-09-17,tpm,3
2002-09-20,dolar,728.7
2002-09-20,tpm,3
2002-09-23,dolar,741.1
2002-09-23,tpm,3
2002-09-24,dolar,749.14
2002-09-24,tpm,3
2002-09-25,dolar,746.67
2002-09-25,tpm,3
2002-09-26,dolar,745.1
2002-09-26,tpm,3
2002-09-27,dolar,745.01
2002-09-27,tpm,3
2002-09-30,dolar,747.62
2002-09-30,tpm,3
2002-10-01,dolar,748.73
2002-10-01,imacec,4.3
2002-10-01,ipc,0.9
2002-10-01,tpm,3
2002-10-02,dolar,746.35
2002-10-02,tpm,3
2002-10-03,dolar,742.81
2002-10-03,tpm,3
2002-10-04,dolar,743.96
2002-10-04,tpm,3
2002-10-07,dolar,743.73
2002-10-07,tpm,3
2002-10-08,dolar,743.54
2002-10-08,tpm,3
2002-10-09,dolar,744.91
2002-10-09,tpm,3
2002-10-10,dolar,750.53
2002-10-10,tpm,3
2002-10-11,dolar,756.56
2002-10-11,tpm,3
2002-10-14,dolar,743.01
2002-10-14,tpm,3
2002-10-15,dolar,745.62
2002-10-15,tpm,3
2002-10-16,dolar,744.62
2002-10-16,tpm,3
2002-10-17,dolar,746.18
2002-10-17,tpm,3
2002-10-18,dolar,746.19
2002-10-18,tpm,3
2002-10-21,dolar,745.12
2002-10-21,tpm,3
2002-10-22,dolar,740.23
2002-10-22,tpm,3
2002-10-23,dolar,736.7
2002-10-23,tpm,3
2002-10-24,dolar,734.24
2002-10-24,tpm,3
2002-10-25,dolar,735.83
2002-10-25,tpm,3
2002-10-28,dolar,735.53
2002-10-28,tpm,3
2002-10-29,dolar,731.95
2002-10-29,tpm,3
2002-10-30,dolar,733.72
2002-10-30,tpm,3
2002-10-31,dolar,733.24
2002-10-31,tpm,3
2002-11-01,imacec,3.9
2002-11-01,ipc,-0.1
2002-11-04,dolar,728.46
2002-11-04,tpm,3
2002-11-05,dolar,721.29
2002-11-05,tpm,3
2002-11-06,dolar,719.09
2002-11-06,tpm,3
2002-11-07,dolar,718.68
2002-11-07,tpm,3
2002-11-08,dolar,717.22
2002-11-08,tpm,3
2002-11-11,dolar,711.08
2002-11-11,tpm,3
2002-11-12,dolar,710.03
2002-11-12,tpm,3
2002-11-13,dolar,709.62
2002-11-13,tpm,3
2002-11-14,dolar,708.32
2002-11-14,tpm,3
2002-11-15,dolar,708.64
2002-11-15,tpm,3
2002-11-18,dolar,706.54
2002-11-18,tpm,3
2002-11-19,dolar,701.75
2002-11-19,tpm,3
2002-11-20,dolar,698.81
2002-11-20,tpm,3
2002-11-21,dolar,697.22
2002-11-21,tpm,3
2002-11-22,dolar,697.91
2002-11-22,tpm,3
2002-11-25,dolar,706.89
2002-11-25,tpm,3
2002-11-26,dolar,707.9
2002-11-26,tpm,3
2002-11-27,dolar,707.68
2002-11-27,tpm,3
2002-11-28,dolar,707.3
2002-11-28,tpm,3
2002-11-29,dolar,705.1
2002-11-29,tpm,3
2002-12-01,imacec,4.6
2002-12-01,ipc,-0.4
2002-12-02,dolar,703.25
2002-12-02,tpm,3
2002-12-03,dolar,700.31
2002-12-03,tpm,3
2002-12-04,dolar,703.58
2002-12-04,tpm,3
2002-12-05,dolar,709.8
2002-12-05,tpm,3
2002-12-06,dolar,709.68
2002-12-06,tpm,3
2002-12-09,dolar,705.36
2002-12-09,tpm,3
2002-12-10,dolar,706.1
2002-12-10,tpm,3
2002-12-11,dolar,703.33
2002-12-11,tpm,3
2002-12-12,dolar,699.11
2002-12-12,tpm,3
2002-12-13,dolar,692.94
2002-12-13,tpm,3
2002-12-16,dolar,695.57
2002-12-16,tpm,3
2002-12-17,dolar,695.12
2002-12-17,tpm,3
2002-12-18,dolar,693.7
2002-12-18,tpm,3
2002-12-19,dolar,695.92
2002-12-19,tpm,3
2002-12-20,dolar,698.07
2002-12-20,tpm,3
2002-12-23,dolar,697.08
2002-12-23,tpm,3
2002-12-24,dolar,702.44
2002-12-24,tpm,3
2002-12-26,dolar,705.73
2002-12-26,tpm,3
2002-12-27,dolar,709.51
2002-12-27,tpm,3
2002-12-30,dolar,712.38
2002-12-30,tpm,3
2003-01-01,imacec,4.2
2003-01-01,ipc,0.1
2003-01-02,dolar,718.61
2003-01-02,tpm,3
2003-01-03,dolar,718.73
2003-01-03,tpm,3
2003-01-06,dolar,715.76
2003-01-06,tpm,3
2003-01-07,dolar,710.19
2003-01-07,tpm,3
2003-01-08,dolar,713.4
2003-01-08,tpm,3
2003-01-09,dolar,709.22
2003-01-09,tpm,3
2003-01-10,dolar,711.75
2003-01-10,tpm,2.75
2003-01-13,dolar,713.07
2003-01-13,tpm,2.75
2003-01-14,dolar,710.75
2003-01-14,tpm,2.75
2003-01-15,dolar,712.61
2003-01-15,tpm,2.75
2003-01-16,dolar,716.96
2003-01-16,tpm,2.75
2003-01-17,dolar,720.66
2003-01-17,tpm,2.75
2003-01-20,dolar,726.68
2003-01-20,tpm,2.75
2003-01-21,dolar,725.56
2003-01-21,tpm,2.75
2003-01-22,dolar,726.56
2003-01-22,tpm,2.75
2003-01-23,dolar,732.55
2003-01-23,tpm,2.75
2003-01-24,dolar,728.97
2003-01-24,tpm,2.75
2003-01-27,dolar,734.35
2003-01-27,tpm,2.75
2003-01-28,dolar,737.84
2003-01-28,tpm,2.75
2003-01-29,dolar,737.08
2003-01-29,tpm,2.75
2003-01-30,dolar,738.87
2003-01-30,tpm,2.75
2003-01-31,dolar,734.34
2003-01-31,tpm,2.75
2003-02-01,imacec,5.2
2003-02-01,ipc,0.8
2003-02-03,dolar,736.15
2003-02-03,tpm,2.75
2003-02-04,dolar,733.1
2003-02-04,tpm,2.75
2003-02-05,dolar,738.85
2003-02-05,tpm,2.75
2003-02-06,dolar,744.67
2003-02-06,tpm,2.75
2003-02-07,dolar,743.13
2003-02-07,tpm,2.75
2003-02-10,dolar,741.48
2003-02-10,tpm,2.75
2003-02-11,dolar,743.21
2003-02-11,tpm,2.75
2003-02-12,dolar,743.09
2003-02-12,tpm,2.75
2003-02-13,dolar,747.1
2003-02-13,tpm,2.75
2003-02-14,dolar,748.9
2003-02-14,tpm,2.75
2003-02-17,dolar,747.9
2003-02-17,tpm,2.75
2003-02-18,dolar,742.14
2003-02-18,tpm,2.75
2003-02-19,dolar,740.18
2003-02-19,tpm,2.75
2003-02-20,dolar,743.85
2003-02-20,tpm,2.75
2003-02-21,dolar,746.71
2003-02-21,tpm,2.75
2003-02-24,dolar,749.36
2003-02-24,tpm,2.75
2003-02-25,dolar,752.08
2003-02-25,tpm,2.75
2003-02-26,dolar,755.26
2003-02-26,tpm,2.75
2003-02-27,dolar,753.57
2003-02-27,tpm,2.75
2003-02-28,dolar,753.54
2003-02-28,tpm,2.75
2003-03-01,imacec,4.4
2003-03-01,ipc,1.2
2003-03-03,dolar,750.28
2003-03-03,tpm,2.75
2003-03-04,dolar,748.11
2003-03-04,tpm,2.75
2003-03-05,dolar,752.79
2003-03-05,tpm,2.75
2003-03-06,dolar,755.52
2003-03-06,tpm,2.75
2003-03-07,dolar,754.43
2003-03-07,tpm,2.75
2003-03-10,dolar,756.79
2003-03-10,tpm,2.75
2003-03-11,dolar,758.21
2003-03-11,tpm,2.75
2003-03-12,dolar,754.77
2003-03-12,tpm,2.75
2003-03-13,dolar,753.59
2003-03-13,tpm,2.75
2003-03-14,dolar,748.09
2003-03-14,tpm,2.75
2003-03-17,dolar,740.3
2003-03-17,tpm,2.75
2003-03-18,dolar,741.61
2003-03-18,tpm,2.75
2003-03-19,dolar,736.54
2003-03-19,tpm,2.75
2003-03-20,dolar,737.38
2003-03-20,tpm,2.75
2003-03-21,dolar,742.18
2003-03-21,tpm,2.75
2003-03-24,dolar,734.25
2003-03-24,tpm,2.75
2003-03-25,dolar,732.82
2003-03-25,tpm,2.75
2003-03-26,dolar,728.27
2003-03-26,tpm,2.75
2003-03-27,dolar,725.79
2003-03-27,tpm,2.75
2003-03-28,dolar,729.87
2003-03-28,tpm,2.75
2003-03-31,dolar,727.36
2003-03-31,tpm,2.75
2003-04-01,dolar,731.56
2003-04-01,imacec,3.9
2003-04-01,ipc,-0.1
2003-04-01,tpm,2.75
2003-04-02,dolar,729.78
2003-04-02,tpm,2.75
2003-04-03,dolar,721.61
2003-04-03,tpm,2.75
2003-04-04,dolar,722.03
2003-04-04,tpm,2.75
2003-04-07,dolar,721.54
2003-04-07,tpm,2.75
2003-04-08,dolar,718.81
2003-04-08,tpm,2.75
2003-04-09,dolar,719.96
2003-04-09,tpm,2.75
2003-04-10,dolar,721.78
2003-04-10,tpm,2.75
2003-04-11,dolar,725.04
2003-04-11,tpm,2.75
2003-04-14,dolar,723
2003-04-14,tpm,2.75
2003-04-15,dolar,720.49
2003-04-15,tpm,2.75
2003-04-16,dolar,718.68
2003-04-16,tpm,2.75
2003-04-17,dolar,715.11
2003-04-17,tpm,2.75
2003-04-21,dolar,713.73
2003-04-21,tpm,2.75
2003-04-22,dolar,714.38
2003-04-22,tpm,2.75
2003-04-23,dolar,716.45
2003-04-23,tpm,2.75
2003-04-24,dolar,712.51
2003-04-24,tpm,2.75
2003-04-25,dolar,709.32
2003-04-25,tpm,2.75
2003-04-28,dolar,712.06
2003-04-28,tpm,2.75
2003-04-29,dolar,710.16
2003-04-29,tpm,2.75
2003-04-30,dolar,705.32
2003-04-30,tpm,2.75
2003-05-01,imacec,4.6
2003-05-01,ipc,-0.4
2003-05-02,dolar,704.42
2003-05-02,tpm,2.75
2003-05-05,dolar,700.72
2003-05-05,tpm,2.75
2003-05-06,dolar,699.81
2003-05-06,tpm,2.75
2003-05-07,dolar,701.2
2003-05-07,tpm,2.75
2003-05-08,dolar,696.29
2003-05-08,tpm,2.75
2003-05-09,dolar,694.98
2003-05-09,tpm,2.75
2003-05-12,dolar,695.04
2003-05-12,tpm,2.75
2003-05-13,dolar,696.53
2003-05-13,tpm,2.75
2003-05-14,dolar,694.22
2003-05-14,tpm,2.75
2003-05-15,dolar,698.87
2003-05-15,tpm,2.75
2003-05-16,dolar,707.02
2003-05-16,tpm,2.75
2003-05-19,dolar,708.72
2003-05-19,tpm,2.75
2003-05-20,dolar,709.88
2003-05-20,tpm,2.75
2003-05-22,dolar,713.73
2003-05-22,tpm,2.75
2003-05-23,dolar,708.84
2003-05-23,tpm,2.75
2003-05-26,dolar,705.3
2003-05-26,tpm,2.75
2003-05-27,dolar,704.8
2003-05-27,tpm,2.75
2003-05-28,dolar,708.89
2003-05-28,tpm,2.75
2003-05-29,dolar,712.22
2003-05-29,tpm,2.75
2003-05-30,dolar,710.12
2003-05-30,tpm,2.75
2003-06-01,imacec,4.3
2003-06-01,ipc,0
2003-06-02,dolar,714.1
2003-06-02,tpm,2.75
2003-06-03,dolar,710.25
2003-06-03,tpm,2.75
2003-06-04,dolar,712.96
2003-06-04,tpm,2.75
2003-06-05,dolar,713.16
2003-06-05,tpm,2.75
2003-06-06,dolar,716.86
2003-06-06,tpm,2.75
2003-06-09,dolar,712.25
2003-06-09,tpm,2.75
2003-06-10,dolar,716.56
2003-06-10,tpm,2.75
2003-06-11,dolar,717.4
2003-06-11,tpm,2.75
2003-06-12,dolar,717.11
2003-06-12,tpm,2.75
2003-06-13,dolar,708.31
2003-06-13,tpm,2.75
2003-06-17,dolar,707.9
2003-06-17,tpm,2.75
2003-06-18,dolar,705.24
2003-06-18,tpm,2.75
2003-06-19,dolar,705.95
2003-06-19,tpm,2.75
2003-06-20,dolar,707.19
2003-06-20,tpm,2.75
2003-06-23,dolar,705.75
2003-06-23,tpm,2.75
2003-06-24,dolar,705.46
2003-06-24,tpm,2.75
2003-06-25,dolar,703.12
2003-06-25,tpm,2.75
2003-06-26,dolar,703.89
2003-06-26,tpm,2.75
2003-06-27,dolar,703
2003-06-27,tpm,2.75
2003-06-30,dolar,697.23
2003-06-30,tpm,2.75
2003-07-01,dolar,699.12
2003-07-01,imacec,4.4
2003-07-01,ipc,-0.1
2003-07-01,tpm,2.75
2003-07-02,dolar,698.53
2003-07-02,tpm,2.75
2003-07-03,dolar,695.82
2003-07-03,tpm,2.75
2003-07-04,dolar,697.11
2003-07-04,tpm,2.75
2003-07-07,dolar,697.91
2003-07-07,tpm,2.75
2003-07-08,dolar,697.5
2003-07-08,tpm,2.75
2003-07-09,dolar,704.46
2003-07-09,tpm,2.75
2003-07-10,dolar,703.47
2003-07-10,tpm,2.75
2003-07-11,dolar,704.99
2003-07-11,tpm,2.75
2003-07-14,dolar,704.57
2003-07-14,tpm,2.75
2003-07-15,dolar,702.47
2003-07-15,tpm,2.75
2003-07-16,dolar,699.57
2003-07-16,tpm,2.75
2003-07-17,dolar,698.55
2003-07-17,tpm,2.75
2003-07-18,dolar,698.31
2003-07-18,tpm,2.75
2003-07-21,dolar,701.34
2003-07-21,tpm,2.75
2003-07-22,dolar,701.86
2003-07-22,tpm,2.75
2003-07-23,dolar,702.72
2003-07-23,tpm,2.75
2003-07-24,dolar,704.85
2003-07-24,tpm,2.75
2003-07-25,dolar,703.64
2003-07-25,tpm,2.75
2003-07-28,dolar,701.61
2003-07-28,tpm,2.75
2003-07-29,dolar,699.97
2003-07-29,tpm,2.75
2003-07-30,dolar,702.22
2003-07-30,tpm,2.75
2003-07-31,dolar,705.64
2003-07-31,tpm,2.75
2003-08-01,dolar,706.21
2003-08-01,imacec,3.6
2003-08-01,ipc,0.2
2003-08-01,tpm,2.75
2003-08-04,dolar,708.34
2003-08-04,tpm,2.75
2003-08-05,dolar,713.22
2003-08-05,tpm,2.75
2003-08-06,dolar,713.15
2003-08-06,tpm,2.75
2003-08-07,dolar,710.86
2003-08-07,tpm,2.75
2003-08-08,dolar,707.23
2003-08-08,tpm,2.75
2003-08-11,dolar,702.15
2003-08-11,tpm,2.75
2003-08-12,dolar,702.09
2003-08-12,tpm,2.75
2003-08-13,dolar,703.52
2003-08-13,tpm,2.75
2003-08-14,dolar,704.26
2003-08-14,tpm,2.75
2003-08-18,dolar,703.43
2003-08-18,tpm,2.75
2003-08-19,dolar,702.99
2003-08-19,tpm,2.75
2003-08-20,dolar,704.25
2003-08-20,tpm,2.75
2003-08-21,dolar,702.68
2003-08-21,tpm,2.75
2003-08-22,dolar,699.18
2003-08-22,tpm,2.75
2003-08-25,dolar,697.31
2003-08-25,tpm,2.75
2003-08-26,dolar,697.11
2003-08-26,tpm,2.75
2003-08-27,dolar,698.34
2003-08-27,tpm,2.75
2003-08-28,dolar,699.74
2003-08-28,tpm,2.75
2003-08-29,dolar,699.39
2003-08-29,tpm,2.75
2003-09-01,dolar,697.91
2003-09-01,imacec,3.9
2003-09-01,ipc,0.2
2003-09-01,tpm,2.75
2003-09-02,dolar,697.57
2003-09-02,tpm,2.75
2003-09-03,dolar,696.21
2003-09-03,tpm,2.75
2003-09-04,dolar,692.26
2003-09-04,tpm,2.75
2003-09-05,dolar,685.41
2003-09-05,tpm,2.75
2003-09-08,dolar,682.51
2003-09-08,tpm,2.75
2003-09-09,dolar,682.23
2003-09-09,tpm,2.75
2003-09-10,dolar,683.52
2003-09-10,tpm,2.75
2003-09-11,dolar,680.76
2003-09-11,tpm,2.75
2003-09-12,dolar,673.99
2003-09-12,tpm,2.75
2003-09-15,dolar,671.08
2003-09-15,tpm,2.75
2003-09-16,dolar,671.01
2003-09-16,tpm,2.75
2003-09-17,dolar,667.72
2003-09-17,tpm,2.75
2003-09-22,dolar,666.38
2003-09-22,tpm,2.75
2003-09-23,dolar,659.49
2003-09-23,tpm,2.75
2003-09-24,dolar,655.92
2003-09-24,tpm,2.75
2003-09-25,dolar,657.11
2003-09-25,tpm,2.75
2003-09-26,dolar,658.57
2003-09-26,tpm,2.75
2003-09-29,dolar,664.06
2003-09-29,tpm,2.75
2003-09-30,dolar,665.13
2003-09-30,tpm,2.75
2003-10-01,dolar,660.97
2003-10-01,imacec,3.8
2003-10-01,ipc,-0.2
2003-10-01,tpm,2.75
2003-10-02,dolar,657.78
2003-10-02,tpm,2.75
2003-10-03,dolar,661.63
2003-10-03,tpm,2.75
2003-10-06,dolar,659.85
2003-10-06,tpm,2.75
2003-10-07,dolar,659.86
2003-10-07,tpm,2.75
2003-10-08,dolar,654.91
2003-10-08,tpm,2.75
2003-10-09,dolar,646.5
2003-10-09,tpm,2.75
2003-10-10,dolar,644.92
2003-10-10,tpm,2.75
2003-10-13,dolar,646.41
2003-10-13,tpm,2.75
2003-10-14,dolar,644.52
2003-10-14,tpm,2.75
2003-10-15,dolar,641.71
2003-10-15,tpm,2.75
2003-10-16,dolar,647.26
2003-10-16,tpm,2.75
2003-10-17,dolar,645.43
2003-10-17,tpm,2.75
2003-10-20,dolar,648.55
2003-10-20,tpm,2.75
2003-10-21,dolar,646.52
2003-10-21,tpm,2.75
2003-10-22,dolar,645.16
2003-10-22,tpm,2.75
2003-10-23,dolar,642.21
2003-10-23,tpm,2.75
2003-10-24,dolar,635.25
2003-10-24,tpm,2.75
2003-10-27,dolar,635.29
2003-10-27,tpm,2.75
2003-10-28,dolar,636.01
2003-10-28,tpm,2.75
2003-10-29,dolar,635.88
2003-10-29,tpm,2.75
2003-10-30,dolar,634.88
2003-10-30,tpm,2.75
2003-10-31,dolar,628.1
2003-10-31,tpm,2.75
2003-11-01,imacec,3.4
2003-11-01,ipc,-0.3
2003-11-03,dolar,626.93
2003-11-03,tpm,2.75
2003-11-04,dolar,626.64
2003-11-04,tpm,2.75
2003-11-05,dolar,625.52
2003-11-05,tpm,2.75
2003-11-06,dolar,626.02
2003-11-06,tpm,2.75
2003-11-07,dolar,628.86
2003-11-07,tpm,2.75
2003-11-10,dolar,618.83
2003-11-10,tpm,2.75
2003-11-11,dolar,616.34
2003-11-11,tpm,2.75
2003-11-12,dolar,623.6
2003-11-12,tpm,2.75
2003-11-13,dolar,627.09
2003-11-13,tpm,2.75
2003-11-14,dolar,626.55
2003-11-14,tpm,2.75
2003-11-17,dolar,624.61
2003-11-17,tpm,2.75
2003-11-18,dolar,621.57
2003-11-18,tpm,2.75
2003-11-19,dolar,629
2003-11-19,tpm,2.75
2003-11-20,dolar,632.23
2003-11-20,tpm,2.75
2003-11-21,dolar,631.05
2003-11-21,tpm,2.75
2003-11-24,dolar,628.88
2003-11-24,tpm,2.75
2003-11-25,dolar,625.4
2003-11-25,tpm,2.75
2003-11-26,dolar,621.93
2003-11-26,tpm,2.75
2003-11-27,dolar,623.78
2003-11-27,tpm,2.75
2003-11-28,dolar,624.51
2003-11-28,tpm,2.75
2003-12-01,dolar,621.27
2003-12-01,imacec,3.5
2003-12-01,ipc,-0.3
2003-12-01,tpm,2.75
2003-12-02,dolar,617.85
2003-12-02,tpm,2.75
2003-12-03,dolar,613.63
2003-12-03,tpm,2.75
2003-12-04,dolar,606.1
2003-12-04,tpm,2.75
2003-12-05,dolar,606.9
2003-12-05,tpm,2.75
2003-12-09,dolar,608.33
2003-12-09,tpm,2.75
2003-12-10,dolar,604.54
2003-12-10,tpm,2.75
2003-12-11,dolar,607.45
2003-12-11,tpm,2.75
2003-12-12,dolar,605.55
2003-12-12,tpm,2.25
2003-12-15,dolar,600.92
2003-12-15,tpm,2.25
2003-12-16,dolar,596.09
2003-12-16,tpm,2.25
2003-12-17,dolar,598.1
2003-12-17,tpm,2.25
2003-12-18,dolar,599.18
2003-12-18,tpm,2.25
2003-12-19,dolar,599.91
2003-12-19,tpm,2.25
2003-12-22,dolar,594.57
2003-12-22,tpm,2.25
2003-12-23,dolar,593.8
2003-12-23,tpm,2.25
2003-12-24,dolar,596.25
2003-12-24,tpm,2.25
2003-12-26,dolar,595.13
2003-12-26,tpm,2.25
2003-12-29,dolar,593.1
2003-12-29,tpm,2.25
2003-12-30,dolar,599.42
2003-12-30,tpm,2.25
2004-01-01,imacec,3.3
2004-01-01,ipc,-0.2
2004-01-02,dolar,593.8
2004-01-02,tpm,2.25
2004-01-05,dolar,587.69
2004-01-05,tpm,2.25
2004-01-06,dolar,579.43
2004-01-06,tpm,2.25
2004-01-07,dolar,565.18
2004-01-07,tpm,2.25
2004-01-08,dolar,567.83
2004-01-08,tpm,2.25
2004-01-09,dolar,568.61
2004-01-09,tpm,1.75
2004-01-12,dolar,560.51
2004-01-12,tpm,1.75
2004-01-13,dolar,559.21
2004-01-13,tpm,1.75
2004-01-14,dolar,563.65
2004-01-14,tpm,1.75
2004-01-15,dolar,572.08
2004-01-15,tpm,1.75
2004-01-16,dolar,569.56
2004-01-16,tpm,1.75
2004-01-19,dolar,577.4
2004-01-19,tpm,1.75
2004-01-20,dolar,572.69
2004-01-20,tpm,1.75
2004-01-21,dolar,567.13
2004-01-21,tpm,1.75
2004-01-22,dolar,564.83
2004-01-22,tpm,1.75
2004-01-23,dolar,565.76
2004-01-23,tpm,1.75
2004-01-26,dolar,573.19
2004-01-26,tpm,1.75
2004-01-27,dolar,578.61
2004-01-27,tpm,1.75
2004-01-28,dolar,577.5
2004-01-28,tpm,1.75
2004-01-29,dolar,585.03
2004-01-29,tpm,1.75
2004-01-30,dolar,596.78
2004-01-30,tpm,1.75
2004-02-01,imacec,5
2004-02-01,ipc,0
2004-02-02,dolar,591.42
2004-02-02,tpm,1.75
2004-02-03,dolar,577.27
2004-02-03,tpm,1.75
2004-02-04,dolar,581.18
2004-02-04,tpm,1.75
2004-02-05,dolar,587.3
2004-02-05,tpm,1.75
2004-02-06,dolar,595.34
2004-02-06,tpm,1.75
2004-02-09,dolar,598.6
2004-02-09,tpm,1.75
2004-02-10,dolar,586.96
2004-02-10,tpm,1.75
2004-02-11,dolar,583.23
2004-02-11,tpm,1.75
2004-02-12,dolar,582.45
2004-02-12,tpm,1.75
2004-02-13,dolar,577.01
2004-02-13,tpm,1.75
2004-02-16,dolar,576.4
2004-02-16,tpm,1.75
2004-02-17,dolar,579.8
2004-02-17,tpm,1.75
2004-02-18,dolar,572.55
2004-02-18,tpm,1.75
2004-02-19,dolar,571.35
2004-02-19,tpm,1.75
2004-02-20,dolar,581.24
2004-02-20,tpm,1.75
2004-02-23,dolar,585.28
2004-02-23,tpm,1.75
2004-02-24,dolar,586.65
2004-02-24,tpm,1.75
2004-02-25,dolar,589.75
2004-02-25,tpm,1.75
2004-02-26,dolar,588.02
2004-02-26,tpm,1.75
2004-02-27,dolar,594.32
2004-02-27,tpm,1.75
2004-03-01,dolar,592.87
2004-03-01,imacec,6.4
2004-03-01,ipc,0.4
2004-03-01,tpm,1.75
2004-03-02,dolar,588.04
2004-03-02,tpm,1.75
2004-03-03,dolar,590.28
2004-03-03,tpm,1.75
2004-03-04,dolar,598.86
2004-03-04,tpm,1.75
2004-03-05,dolar,601.38
2004-03-05,tpm,1.75
2004-03-08,dolar,593.22
2004-03-08,tpm,1.75
2004-03-09,dolar,593.47
2004-03-09,tpm,1.75
2004-03-10,dolar,593.96
2004-03-10,tpm,1.75
2004-03-11,dolar,601.1
2004-03-11,tpm,1.75
2004-03-12,dolar,600.8
2004-03-12,tpm,1.75
2004-03-15,dolar,601.4
2004-03-15,tpm,1.75
2004-03-16,dolar,604.56
2004-03-16,tpm,1.75
2004-03-17,dolar,605.71
2004-03-17,tpm,1.75
2004-03-18,dolar,607.91
2004-03-18,tpm,1.75
2004-03-19,dolar,603.35
2004-03-19,tpm,1.75
2004-03-22,dolar,606.96
2004-03-22,tpm,1.75
2004-03-23,dolar,607.64
2004-03-23,tpm,1.75
2004-03-24,dolar,610.69
2004-03-24,tpm,1.75
2004-03-25,dolar,614.62
2004-03-25,tpm,1.75
2004-03-26,dolar,614.51
2004-03-26,tpm,1.75
2004-03-29,dolar,617.15
2004-03-29,tpm,1.75
2004-03-30,dolar,618.29
2004-03-30,tpm,1.75
2004-03-31,dolar,623.21
2004-03-31,tpm,1.75
2004-04-01,dolar,616.41
2004-04-01,imacec,5.5
2004-04-01,ipc,0.4
2004-04-01,tpm,1.75
2004-04-02,dolar,610.55
2004-04-02,tpm,1.75
2004-04-05,dolar,609.36
2004-04-05,tpm,1.75
2004-04-06,dolar,605.7
2004-04-06,tpm,1.75
2004-04-07,dolar,603.91
2004-04-07,tpm,1.75
2004-04-08,dolar,606.83
2004-04-08,tpm,1.75
2004-04-12,dolar,601.36
2004-04-12,tpm,1.75
2004-04-13,dolar,599.56
2004-04-13,tpm,1.75
2004-04-14,dolar,596.61
2004-04-14,tpm,1.75
2004-04-15,dolar,603.77
2004-04-15,tpm,1.75
2004-04-16,dolar,605.73
2004-04-16,tpm,1.75
2004-04-19,dolar,601.84
2004-04-19,tpm,1.75
2004-04-20,dolar,599.36
2004-04-20,tpm,1.75
2004-04-21,dolar,600.75
2004-04-21,tpm,1.75
2004-04-22,dolar,609.06
2004-04-22,tpm,1.75
2004-04-23,dolar,614.13
2004-04-23,tpm,1.75
2004-04-26,dolar,613.11
2004-04-26,tpm,1.75
2004-04-27,dolar,610.62
2004-04-27,tpm,1.75
2004-04-28,dolar,616.28
2004-04-28,tpm,1.75
2004-04-29,dolar,622.15
2004-04-29,tpm,1.75
2004-04-30,dolar,624.84
2004-04-30,tpm,1.75
2004-05-01,imacec,5.6
2004-05-01,ipc,0.5
2004-05-03,dolar,624.98
2004-05-03,tpm,1.75
2004-05-04,dolar,624.31
2004-05-04,tpm,1.75
2004-05-05,dolar,622.25
2004-05-05,tpm,1.75
2004-05-06,dolar,622.62
2004-05-06,tpm,1.75
2004-05-07,dolar,630.61
2004-05-07,tpm,1.75
2004-05-10,dolar,638.64
2004-05-10,tpm,1.75
2004-05-11,dolar,644.42
2004-05-11,tpm,1.75
2004-05-12,dolar,640.95
2004-05-12,tpm,1.75
2004-05-13,dolar,641.76
2004-05-13,tpm,1.75
2004-05-14,dolar,642.62
2004-05-14,tpm,1.75
2004-05-17,dolar,638.22
2004-05-17,tpm,1.75
2004-05-18,dolar,641.69
2004-05-18,tpm,1.75
2004-05-19,dolar,639.36
2004-05-19,tpm,1.75
2004-05-20,dolar,635.44
2004-05-20,tpm,1.75
2004-05-24,dolar,643.31
2004-05-24,tpm,1.75
2004-05-25,dolar,640.78
2004-05-25,tpm,1.75
2004-05-26,dolar,637.47
2004-05-26,tpm,1.75
2004-05-27,dolar,638.59
2004-05-27,tpm,1.75
2004-05-28,dolar,634.81
2004-05-28,tpm,1.75
2004-05-31,dolar,632.32
2004-05-31,tpm,1.75
2004-06-01,dolar,636.02
2004-06-01,imacec,5.5
2004-06-01,ipc,0.4
2004-06-01,tpm,1.75
2004-06-02,dolar,642.39
2004-06-02,tpm,1.75
2004-06-03,dolar,641.89
2004-06-03,tpm,1.75
2004-06-04,dolar,643.06
2004-06-04,tpm,1.75
2004-06-08,dolar,644.61
2004-06-08,tpm,1.75
2004-06-09,dolar,640.96
2004-06-09,tpm,1.75
2004-06-10,dolar,644.83
2004-06-10,tpm,1.75
2004-06-11,dolar,649.43
2004-06-11,tpm,1.75
2004-06-14,dolar,649.45
2004-06-14,tpm,1.75
2004-06-15,dolar,648.03
2004-06-15,tpm,1.75
2004-06-16,dolar,648.4
2004-06-16,tpm,1.75
2004-06-17,dolar,649.39
2004-06-17,tpm,1.75
2004-06-18,dolar,648.16
2004-06-18,tpm,1.75
2004-06-21,dolar,646.61
2004-06-21,tpm,1.75
2004-06-22,dolar,646.47
2004-06-22,tpm,1.75
2004-06-23,dolar,643.42
2004-06-23,tpm,1.75
2004-06-24,dolar,641.62
2004-06-24,tpm,1.75
2004-06-25,dolar,634.35
2004-06-25,tpm,1.75
2004-06-29,dolar,634.25
2004-06-29,tpm,1.75
2004-06-30,dolar,636.59
2004-06-30,tpm,1.75
2004-07-01,dolar,636.3
2004-07-01,imacec,6.9
2004-07-01,ipc,0.2
2004-07-01,tpm,1.75
2004-07-02,dolar,632.42
2004-07-02,tpm,1.75
2004-07-05,dolar,630.39
2004-07-05,tpm,1.75
2004-07-06,dolar,630.87
2004-07-06,tpm,1.75
2004-07-07,dolar,632.01
2004-07-07,tpm,1.75
2004-07-08,dolar,632.27
2004-07-08,tpm,1.75
2004-07-09,dolar,631.95
2004-07-09,tpm,1.75
2004-07-12,dolar,636.34
2004-07-12,tpm,1.75
2004-07-13,dolar,634.07
2004-07-13,tpm,1.75
2004-07-14,dolar,634.72
2004-07-14,tpm,1.75
2004-07-15,dolar,631.86
2004-07-15,tpm,1.75
2004-07-16,dolar,629.65
2004-07-16,tpm,1.75
2004-07-19,dolar,622.34
2004-07-19,tpm,1.75
2004-07-20,dolar,622.32
2004-07-20,tpm,1.75
2004-07-21,dolar,623.46
2004-07-21,tpm,1.75
2004-07-22,dolar,627.68
2004-07-22,tpm,1.75
2004-07-23,dolar,627.53
2004-07-23,tpm,1.75
2004-07-26,dolar,631.86
2004-07-26,tpm,1.75
2004-07-27,dolar,639.07
2004-07-27,tpm,1.75
2004-07-28,dolar,644.37
2004-07-28,tpm,1.75
2004-07-29,dolar,642.81
2004-07-29,tpm,1.75
2004-07-30,dolar,638.37
2004-07-30,tpm,1.75
2004-08-01,imacec,9
2004-08-01,ipc,0.4
2004-08-02,dolar,641.4
2004-08-02,tpm,1.75
2004-08-03,dolar,643.76
2004-08-03,tpm,1.75
2004-08-04,dolar,641.6
2004-08-04,tpm,1.75
2004-08-05,dolar,643.81
2004-08-05,tpm,1.75
2004-08-06,dolar,641.86
2004-08-06,tpm,1.75
2004-08-09,dolar,639.52
2004-08-09,tpm,1.75
2004-08-10,dolar,638.76
2004-08-10,tpm,1.75
2004-08-11,dolar,637.36
2004-08-11,tpm,1.75
2004-08-12,dolar,639.75
2004-08-12,tpm,1.75
2004-08-13,dolar,640.86
2004-08-13,tpm,1.75
2004-08-16,dolar,640.25
2004-08-16,tpm,1.75
2004-08-17,dolar,638.77
2004-08-17,tpm,1.75
2004-08-18,dolar,635.12
2004-08-18,tpm,1.75
2004-08-19,dolar,635.24
2004-08-19,tpm,1.75
2004-08-20,dolar,631.61
2004-08-20,tpm,1.75
2004-08-23,dolar,633.22
2004-08-23,tpm,1.75
2004-08-24,dolar,630.33
2004-08-24,tpm,1.75
2004-08-25,dolar,626.13
2004-08-25,tpm,1.75
2004-08-26,dolar,627.03
2004-08-26,tpm,1.75
2004-08-27,dolar,628.61
2004-08-27,tpm,1.75
2004-08-30,dolar,626.56
2004-08-30,tpm,1.75
2004-08-31,dolar,628.95
2004-08-31,tpm,1.75
2004-09-01,dolar,625.1
2004-09-01,imacec,8.6
2004-09-01,ipc,0.1
2004-09-01,tpm,1.75
2004-09-02,dolar,626.76
2004-09-02,tpm,1.75
2004-09-03,dolar,625.55
2004-09-03,tpm,1.75
2004-09-06,dolar,623.69
2004-09-06,tpm,1.75
2004-09-07,dolar,621.93
2004-09-07,tpm,1.75
2004-09-08,dolar,622.56
2004-09-08,tpm,2
2004-09-09,dolar,620.32
2004-09-09,tpm,2
2004-09-10,dolar,617.67
2004-09-10,tpm,2
2004-09-13,dolar,618.33
2004-09-13,tpm,2
2004-09-14,dolar,615.71
2004-09-14,tpm,2
2004-09-15,dolar,615.46
2004-09-15,tpm,2
2004-09-16,dolar,615.14
2004-09-16,tpm,2
2004-09-20,dolar,611.06
2004-09-20,tpm,2
2004-09-21,dolar,609.84
2004-09-21,tpm,2
2004-09-22,dolar,612.63
2004-09-22,tpm,2
2004-09-23,dolar,613.19
2004-09-23,tpm,2
2004-09-24,dolar,613.85
2004-09-24,tpm,2
2004-09-27,dolar,613.51
2004-09-27,tpm,2
2004-09-28,dolar,611.87
2004-09-28,tpm,2
2004-09-29,dolar,606.46
2004-09-29,tpm,2
2004-09-30,dolar,606.96
2004-09-30,tpm,2
2004-10-01,dolar,608.9
2004-10-01,imacec,8
2004-10-01,ipc,0.3
2004-10-01,tpm,2
2004-10-04,dolar,608.1
2004-10-04,tpm,2
2004-10-05,dolar,603.47
2004-10-05,tpm,2
2004-10-06,dolar,600.31
2004-10-06,tpm,2
2004-10-07,dolar,600.84
2004-10-07,tpm,2
2004-10-08,dolar,602.92
2004-10-08,tpm,2
2004-10-12,dolar,596.6
2004-10-12,tpm,2
2004-10-13,dolar,598.05
2004-10-13,tpm,2
2004-10-14,dolar,603.18
2004-10-14,tpm,2
2004-10-15,dolar,608.92
2004-10-15,tpm,2
2004-10-18,dolar,611.03
2004-10-18,tpm,2
2004-10-19,dolar,608.33
2004-10-19,tpm,2
2004-10-20,dolar,608.8
2004-10-20,tpm,2
2004-10-21,dolar,615.85
2004-10-21,tpm,2
2004-10-22,dolar,612.25
2004-10-22,tpm,2
2004-10-25,dolar,607.51
2004-10-25,tpm,2
2004-10-26,dolar,611.98
2004-10-26,tpm,2
2004-10-27,dolar,612.72
2004-10-27,tpm,2
2004-10-28,dolar,610.61
2004-10-28,tpm,2
2004-10-29,dolar,615.2
2004-10-29,tpm,2
2004-11-01,imacec,9.9
2004-11-01,ipc,0.3
2004-11-02,dolar,613.89
2004-11-02,tpm,2
2004-11-03,dolar,609.19
2004-11-03,tpm,2
2004-11-04,dolar,605.89
2004-11-04,tpm,2
2004-11-05,dolar,601.87
2004-11-05,tpm,2
2004-11-08,dolar,601.32
2004-11-08,tpm,2
2004-11-09,dolar,600.21
2004-11-09,tpm,2
2004-11-10,dolar,603.47
2004-11-10,tpm,2
2004-11-11,dolar,601.54
2004-11-11,tpm,2
2004-11-12,dolar,601.8
2004-11-12,tpm,2.25
2004-11-15,dolar,597.9
2004-11-15,tpm,2.25
2004-11-16,dolar,592.32
2004-11-16,tpm,2.25
2004-11-17,dolar,593.6
2004-11-17,tpm,2.25
2004-11-18,dolar,589.21
2004-11-18,tpm,2.25
2004-11-19,dolar,590.28
2004-11-22,dolar,590.28
2004-11-22,tpm,2.25
2004-11-23,dolar,595.18
2004-11-23,tpm,2.25
2004-11-24,dolar,591.24
2004-11-24,tpm,2.25
2004-11-25,dolar,588.44
2004-11-25,tpm,2.25
2004-11-26,dolar,588.15
2004-11-26,tpm,2.25
2004-11-29,dolar,587.16
2004-11-29,tpm,2.25
2004-11-30,dolar,588.18
2004-11-30,tpm,2.25
2004-12-01,dolar,588.65
2004-12-01,imacec,10
2004-12-01,ipc,-0.4
2004-12-01,tpm,2.25
2004-12-02,dolar,586.06
2004-12-02,tpm,2.25
2004-12-03,dolar,583.5
2004-12-03,tpm,2.25
2004-12-06,dolar,582.36
2004-12-06,tpm,2.25
2004-12-07,dolar,581.34
2004-12-07,tpm,2.25
2004-12-09,dolar,581.64
2004-12-09,tpm,2.25
2004-12-10,dolar,592.38
2004-12-10,tpm,2.25
2004-12-13,dolar,597.27
2004-12-13,tpm,2.25
2004-12-14,dolar,590.05
2004-12-14,tpm,2.25
2004-12-15,dolar,579.11
2004-12-15,tpm,2.25
2004-12-16,dolar,578.46
2004-12-16,tpm,2.25
2004-12-17,dolar,577.53
2004-12-17,tpm,2.25
2004-12-20,dolar,577.04
2004-12-20,tpm,2.25
2004-12-21,dolar,565.3
2004-12-21,tpm,2.25
2004-12-22,dolar,566.08
2004-12-22,tpm,2.25
2004-12-23,dolar,566.97
2004-12-23,tpm,2.25
2004-12-24,dolar,564.16
2004-12-24,tpm,2.25
2004-12-27,dolar,561.05
2004-12-27,tpm,2.25
2004-12-28,dolar,561.13
2004-12-28,tpm,2.25
2004-12-29,dolar,559.66
2004-12-29,tpm,2.25
2004-12-30,dolar,559.83
2004-12-30,tpm,2.25
2005-01-01,imacec,7.8
2005-01-01,ipc,-0.3
2005-01-03,dolar,557.4
2005-01-03,tpm,2.25
2005-01-04,dolar,560.3
2005-01-04,tpm,2.25
2005-01-05,dolar,568.95
2005-01-05,tpm,2.25
2005-01-06,dolar,571.32
2005-01-06,tpm,2.25
2005-01-07,dolar,569.37
2005-01-07,tpm,2.25
2005-01-10,dolar,567.95
2005-01-10,tpm,2.25
2005-01-11,dolar,567.1
2005-01-11,tpm,2.25
2005-01-12,dolar,567.53
2005-01-12,tpm,2.5
2005-01-13,dolar,568.71
2005-01-13,tpm,2.5
2005-01-14,dolar,567.05
2005-01-14,tpm,2.5
2005-01-17,dolar,571.51
2005-01-17,tpm,2.5
2005-01-18,dolar,574.63
2005-01-18,tpm,2.5
2005-01-19,dolar,580.4
2005-01-19,tpm,2.5
2005-01-20,dolar,580.09
2005-01-20,tpm,2.5
2005-01-21,dolar,584.22
2005-01-21,tpm,2.5
2005-01-24,dolar,580.45
2005-01-24,tpm,2.5
2005-01-25,dolar,577.96
2005-01-25,tpm,2.5
2005-01-26,dolar,584.92
2005-01-26,tpm,2.5
2005-01-27,dolar,584.64
2005-01-27,tpm,2.5
2005-01-28,dolar,585.83
2005-01-28,tpm,2.5
2005-01-31,dolar,586.18
2005-01-31,tpm,2.5
2005-02-01,dolar,585.4
2005-02-01,imacec,6.3
2005-02-01,ipc,-0.1
2005-02-01,tpm,2.5
2005-02-02,dolar,583.84
2005-02-02,tpm,2.5
2005-02-03,dolar,582.55
2005-02-03,tpm,2.5
2005-02-04,dolar,577.33
2005-02-04,tpm,2.5
2005-02-07,dolar,575.69
2005-02-07,tpm,2.5
2005-02-08,dolar,576.84
2005-02-08,tpm,2.5
2005-02-09,dolar,579.35
2005-02-09,tpm,2.5
2005-02-10,dolar,580.29
2005-02-10,tpm,2.5
2005-02-11,dolar,575.35
2005-02-11,tpm,2.75
2005-02-14,dolar,572.18
2005-02-14,tpm,2.75
2005-02-15,dolar,569.55
2005-02-15,tpm,2.75
2005-02-16,dolar,567.82
2005-02-16,tpm,2.75
2005-02-17,dolar,569.35
2005-02-17,tpm,2.75
2005-02-18,dolar,566.49
2005-02-18,tpm,2.75
2005-02-21,dolar,566.41
2005-02-21,tpm,2.75
2005-02-22,dolar,566.18
2005-02-22,tpm,2.75
2005-02-23,dolar,563.22
2005-02-23,tpm,2.75
2005-02-24,dolar,566.82
2005-02-24,tpm,2.75
2005-02-25,dolar,569.5
2005-02-25,tpm,2.75
2005-02-28,dolar,577.52
2005-02-28,tpm,2.75
2005-03-01,dolar,573.55
2005-03-01,imacec,5.5
2005-03-01,ipc,0.6
2005-03-01,tpm,2.75
2005-03-02,dolar,578.6
2005-03-02,tpm,2.75
2005-03-03,dolar,587.08
2005-03-03,tpm,2.75
2005-03-04,dolar,586.51
2005-03-04,tpm,2.75
2005-03-07,dolar,587.75
2005-03-07,tpm,2.75
2005-03-08,dolar,585.6
2005-03-08,tpm,2.75
2005-03-09,dolar,585.71
2005-03-09,tpm,2.75
2005-03-10,dolar,589.68
2005-03-10,tpm,2.75
2005-03-11,dolar,588.19
2005-03-11,tpm,2.75
2005-03-14,dolar,584.27
2005-03-14,tpm,2.75
2005-03-15,dolar,588.72
2005-03-15,tpm,2.75
2005-03-16,dolar,590.16
2005-03-16,tpm,2.75
2005-03-17,dolar,591.69
2005-03-17,tpm,2.75
2005-03-18,dolar,590.87
2005-03-18,tpm,2.75
2005-03-21,dolar,585.05
2005-03-21,tpm,2.75
2005-03-22,dolar,586.86
2005-03-22,tpm,2.75
2005-03-23,dolar,583.83
2005-03-23,tpm,2.75
2005-03-24,dolar,587.74
2005-03-24,tpm,2.75
2005-03-28,dolar,587.33
2005-03-28,tpm,2.75
2005-03-29,dolar,589.69
2005-03-29,tpm,2.75
2005-03-30,dolar,587.29
2005-03-30,tpm,2.75
2005-03-31,dolar,586.45
2005-03-31,tpm,2.75
2005-04-01,dolar,585.93
2005-04-01,imacec,7
2005-04-01,ipc,0.9
2005-04-01,tpm,2.75
2005-04-04,dolar,585.04
2005-04-04,tpm,2.75
2005-04-05,dolar,588.95
2005-04-05,tpm,2.75
2005-04-06,dolar,587.36
2005-04-06,tpm,2.75
2005-04-07,dolar,585.19
2005-04-07,tpm,2.75
2005-04-08,dolar,580.17
2005-04-08,tpm,3
2005-04-11,dolar,576.68
2005-04-11,tpm,3
2005-04-12,dolar,574.4
2005-04-12,tpm,3
2005-04-13,dolar,576.02
2005-04-13,tpm,3
2005-04-14,dolar,572.75
2005-04-14,tpm,3
2005-04-15,dolar,577.42
2005-04-15,tpm,3
2005-04-18,dolar,579.99
2005-04-18,tpm,3
2005-04-19,dolar,584.6
2005-04-19,tpm,3
2005-04-20,dolar,579.86
2005-04-20,tpm,3
2005-04-21,dolar,577.96
2005-04-21,tpm,3
2005-04-22,dolar,579.99
2005-04-22,tpm,3
2005-04-25,dolar,576.98
2005-04-25,tpm,3
2005-04-26,dolar,577.35
2005-04-26,tpm,3
2005-04-27,dolar,579.97
2005-04-27,tpm,3
2005-04-28,dolar,580.09
2005-04-28,tpm,3
2005-04-29,dolar,582.87
2005-04-29,tpm,3
2005-05-01,imacec,6.3
2005-05-01,ipc,0.3
2005-05-02,dolar,582.73
2005-05-02,tpm,3
2005-05-03,dolar,580.54
2005-05-03,tpm,3
2005-05-04,dolar,578.28
2005-05-04,tpm,3
2005-05-05,dolar,574.58
2005-05-05,tpm,3
2005-05-06,dolar,572.76
2005-05-06,tpm,3
2005-05-09,dolar,570.83
2005-05-09,tpm,3
2005-05-10,dolar,572.53
2005-05-10,tpm,3
2005-05-11,dolar,573.66
2005-05-11,tpm,3
2005-05-12,dolar,577.27
2005-05-12,tpm,3
2005-05-13,dolar,576.2
2005-05-13,tpm,3.25
2005-05-16,dolar,577.45
2005-05-16,tpm,3.25
2005-05-17,dolar,579.02
2005-05-17,tpm,3.25
2005-05-18,dolar,580.13
2005-05-18,tpm,3.25
2005-05-19,dolar,581.4
2005-05-19,tpm,3.25
2005-05-20,dolar,579.53
2005-05-20,tpm,3.25
2005-05-24,dolar,583.59
2005-05-24,tpm,3.25
2005-05-25,dolar,580.64
2005-05-25,tpm,3.25
2005-05-26,dolar,580.08
2005-05-26,tpm,3.25
2005-05-27,dolar,582.44
2005-05-27,tpm,3.25
2005-05-30,dolar,580.63
2005-05-30,tpm,3.25
2005-05-31,dolar,580.2
2005-05-31,tpm,3.25
2005-06-01,dolar,583
2005-06-01,imacec,7.2
2005-06-01,ipc,0.4
2005-06-01,tpm,3.25
2005-06-02,dolar,586.85
2005-06-02,tpm,3.25
2005-06-03,dolar,586.32
2005-06-03,tpm,3.25
2005-06-06,dolar,587.12
2005-06-06,tpm,3.25
2005-06-07,dolar,592.75
2005-06-07,tpm,3.25
2005-06-08,dolar,591.41
2005-06-08,tpm,3.25
2005-06-09,dolar,589.68
2005-06-09,tpm,3.25
2005-06-10,dolar,592.24
2005-06-10,tpm,3.25
2005-06-13,dolar,592.37
2005-06-13,tpm,3.25
2005-06-14,dolar,591.88
2005-06-14,tpm,3.25
2005-06-15,dolar,589.38
2005-06-15,tpm,3.25
2005-06-16,dolar,588.1
2005-06-16,tpm,3.25
2005-06-17,dolar,584.9
2005-06-17,tpm,3.25
2005-06-20,dolar,580.62
2005-06-20,tpm,3.25
2005-06-21,dolar,582.55
2005-06-21,tpm,3.25
2005-06-22,dolar,579.16
2005-06-22,tpm,3.25
2005-06-23,dolar,577.73
2005-06-23,tpm,3.25
2005-06-24,dolar,579.9
2005-06-24,tpm,3.25
2005-06-28,dolar,579.99
2005-06-28,tpm,3.25
2005-06-29,dolar,580.07
2005-06-29,tpm,3.25
2005-06-30,dolar,578.92
2005-06-30,tpm,3.25
2005-07-01,dolar,579
2005-07-01,imacec,4.7
2005-07-01,ipc,0.6
2005-07-01,tpm,3.25
2005-07-04,dolar,578.41
2005-07-04,tpm,3.25
2005-07-05,dolar,581.65
2005-07-05,tpm,3.25
2005-07-06,dolar,582.1
2005-07-06,tpm,3.25
2005-07-07,dolar,584.04
2005-07-07,tpm,3.25
2005-07-08,dolar,586.67
2005-07-08,tpm,3.25
2005-07-11,dolar,584.68
2005-07-11,tpm,3.25
2005-07-12,dolar,583.54
2005-07-12,tpm,3.25
2005-07-13,dolar,580.13
2005-07-13,tpm,3.5
2005-07-14,dolar,581.07
2005-07-14,tpm,3.5
2005-07-15,dolar,579.6
2005-07-15,tpm,3.5
2005-07-18,dolar,578.04
2005-07-18,tpm,3.5
2005-07-19,dolar,573.72
2005-07-19,tpm,3.5
2005-07-20,dolar,571.24
2005-07-20,tpm,3.5
2005-07-21,dolar,573
2005-07-21,tpm,3.5
2005-07-22,dolar,567.94
2005-07-22,tpm,3.5
2005-07-25,dolar,566.54
2005-07-25,tpm,3.5
2005-07-26,dolar,566.89
2005-07-26,tpm,3.5
2005-07-27,dolar,565.37
2005-07-27,tpm,3.5
2005-07-28,dolar,564.02
2005-07-28,tpm,3.5
2005-07-29,dolar,563.44
2005-07-29,tpm,3.5
2005-08-01,dolar,561.77
2005-08-01,imacec,7.2
2005-08-01,ipc,0.3
2005-08-01,tpm,3.5
2005-08-02,dolar,560.75
2005-08-02,tpm,3.5
2005-08-03,dolar,560.06
2005-08-03,tpm,3.5
2005-08-04,dolar,559.42
2005-08-04,tpm,3.5
2005-08-05,dolar,553.78
2005-08-05,tpm,3.5
2005-08-08,dolar,545.96
2005-08-08,tpm,3.5
2005-08-09,dolar,545.43
2005-08-09,tpm,3.5
2005-08-10,dolar,546.41
2005-08-10,tpm,3.5
2005-08-11,dolar,542.51
2005-08-11,tpm,3.5
2005-08-12,dolar,539.77
2005-08-12,tpm,3.75
2005-08-16,dolar,537.81
2005-08-16,tpm,3.75
2005-08-17,dolar,533.75
2005-08-17,tpm,3.75
2005-08-18,dolar,533.66
2005-08-18,tpm,3.75
2005-08-19,dolar,539.82
2005-08-19,tpm,3.75
2005-08-22,dolar,546.07
2005-08-22,tpm,3.75
2005-08-23,dolar,541.92
2005-08-23,tpm,3.75
2005-08-24,dolar,544.34
2005-08-24,tpm,3.75
2005-08-25,dolar,549.72
2005-08-25,tpm,3.75
2005-08-26,dolar,545.25
2005-08-26,tpm,3.75
2005-08-29,dolar,544.43
2005-08-29,tpm,3.75
2005-08-30,dolar,547.76
2005-08-30,tpm,3.75
2005-08-31,dolar,545.02
2005-08-31,tpm,3.75
2005-09-01,dolar,541.53
2005-09-01,imacec,6.1
2005-09-01,ipc,1
2005-09-01,tpm,3.75
2005-09-02,dolar,540.05
2005-09-02,tpm,3.75
2005-09-05,dolar,534.87
2005-09-05,tpm,3.75
2005-09-06,dolar,534.93
2005-09-06,tpm,3.75
2005-09-07,dolar,535.62
2005-09-07,tpm,3.75
2005-09-08,dolar,538.52
2005-09-08,tpm,3.75
2005-09-09,dolar,534.15
2005-09-09,tpm,4
2005-09-12,dolar,535.37
2005-09-12,tpm,4
2005-09-13,dolar,536.33
2005-09-13,tpm,4
2005-09-14,dolar,538.12
2005-09-14,tpm,4
2005-09-15,dolar,536.46
2005-09-15,tpm,4
2005-09-16,dolar,536.19
2005-09-16,tpm,4
2005-09-20,dolar,534.35
2005-09-20,tpm,4
2005-09-21,dolar,535
2005-09-21,tpm,4
2005-09-22,dolar,534.58
2005-09-22,tpm,4
2005-09-23,dolar,536.7
2005-09-23,tpm,4
2005-09-26,dolar,538.77
2005-09-26,tpm,4
2005-09-27,dolar,538.34
2005-09-27,tpm,4
2005-09-28,dolar,538.89
2005-09-28,tpm,4
2005-09-29,dolar,538.25
2005-09-29,tpm,4
2005-09-30,dolar,533.69
2005-09-30,tpm,4
2005-10-01,imacec,4.1
2005-10-01,ipc,0.5
2005-10-03,dolar,529.2
2005-10-03,tpm,4
2005-10-04,dolar,528.17
2005-10-04,tpm,4
2005-10-05,dolar,526.56
2005-10-05,tpm,4
2005-10-06,dolar,527.5
2005-10-06,tpm,4
2005-10-07,dolar,529.13
2005-10-07,tpm,4
2005-10-11,dolar,530.44
2005-10-11,tpm,4
2005-10-12,dolar,527.37
2005-10-12,tpm,4.25
2005-10-13,dolar,529.66
2005-10-13,tpm,4.25
2005-10-14,dolar,535.95
2005-10-14,tpm,4.25
2005-10-17,dolar,538.05
2005-10-17,tpm,4.25
2005-10-18,dolar,535.61
2005-10-18,tpm,4.25
2005-10-19,dolar,535.74
2005-10-19,tpm,4.25
2005-10-20,dolar,538.16
2005-10-20,tpm,4.25
2005-10-21,dolar,535.1
2005-10-21,tpm,4.25
2005-10-24,dolar,538.85
2005-10-24,tpm,4.25
2005-10-25,dolar,543.98
2005-10-25,tpm,4.25
2005-10-26,dolar,543.2
2005-10-26,tpm,4.25
2005-10-27,dolar,546.63
2005-10-27,tpm,4.25
2005-10-28,dolar,546.92
2005-10-28,tpm,4.25
2005-10-31,dolar,543.72
2005-10-31,tpm,4.25
2005-11-01,imacec,5.8
2005-11-01,ipc,-0.2
2005-11-02,dolar,543.49
2005-11-02,tpm,4.25
2005-11-03,dolar,544.87
2005-11-03,tpm,4.25
2005-11-04,dolar,543.42
2005-11-04,tpm,4.25
2005-11-07,dolar,539.94
2005-11-07,tpm,4.25
2005-11-08,dolar,535.47
2005-11-08,tpm,4.25
2005-11-09,dolar,535.14
2005-11-09,tpm,4.25
2005-11-10,dolar,531.3
2005-11-10,tpm,4.25
2005-11-11,dolar,531.05
2005-11-11,tpm,4.5
2005-11-14,dolar,527.18
2005-11-14,tpm,4.5
2005-11-15,dolar,528.15
2005-11-15,tpm,4.5
2005-11-16,dolar,525.38
2005-11-16,tpm,4.5
2005-11-17,dolar,524.14
2005-11-17,tpm,4.5
2005-11-18,dolar,523.3
2005-11-18,tpm,4.5
2005-11-21,dolar,526.78
2005-11-21,tpm,4.5
2005-11-22,dolar,525.67
2005-11-22,tpm,4.5
2005-11-23,dolar,527.88
2005-11-23,tpm,4.5
2005-11-24,dolar,525.76
2005-11-24,tpm,4.5
2005-11-25,dolar,524.69
2005-11-25,tpm,4.5
2005-11-28,dolar,523.85
2005-11-28,tpm,4.5
2005-11-29,dolar,521.09
2005-11-29,tpm,4.5
2005-11-30,dolar,518.96
2005-11-30,tpm,4.5
2005-12-01,dolar,518.63
2005-12-01,imacec,6.5
2005-12-01,ipc,-0.3
2005-12-01,tpm,4.5
2005-12-02,dolar,516.51
2005-12-02,tpm,4.5
2005-12-05,dolar,512.98
2005-12-05,tpm,4.5
2005-12-06,dolar,513.31
2005-12-06,tpm,4.5
2005-12-07,dolar,510.97
2005-12-07,tpm,4.5
2005-12-09,dolar,509.7
2005-12-09,tpm,4.5
2005-12-12,dolar,515.66
2005-12-12,tpm,4.5
2005-12-13,dolar,512.04
2005-12-13,tpm,4.5
2005-12-14,dolar,511.38
2005-12-14,tpm,4.5
2005-12-15,dolar,514.68
2005-12-15,tpm,4.5
2005-12-16,dolar,516.72
2005-12-16,tpm,4.5
2005-12-19,dolar,517.8
2005-12-19,tpm,4.5
2005-12-20,dolar,518.38
2005-12-20,tpm,4.5
2005-12-21,dolar,515.59
2005-12-21,tpm,4.5
2005-12-22,dolar,510.92
2005-12-22,tpm,4.5
2005-12-23,dolar,513.36
2005-12-23,tpm,4.5
2005-12-26,dolar,514.55
2005-12-26,tpm,4.5
2005-12-27,dolar,513.97
2005-12-27,tpm,4.5
2005-12-28,dolar,514.84
2005-12-28,tpm,4.5
2005-12-29,dolar,514.75
2005-12-29,tpm,4.5
2005-12-30,dolar,514.21
2005-12-30,tpm,4.5
2006-01-01,imacec,5.8
2006-01-01,ipc,0.1
2006-01-02,dolar,512.5
2006-01-02,tpm,4.5
2006-01-03,dolar,513.18
2006-01-03,tpm,4.5
2006-01-04,dolar,518.04
2006-01-04,tpm,4.5
2006-01-05,dolar,515.45
2006-01-05,tpm,4.5
2006-01-06,dolar,516.4
2006-01-06,tpm,4.5
2006-01-09,dolar,522
2006-01-09,tpm,4.5
2006-01-10,dolar,521.82
2006-01-10,tpm,4.5
2006-01-11,dolar,524.06
2006-01-11,tpm,4.5
2006-01-12,dolar,523.5
2006-01-12,tpm,4.5
2006-01-13,dolar,523.41
2006-01-13,tpm,4.5
2006-01-16,dolar,525.62
2006-01-16,tpm,4.5
2006-01-17,dolar,526.1
2006-01-17,tpm,4.5
2006-01-18,dolar,529.77
2006-01-18,tpm,4.5
2006-01-19,dolar,535.36
2006-01-19,tpm,4.5
2006-01-20,dolar,534.49
2006-01-20,tpm,4.5
2006-01-23,dolar,531.49
2006-01-23,tpm,4.5
2006-01-24,dolar,530.61
2006-01-24,tpm,4.5
2006-01-25,dolar,528.04
2006-01-25,tpm,4.5
2006-01-26,dolar,525.67
2006-01-26,tpm,4.5
2006-01-27,dolar,529.18
2006-01-27,tpm,4.5
2006-01-30,dolar,527.02
2006-01-30,tpm,4.5
2006-01-31,dolar,524.78
2006-01-31,tpm,4.5
2006-02-01,dolar,524.37
2006-02-01,imacec,6.9
2006-02-01,ipc,-0.1
2006-02-01,tpm,4.5
2006-02-02,dolar,528.42
2006-02-02,tpm,4.5
2006-02-03,dolar,529.29
2006-02-03,tpm,4.5
2006-02-06,dolar,529.98
2006-02-06,tpm,4.5
2006-02-07,dolar,526.1
2006-02-07,tpm,4.5
2006-02-08,dolar,526.51
2006-02-08,tpm,4.5
2006-02-09,dolar,530.97
2006-02-09,tpm,4.5
2006-02-10,dolar,528.81
2006-02-10,tpm,4.75
2006-02-13,dolar,527.34
2006-02-13,tpm,4.75
2006-02-14,dolar,531.88
2006-02-14,tpm,4.75
2006-02-15,dolar,532.35
2006-02-15,tpm,4.75
2006-02-16,dolar,530.95
2006-02-16,tpm,4.75
2006-02-17,dolar,528.72
2006-02-17,tpm,4.75
2006-02-20,dolar,522.68
2006-02-20,tpm,4.75
2006-02-21,dolar,524.14
2006-02-21,tpm,4.75
2006-02-22,dolar,518.91
2006-02-22,tpm,4.75
2006-02-23,dolar,520.37
2006-02-23,tpm,4.75
2006-02-24,dolar,516.91
2006-02-24,tpm,4.75
2006-02-27,dolar,517.63
2006-02-27,tpm,4.75
2006-02-28,dolar,517.76
2006-02-28,tpm,4.75
2006-03-01,dolar,517.33
2006-03-01,imacec,5.8
2006-03-01,ipc,0.6
2006-03-01,tpm,4.75
2006-03-02,dolar,516.75
2006-03-02,tpm,4.75
2006-03-03,dolar,518.29
2006-03-03,tpm,4.75
2006-03-06,dolar,522.28
2006-03-06,tpm,4.75
2006-03-07,dolar,525.23
2006-03-07,tpm,4.75
2006-03-08,dolar,529.31
2006-03-08,tpm,4.75
2006-03-09,dolar,533.88
2006-03-09,tpm,4.75
2006-03-10,dolar,530.55
2006-03-10,tpm,4.75
2006-03-13,dolar,531.29
2006-03-13,tpm,4.75
2006-03-14,dolar,532.08
2006-03-14,tpm,4.75
2006-03-15,dolar,530.6
2006-03-15,tpm,4.75
2006-03-16,dolar,527.18
2006-03-16,tpm,4.75
2006-03-17,dolar,526.57
2006-03-17,tpm,4.75
2006-03-20,dolar,526.7
2006-03-20,tpm,4.75
2006-03-21,dolar,529.78
2006-03-21,tpm,4.75
2006-03-22,dolar,533.51
2006-03-22,tpm,4.75
2006-03-23,dolar,532.05
2006-03-23,tpm,4.75
2006-03-24,dolar,531.15
2006-03-24,tpm,4.75
2006-03-27,dolar,533.53
2006-03-27,tpm,4.75
2006-03-28,dolar,535
2006-03-28,tpm,4.75
2006-03-29,dolar,536.16
2006-03-29,tpm,4.75
2006-03-30,dolar,534.81
2006-03-30,tpm,4.75
2006-03-31,dolar,527.7
2006-03-31,tpm,4.75
2006-04-01,imacec,3.9
2006-04-01,ipc,0.6
2006-04-03,dolar,526.18
2006-04-03,tpm,4.75
2006-04-04,dolar,525.4
2006-04-04,tpm,4.75
2006-04-05,dolar,521.03
2006-04-05,tpm,4.75
2006-04-06,dolar,520.72
2006-04-06,tpm,4.75
2006-04-07,dolar,519.17
2006-04-07,tpm,4.75
2006-04-10,dolar,518.77
2006-04-10,tpm,4.75
2006-04-11,dolar,517.83
2006-04-11,tpm,4.75
2006-04-12,dolar,516.08
2006-04-12,tpm,4.75
2006-04-13,dolar,512.44
2006-04-13,tpm,4.75
2006-04-17,dolar,514.83
2006-04-17,tpm,5
2006-04-18,dolar,511.53
2006-04-18,tpm,5
2006-04-19,dolar,511.44
2006-04-19,tpm,5
2006-04-20,dolar,513.54
2006-04-20,tpm,5
2006-04-21,dolar,517.35
2006-04-21,tpm,5
2006-04-24,dolar,516.34
2006-04-24,tpm,5
2006-04-25,dolar,514.91
2006-04-25,tpm,5
2006-04-26,dolar,515.35
2006-04-26,tpm,5
2006-04-27,dolar,517.67
2006-04-27,tpm,5
2006-04-28,dolar,518.62
2006-04-28,tpm,5
2006-05-01,imacec,7.2
2006-05-01,ipc,0.2
2006-05-02,dolar,514.97
2006-05-02,tpm,5
2006-05-03,dolar,515.87
2006-05-03,tpm,5
2006-05-04,dolar,517.04
2006-05-04,tpm,5
2006-05-05,dolar,514.46
2006-05-05,tpm,5
2006-05-08,dolar,513.38
2006-05-08,tpm,5
2006-05-09,dolar,513.5
2006-05-09,tpm,5
2006-05-10,dolar,515.61
2006-05-10,tpm,5
2006-05-11,dolar,512.76
2006-05-11,tpm,5
2006-05-12,dolar,513.5
2006-05-12,tpm,5
2006-05-15,dolar,516.35
2006-05-15,tpm,5
2006-05-16,dolar,521.72
2006-05-16,tpm,5
2006-05-17,dolar,518.77
2006-05-17,tpm,5
2006-05-18,dolar,521.3
2006-05-18,tpm,5
2006-05-19,dolar,522.72
2006-05-19,tpm,5
2006-05-22,dolar,523.81
2006-05-22,tpm,5
2006-05-23,dolar,529.41
2006-05-23,tpm,5
2006-05-24,dolar,528.33
2006-05-24,tpm,5
2006-05-25,dolar,532.92
2006-05-25,tpm,5
2006-05-26,dolar,528.64
2006-05-26,tpm,5
2006-05-29,dolar,525.52
2006-05-29,tpm,5
2006-05-30,dolar,525.78
2006-05-30,tpm,5
2006-05-31,dolar,531.11
2006-05-31,tpm,5
2006-06-01,dolar,531.87
2006-06-01,imacec,5.7
2006-06-01,ipc,0.6
2006-06-01,tpm,5
2006-06-02,dolar,532
2006-06-02,tpm,5
2006-06-05,dolar,529.91
2006-06-05,tpm,5
2006-06-06,dolar,533.59
2006-06-06,tpm,5
2006-06-07,dolar,536.59
2006-06-07,tpm,5
2006-06-08,dolar,541.68
2006-06-08,tpm,5
2006-06-09,dolar,545.45
2006-06-09,tpm,5
2006-06-13,dolar,541.03
2006-06-13,tpm,5
2006-06-14,dolar,546.74
2006-06-14,tpm,5
2006-06-15,dolar,544.51
2006-06-15,tpm,5
2006-06-16,dolar,542.1
2006-06-16,tpm,5
2006-06-19,dolar,543.03
2006-06-19,tpm,5
2006-06-20,dolar,546.51
2006-06-20,tpm,5
2006-06-21,dolar,547.83
2006-06-21,tpm,5
2006-06-22,dolar,545.64
2006-06-22,tpm,5
2006-06-23,dolar,546.57
2006-06-23,tpm,5
2006-06-27,dolar,549.63
2006-06-27,tpm,5
2006-06-28,dolar,548.05
2006-06-28,tpm,5
2006-06-29,dolar,549.16
2006-06-29,tpm,5
2006-06-30,dolar,547.31
2006-06-30,tpm,5
2006-07-01,imacec,5.6
2006-07-01,ipc,0.5
2006-07-03,dolar,539.44
2006-07-03,tpm,5
2006-07-04,dolar,537.56
2006-07-04,tpm,5
2006-07-05,dolar,537.67
2006-07-05,tpm,5
2006-07-06,dolar,540.54
2006-07-06,tpm,5
2006-07-07,dolar,538.91
2006-07-07,tpm,5
2006-07-10,dolar,538.58
2006-07-10,tpm,5
2006-07-11,dolar,538.27
2006-07-11,tpm,5
2006-07-12,dolar,540.29
2006-07-12,tpm,5
2006-07-13,dolar,539.38
2006-07-13,tpm,5
2006-07-14,dolar,541.46
2006-07-14,tpm,5.25
2006-07-17,dolar,544.45
2006-07-17,tpm,5.25
2006-07-18,dolar,545.93
2006-07-18,tpm,5.25
2006-07-19,dolar,544.31
2006-07-19,tpm,5.25
2006-07-20,dolar,542.35
2006-07-20,tpm,5.25
2006-07-21,dolar,539.52
2006-07-21,tpm,5.25
2006-07-24,dolar,540.71
2006-07-24,tpm,5.25
2006-07-25,dolar,541.17
2006-07-25,tpm,5.25
2006-07-26,dolar,540.37
2006-07-26,tpm,5.25
2006-07-27,dolar,542.57
2006-07-27,tpm,5.25
2006-07-28,dolar,540.14
2006-07-28,tpm,5.25
2006-07-31,dolar,539.41
2006-07-31,tpm,5.25
2006-08-01,dolar,540.02
2006-08-01,imacec,3.8
2006-08-01,ipc,0.3
2006-08-01,tpm,5.25
2006-08-02,dolar,542.45
2006-08-02,tpm,5.25
2006-08-03,dolar,541.25
2006-08-03,tpm,5.25
2006-08-04,dolar,543.09
2006-08-04,tpm,5.25
2006-08-07,dolar,541.78
2006-08-07,tpm,5.25
2006-08-08,dolar,543.3
2006-08-08,tpm,5.25
2006-08-09,dolar,545.21
2006-08-09,tpm,5.25
2006-08-10,dolar,543.72
2006-08-10,tpm,5.25
2006-08-11,dolar,545.36
2006-08-11,tpm,5.25
2006-08-14,dolar,541.88
2006-08-14,tpm,5.25
2006-08-16,dolar,541.87
2006-08-16,tpm,5.25
2006-08-17,dolar,536.17
2006-08-17,tpm,5.25
2006-08-18,dolar,530.69
2006-08-18,tpm,5.25
2006-08-21,dolar,532.01
2006-08-21,tpm,5.25
2006-08-22,dolar,530.92
2006-08-22,tpm,5.25
2006-08-23,dolar,531.18
2006-08-23,tpm,5.25
2006-08-24,dolar,532.22
2006-08-24,tpm,5.25
2006-08-25,dolar,534.49
2006-08-25,tpm,5.25
2006-08-28,dolar,537.03
2006-08-28,tpm,5.25
2006-08-29,dolar,537.07
2006-08-29,tpm,5.25
2006-08-30,dolar,538.12
2006-08-30,tpm,5.25
2006-08-31,dolar,537.77
2006-08-31,tpm,5.25
2006-09-01,dolar,539.61
2006-09-01,imacec,5.1
2006-09-01,ipc,0
2006-09-01,tpm,5.25
2006-09-04,dolar,539.29
2006-09-04,tpm,5.25
2006-09-05,dolar,536.63
2006-09-05,tpm,5.25
2006-09-06,dolar,537.56
2006-09-06,tpm,5.25
2006-09-07,dolar,540.01
2006-09-07,tpm,5.25
2006-09-08,dolar,540.8
2006-09-08,tpm,5.25
2006-09-11,dolar,539.53
2006-09-11,tpm,5.25
2006-09-12,dolar,540.19
2006-09-12,tpm,5.25
2006-09-13,dolar,538.11
2006-09-13,tpm,5.25
2006-09-14,dolar,537.61
2006-09-14,tpm,5.25
2006-09-15,dolar,537.62
2006-09-15,tpm,5.25
2006-09-20,dolar,537.19
2006-09-20,tpm,5.25
2006-09-21,dolar,537.71
2006-09-21,tpm,5.25
2006-09-22,dolar,539.32
2006-09-22,tpm,5.25
2006-09-25,dolar,539.91
2006-09-25,tpm,5.25
2006-09-26,dolar,539.66
2006-09-26,tpm,5.25
2006-09-27,dolar,538.13
2006-09-27,tpm,5.25
2006-09-28,dolar,537.3
2006-09-28,tpm,5.25
2006-09-29,dolar,538.22
2006-09-29,tpm,5.25
2006-10-01,imacec,7.9
2006-10-01,ipc,-0.3
2006-10-02,dolar,537.03
2006-10-02,tpm,5.25
2006-10-03,dolar,533.9
2006-10-03,tpm,5.25
2006-10-04,dolar,534.2
2006-10-04,tpm,5.25
2006-10-05,dolar,535.13
2006-10-05,tpm,5.25
2006-10-06,dolar,536.91
2006-10-06,tpm,5.25
2006-10-10,dolar,537.63
2006-10-10,tpm,5.25
2006-10-11,dolar,536.71
2006-10-11,tpm,5.25
2006-10-12,dolar,536.46
2006-10-12,tpm,5.25
2006-10-13,dolar,533.62
2006-10-13,tpm,5.25
2006-10-16,dolar,532.15
2006-10-16,tpm,5.25
2006-10-17,dolar,530.81
2006-10-17,tpm,5.25
2006-10-18,dolar,531.06
2006-10-18,tpm,5.25
2006-10-19,dolar,527.6
2006-10-19,tpm,5.25
2006-10-20,dolar,526.71
2006-10-20,tpm,5.25
2006-10-23,dolar,526.32
2006-10-23,tpm,5.25
2006-10-24,dolar,526.93
2006-10-24,tpm,5.25
2006-10-25,dolar,527.19
2006-10-25,tpm,5.25
2006-10-26,dolar,525.02
2006-10-26,tpm,5.25
2006-10-27,dolar,524.12
2006-10-27,tpm,5.25
2006-10-30,dolar,524.56
2006-10-30,tpm,5.25
2006-10-31,dolar,525.99
2006-10-31,tpm,5.25
2006-11-01,imacec,5.6
2006-11-01,ipc,-0.2
2006-11-02,dolar,524.75
2006-11-02,tpm,5.25
2006-11-03,dolar,525.55
2006-11-03,tpm,5.25
2006-11-06,dolar,525.77
2006-11-06,tpm,5.25
2006-11-07,dolar,524.68
2006-11-07,tpm,5.25
2006-11-08,dolar,523.34
2006-11-08,tpm,5.25
2006-11-09,dolar,525.45
2006-11-09,tpm,5.25
2006-11-10,dolar,524.98
2006-11-10,tpm,5.25
2006-11-13,dolar,525.24
2006-11-13,tpm,5.25
2006-11-14,dolar,527.04
2006-11-14,tpm,5.25
2006-11-15,dolar,527.29
2006-11-15,tpm,5.25
2006-11-16,dolar,528.11
2006-11-16,tpm,5.25
2006-11-17,dolar,527.77
2006-11-17,tpm,5.25
2006-11-20,dolar,529.13
2006-11-20,tpm,5.25
2006-11-21,dolar,529.1
2006-11-21,tpm,5.25
2006-11-22,dolar,529.66
2006-11-22,tpm,5.25
2006-11-23,dolar,529.52
2006-11-23,tpm,5.25
2006-11-24,dolar,529.17
2006-11-24,tpm,5.25
2006-11-27,dolar,530.13
2006-11-27,tpm,5.25
2006-11-28,dolar,529.6
2006-11-28,tpm,5.25
2006-11-29,dolar,530.61
2006-11-29,tpm,5.25
2006-11-30,dolar,529.29
2006-11-30,tpm,5.25
2006-12-01,dolar,527.69
2006-12-01,imacec,5.2
2006-12-01,ipc,0.1
2006-12-01,tpm,5.25
2006-12-04,dolar,525.91
2006-12-04,tpm,5.25
2006-12-05,dolar,525.8
2006-12-05,tpm,5.25
2006-12-06,dolar,524.78
2006-12-06,tpm,5.25
2006-12-07,dolar,525.69
2006-12-07,tpm,5.25
2006-12-11,dolar,524.85
2006-12-11,tpm,5.25
2006-12-12,dolar,525.04
2006-12-12,tpm,5.25
2006-12-13,dolar,526.2
2006-12-13,tpm,5.25
2006-12-14,dolar,527.24
2006-12-14,tpm,5.25
2006-12-15,dolar,526.76
2006-12-15,tpm,5.25
2006-12-18,dolar,524.79
2006-12-18,tpm,5.25
2006-12-19,dolar,525.47
2006-12-19,tpm,5.25
2006-12-20,dolar,526.95
2006-12-20,tpm,5.25
2006-12-21,dolar,526.91
2006-12-21,tpm,5.25
2006-12-22,dolar,528.52
2006-12-22,tpm,5.25
2006-12-26,dolar,530.47
2006-12-26,tpm,5.25
2006-12-27,dolar,532.69
2006-12-27,tpm,5.25
2006-12-28,dolar,533.87
2006-12-28,tpm,5.25
2006-12-29,dolar,534.43
2006-12-29,tpm,5.25
2007-01-01,imacec,6.1
2007-01-01,ipc,0.3
2007-01-02,dolar,532.39
2007-01-02,tpm,5.25
2007-01-03,dolar,534.42
2007-01-03,tpm,5.25
2007-01-04,dolar,538.22
2007-01-04,tpm,5.25
2007-01-05,dolar,540.69
2007-01-05,tpm,5.25
2007-01-08,dolar,540.41
2007-01-08,tpm,5.25
2007-01-09,dolar,543.15
2007-01-09,tpm,5.25
2007-01-10,dolar,542.27
2007-01-10,tpm,5.25
2007-01-11,dolar,543.29
2007-01-11,tpm,5.25
2007-01-12,dolar,538.27
2007-01-12,tpm,5
2007-01-15,dolar,539.74
2007-01-15,tpm,5
2007-01-16,dolar,540.38
2007-01-16,tpm,5
2007-01-17,dolar,542.59
2007-01-17,tpm,5
2007-01-18,dolar,542.75
2007-01-18,tpm,5
2007-01-19,dolar,540.98
2007-01-19,tpm,5
2007-01-22,dolar,541.54
2007-01-22,tpm,5
2007-01-23,dolar,540.1
2007-01-23,tpm,5
2007-01-24,dolar,540.84
2007-01-24,tpm,5
2007-01-25,dolar,539.05
2007-01-25,tpm,5
2007-01-26,dolar,538.88
2007-01-26,tpm,5
2007-01-29,dolar,542.12
2007-01-29,tpm,5
2007-01-30,dolar,543.96
2007-01-30,tpm,5
2007-01-31,dolar,545.18
2007-01-31,tpm,5
2007-02-01,dolar,544.49
2007-02-01,imacec,4.4
2007-02-01,ipc,-0.2
2007-02-01,tpm,5
2007-02-02,dolar,543.07
2007-02-02,tpm,5
2007-02-05,dolar,546.31
2007-02-05,tpm,5
2007-02-06,dolar,547.07
2007-02-06,tpm,5
2007-02-07,dolar,547.24
2007-02-07,tpm,5
2007-02-08,dolar,548.67
2007-02-08,tpm,5
2007-02-09,dolar,548.22
2007-02-09,tpm,5
2007-02-12,dolar,545.84
2007-02-12,tpm,5
2007-02-13,dolar,546.43
2007-02-13,tpm,5
2007-02-14,dolar,543.94
2007-02-14,tpm,5
2007-02-15,dolar,540.67
2007-02-15,tpm,5
2007-02-16,dolar,539.07
2007-02-16,tpm,5
2007-02-19,dolar,540.04
2007-02-19,tpm,5
2007-02-20,dolar,539.58
2007-02-20,tpm,5
2007-02-21,dolar,539.06
2007-02-21,tpm,5
2007-02-22,dolar,539.69
2007-02-22,tpm,5
2007-02-23,dolar,536.21
2007-02-23,tpm,5
2007-02-26,dolar,536.02
2007-02-26,tpm,5
2007-02-27,dolar,535.29
2007-02-27,tpm,5
2007-02-28,dolar,538.42
2007-02-28,tpm,5
2007-03-01,dolar,540.07
2007-03-01,imacec,6.9
2007-03-01,ipc,0.4
2007-03-01,tpm,5
2007-03-02,dolar,541.42
2007-03-02,tpm,5
2007-03-05,dolar,540.49
2007-03-05,tpm,5
2007-03-06,dolar,541.95
2007-03-06,tpm,5
2007-03-07,dolar,537.85
2007-03-07,tpm,5
2007-03-08,dolar,537.43
2007-03-08,tpm,5
2007-03-09,dolar,536.81
2007-03-09,tpm,5
2007-03-12,dolar,538.54
2007-03-12,tpm,5
2007-03-13,dolar,539.2
2007-03-13,tpm,5
2007-03-14,dolar,539.24
2007-03-14,tpm,5
2007-03-15,dolar,540.15
2007-03-15,tpm,5
2007-03-16,dolar,538.01
2007-03-16,tpm,5
2007-03-19,dolar,536.97
2007-03-19,tpm,5
2007-03-20,dolar,536.02
2007-03-20,tpm,5
2007-03-21,dolar,535.8
2007-03-21,tpm,5
2007-03-22,dolar,535.77
2007-03-22,tpm,5
2007-03-23,dolar,535.36
2007-03-23,tpm,5
2007-03-26,dolar,537.45
2007-03-26,tpm,5
2007-03-27,dolar,538.49
2007-03-27,tpm,5
2007-03-28,dolar,539.57
2007-03-28,tpm,5
2007-03-29,dolar,540.77
2007-03-29,tpm,5
2007-03-30,dolar,539.37
2007-03-30,tpm,5
2007-04-01,imacec,6.2
2007-04-01,ipc,0.6
2007-04-02,dolar,539.21
2007-04-02,tpm,5
2007-04-03,dolar,539.69
2007-04-03,tpm,5
2007-04-04,dolar,537.86
2007-04-04,tpm,5
2007-04-05,dolar,537.53
2007-04-05,tpm,5
2007-04-09,dolar,536.81
2007-04-09,tpm,5
2007-04-10,dolar,535.45
2007-04-10,tpm,5
2007-04-11,dolar,534.93
2007-04-11,tpm,5
2007-04-12,dolar,532.75
2007-04-12,tpm,5
2007-04-13,dolar,532.52
2007-04-13,tpm,5
2007-04-16,dolar,532.02
2007-04-16,tpm,5
2007-04-17,dolar,530.51
2007-04-17,tpm,5
2007-04-18,dolar,529.28
2007-04-18,tpm,5
2007-04-19,dolar,529.31
2007-04-19,tpm,5
2007-04-20,dolar,530.14
2007-04-20,tpm,5
2007-04-23,dolar,528.49
2007-04-23,tpm,5
2007-04-24,dolar,528.3
2007-04-24,tpm,5
2007-04-25,dolar,529.1
2007-04-25,tpm,5
2007-04-26,dolar,527.55
2007-04-26,tpm,5
2007-04-27,dolar,527.49
2007-04-27,tpm,5
2007-04-30,dolar,527.08
2007-04-30,tpm,5
2007-05-01,imacec,5.1
2007-05-01,ipc,0.6
2007-05-02,dolar,525.96
2007-05-02,tpm,5
2007-05-03,dolar,525.16
2007-05-03,tpm,5
2007-05-04,dolar,523.54
2007-05-04,tpm,5
2007-05-07,dolar,520.72
2007-05-07,tpm,5
2007-05-08,dolar,517.83
2007-05-08,tpm,5
2007-05-09,dolar,519.33
2007-05-09,tpm,5
2007-05-10,dolar,519.13
2007-05-10,tpm,5
2007-05-11,dolar,518.46
2007-05-11,tpm,5
2007-05-14,dolar,518.33
2007-05-14,tpm,5
2007-05-15,dolar,518.63
2007-05-15,tpm,5
2007-05-16,dolar,518.18
2007-05-16,tpm,5
2007-05-17,dolar,517.64
2007-05-17,tpm,5
2007-05-18,dolar,521.41
2007-05-18,tpm,5
2007-05-22,dolar,521.94
2007-05-22,tpm,5
2007-05-23,dolar,522.01
2007-05-23,tpm,5
2007-05-24,dolar,525.14
2007-05-24,tpm,5
2007-05-25,dolar,525.61
2007-05-25,tpm,5
2007-05-28,dolar,523.29
2007-05-28,tpm,5
2007-05-29,dolar,526.31
2007-05-29,tpm,5
2007-05-30,dolar,526.2
2007-05-30,tpm,5
2007-05-31,dolar,527.52
2007-05-31,tpm,5
2007-06-01,dolar,525.1
2007-06-01,imacec,6
2007-06-01,ipc,0.9
2007-06-01,tpm,5
2007-06-04,dolar,524.3
2007-06-04,tpm,5
2007-06-05,dolar,525.7
2007-06-05,tpm,5
2007-06-06,dolar,524.77
2007-06-06,tpm,5
2007-06-07,dolar,526.55
2007-06-07,tpm,5
2007-06-08,dolar,527.63
2007-06-08,tpm,5
2007-06-11,dolar,529.18
2007-06-11,tpm,5
2007-06-12,dolar,527.85
2007-06-12,tpm,5
2007-06-13,dolar,528.39
2007-06-13,tpm,5
2007-06-14,dolar,529.32
2007-06-14,tpm,5
2007-06-15,dolar,529
2007-06-15,tpm,5
2007-06-18,dolar,526.43
2007-06-18,tpm,5
2007-06-19,dolar,524.59
2007-06-19,tpm,5
2007-06-20,dolar,524.1
2007-06-20,tpm,5
2007-06-21,dolar,524.15
2007-06-21,tpm,5
2007-06-22,dolar,525.41
2007-06-22,tpm,5
2007-06-25,dolar,526.05
2007-06-25,tpm,5
2007-06-26,dolar,527.38
2007-06-26,tpm,5
2007-06-27,dolar,527.96
2007-06-27,tpm,5
2007-06-28,dolar,529.78
2007-06-28,tpm,5
2007-06-29,dolar,527.46
2007-06-29,tpm,5
2007-07-01,imacec,3.2
2007-07-01,ipc,1.1
2007-07-03,dolar,526.86
2007-07-03,tpm,5
2007-07-04,dolar,525.56
2007-07-04,tpm,5
2007-07-05,dolar,523.86
2007-07-05,tpm,5
2007-07-06,dolar,523.97
2007-07-06,tpm,5
2007-07-09,dolar,522.16
2007-07-09,tpm,5
2007-07-10,dolar,519.55
2007-07-10,tpm,5
2007-07-11,dolar,520.01
2007-07-11,tpm,5
2007-07-12,dolar,518.84
2007-07-12,tpm,5
2007-07-13,dolar,516.81
2007-07-13,tpm,5.25
2007-07-17,dolar,514.66
2007-07-17,tpm,5.25
2007-07-18,dolar,515.33
2007-07-18,tpm,5.25
2007-07-19,dolar,516.01
2007-07-19,tpm,5.25
2007-07-20,dolar,513
2007-07-20,tpm,5.25
2007-07-23,dolar,515.72
2007-07-23,tpm,5.25
2007-07-24,dolar,514.82
2007-07-24,tpm,5.25
2007-07-25,dolar,517.37
2007-07-25,tpm,5.25
2007-07-26,dolar,520.55
2007-07-26,tpm,5.25
2007-07-27,dolar,523.64
2007-07-27,tpm,5.25
2007-07-30,dolar,524.29
2007-07-30,tpm,5.25
2007-07-31,dolar,523.08
2007-07-31,tpm,5.25
2007-08-01,dolar,521.17
2007-08-01,imacec,4.8
2007-08-01,ipc,1.1
2007-08-01,tpm,5.25
2007-08-02,dolar,524.12
2007-08-02,tpm,5.25
2007-08-03,dolar,521.1
2007-08-03,tpm,5.25
2007-08-06,dolar,521.3
2007-08-06,tpm,5.25
2007-08-07,dolar,523.2
2007-08-07,tpm,5.25
2007-08-08,dolar,521.62
2007-08-08,tpm,5.25
2007-08-09,dolar,518.19
2007-08-09,tpm,5.25
2007-08-10,dolar,520.35
2007-08-10,tpm,5.5
2007-08-13,dolar,522.78
2007-08-13,tpm,5.5
2007-08-14,dolar,519.31
2007-08-14,tpm,5.5
2007-08-16,dolar,521.22
2007-08-16,tpm,5.5
2007-08-17,dolar,528.37
2007-08-17,tpm,5.5
2007-08-20,dolar,524.52
2007-08-20,tpm,5.5
2007-08-21,dolar,522.67
2007-08-21,tpm,5.5
2007-08-22,dolar,523.19
2007-08-22,tpm,5.5
2007-08-23,dolar,522.16
2007-08-23,tpm,5.5
2007-08-24,dolar,524.1
2007-08-24,tpm,5.5
2007-08-27,dolar,524.53
2007-08-27,tpm,5.5
2007-08-28,dolar,524.29
2007-08-28,tpm,5.5
2007-08-29,dolar,525.95
2007-08-29,tpm,5.5
2007-08-30,dolar,525.53
2007-08-30,tpm,5.5
2007-08-31,dolar,524.63
2007-08-31,tpm,5.5
2007-09-01,imacec,4.7
2007-09-01,ipc,1.1
2007-09-03,dolar,523.25
2007-09-03,tpm,5.5
2007-09-04,dolar,524.05
2007-09-04,tpm,5.5
2007-09-05,dolar,523.36
2007-09-05,tpm,5.5
2007-09-06,dolar,523.85
2007-09-06,tpm,5.5
2007-09-07,dolar,521.41
2007-09-07,tpm,5.5
2007-09-10,dolar,520.76
2007-09-10,tpm,5.5
2007-09-11,dolar,517.68
2007-09-11,tpm,5.5
2007-09-12,dolar,516.12
2007-09-12,tpm,5.5
2007-09-13,dolar,515.26
2007-09-13,tpm,5.5
2007-09-14,dolar,513.75
2007-09-14,tpm,5.75
2007-09-20,dolar,514.29
2007-09-20,tpm,5.75
2007-09-21,dolar,510.55
2007-09-21,tpm,5.75
2007-09-24,dolar,512.07
2007-09-24,tpm,5.75
2007-09-25,dolar,513.05
2007-09-25,tpm,5.75
2007-09-26,dolar,513.93
2007-09-26,tpm,5.75
2007-09-27,dolar,512.39
2007-09-27,tpm,5.75
2007-09-28,dolar,511.72
2007-09-28,tpm,5.75
2007-10-01,dolar,511.23
2007-10-01,imacec,4.2
2007-10-01,ipc,0.3
2007-10-01,tpm,5.75
2007-10-02,dolar,509.23
2007-10-02,tpm,5.75
2007-10-03,dolar,507.63
2007-10-03,tpm,5.75
2007-10-04,dolar,505.61
2007-10-04,tpm,5.75
2007-10-05,dolar,506.94
2007-10-05,tpm,5.75
2007-10-08,dolar,503.89
2007-10-08,tpm,5.75
2007-10-09,dolar,500.84
2007-10-09,tpm,5.75
2007-10-10,dolar,498.46
2007-10-10,tpm,5.75
2007-10-11,dolar,496.69
2007-10-11,tpm,5.75
2007-10-12,dolar,493.74
2007-10-12,tpm,5.75
2007-10-16,dolar,496.21
2007-10-16,tpm,5.75
2007-10-17,dolar,499.56
2007-10-17,tpm,5.75
2007-10-18,dolar,500.56
2007-10-18,tpm,5.75
2007-10-19,dolar,503.2
2007-10-19,tpm,5.75
2007-10-22,dolar,500.79
2007-10-22,tpm,5.75
2007-10-23,dolar,504.25
2007-10-23,tpm,5.75
2007-10-24,dolar,503.4
2007-10-24,tpm,5.75
2007-10-25,dolar,504.65
2007-10-25,tpm,5.75
2007-10-26,dolar,500.6
2007-10-26,tpm,5.75
2007-10-29,dolar,494.77
2007-10-29,tpm,5.75
2007-10-30,dolar,494.85
2007-10-30,tpm,5.75
2007-10-31,dolar,494.64
2007-10-31,tpm,5.75
2007-11-01,imacec,4.8
2007-11-01,ipc,0.8
2007-11-02,dolar,493.14
2007-11-02,tpm,5.75
2007-11-05,dolar,496.27
2007-11-05,tpm,5.75
2007-11-06,dolar,501.23
2007-11-06,tpm,5.75
2007-11-07,dolar,500.9
2007-11-07,tpm,5.75
2007-11-08,dolar,503.7
2007-11-08,tpm,5.75
2007-11-09,dolar,504.17
2007-11-09,tpm,5.75
2007-11-12,dolar,505.8
2007-11-12,tpm,5.75
2007-11-13,dolar,507.39
2007-11-13,tpm,5.75
2007-11-14,dolar,506.8
2007-11-14,tpm,5.75
2007-11-15,dolar,504.96
2007-11-15,tpm,5.75
2007-11-16,dolar,506.75
2007-11-16,tpm,5.75
2007-11-19,dolar,507.6
2007-11-19,tpm,5.75
2007-11-20,dolar,507.89
2007-11-20,tpm,5.75
2007-11-21,dolar,509.01
2007-11-21,tpm,5.75
2007-11-22,dolar,512.16
2007-11-22,tpm,5.75
2007-11-23,dolar,513.11
2007-11-23,tpm,5.75
2007-11-26,dolar,513.88
2007-11-26,tpm,5.75
2007-11-27,dolar,514.26
2007-11-27,tpm,5.75
2007-11-28,dolar,516.25
2007-11-28,tpm,5.75
2007-11-29,dolar,512.24
2007-11-29,tpm,5.75
2007-11-30,dolar,508.47
2007-11-30,tpm,5.75
2007-12-01,imacec,5.6
2007-12-01,ipc,0.5
2007-12-03,dolar,505.38
2007-12-03,tpm,5.75
2007-12-04,dolar,506.79
2007-12-04,tpm,5.75
2007-12-05,dolar,506.23
2007-12-05,tpm,5.75
2007-12-06,dolar,502.55
2007-12-06,tpm,5.75
2007-12-07,dolar,496.99
2007-12-07,tpm,5.75
2007-12-10,dolar,496.59
2007-12-10,tpm,5.75
2007-12-11,dolar,497.63
2007-12-11,tpm,5.75
2007-12-12,dolar,497.5
2007-12-12,tpm,5.75
2007-12-13,dolar,498.19
2007-12-13,tpm,5.75
2007-12-14,dolar,499.66
2007-12-14,tpm,6
2007-12-17,dolar,498.03
2007-12-17,tpm,6
2007-12-18,dolar,500.9
2007-12-18,tpm,6
2007-12-19,dolar,499.02
2007-12-19,tpm,6
2007-12-20,dolar,499.79
2007-12-20,tpm,6
2007-12-21,dolar,497.85
2007-12-21,tpm,6
2007-12-24,dolar,496.25
2007-12-24,tpm,6
2007-12-26,dolar,495.6
2007-12-26,tpm,6
2007-12-27,dolar,495.49
2007-12-27,tpm,6
2007-12-28,dolar,495.82
2007-12-28,tpm,6
2008-01-01,imacec,5.7
2008-01-01,ipc,0
2008-01-02,dolar,496.89
2008-01-02,tpm,6
2008-01-03,dolar,498.05
2008-01-03,tpm,6
2008-01-04,dolar,496.83
2008-01-04,tpm,6
2008-01-07,dolar,495.73
2008-01-07,tpm,6
2008-01-08,dolar,495.64
2008-01-08,tpm,6
2008-01-09,dolar,490.21
2008-01-09,tpm,6
2008-01-10,dolar,487.25
2008-01-10,tpm,6
2008-01-11,dolar,484.83
2008-01-11,tpm,6.25
2008-01-14,dolar,480.15
2008-01-14,tpm,6.25
2008-01-15,dolar,471.67
2008-01-15,tpm,6.25
2008-01-16,dolar,471.69
2008-01-16,tpm,6.25
2008-01-17,dolar,478.28
2008-01-17,tpm,6.25
2008-01-18,dolar,476.06
2008-01-18,tpm,6.25
2008-01-21,dolar,476.32
2008-01-21,tpm,6.25
2008-01-22,dolar,482.54
2008-01-22,tpm,6.25
2008-01-23,dolar,480.86
2008-01-23,tpm,6.25
2008-01-24,dolar,479.02
2008-01-24,tpm,6.25
2008-01-25,dolar,471.41
2008-01-25,tpm,6.25
2008-01-28,dolar,467.95
2008-01-28,tpm,6.25
2008-01-29,dolar,469.46
2008-01-29,tpm,6.25
2008-01-30,dolar,463.58
2008-01-30,tpm,6.25
2008-01-31,dolar,465.3
2008-01-31,tpm,6.25
2008-02-01,dolar,465.34
2008-02-01,imacec,7.1
2008-02-01,ipc,0.4
2008-02-01,tpm,6.25
2008-02-04,dolar,464.65
2008-02-04,tpm,6.25
2008-02-05,dolar,466.71
2008-02-05,tpm,6.25
2008-02-06,dolar,472.35
2008-02-06,tpm,6.25
2008-02-07,dolar,474.47
2008-02-07,tpm,6.25
2008-02-08,dolar,476.44
2008-02-08,tpm,6.25
2008-02-11,dolar,473.97
2008-02-11,tpm,6.25
2008-02-12,dolar,468.93
2008-02-12,tpm,6.25
2008-02-13,dolar,465.72
2008-02-13,tpm,6.25
2008-02-14,dolar,466.41
2008-02-14,tpm,6.25
2008-02-15,dolar,464.47
2008-02-15,tpm,6.25
2008-02-18,dolar,465.17
2008-02-18,tpm,6.25
2008-02-19,dolar,463.18
2008-02-19,tpm,6.25
2008-02-20,dolar,464.36
2008-02-20,tpm,6.25
2008-02-21,dolar,469.24
2008-02-21,tpm,6.25
2008-02-22,dolar,468.29
2008-02-22,tpm,6.25
2008-02-25,dolar,466.74
2008-02-25,tpm,6.25
2008-02-26,dolar,467.2
2008-02-26,tpm,6.25
2008-02-27,dolar,466.64
2008-02-27,tpm,6.25
2008-02-28,dolar,463.26
2008-02-28,tpm,6.25
2008-02-29,dolar,458.02
2008-02-29,tpm,6.25
2008-03-01,imacec,3.4
2008-03-01,ipc,0.8
2008-03-03,dolar,453.95
2008-03-03,tpm,6.25
2008-03-04,dolar,454.94
2008-03-04,tpm,6.25
2008-03-05,dolar,453.11
2008-03-05,tpm,6.25
2008-03-06,dolar,449.49
2008-03-06,tpm,6.25
2008-03-07,dolar,444.87
2008-03-07,tpm,6.25
2008-03-10,dolar,444.04
2008-03-10,tpm,6.25
2008-03-11,dolar,440.31
2008-03-11,tpm,6.25
2008-03-12,dolar,435.1
2008-03-12,tpm,6.25
2008-03-13,dolar,432.38
2008-03-13,tpm,6.25
2008-03-14,dolar,433.41
2008-03-14,tpm,6.25
2008-03-17,dolar,434.54
2008-03-17,tpm,6.25
2008-03-18,dolar,438.53
2008-03-18,tpm,6.25
2008-03-19,dolar,431.22
2008-03-19,tpm,6.25
2008-03-20,dolar,435.6
2008-03-20,tpm,6.25
2008-03-24,dolar,447.36
2008-03-24,tpm,6.25
2008-03-25,dolar,452.2
2008-03-25,tpm,6.25
2008-03-26,dolar,450.86
2008-03-26,tpm,6.25
2008-03-27,dolar,446.36
2008-03-27,tpm,6.25
2008-03-28,dolar,441.48
2008-03-28,tpm,6.25
2008-03-31,dolar,439.09
2008-03-31,tpm,6.25
2008-04-01,dolar,437.71
2008-04-01,imacec,4.8
2008-04-01,ipc,0.4
2008-04-01,tpm,6.25
2008-04-02,dolar,438.39
2008-04-02,tpm,6.25
2008-04-03,dolar,437.12
2008-04-03,tpm,6.25
2008-04-04,dolar,440.02
2008-04-04,tpm,6.25
2008-04-07,dolar,436.36
2008-04-07,tpm,6.25
2008-04-08,dolar,433.98
2008-04-08,tpm,6.25
2008-04-09,dolar,437.15
2008-04-09,tpm,6.25
2008-04-10,dolar,435.48
2008-04-10,tpm,6.25
2008-04-11,dolar,434.17
2008-04-11,tpm,6.25
2008-04-14,dolar,448.67
2008-04-14,tpm,6.25
2008-04-15,dolar,449.48
2008-04-15,tpm,6.25
2008-04-16,dolar,453.6
2008-04-16,tpm,6.25
2008-04-17,dolar,456.19
2008-04-17,tpm,6.25
2008-04-18,dolar,457.2
2008-04-18,tpm,6.25
2008-04-21,dolar,456.02
2008-04-21,tpm,6.25
2008-04-22,dolar,456.41
2008-04-22,tpm,6.25
2008-04-23,dolar,452.34
2008-04-23,tpm,6.25
2008-04-24,dolar,445.48
2008-04-24,tpm,6.25
2008-04-25,dolar,448.49
2008-04-25,tpm,6.25
2008-04-28,dolar,454.07
2008-04-28,tpm,6.25
2008-04-29,dolar,454.05
2008-04-29,tpm,6.25
2008-04-30,dolar,459.16
2008-04-30,tpm,6.25
2008-05-01,imacec,4.1
2008-05-01,ipc,1.2
2008-05-02,dolar,461.49
2008-05-02,tpm,6.25
2008-05-05,dolar,464.83
2008-05-05,tpm,6.25
2008-05-06,dolar,466.23
2008-05-06,tpm,6.25
2008-05-07,dolar,467.5
2008-05-07,tpm,6.25
2008-05-08,dolar,469.42
2008-05-08,tpm,6.25
2008-05-09,dolar,470.85
2008-05-09,tpm,6.25
2008-05-12,dolar,471.03
2008-05-12,tpm,6.25
2008-05-13,dolar,468.19
2008-05-13,tpm,6.25
2008-05-14,dolar,466.5
2008-05-14,tpm,6.25
2008-05-15,dolar,468.53
2008-05-15,tpm,6.25
2008-05-16,dolar,466.99
2008-05-16,tpm,6.25
2008-05-19,dolar,465.31
2008-05-19,tpm,6.25
2008-05-20,dolar,467.05
2008-05-20,tpm,6.25
2008-05-22,dolar,471.05
2008-05-22,tpm,6.25
2008-05-23,dolar,471.83
2008-05-23,tpm,6.25
2008-05-26,dolar,472.02
2008-05-26,tpm,6.25
2008-05-27,dolar,474.82
2008-05-27,tpm,6.25
2008-05-28,dolar,479.3
2008-05-28,tpm,6.25
2008-05-29,dolar,479.4
2008-05-29,tpm,6.25
2008-05-30,dolar,479.66
2008-05-30,tpm,6.25
2008-06-01,imacec,4.8
2008-06-01,ipc,1.5
2008-06-02,dolar,479.54
2008-06-02,tpm,6.25
2008-06-03,dolar,483.17
2008-06-03,tpm,6.25
2008-06-04,dolar,485.2
2008-06-04,tpm,6.25
2008-06-05,dolar,489.58
2008-06-05,tpm,6.25
2008-06-06,dolar,482.53
2008-06-06,tpm,6.25
2008-06-09,dolar,482.8
2008-06-09,tpm,6.25
2008-06-10,dolar,483.55
2008-06-10,tpm,6.25
2008-06-11,dolar,484.9
2008-06-11,tpm,6.75
2008-06-12,dolar,485.61
2008-06-12,tpm,6.75
2008-06-13,dolar,497.13
2008-06-13,tpm,6.75
2008-06-16,dolar,500.55
2008-06-16,tpm,6.75
2008-06-17,dolar,499.66
2008-06-17,tpm,6.75
2008-06-18,dolar,492.35
2008-06-18,tpm,6.75
2008-06-19,dolar,490.51
2008-06-19,tpm,6.75
2008-06-20,dolar,488.62
2008-06-20,tpm,6.75
2008-06-23,dolar,493.56
2008-06-23,tpm,6.75
2008-06-24,dolar,501.39
2008-06-24,tpm,6.75
2008-06-25,dolar,505.11
2008-06-25,tpm,6.75
2008-06-26,dolar,507.58
2008-06-26,tpm,6.75
2008-06-27,dolar,512.38
2008-06-27,tpm,6.75
2008-06-30,dolar,520.14
2008-06-30,tpm,6.75
2008-07-01,dolar,526.05
2008-07-01,imacec,6.6
2008-07-01,ipc,1.1
2008-07-01,tpm,6.75
2008-07-02,dolar,529.25
2008-07-02,tpm,6.75
2008-07-03,dolar,517.27
2008-07-03,tpm,6.75
2008-07-04,dolar,511.16
2008-07-04,tpm,6.75
2008-07-07,dolar,510.55
2008-07-07,tpm,6.75
2008-07-08,dolar,507.4
2008-07-08,tpm,6.75
2008-07-09,dolar,505.75
2008-07-09,tpm,6.75
2008-07-10,dolar,502.57
2008-07-10,tpm,6.75
2008-07-11,dolar,503.4
2008-07-11,tpm,7.25
2008-07-14,dolar,503.97
2008-07-14,tpm,7.25
2008-07-15,dolar,498.28
2008-07-15,tpm,7.25
2008-07-17,dolar,493.05
2008-07-17,tpm,7.25
2008-07-18,dolar,488.89
2008-07-18,tpm,7.25
2008-07-21,dolar,495.16
2008-07-21,tpm,7.25
2008-07-22,dolar,495.1
2008-07-22,tpm,7.25
2008-07-23,dolar,490.25
2008-07-23,tpm,7.25
2008-07-24,dolar,494.85
2008-07-24,tpm,7.25
2008-07-25,dolar,493.88
2008-07-25,tpm,7.25
2008-07-28,dolar,491.75
2008-07-28,tpm,7.25
2008-07-29,dolar,493.59
2008-07-29,tpm,7.25
2008-07-30,dolar,494.36
2008-07-30,tpm,7.25
2008-07-31,dolar,502.78
2008-07-31,tpm,7.25
2008-08-01,dolar,506.64
2008-08-01,imacec,2.1
2008-08-01,ipc,0.9
2008-08-01,tpm,7.25
2008-08-04,dolar,505.96
2008-08-04,tpm,7.25
2008-08-05,dolar,510.84
2008-08-05,tpm,7.25
2008-08-06,dolar,511.32
2008-08-06,tpm,7.25
2008-08-07,dolar,513.24
2008-08-07,tpm,7.25
2008-08-08,dolar,511.84
2008-08-08,tpm,7.25
2008-08-11,dolar,517.32
2008-08-11,tpm,7.25
2008-08-12,dolar,519.58
2008-08-12,tpm,7.25
2008-08-13,dolar,519.74
2008-08-13,tpm,7.25
2008-08-14,dolar,517.91
2008-08-14,tpm,7.25
2008-08-18,dolar,515.23
2008-08-18,tpm,7.75
2008-08-19,dolar,519.32
2008-08-19,tpm,7.75
2008-08-20,dolar,523.48
2008-08-20,tpm,7.75
2008-08-21,dolar,520.79
2008-08-21,tpm,7.75
2008-08-22,dolar,520.23
2008-08-22,tpm,7.75
2008-08-25,dolar,520.05
2008-08-25,tpm,7.75
2008-08-26,dolar,521.02
2008-08-26,tpm,7.75
2008-08-27,dolar,523.15
2008-08-27,tpm,7.75
2008-08-28,dolar,519.91
2008-08-28,tpm,7.75
2008-08-29,dolar,516.47
2008-08-29,tpm,7.75
2008-09-01,dolar,512.81
2008-09-01,imacec,2.8
2008-09-01,ipc,1.1
2008-09-01,tpm,7.75
2008-09-02,dolar,515.06
2008-09-02,tpm,7.75
2008-09-03,dolar,516.41
2008-09-03,tpm,7.75
2008-09-04,dolar,516.81
2008-09-04,tpm,7.75
2008-09-05,dolar,515.91
2008-09-05,tpm,8.25
2008-09-08,dolar,523.18
2008-09-08,tpm,8.25
2008-09-09,dolar,523.78
2008-09-09,tpm,8.25
2008-09-10,dolar,530.75
2008-09-10,tpm,8.25
2008-09-11,dolar,531.19
2008-09-11,tpm,8.25
2008-09-12,dolar,533.74
2008-09-12,tpm,8.25
2008-09-15,dolar,528.03
2008-09-15,tpm,8.25
2008-09-16,dolar,532.42
2008-09-16,tpm,8.25
2008-09-17,dolar,540.8
2008-09-17,tpm,8.25
2008-09-22,dolar,545.01
2008-09-22,tpm,8.25
2008-09-23,dolar,531.9
2008-09-23,tpm,8.25
2008-09-24,dolar,533.6
2008-09-24,tpm,8.25
2008-09-25,dolar,540.11
2008-09-25,tpm,8.25
2008-09-26,dolar,539.41
2008-09-26,tpm,8.25
2008-09-29,dolar,540.01
2008-09-29,tpm,8.25
2008-09-30,dolar,552.47
2008-09-30,tpm,8.25
2008-10-01,dolar,551.31
2008-10-01,imacec,2.4
2008-10-01,ipc,0.9
2008-10-01,tpm,8.25
2008-10-02,dolar,555.56
2008-10-02,tpm,8.25
2008-10-03,dolar,571.52
2008-10-03,tpm,8.25
2008-10-06,dolar,568.35
2008-10-06,tpm,8.25
2008-10-07,dolar,589.76
2008-10-07,tpm,8.25
2008-10-08,dolar,588.37
2008-10-08,tpm,8.25
2008-10-09,dolar,607.18
2008-10-09,tpm,8.25
2008-10-10,dolar,610.86
2008-10-10,tpm,8.25
2008-10-13,dolar,636.19
2008-10-13,tpm,8.25
2008-10-14,dolar,616.72
2008-10-14,tpm,8.25
2008-10-15,dolar,603.8
2008-10-15,tpm,8.25
2008-10-16,dolar,631.33
2008-10-16,tpm,8.25
2008-10-17,dolar,630.83
2008-10-17,tpm,8.25
2008-10-20,dolar,616.61
2008-10-20,tpm,8.25
2008-10-21,dolar,612.43
2008-10-21,tpm,8.25
2008-10-22,dolar,631.46
2008-10-22,tpm,8.25
2008-10-23,dolar,651.99
2008-10-23,tpm,8.25
2008-10-24,dolar,651.38
2008-10-24,tpm,8.25
2008-10-27,dolar,666.77
2008-10-27,tpm,8.25
2008-10-28,dolar,676.75
2008-10-28,tpm,8.25
2008-10-29,dolar,670.55
2008-10-29,tpm,8.25
2008-10-30,dolar,664.96
2008-10-30,tpm,8.25
2008-11-01,imacec,-1.2
2008-11-01,ipc,-0.1
2008-11-03,dolar,669.94
2008-11-03,tpm,8.25
2008-11-04,dolar,668.19
2008-11-04,tpm,8.25
2008-11-05,dolar,643.28
2008-11-05,tpm,8.25
2008-11-06,dolar,632.93
2008-11-06,tpm,8.25
2008-11-07,dolar,629.85
2008-11-07,tpm,8.25
2008-11-10,dolar,635.88
2008-11-10,tpm,8.25
2008-11-11,dolar,629.19
2008-11-11,tpm,8.25
2008-11-12,dolar,643.43
2008-11-12,tpm,8.25
2008-11-13,dolar,645.28
2008-11-13,tpm,8.25
2008-11-14,dolar,640.47
2008-11-14,tpm,8.25
2008-11-17,dolar,639.79
2008-11-17,tpm,8.25
2008-11-18,dolar,645.25
2008-11-18,tpm,8.25
2008-11-19,dolar,645.93
2008-11-19,tpm,8.25
2008-11-20,dolar,654.52
2008-11-20,tpm,8.25
2008-11-21,dolar,663.3
2008-11-21,tpm,8.25
2008-11-24,dolar,672.49
2008-11-24,tpm,8.25
2008-11-25,dolar,675.57
2008-11-25,tpm,8.25
2008-11-26,dolar,672.31
2008-11-26,tpm,8.25
2008-11-27,dolar,663.08
2008-11-27,tpm,8.25
2008-11-28,dolar,659.43
2008-11-28,tpm,8.25
2008-12-01,dolar,664.57
2008-12-01,imacec,-1.9
2008-12-01,ipc,-1.2
2008-12-01,tpm,8.25
2008-12-02,dolar,671.09
2008-12-02,tpm,8.25
2008-12-03,dolar,666.84
2008-12-03,tpm,8.25
2008-12-04,dolar,674.83
2008-12-04,tpm,8.25
2008-12-05,dolar,673.3
2008-12-05,tpm,8.25
2008-12-09,dolar,673.39
2008-12-09,tpm,8.25
2008-12-10,dolar,665.83
2008-12-10,tpm,8.25
2008-12-11,dolar,664.96
2008-12-11,tpm,8.25
2008-12-12,dolar,656.91
2008-12-12,tpm,8.25
2008-12-15,dolar,653.75
2008-12-15,tpm,8.25
2008-12-16,dolar,643.15
2008-12-16,tpm,8.25
2008-12-17,dolar,638.04
2008-12-17,tpm,8.25
2008-12-18,dolar,634.53
2008-12-18,tpm,8.25
2008-12-19,dolar,626.2
2008-12-19,tpm,8.25
2008-12-22,dolar,635.88
2008-12-22,tpm,8.25
2008-12-23,dolar,632.64
2008-12-23,tpm,8.25
2008-12-24,dolar,627.79
2008-12-24,tpm,8.25
2008-12-26,dolar,625.59
2008-12-26,tpm,8.25
2008-12-29,dolar,627.93
2008-12-29,tpm,8.25
2008-12-30,dolar,629.11
2008-12-30,tpm,8.25
2009-01-01,imacec,-2.5
2009-01-01,ipc,-0.8
2009-01-02,dolar,636.45
2009-01-02,tpm,8.25
2009-01-05,dolar,640.91
2009-01-05,tpm,8.25
2009-01-06,dolar,643.87
2009-01-06,tpm,8.25
2009-01-07,dolar,633.23
2009-01-07,tpm,8.25
2009-01-08,dolar,630.19
2009-01-08,tpm,8.25
2009-01-09,dolar,629.5
2009-01-09,tpm,7.25
2009-01-12,dolar,616.95
2009-01-12,tpm,7.25
2009-01-13,dolar,610.09
2009-01-13,tpm,7.25
2009-01-14,dolar,614.85
2009-01-14,tpm,7.25
2009-01-15,dolar,615.85
2009-01-15,tpm,7.25
2009-01-16,dolar,625.63
2009-01-16,tpm,7.25
2009-01-19,dolar,615.48
2009-01-19,tpm,7.25
2009-01-20,dolar,620.78
2009-01-20,tpm,7.25
2009-01-21,dolar,624.81
2009-01-21,tpm,7.25
2009-01-22,dolar,623.64
2009-01-22,tpm,7.25
2009-01-23,dolar,622.3
2009-01-23,tpm,7.25
2009-01-26,dolar,621.17
2009-01-26,tpm,7.25
2009-01-27,dolar,616.94
2009-01-27,tpm,7.25
2009-01-28,dolar,616.2
2009-01-28,tpm,7.25
2009-01-29,dolar,611.89
2009-01-29,tpm,7.25
2009-01-30,dolar,612.43
2009-01-30,tpm,7.25
2009-02-01,imacec,-4.4
2009-02-01,ipc,-0.4
2009-02-02,dolar,617.1
2009-02-02,tpm,7.25
2009-02-03,dolar,621.78
2009-02-03,tpm,7.25
2009-02-04,dolar,623.87
2009-02-04,tpm,7.25
2009-02-05,dolar,617.2
2009-02-05,tpm,7.25
2009-02-06,dolar,620.28
2009-02-06,tpm,7.25
2009-02-09,dolar,615.82
2009-02-09,tpm,7.25
2009-02-10,dolar,610.13
2009-02-10,tpm,7.25
2009-02-11,dolar,605.7
2009-02-11,tpm,7.25
2009-02-12,dolar,602.12
2009-02-12,tpm,7.25
2009-02-13,dolar,593.02
2009-02-13,tpm,4.75
2009-02-16,dolar,583.32
2009-02-16,tpm,4.75
2009-02-17,dolar,584.35
2009-02-17,tpm,4.75
2009-02-18,dolar,592.37
2009-02-18,tpm,4.75
2009-02-19,dolar,592.45
2009-02-19,tpm,4.75
2009-02-20,dolar,604.17
2009-02-20,tpm,4.75
2009-02-23,dolar,619.44
2009-02-23,tpm,4.75
2009-02-24,dolar,621.41
2009-02-24,tpm,4.75
2009-02-25,dolar,598.98
2009-02-25,tpm,4.75
2009-02-26,dolar,600.69
2009-02-26,tpm,4.75
2009-02-27,dolar,595.76
2009-02-27,tpm,4.75
2009-03-01,imacec,-2.4
2009-03-01,ipc,0.4
2009-03-02,dolar,599.04
2009-03-02,tpm,4.75
2009-03-03,dolar,603.73
2009-03-03,tpm,4.75
2009-03-04,dolar,609.29
2009-03-04,tpm,4.75
2009-03-05,dolar,614.85
2009-03-05,tpm,4.75
2009-03-06,dolar,610.79
2009-03-06,tpm,4.75
2009-03-09,dolar,605.4
2009-03-09,tpm,4.75
2009-03-10,dolar,610.18
2009-03-10,tpm,4.75
2009-03-11,dolar,604.88
2009-03-11,tpm,4.75
2009-03-12,dolar,601.47
2009-03-12,tpm,4.75
2009-03-13,dolar,598.09
2009-03-13,tpm,2.25
2009-03-16,dolar,594
2009-03-16,tpm,2.25
2009-03-17,dolar,585.95
2009-03-17,tpm,2.25
2009-03-18,dolar,583.29
2009-03-18,tpm,2.25
2009-03-19,dolar,591.72
2009-03-19,tpm,2.25
2009-03-20,dolar,584.24
2009-03-20,tpm,2.25
2009-03-23,dolar,587.14
2009-03-23,tpm,2.25
2009-03-24,dolar,579.78
2009-03-24,tpm,2.25
2009-03-25,dolar,576.44
2009-03-25,tpm,2.25
2009-03-26,dolar,574.47
2009-03-26,tpm,2.25
2009-03-27,dolar,575.25
2009-03-27,tpm,2.25
2009-03-30,dolar,572.39
2009-03-30,tpm,2.25
2009-03-31,dolar,582.1
2009-03-31,tpm,2.25
2009-04-01,dolar,583.26
2009-04-01,imacec,-2.7
2009-04-01,ipc,-0.2
2009-04-01,tpm,2.25
2009-04-02,dolar,582.08
2009-04-02,tpm,2.25
2009-04-03,dolar,575.12
2009-04-03,tpm,2.25
2009-04-06,dolar,580.35
2009-04-06,tpm,2.25
2009-04-07,dolar,582.2
2009-04-07,tpm,2.25
2009-04-08,dolar,582.81
2009-04-08,tpm,2.25
2009-04-09,dolar,580.61
2009-04-09,tpm,2.25
2009-04-13,dolar,577.31
2009-04-13,tpm,1.75
2009-04-14,dolar,577.8
2009-04-14,tpm,1.75
2009-04-15,dolar,577.73
2009-04-15,tpm,1.75
2009-04-16,dolar,579.34
2009-04-16,tpm,1.75
2009-04-17,dolar,577.12
2009-04-17,tpm,1.75
2009-04-20,dolar,578.66
2009-04-20,tpm,1.75
2009-04-21,dolar,583.96
2009-04-21,tpm,1.75
2009-04-22,dolar,583.13
2009-04-22,tpm,1.75
2009-04-23,dolar,583.67
2009-04-23,tpm,1.75
2009-04-24,dolar,584.23
2009-04-24,tpm,1.75
2009-04-27,dolar,587.54
2009-04-27,tpm,1.75
2009-04-28,dolar,600.11
2009-04-28,tpm,1.75
2009-04-29,dolar,601.04
2009-04-29,tpm,1.75
2009-04-30,dolar,588.62
2009-04-30,tpm,1.75
2009-05-01,imacec,-3.2
2009-05-01,ipc,-0.3
2009-05-04,dolar,580.1
2009-05-04,tpm,1.75
2009-05-05,dolar,573.55
2009-05-05,tpm,1.75
2009-05-06,dolar,568.85
2009-05-06,tpm,1.75
2009-05-07,dolar,571.12
2009-05-07,tpm,1.75
2009-05-08,dolar,564.44
2009-05-08,tpm,1.25
2009-05-11,dolar,562.53
2009-05-11,tpm,1.25
2009-05-12,dolar,568.45
2009-05-12,tpm,1.25
2009-05-13,dolar,568.09
2009-05-13,tpm,1.25
2009-05-14,dolar,570.84
2009-05-14,tpm,1.25
2009-05-15,dolar,564.2
2009-05-15,tpm,1.25
2009-05-18,dolar,560.34
2009-05-18,tpm,1.25
2009-05-19,dolar,559.11
2009-05-19,tpm,1.25
2009-05-20,dolar,559.56
2009-05-20,tpm,1.25
2009-05-22,dolar,558.95
2009-05-22,tpm,1.25
2009-05-25,dolar,561.55
2009-05-25,tpm,1.25
2009-05-26,dolar,562.39
2009-05-26,tpm,1.25
2009-05-27,dolar,564.33
2009-05-27,tpm,1.25
2009-05-28,dolar,565.6
2009-05-28,tpm,1.25
2009-05-29,dolar,564.64
2009-05-29,tpm,1.25
2009-06-01,dolar,560.58
2009-06-01,imacec,-3.3
2009-06-01,ipc,0.3
2009-06-01,tpm,1.25
2009-06-02,dolar,560.62
2009-06-02,tpm,1.25
2009-06-03,dolar,562.52
2009-06-03,tpm,1.25
2009-06-04,dolar,565.67
2009-06-04,tpm,1.25
2009-06-05,dolar,566.12
2009-06-05,tpm,1.25
2009-06-08,dolar,565.77
2009-06-08,tpm,1.25
2009-06-09,dolar,568.71
2009-06-09,tpm,1.25
2009-06-10,dolar,566.25
2009-06-10,tpm,1.25
2009-06-11,dolar,565.62
2009-06-11,tpm,1.25
2009-06-12,dolar,564.24
2009-06-12,tpm,1.25
2009-06-15,dolar,562.09
2009-06-15,tpm,1.25
2009-06-16,dolar,565.21
2009-06-16,tpm,1.25
2009-06-17,dolar,553.14
2009-06-17,tpm,0.75
2009-06-18,dolar,549.99
2009-06-18,tpm,0.75
2009-06-19,dolar,539.81
2009-06-19,tpm,0.75
2009-06-22,dolar,536.43
2009-06-22,tpm,0.75
2009-06-23,dolar,534.42
2009-06-23,tpm,0.75
2009-06-24,dolar,533.8
2009-06-24,tpm,0.75
2009-06-25,dolar,532.69
2009-06-25,tpm,0.75
2009-06-26,dolar,531.93
2009-06-26,tpm,0.75
2009-06-30,dolar,529.07
2009-06-30,tpm,0.75
2009-07-01,dolar,531.76
2009-07-01,imacec,-2.7
2009-07-01,ipc,-0.4
2009-07-01,tpm,0.75
2009-07-02,dolar,534.99
2009-07-02,tpm,0.75
2009-07-03,dolar,543.59
2009-07-03,tpm,0.75
2009-07-06,dolar,541.37
2009-07-06,tpm,0.75
2009-07-07,dolar,540.35
2009-07-07,tpm,0.75
2009-07-08,dolar,540.42
2009-07-08,tpm,0.75
2009-07-09,dolar,546.05
2009-07-09,tpm,0.75
2009-07-10,dolar,547.65
2009-07-10,tpm,0.5
2009-07-13,dolar,551.7
2009-07-13,tpm,0.5
2009-07-14,dolar,548.68
2009-07-14,tpm,0.5
2009-07-15,dolar,548.35
2009-07-15,tpm,0.5
2009-07-17,dolar,541.3
2009-07-17,tpm,0.5
2009-07-20,dolar,532.17
2009-07-20,tpm,0.5
2009-07-21,dolar,531.33
2009-07-21,tpm,0.5
2009-07-22,dolar,532.59
2009-07-22,tpm,0.5
2009-07-23,dolar,533.61
2009-07-23,tpm,0.5
2009-07-24,dolar,534.12
2009-07-24,tpm,0.5
2009-07-27,dolar,538.22
2009-07-27,tpm,0.5
2009-07-28,dolar,540.85
2009-07-28,tpm,0.5
2009-07-29,dolar,544.72
2009-07-29,tpm,0.5
2009-07-30,dolar,543.53
2009-07-30,tpm,0.5
2009-07-31,dolar,541.9
2009-07-31,tpm,0.5
2009-08-01,imacec,0.2
2009-08-01,ipc,-0.4
2009-08-03,dolar,541.3
2009-08-03,tpm,0.5
2009-08-04,dolar,538.22
2009-08-04,tpm,0.5
2009-08-05,dolar,539.4
2009-08-05,tpm,0.5
2009-08-06,dolar,540.99
2009-08-06,tpm,0.5
2009-08-07,dolar,541.71
2009-08-07,tpm,0.5
2009-08-10,dolar,542.98
2009-08-10,tpm,0.5
2009-08-11,dolar,546.37
2009-08-11,tpm,0.5
2009-08-12,dolar,549.79
2009-08-12,tpm,0.5
2009-08-13,dolar,546.53
2009-08-13,tpm,0.5
2009-08-14,dolar,545.36
2009-08-14,tpm,0.5
2009-08-17,dolar,552.21
2009-08-17,tpm,0.5
2009-08-18,dolar,558.71
2009-08-18,tpm,0.5
2009-08-19,dolar,556.31
2009-08-19,tpm,0.5
2009-08-20,dolar,552.65
2009-08-20,tpm,0.5
2009-08-21,dolar,548.06
2009-08-21,tpm,0.5
2009-08-24,dolar,543.5
2009-08-24,tpm,0.5
2009-08-25,dolar,546.53
2009-08-25,tpm,0.5
2009-08-26,dolar,546.19
2009-08-26,tpm,0.5
2009-08-27,dolar,548.57
2009-08-27,tpm,0.5
2009-08-28,dolar,548.55
2009-08-28,tpm,0.5
2009-08-31,dolar,550.64
2009-08-31,tpm,0.5
2009-09-01,dolar,553.35
2009-09-01,imacec,0.6
2009-09-01,ipc,1
2009-09-01,tpm,0.5
2009-09-02,dolar,555.29
2009-09-02,tpm,0.5
2009-09-03,dolar,557.74
2009-09-03,tpm,0.5
2009-09-04,dolar,555.87
2009-09-04,tpm,0.5
2009-09-07,dolar,552.42
2009-09-07,tpm,0.5
2009-09-08,dolar,550.96
2009-09-08,tpm,0.5
2009-09-09,dolar,551.87
2009-09-09,tpm,0.5
2009-09-10,dolar,551.64
2009-09-10,tpm,0.5
2009-09-11,dolar,554.03
2009-09-11,tpm,0.5
2009-09-14,dolar,550.57
2009-09-14,tpm,0.5
2009-09-15,dolar,551.88
2009-09-15,tpm,0.5
2009-09-16,dolar,551.37
2009-09-16,tpm,0.5
2009-09-17,dolar,545.72
2009-09-17,tpm,0.5
2009-09-21,dolar,545.96
2009-09-21,tpm,0.5
2009-09-22,dolar,544.5
2009-09-22,tpm,0.5
2009-09-23,dolar,540.48
2009-09-23,tpm,0.5
2009-09-24,dolar,539.71
2009-09-24,tpm,0.5
2009-09-25,dolar,540.96
2009-09-25,tpm,0.5
2009-09-28,dolar,544.66
2009-09-28,tpm,0.5
2009-09-29,dolar,545.44
2009-09-29,tpm,0.5
2009-09-30,dolar,546.07
2009-09-30,tpm,0.5
2009-10-01,dolar,550.36
2009-10-01,imacec,-0.2
2009-10-01,ipc,0
2009-10-01,tpm,0.5
2009-10-02,dolar,553.3
2009-10-02,tpm,0.5
2009-10-05,dolar,557.41
2009-10-05,tpm,0.5
2009-10-06,dolar,556.11
2009-10-06,tpm,0.5
2009-10-07,dolar,554.02
2009-10-07,tpm,0.5
2009-10-08,dolar,553.57
2009-10-08,tpm,0.5
2009-10-09,dolar,550.55
2009-10-09,tpm,0.5
2009-10-13,dolar,554.44
2009-10-13,tpm,0.5
2009-10-14,dolar,554.66
2009-10-14,tpm,0.5
2009-10-15,dolar,552.48
2009-10-15,tpm,0.5
2009-10-16,dolar,549.21
2009-10-16,tpm,0.5
2009-10-19,dolar,547.61
2009-10-19,tpm,0.5
2009-10-20,dolar,546.25
2009-10-20,tpm,0.5
2009-10-21,dolar,542.63
2009-10-21,tpm,0.5
2009-10-22,dolar,542.56
2009-10-22,tpm,0.5
2009-10-23,dolar,536.75
2009-10-23,tpm,0.5
2009-10-26,dolar,531.95
2009-10-26,tpm,0.5
2009-10-27,dolar,532.89
2009-10-27,tpm,0.5
2009-10-28,dolar,532.85
2009-10-28,tpm,0.5
2009-10-29,dolar,531.15
2009-10-29,tpm,0.5
2009-10-30,dolar,531.74
2009-10-30,tpm,0.5
2009-11-01,imacec,3.9
2009-11-01,ipc,-0.5
2009-11-02,dolar,531.83
2009-11-02,tpm,0.5
2009-11-03,dolar,528.89
2009-11-03,tpm,0.5
2009-11-04,dolar,531.49
2009-11-04,tpm,0.5
2009-11-05,dolar,527.84
2009-11-05,tpm,0.5
2009-11-06,dolar,524.07
2009-11-06,tpm,0.5
2009-11-09,dolar,521.77
2009-11-09,tpm,0.5
2009-11-10,dolar,515.67
2009-11-10,tpm,0.5
2009-11-11,dolar,509.53
2009-11-11,tpm,0.5
2009-11-12,dolar,506.01
2009-11-12,tpm,0.5
2009-11-13,dolar,508.19
2009-11-13,tpm,0.5
2009-11-16,dolar,504.09
2009-11-16,tpm,0.5
2009-11-17,dolar,497.65
2009-11-17,tpm,0.5
2009-11-18,dolar,494.09
2009-11-18,tpm,0.5
2009-11-19,dolar,491.09
2009-11-19,tpm,0.5
2009-11-20,dolar,498.2
2009-11-20,tpm,0.5
2009-11-23,dolar,503.58
2009-11-23,tpm,0.5
2009-11-24,dolar,494.51
2009-11-24,tpm,0.5
2009-11-25,dolar,493.26
2009-11-25,tpm,0.5
2009-11-26,dolar,492.33
2009-11-26,tpm,0.5
2009-11-27,dolar,493.48
2009-11-27,tpm,0.5
2009-11-30,dolar,495.84
2009-11-30,tpm,0.5
2009-12-01,dolar,494.82
2009-12-01,imacec,4
2009-12-01,ipc,-0.3
2009-12-01,tpm,0.5
2009-12-02,dolar,495.78
2009-12-02,tpm,0.5
2009-12-03,dolar,499.46
2009-12-03,tpm,0.5
2009-12-04,dolar,502.64
2009-12-04,tpm,0.5
2009-12-07,dolar,501.79
2009-12-07,tpm,0.5
2009-12-09,dolar,502.91
2009-12-09,tpm,0.5
2009-12-10,dolar,503.55
2009-12-10,tpm,0.5
2009-12-11,dolar,495.89
2009-12-11,tpm,0.5
2009-12-14,dolar,495.51
2009-12-14,tpm,0.5
2009-12-15,dolar,497.11
2009-12-15,tpm,0.5
2009-12-16,dolar,498.77
2009-12-16,tpm,0.5
2009-12-17,dolar,498.43
2009-12-17,tpm,0.5
2009-12-18,dolar,500.56
2009-12-18,tpm,0.5
2009-12-21,dolar,502.59
2009-12-21,tpm,0.5
2009-12-22,dolar,503.93
2009-12-22,tpm,0.5
2009-12-23,dolar,507.19
2009-12-23,tpm,0.5
2009-12-24,dolar,508.75
2009-12-24,tpm,0.5
2009-12-28,dolar,506.62
2009-12-28,tpm,0.5
2009-12-29,dolar,506.27
2009-12-29,tpm,0.5
2009-12-30,dolar,506.43
2009-12-30,tpm,0.5
2010-01-01,imacec,3.9
2010-01-01,ipc,0.5
2010-01-04,dolar,507.1
2010-01-04,tpm,0.5
2010-01-05,dolar,505.7
2010-01-05,tpm,0.5
2010-01-06,dolar,504.22
2010-01-06,tpm,0.5
2010-01-07,dolar,497.93
2010-01-07,tpm,0.5
2010-01-08,dolar,494.54
2010-01-08,tpm,0.5
2010-01-11,dolar,492.37
2010-01-11,tpm,0.5
2010-01-12,dolar,489.47
2010-01-12,tpm,0.5
2010-01-13,dolar,491.16
2010-01-13,tpm,0.5
2010-01-14,dolar,490.01
2010-01-14,tpm,0.5
2010-01-15,dolar,493
2010-01-15,tpm,0.5
2010-01-18,dolar,492.9
2010-01-18,tpm,0.5
2010-01-19,dolar,490.89
2010-01-19,tpm,0.5
2010-01-20,dolar,492.21
2010-01-20,tpm,0.5
2010-01-21,dolar,495.2
2010-01-21,tpm,0.5
2010-01-22,dolar,498.75
2010-01-22,tpm,0.5
2010-01-25,dolar,506.36
2010-01-25,tpm,0.5
2010-01-26,dolar,506.88
2010-01-26,tpm,0.5
2010-01-27,dolar,512.12
2010-01-27,tpm,0.5
2010-01-28,dolar,520.69
2010-01-28,tpm,0.5
2010-01-29,dolar,531.75
2010-01-29,tpm,0.5
2010-02-01,dolar,523.1
2010-02-01,imacec,3.4
2010-02-01,ipc,0.3
2010-02-01,tpm,0.5
2010-02-02,dolar,528.48
2010-02-02,tpm,0.5
2010-02-03,dolar,528.58
2010-02-03,tpm,0.5
2010-02-04,dolar,535.51
2010-02-04,tpm,0.5
2010-02-05,dolar,546.18
2010-02-05,tpm,0.5
2010-02-08,dolar,543.35
2010-02-08,tpm,0.5
2010-02-09,dolar,541.39
2010-02-09,tpm,0.5
2010-02-10,dolar,541.23
2010-02-10,tpm,0.5
2010-02-11,dolar,535.63
2010-02-11,tpm,0.5
2010-02-12,dolar,533.55
2010-02-12,tpm,0.5
2010-02-15,dolar,529.6
2010-02-15,tpm,0.5
2010-02-16,dolar,525.48
2010-02-16,tpm,0.5
2010-02-17,dolar,527.58
2010-02-17,tpm,0.5
2010-02-18,dolar,527.81
2010-02-18,tpm,0.5
2010-02-19,dolar,532.39
2010-02-19,tpm,0.5
2010-02-22,dolar,533.21
2010-02-22,tpm,0.5
2010-02-23,dolar,529.19
2010-02-23,tpm,0.5
2010-02-24,dolar,528.52
2010-02-24,tpm,0.5
2010-02-25,dolar,530.67
2010-02-25,tpm,0.5
2010-02-26,dolar,529.69
2010-02-26,tpm,0.5
2010-03-01,dolar,527.84
2010-03-01,imacec,0.2
2010-03-01,ipc,0.1
2010-03-01,tpm,0.5
2010-03-02,dolar,524.94
2010-03-02,tpm,0.5
2010-03-03,dolar,521.49
2010-03-03,tpm,0.5
2010-03-04,dolar,515.81
2010-03-04,tpm,0.5
2010-03-05,dolar,515.04
2010-03-05,tpm,0.5
2010-03-08,dolar,511.23
2010-03-08,tpm,0.5
2010-03-09,dolar,508.66
2010-03-09,tpm,0.5
2010-03-10,dolar,512.79
2010-03-10,tpm,0.5
2010-03-11,dolar,515.17
2010-03-11,tpm,0.5
2010-03-12,dolar,520.81
2010-03-12,tpm,0.5
2010-03-15,dolar,516.33
2010-03-15,tpm,0.5
2010-03-16,dolar,516.45
2010-03-16,tpm,0.5
2010-03-17,dolar,521.87
2010-03-17,tpm,0.5
2010-03-18,dolar,526.89
2010-03-18,tpm,0.5
2010-03-19,dolar,525.95
2010-03-19,tpm,0.5
2010-03-22,dolar,527.78
2010-03-22,tpm,0.5
2010-03-23,dolar,533.24
2010-03-23,tpm,0.5
2010-03-24,dolar,533.87
2010-03-24,tpm,0.5
2010-03-25,dolar,532.69
2010-03-25,tpm,0.5
2010-03-26,dolar,532.33
2010-03-26,tpm,0.5
2010-03-29,dolar,533.06
2010-03-29,tpm,0.5
2010-03-30,dolar,532.21
2010-03-30,tpm,0.5
2010-03-31,dolar,526.29
2010-03-31,tpm,0.5
2010-04-01,dolar,524.46
2010-04-01,imacec,6.1
2010-04-01,ipc,0.5
2010-04-01,tpm,0.5
2010-04-05,dolar,521.95
2010-04-05,tpm,0.5
2010-04-06,dolar,519.51
2010-04-06,tpm,0.5
2010-04-07,dolar,519.99
2010-04-07,tpm,0.5
2010-04-08,dolar,517.46
2010-04-08,tpm,0.5
2010-04-09,dolar,517.07
2010-04-09,tpm,0.5
2010-04-12,dolar,514.91
2010-04-12,tpm,0.5
2010-04-13,dolar,515.1
2010-04-13,tpm,0.5
2010-04-14,dolar,515.35
2010-04-14,tpm,0.5
2010-04-15,dolar,516.34
2010-04-15,tpm,0.5
2010-04-16,dolar,521.01
2010-04-16,tpm,0.5
2010-04-19,dolar,522.82
2010-04-19,tpm,0.5
2010-04-20,dolar,525.13
2010-04-20,tpm,0.5
2010-04-21,dolar,527.38
2010-04-21,tpm,0.5
2010-04-22,dolar,523.94
2010-04-22,tpm,0.5
2010-04-23,dolar,521.42
2010-04-23,tpm,0.5
2010-04-26,dolar,521.25
2010-04-26,tpm,0.5
2010-04-27,dolar,519.52
2010-04-27,tpm,0.5
2010-04-28,dolar,522.65
2010-04-28,tpm,0.5
2010-04-29,dolar,524.86
2010-04-29,tpm,0.5
2010-04-30,dolar,520.99
2010-04-30,tpm,0.5
2010-05-01,imacec,6.7
2010-05-01,ipc,0.4
2010-05-03,dolar,517.23
2010-05-03,tpm,0.5
2010-05-04,dolar,518.44
2010-05-04,tpm,0.5
2010-05-05,dolar,522.73
2010-05-05,tpm,0.5
2010-05-06,dolar,527.6
2010-05-06,tpm,0.5
2010-05-07,dolar,527.59
2010-05-07,tpm,0.5
2010-05-10,dolar,532.99
2010-05-10,tpm,0.5
2010-05-11,dolar,527.94
2010-05-11,tpm,0.5
2010-05-12,dolar,529.96
2010-05-12,tpm,0.5
2010-05-13,dolar,529.35
2010-05-13,tpm,0.5
2010-05-14,dolar,532.23
2010-05-14,tpm,0.5
2010-05-17,dolar,534.33
2010-05-17,tpm,0.5
2010-05-18,dolar,538.6
2010-05-18,tpm,0.5
2010-05-19,dolar,542.68
2010-05-19,tpm,0.5
2010-05-20,dolar,549.17
2010-05-20,tpm,0.5
2010-05-24,dolar,548.18
2010-05-24,tpm,0.5
2010-05-25,dolar,539.93
2010-05-25,tpm,0.5
2010-05-26,dolar,544.59
2010-05-26,tpm,0.5
2010-05-27,dolar,539.35
2010-05-27,tpm,0.5
2010-05-28,dolar,532.01
2010-05-28,tpm,0.5
2010-05-31,dolar,529.23
2010-05-31,tpm,0.5
2010-06-01,dolar,530.62
2010-06-01,imacec,6.9
2010-06-01,ipc,0
2010-06-01,tpm,0.5
2010-06-02,dolar,533.1
2010-06-02,tpm,0.5
2010-06-03,dolar,534.72
2010-06-03,tpm,0.5
2010-06-04,dolar,535.25
2010-06-04,tpm,0.5
2010-06-07,dolar,540.98
2010-06-07,tpm,0.5
2010-06-08,dolar,545.32
2010-06-08,tpm,0.5
2010-06-09,dolar,548.16
2010-06-09,tpm,0.5
2010-06-10,dolar,542.45
2010-06-10,tpm,0.5
2010-06-11,dolar,537.81
2010-06-11,tpm,0.5
2010-06-14,dolar,537.57
2010-06-14,tpm,0.5
2010-06-15,dolar,535.01
2010-06-15,tpm,0.5
2010-06-16,dolar,536.15
2010-06-16,tpm,1
2010-06-17,dolar,530.42
2010-06-17,tpm,1
2010-06-18,dolar,530.36
2010-06-18,tpm,1
2010-06-21,dolar,532.74
2010-06-21,tpm,1
2010-06-22,dolar,530.32
2010-06-22,tpm,1
2010-06-23,dolar,532.85
2010-06-23,tpm,1
2010-06-24,dolar,535.56
2010-06-24,tpm,1
2010-06-25,dolar,539.68
2010-06-25,tpm,1
2010-06-29,dolar,537.87
2010-06-29,tpm,1
2010-06-30,dolar,543.09
2010-06-30,tpm,1
2010-07-01,dolar,547.19
2010-07-01,imacec,8.1
2010-07-01,ipc,0.6
2010-07-01,tpm,1
2010-07-02,dolar,545.31
2010-07-02,tpm,1
2010-07-05,dolar,538.36
2010-07-05,tpm,1
2010-07-06,dolar,537.5
2010-07-06,tpm,1
2010-07-07,dolar,535.88
2010-07-07,tpm,1
2010-07-08,dolar,536.79
2010-07-08,tpm,1
2010-07-09,dolar,536.31
2010-07-09,tpm,1
2010-07-12,dolar,538.31
2010-07-12,tpm,1
2010-07-13,dolar,539.02
2010-07-13,tpm,1
2010-07-14,dolar,535.4
2010-07-14,tpm,1
2010-07-15,dolar,534.98
2010-07-15,tpm,1
2010-07-19,dolar,531.51
2010-07-19,tpm,1.5
2010-07-20,dolar,532.23
2010-07-20,tpm,1.5
2010-07-21,dolar,530.27
2010-07-21,tpm,1.5
2010-07-22,dolar,524.62
2010-07-22,tpm,1.5
2010-07-23,dolar,518.36
2010-07-23,tpm,1.5
2010-07-26,dolar,520.09
2010-07-26,tpm,1.5
2010-07-27,dolar,519.75
2010-07-27,tpm,1.5
2010-07-28,dolar,519.19
2010-07-28,tpm,1.5
2010-07-29,dolar,522.72
2010-07-29,tpm,1.5
2010-07-30,dolar,522.36
2010-07-30,tpm,1.5
2010-08-01,imacec,8.1
2010-08-01,ipc,-0.1
2010-08-02,dolar,522.75
2010-08-02,tpm,1.5
2010-08-03,dolar,517.16
2010-08-03,tpm,1.5
2010-08-04,dolar,517.67
2010-08-04,tpm,1.5
2010-08-05,dolar,516.43
2010-08-05,tpm,1.5
2010-08-06,dolar,515.66
2010-08-06,tpm,1.5
2010-08-09,dolar,514.72
2010-08-09,tpm,1.5
2010-08-10,dolar,512.2
2010-08-10,tpm,1.5
2010-08-11,dolar,513.44
2010-08-11,tpm,1.5
2010-08-12,dolar,513.27
2010-08-12,tpm,1.5
2010-08-13,dolar,509.61
2010-08-13,tpm,2
2010-08-16,dolar,509.97
2010-08-16,tpm,2
2010-08-17,dolar,506.28
2010-08-17,tpm,2
2010-08-18,dolar,502.84
2010-08-18,tpm,2
2010-08-19,dolar,499.98
2010-08-19,tpm,2
2010-08-20,dolar,504.75
2010-08-20,tpm,2
2010-08-23,dolar,507.8
2010-08-23,tpm,2
2010-08-24,dolar,503.55
2010-08-24,tpm,2
2010-08-25,dolar,506.33
2010-08-25,tpm,2
2010-08-26,dolar,507.38
2010-08-26,tpm,2
2010-08-27,dolar,503.34
2010-08-27,tpm,2
2010-08-30,dolar,500.74
2010-08-30,tpm,2
2010-08-31,dolar,499.26
2010-08-31,tpm,2
2010-09-01,dolar,503.1
2010-09-01,imacec,6
2010-09-01,ipc,0.4
2010-09-01,tpm,2
2010-09-02,dolar,498.15
2010-09-02,tpm,2
2010-09-03,dolar,496.68
2010-09-03,tpm,2
2010-09-06,dolar,495.22
2010-09-06,tpm,2
2010-09-07,dolar,496.87
2010-09-07,tpm,2
2010-09-08,dolar,497.89
2010-09-08,tpm,2
2010-09-09,dolar,497.54
2010-09-09,tpm,2
2010-09-10,dolar,495.28
2010-09-10,tpm,2
2010-09-13,dolar,495.95
2010-09-13,tpm,2
2010-09-14,dolar,494.83
2010-09-14,tpm,2
2010-09-15,dolar,493.66
2010-09-15,tpm,2
2010-09-16,dolar,494.51
2010-09-16,tpm,2
2010-09-21,dolar,496.37
2010-09-21,tpm,2.5
2010-09-22,dolar,497.58
2010-09-22,tpm,2.5
2010-09-23,dolar,493.87
2010-09-23,tpm,2.5
2010-09-24,dolar,489.87
2010-09-24,tpm,2.5
2010-09-27,dolar,485.96
2010-09-27,tpm,2.5
2010-09-28,dolar,485.24
2010-09-28,tpm,2.5
2010-09-29,dolar,484.86
2010-09-29,tpm,2.5
2010-09-30,dolar,485.23
2010-09-30,tpm,2.5
2010-10-01,dolar,483.65
2010-10-01,imacec,5.3
2010-10-01,ipc,0.1
2010-10-01,tpm,2.5
2010-10-04,dolar,480.79
2010-10-04,tpm,2.5
2010-10-05,dolar,485.49
2010-10-05,tpm,2.5
2010-10-06,dolar,483.77
2010-10-06,tpm,2.5
2010-10-07,dolar,481.84
2010-10-07,tpm,2.5
2010-10-08,dolar,482.27
2010-10-08,tpm,2.5
2010-10-12,dolar,483.2
2010-10-12,tpm,2.5
2010-10-13,dolar,479.09
2010-10-13,tpm,2.5
2010-10-14,dolar,475.93
2010-10-14,tpm,2.5
2010-10-15,dolar,477.96
2010-10-15,tpm,2.75
2010-10-18,dolar,478.14
2010-10-18,tpm,2.75
2010-10-19,dolar,481.43
2010-10-19,tpm,2.75
2010-10-20,dolar,485.71
2010-10-20,tpm,2.75
2010-10-21,dolar,485.87
2010-10-21,tpm,2.75
2010-10-22,dolar,485.99
2010-10-22,tpm,2.75
2010-10-25,dolar,486.98
2010-10-25,tpm,2.75
2010-10-26,dolar,485.51
2010-10-26,tpm,2.75
2010-10-27,dolar,491.01
2010-10-27,tpm,2.75
2010-10-28,dolar,494.44
2010-10-28,tpm,2.75
2010-10-29,dolar,491.76
2010-10-29,tpm,2.75
2010-11-01,imacec,7.4
2010-11-01,ipc,0.1
2010-11-02,dolar,488.72
2010-11-02,tpm,2.75
2010-11-03,dolar,486.92
2010-11-03,tpm,2.75
2010-11-04,dolar,488.04
2010-11-04,tpm,2.75
2010-11-05,dolar,481.04
2010-11-05,tpm,2.75
2010-11-08,dolar,478.32
2010-11-08,tpm,2.75
2010-11-09,dolar,480.22
2010-11-09,tpm,2.75
2010-11-10,dolar,477.05
2010-11-10,tpm,2.75
2010-11-11,dolar,480.17
2010-11-11,tpm,2.75
2010-11-12,dolar,480.03
2010-11-12,tpm,2.75
2010-11-15,dolar,480.64
2010-11-15,tpm,2.75
2010-11-16,dolar,483.13
2010-11-16,tpm,2.75
2010-11-17,dolar,483.92
2010-11-17,tpm,3
2010-11-18,dolar,485.41
2010-11-18,tpm,3
2010-11-19,dolar,480.99
2010-11-19,tpm,3
2010-11-22,dolar,480.53
2010-11-22,tpm,3
2010-11-23,dolar,479.19
2010-11-23,tpm,3
2010-11-24,dolar,481.38
2010-11-24,tpm,3
2010-11-25,dolar,482.04
2010-11-25,tpm,3
2010-11-26,dolar,481.74
2010-11-26,tpm,3
2010-11-29,dolar,482.78
2010-11-29,tpm,3
2010-11-30,dolar,486.39
2010-11-30,tpm,3
2010-12-01,dolar,487.87
2010-12-01,imacec,6.8
2010-12-01,ipc,0.1
2010-12-01,tpm,3
2010-12-02,dolar,485.34
2010-12-02,tpm,3
2010-12-03,dolar,484.74
2010-12-03,tpm,3
2010-12-06,dolar,481.84
2010-12-06,tpm,3
2010-12-07,dolar,479.26
2010-12-07,tpm,3
2010-12-09,dolar,475.91
2010-12-09,tpm,3
2010-12-10,dolar,475.21
2010-12-10,tpm,3
2010-12-13,dolar,474.71
2010-12-13,tpm,3
2010-12-14,dolar,473.72
2010-12-14,tpm,3
2010-12-15,dolar,473.78
2010-12-15,tpm,3
2010-12-16,dolar,474.12
2010-12-16,tpm,3
2010-12-17,dolar,473.92
2010-12-17,tpm,3.25
2010-12-20,dolar,472.34
2010-12-20,tpm,3.25
2010-12-21,dolar,471.02
2010-12-21,tpm,3.25
2010-12-22,dolar,468.69
2010-12-22,tpm,3.25
2010-12-23,dolar,469.82
2010-12-23,tpm,3.25
2010-12-24,dolar,469.31
2010-12-24,tpm,3.25
2010-12-27,dolar,469.52
2010-12-27,tpm,3.25
2010-12-28,dolar,471.21
2010-12-28,tpm,3.25
2010-12-29,dolar,469.64
2010-12-29,tpm,3.25
2010-12-30,dolar,468.37
2010-12-30,tpm,3.25
2011-01-01,imacec,7.8
2011-01-01,ipc,0.3
2011-01-03,dolar,468.01
2011-01-03,tpm,3.25
2011-01-04,dolar,466.05
2011-01-04,tpm,3.25
2011-01-05,dolar,486.82
2011-01-05,tpm,3.25
2011-01-06,dolar,493.65
2011-01-06,tpm,3.25
2011-01-07,dolar,494.74
2011-01-07,tpm,3.25
2011-01-10,dolar,496.96
2011-01-10,tpm,3.25
2011-01-11,dolar,499.03
2011-01-11,tpm,3.25
2011-01-12,dolar,496.03
2011-01-12,tpm,3.25
2011-01-13,dolar,493.27
2011-01-13,tpm,3.25
2011-01-14,dolar,488.82
2011-01-14,tpm,3.25
2011-01-17,dolar,492.16
2011-01-17,tpm,3.25
2011-01-18,dolar,490.32
2011-01-18,tpm,3.25
2011-01-19,dolar,490.67
2011-01-19,tpm,3.25
2011-01-20,dolar,490.89
2011-01-20,tpm,3.25
2011-01-21,dolar,494.1
2011-01-21,tpm,3.25
2011-01-24,dolar,492.49
2011-01-24,tpm,3.25
2011-01-25,dolar,493.14
2011-01-25,tpm,3.25
2011-01-26,dolar,492.51
2011-01-26,tpm,3.25
2011-01-27,dolar,490.24
2011-01-27,tpm,3.25
2011-01-28,dolar,485.04
2011-01-28,tpm,3.25
2011-01-31,dolar,483.32
2011-01-31,tpm,3.25
2011-02-01,dolar,484.14
2011-02-01,imacec,7.2
2011-02-01,ipc,0.2
2011-02-01,tpm,3.25
2011-02-02,dolar,480.59
2011-02-02,tpm,3.25
2011-02-03,dolar,480.5
2011-02-03,tpm,3.25
2011-02-04,dolar,481.56
2011-02-04,tpm,3.25
2011-02-07,dolar,478.36
2011-02-07,tpm,3.25
2011-02-08,dolar,478.18
2011-02-08,tpm,3.25
2011-02-09,dolar,479.73
2011-02-09,tpm,3.25
2011-02-10,dolar,476.87
2011-02-10,tpm,3.25
2011-02-11,dolar,475.93
2011-02-11,tpm,3.25
2011-02-14,dolar,473.42
2011-02-14,tpm,3.25
2011-02-15,dolar,469.99
2011-02-15,tpm,3.25
2011-02-16,dolar,470.59
2011-02-16,tpm,3.25
2011-02-17,dolar,474.13
2011-02-17,tpm,3.25
2011-02-18,dolar,473.16
2011-02-18,tpm,3.5
2011-02-21,dolar,469.14
2011-02-21,tpm,3.5
2011-02-22,dolar,468.94
2011-02-22,tpm,3.5
2011-02-23,dolar,470.76
2011-02-23,tpm,3.5
2011-02-24,dolar,474.01
2011-02-24,tpm,3.5
2011-02-25,dolar,478.19
2011-02-25,tpm,3.5
2011-02-28,dolar,475.63
2011-02-28,tpm,3.5
2011-03-01,dolar,475.21
2011-03-01,imacec,13.2
2011-03-01,ipc,0.8
2011-03-01,tpm,3.5
2011-03-02,dolar,476.4
2011-03-02,tpm,3.5
2011-03-03,dolar,478.04
2011-03-03,tpm,3.5
2011-03-04,dolar,474.04
2011-03-04,tpm,3.5
2011-03-07,dolar,472.74
2011-03-07,tpm,3.5
2011-03-08,dolar,473.28
2011-03-08,tpm,3.5
2011-03-09,dolar,475.63
2011-03-09,tpm,3.5
2011-03-10,dolar,475.62
2011-03-10,tpm,3.5
2011-03-11,dolar,482.63
2011-03-11,tpm,3.5
2011-03-14,dolar,482.1
2011-03-14,tpm,3.5
2011-03-15,dolar,480.51
2011-03-15,tpm,3.5
2011-03-16,dolar,484.56
2011-03-16,tpm,3.5
2011-03-17,dolar,484.01
2011-03-17,tpm,3.5
2011-03-18,dolar,485.37
2011-03-18,tpm,4
2011-03-21,dolar,482.21
2011-03-21,tpm,4
2011-03-22,dolar,480.55
2011-03-22,tpm,4
2011-03-23,dolar,481.78
2011-03-23,tpm,4
2011-03-24,dolar,482.69
2011-03-24,tpm,4
2011-03-25,dolar,480.37
2011-03-25,tpm,4
2011-03-28,dolar,479.67
2011-03-28,tpm,4
2011-03-29,dolar,480.55
2011-03-29,tpm,4
2011-03-30,dolar,481.96
2011-03-30,tpm,4
2011-03-31,dolar,482.08
2011-03-31,tpm,4
2011-04-01,dolar,479.46
2011-04-01,imacec,6.2
2011-04-01,ipc,0.3
2011-04-01,tpm,4
2011-04-04,dolar,476.9
2011-04-04,tpm,4
2011-04-05,dolar,474.55
2011-04-05,tpm,4
2011-04-06,dolar,475.03
2011-04-06,tpm,4
2011-04-07,dolar,472.89
2011-04-07,tpm,4
2011-04-08,dolar,473.25
2011-04-08,tpm,4
2011-04-11,dolar,470.19
2011-04-11,tpm,4
2011-04-12,dolar,471
2011-04-12,tpm,4
2011-04-13,dolar,473.77
2011-04-13,tpm,4.5
2011-04-14,dolar,472.72
2011-04-14,tpm,4.5
2011-04-15,dolar,472.56
2011-04-15,tpm,4.5
2011-04-18,dolar,472.46
2011-04-18,tpm,4.5
2011-04-19,dolar,474.76
2011-04-19,tpm,4.5
2011-04-20,dolar,473.82
2011-04-20,tpm,4.5
2011-04-21,dolar,469.94
2011-04-21,tpm,4.5
2011-04-25,dolar,467.77
2011-04-25,tpm,4.5
2011-04-26,dolar,467.63
2011-04-26,tpm,4.5
2011-04-27,dolar,465.29
2011-04-27,tpm,4.5
2011-04-28,dolar,462.37
2011-04-28,tpm,4.5
2011-04-29,dolar,460.04
2011-04-29,tpm,4.5
2011-05-01,imacec,6.6
2011-05-01,ipc,0.4
2011-05-02,dolar,460.09
2011-05-02,tpm,4.5
2011-05-03,dolar,461.65
2011-05-03,tpm,4.5
2011-05-04,dolar,463.07
2011-05-04,tpm,4.5
2011-05-05,dolar,463.05
2011-05-05,tpm,4.5
2011-05-06,dolar,468.35
2011-05-06,tpm,4.5
2011-05-09,dolar,467.17
2011-05-09,tpm,4.5
2011-05-10,dolar,467.69
2011-05-10,tpm,4.5
2011-05-11,dolar,465.57
2011-05-11,tpm,4.5
2011-05-12,dolar,467.83
2011-05-12,tpm,4.5
2011-05-13,dolar,468.07
2011-05-13,tpm,5
2011-05-16,dolar,465.21
2011-05-16,tpm,5
2011-05-17,dolar,469.3
2011-05-17,tpm,5
2011-05-18,dolar,474.19
2011-05-18,tpm,5
2011-05-19,dolar,471.81
2011-05-19,tpm,5
2011-05-20,dolar,468.78
2011-05-20,tpm,5
2011-05-23,dolar,468.34
2011-05-23,tpm,5
2011-05-24,dolar,472.71
2011-05-24,tpm,5
2011-05-25,dolar,471.35
2011-05-25,tpm,5
2011-05-26,dolar,471.18
2011-05-26,tpm,5
2011-05-27,dolar,470
2011-05-27,tpm,5
2011-05-30,dolar,467.31
2011-05-30,tpm,5
2011-05-31,dolar,467.31
2011-05-31,tpm,5
2011-06-01,dolar,465.13
2011-06-01,imacec,4.3
2011-06-01,ipc,0.2
2011-06-01,tpm,5
2011-06-02,dolar,466.78
2011-06-02,tpm,5
2011-06-03,dolar,467.33
2011-06-03,tpm,5
2011-06-06,dolar,468.23
2011-06-06,tpm,5
2011-06-07,dolar,468.31
2011-06-07,tpm,5
2011-06-08,dolar,466.9
2011-06-08,tpm,5
2011-06-09,dolar,467.54
2011-06-09,tpm,5
2011-06-10,dolar,467.33
2011-06-10,tpm,5
2011-06-13,dolar,468.12
2011-06-13,tpm,5
2011-06-14,dolar,467.12
2011-06-14,tpm,5
2011-06-15,dolar,466.25
2011-06-15,tpm,5.25
2011-06-16,dolar,467.92
2011-06-16,tpm,5.25
2011-06-17,dolar,471
2011-06-17,tpm,5.25
2011-06-20,dolar,471.33
2011-06-20,tpm,5.25
2011-06-21,dolar,472.95
2011-06-21,tpm,5.25
2011-06-22,dolar,471.05
2011-06-22,tpm,5.25
2011-06-23,dolar,472.04
2011-06-23,tpm,5.25
2011-06-24,dolar,474.59
2011-06-24,tpm,5.25
2011-06-28,dolar,473.64
2011-06-28,tpm,5.25
2011-06-29,dolar,472.96
2011-06-29,tpm,5.25
2011-06-30,dolar,471.13
2011-06-30,tpm,5.25
2011-07-01,dolar,468.15
2011-07-01,imacec,2.4
2011-07-01,ipc,0.1
2011-07-01,tpm,5.25
2011-07-04,dolar,465.98
2011-07-04,tpm,5.25
2011-07-05,dolar,465.34
2011-07-05,tpm,5.25
2011-07-06,dolar,465.43
2011-07-06,tpm,5.25
2011-07-07,dolar,465.36
2011-07-07,tpm,5.25
2011-07-08,dolar,462.01
2011-07-08,tpm,5.25
2011-07-11,dolar,462.89
2011-07-11,tpm,5.25
2011-07-12,dolar,466.26
2011-07-12,tpm,5.25
2011-07-13,dolar,467.4
2011-07-13,tpm,5.25
2011-07-14,dolar,463.65
2011-07-14,tpm,5.25
2011-07-15,dolar,462.02
2011-07-15,tpm,5.25
2011-07-18,dolar,462.17
2011-07-18,tpm,5.25
2011-07-19,dolar,463.94
2011-07-19,tpm,5.25
2011-07-20,dolar,461.5
2011-07-20,tpm,5.25
2011-07-21,dolar,462.32
2011-07-21,tpm,5.25
2011-07-22,dolar,461.65
2011-07-22,tpm,5.25
2011-07-25,dolar,461.36
2011-07-25,tpm,5.25
2011-07-26,dolar,462.49
2011-07-26,tpm,5.25
2011-07-27,dolar,458.73
2011-07-27,tpm,5.25
2011-07-28,dolar,457.12
2011-07-28,tpm,5.25
2011-07-29,dolar,455.91
2011-07-29,tpm,5.25
2011-08-01,dolar,457.41
2011-08-01,imacec,3.3
2011-08-01,ipc,0.2
2011-08-01,tpm,5.25
2011-08-02,dolar,458.51
2011-08-02,tpm,5.25
2011-08-03,dolar,458.05
2011-08-03,tpm,5.25
2011-08-04,dolar,460.23
2011-08-04,tpm,5.25
2011-08-05,dolar,461.79
2011-08-05,tpm,5.25
2011-08-08,dolar,464.32
2011-08-08,tpm,5.25
2011-08-09,dolar,473.38
2011-08-09,tpm,5.25
2011-08-10,dolar,473.71
2011-08-10,tpm,5.25
2011-08-11,dolar,473.05
2011-08-11,tpm,5.25
2011-08-12,dolar,474.1
2011-08-12,tpm,5.25
2011-08-16,dolar,469.87
2011-08-16,tpm,5.25
2011-08-17,dolar,472.13
2011-08-17,tpm,5.25
2011-08-18,dolar,467.66
2011-08-18,tpm,5.25
2011-08-19,dolar,470.38
2011-08-19,tpm,5.25
2011-08-22,dolar,468.47
2011-08-22,tpm,5.25
2011-08-23,dolar,467.91
2011-08-23,tpm,5.25
2011-08-24,dolar,467.48
2011-08-24,tpm,5.25
2011-08-25,dolar,466.75
2011-08-25,tpm,5.25
2011-08-26,dolar,466.88
2011-08-26,tpm,5.25
2011-08-29,dolar,466.92
2011-08-29,tpm,5.25
2011-08-30,dolar,464.73
2011-08-30,tpm,5.25
2011-08-31,dolar,465.66
2011-08-31,tpm,5.25
2011-09-01,dolar,463.19
2011-09-01,imacec,4.2
2011-09-01,ipc,0.5
2011-09-01,tpm,5.25
2011-09-02,dolar,460.62
2011-09-02,tpm,5.25
2011-09-05,dolar,460.34
2011-09-05,tpm,5.25
2011-09-06,dolar,462.37
2011-09-06,tpm,5.25
2011-09-07,dolar,464.03
2011-09-07,tpm,5.25
2011-09-08,dolar,462.63
2011-09-08,tpm,5.25
2011-09-09,dolar,463.21
2011-09-09,tpm,5.25
2011-09-12,dolar,466.74
2011-09-12,tpm,5.25
2011-09-13,dolar,474.07
2011-09-13,tpm,5.25
2011-09-14,dolar,475.6
2011-09-14,tpm,5.25
2011-09-15,dolar,476.85
2011-09-15,tpm,5.25
2011-09-16,dolar,478.57
2011-09-16,tpm,5.25
2011-09-20,dolar,479.28
2011-09-20,tpm,5.25
2011-09-21,dolar,488.19
2011-09-21,tpm,5.25
2011-09-22,dolar,500.22
2011-09-22,tpm,5.25
2011-09-23,dolar,521.85
2011-09-23,tpm,5.25
2011-09-26,dolar,519.58
2011-09-26,tpm,5.25
2011-09-27,dolar,512.34
2011-09-27,tpm,5.25
2011-09-28,dolar,504.24
2011-09-28,tpm,5.25
2011-09-29,dolar,508.51
2011-09-29,tpm,5.25
2011-09-30,dolar,515.14
2011-09-30,tpm,5.25
2011-10-01,imacec,4.5
2011-10-01,ipc,0.5
2011-10-03,dolar,521.76
2011-10-03,tpm,5.25
2011-10-04,dolar,525.95
2011-10-04,tpm,5.25
2011-10-05,dolar,533.74
2011-10-05,tpm,5.25
2011-10-06,dolar,531.05
2011-10-06,tpm,5.25
2011-10-07,dolar,523.31
2011-10-07,tpm,5.25
2011-10-11,dolar,513.76
2011-10-11,tpm,5.25
2011-10-12,dolar,512.61
2011-10-12,tpm,5.25
2011-10-13,dolar,502.33
2011-10-13,tpm,5.25
2011-10-14,dolar,504.3
2011-10-14,tpm,5.25
2011-10-17,dolar,499.57
2011-10-17,tpm,5.25
2011-10-18,dolar,501.94
2011-10-18,tpm,5.25
2011-10-19,dolar,511.14
2011-10-19,tpm,5.25
2011-10-20,dolar,509.28
2011-10-20,tpm,5.25
2011-10-21,dolar,515.57
2011-10-21,tpm,5.25
2011-10-24,dolar,512.72
2011-10-24,tpm,5.25
2011-10-25,dolar,507.12
2011-10-25,tpm,5.25
2011-10-26,dolar,503.83
2011-10-26,tpm,5.25
2011-10-27,dolar,501.12
2011-10-27,tpm,5.25
2011-10-28,dolar,492.04
2011-10-28,tpm,5.25
2011-11-01,imacec,4.4
2011-11-01,ipc,0.3
2011-11-02,dolar,490.29
2011-11-02,tpm,5.25
2011-11-03,dolar,501.49
2011-11-03,tpm,5.25
2011-11-04,dolar,497.48
2011-11-04,tpm,5.25
2011-11-07,dolar,494.08
2011-11-07,tpm,5.25
2011-11-08,dolar,499.47
2011-11-08,tpm,5.25
2011-11-09,dolar,497.43
2011-11-09,tpm,5.25
2011-11-10,dolar,500.2
2011-11-10,tpm,5.25
2011-11-11,dolar,500.84
2011-11-11,tpm,5.25
2011-11-14,dolar,499.66
2011-11-14,tpm,5.25
2011-11-15,dolar,501.35
2011-11-15,tpm,5.25
2011-11-16,dolar,506.99
2011-11-16,tpm,5.25
2011-11-17,dolar,511.66
2011-11-17,tpm,5.25
2011-11-18,dolar,511.09
2011-11-18,tpm,5.25
2011-11-21,dolar,510.11
2011-11-21,tpm,5.25
2011-11-22,dolar,518.24
2011-11-22,tpm,5.25
2011-11-23,dolar,517.96
2011-11-23,tpm,5.25
2011-11-24,dolar,524.3
2011-11-24,tpm,5.25
2011-11-25,dolar,522.4
2011-11-25,tpm,5.25
2011-11-28,dolar,526.83
2011-11-28,tpm,5.25
2011-11-29,dolar,521.07
2011-11-29,tpm,5.25
2011-11-30,dolar,524.25
2011-11-30,tpm,5.25
2011-12-01,dolar,517.37
2011-12-01,imacec,6.6
2011-12-01,ipc,0.6
2011-12-01,tpm,5.25
2011-12-02,dolar,513.73
2011-12-02,tpm,5.25
2011-12-05,dolar,512.89
2011-12-05,tpm,5.25
2011-12-06,dolar,513.09
2011-12-06,tpm,5.25
2011-12-07,dolar,512.68
2011-12-07,tpm,5.25
2011-12-09,dolar,508.67
2011-12-09,tpm,5.25
2011-12-12,dolar,510.4
2011-12-12,tpm,5.25
2011-12-13,dolar,514.11
2011-12-13,tpm,5.25
2011-12-14,dolar,515.13
2011-12-14,tpm,5.25
2011-12-15,dolar,518.49
2011-12-15,tpm,5.25
2011-12-16,dolar,519.06
2011-12-16,tpm,5.25
2011-12-19,dolar,517.29
2011-12-19,tpm,5.25
2011-12-20,dolar,520.3
2011-12-20,tpm,5.25
2011-12-21,dolar,518.66
2011-12-21,tpm,5.25
2011-12-22,dolar,522.62
2011-12-22,tpm,5.25
2011-12-23,dolar,520.21
2011-12-23,tpm,5.25
2011-12-26,dolar,520.39
2011-12-26,tpm,5.25
2011-12-27,dolar,520.54
2011-12-27,tpm,5.25
2011-12-28,dolar,521.78
2011-12-28,tpm,5.25
2011-12-29,dolar,521.74
2011-12-29,tpm,5.25
2011-12-30,dolar,521.46
2011-12-30,tpm,5.25
2012-01-01,imacec,5.1
2012-01-01,ipc,0.1
2012-01-02,dolar,519.2
2012-01-02,tpm,5.25
2012-01-03,dolar,518.2
2012-01-03,tpm,5.25
2012-01-04,dolar,514.34
2012-01-04,tpm,5.25
2012-01-05,dolar,512.23
2012-01-05,tpm,5.25
2012-01-06,dolar,511.8
2012-01-06,tpm,5.25
2012-01-09,dolar,509.54
2012-01-09,tpm,5.25
2012-01-10,dolar,512.4
2012-01-10,tpm,5.25
2012-01-11,dolar,508.76
2012-01-11,tpm,5.25
2012-01-12,dolar,506.91
2012-01-12,tpm,5.25
2012-01-13,dolar,501.47
2012-01-13,tpm,5
2012-01-16,dolar,501.99
2012-01-16,tpm,5
2012-01-17,dolar,500.99
2012-01-17,tpm,5
2012-01-18,dolar,496.68
2012-01-18,tpm,5
2012-01-19,dolar,497.05
2012-01-19,tpm,5
2012-01-20,dolar,491.93
2012-01-20,tpm,5
2012-01-23,dolar,491.59
2012-01-23,tpm,5
2012-01-24,dolar,487.87
2012-01-24,tpm,5
2012-01-25,dolar,492.96
2012-01-25,tpm,5
2012-01-26,dolar,493.58
2012-01-26,tpm,5
2012-01-27,dolar,485.64
2012-01-27,tpm,5
2012-01-30,dolar,485.35
2012-01-30,tpm,5
2012-01-31,dolar,488.99
2012-01-31,tpm,5
2012-02-01,dolar,488.75
2012-02-01,imacec,6.3
2012-02-01,ipc,0.4
2012-02-01,tpm,5
2012-02-02,dolar,487.73
2012-02-02,tpm,5
2012-02-03,dolar,483.7
2012-02-03,tpm,5
2012-02-06,dolar,478.64
2012-02-06,tpm,5
2012-02-07,dolar,481.09
2012-02-07,tpm,5
2012-02-08,dolar,479.98
2012-02-08,tpm,5
2012-02-09,dolar,477.13
2012-02-09,tpm,5
2012-02-10,dolar,475.29
2012-02-10,tpm,5
2012-02-13,dolar,478.39
2012-02-13,tpm,5
2012-02-14,dolar,478.2
2012-02-14,tpm,5
2012-02-15,dolar,482.99
2012-02-15,tpm,5
2012-02-16,dolar,482.75
2012-02-16,tpm,5
2012-02-17,dolar,486.59
2012-02-17,tpm,5
2012-02-20,dolar,483.94
2012-02-20,tpm,5
2012-02-21,dolar,482.18
2012-02-21,tpm,5
2012-02-22,dolar,481.5
2012-02-22,tpm,5
2012-02-23,dolar,483.57
2012-02-23,tpm,5
2012-02-24,dolar,481.08
2012-02-24,tpm,5
2012-02-27,dolar,479.08
2012-02-27,tpm,5
2012-02-28,dolar,481.27
2012-02-28,tpm,5
2012-02-29,dolar,477.41
2012-02-29,tpm,5
2012-03-01,dolar,476.27
2012-03-01,imacec,4
2012-03-01,ipc,0.2
2012-03-01,tpm,5
2012-03-02,dolar,480.62
2012-03-02,tpm,5
2012-03-05,dolar,484.47
2012-03-05,tpm,5
2012-03-06,dolar,485.06
2012-03-06,tpm,5
2012-03-07,dolar,489.68
2012-03-07,tpm,5
2012-03-08,dolar,491.57
2012-03-08,tpm,5
2012-03-09,dolar,485.03
2012-03-09,tpm,5
2012-03-12,dolar,483.46
2012-03-12,tpm,5
2012-03-13,dolar,484.81
2012-03-13,tpm,5
2012-03-14,dolar,484.71
2012-03-14,tpm,5
2012-03-15,dolar,485.71
2012-03-15,tpm,5
2012-03-16,dolar,484.53
2012-03-16,tpm,5
2012-03-19,dolar,480.9
2012-03-19,tpm,5
2012-03-20,dolar,482.83
2012-03-20,tpm,5
2012-03-21,dolar,485.61
2012-03-21,tpm,5
2012-03-22,dolar,484.98
2012-03-22,tpm,5
2012-03-23,dolar,487.72
2012-03-23,tpm,5
2012-03-26,dolar,489.54
2012-03-26,tpm,5
2012-03-27,dolar,486.31
2012-03-27,tpm,5
2012-03-28,dolar,486.42
2012-03-28,tpm,5
2012-03-29,dolar,488.71
2012-03-29,tpm,5
2012-03-30,dolar,489.76
2012-03-30,tpm,5
2012-04-01,imacec,5.2
2012-04-01,ipc,0.1
2012-04-02,dolar,487.44
2012-04-02,tpm,5
2012-04-03,dolar,485.76
2012-04-03,tpm,5
2012-04-04,dolar,482.17
2012-04-04,tpm,5
2012-04-05,dolar,483.78
2012-04-05,tpm,5
2012-04-09,dolar,485.07
2012-04-09,tpm,5
2012-04-10,dolar,486.1
2012-04-10,tpm,5
2012-04-11,dolar,487.04
2012-04-11,tpm,5
2012-04-12,dolar,487.37
2012-04-12,tpm,5
2012-04-13,dolar,483.98
2012-04-13,tpm,5
2012-04-16,dolar,484.58
2012-04-16,tpm,5
2012-04-17,dolar,486.95
2012-04-17,tpm,5
2012-04-18,dolar,485.83
2012-04-18,tpm,5
2012-04-19,dolar,487.32
2012-04-19,tpm,5
2012-04-20,dolar,488.96
2012-04-20,tpm,5
2012-04-23,dolar,486.07
2012-04-23,tpm,5
2012-04-24,dolar,489.64
2012-04-24,tpm,5
2012-04-25,dolar,487.15
2012-04-25,tpm,5
2012-04-26,dolar,486.52
2012-04-26,tpm,5
2012-04-27,dolar,484.88
2012-04-27,tpm,5
2012-04-30,dolar,483.41
2012-04-30,tpm,5
2012-05-01,imacec,5.5
2012-05-01,ipc,0
2012-05-02,dolar,484.87
2012-05-02,tpm,5
2012-05-03,dolar,484.7
2012-05-03,tpm,5
2012-05-04,dolar,482.12
2012-05-04,tpm,5
2012-05-07,dolar,482.12
2012-05-07,tpm,5
2012-05-08,dolar,483.44
2012-05-08,tpm,5
2012-05-09,dolar,485.54
2012-05-09,tpm,5
2012-05-10,dolar,490.17
2012-05-10,tpm,5
2012-05-11,dolar,486.32
2012-05-11,tpm,5
2012-05-14,dolar,487.8
2012-05-14,tpm,5
2012-05-15,dolar,491.42
2012-05-15,tpm,5
2012-05-16,dolar,497.11
2012-05-16,tpm,5
2012-05-17,dolar,500.77
2012-05-17,tpm,5
2012-05-18,dolar,503.76
2012-05-18,tpm,5
2012-05-22,dolar,504.47
2012-05-22,tpm,5
2012-05-23,dolar,505.46
2012-05-23,tpm,5
2012-05-24,dolar,510.17
2012-05-24,tpm,5
2012-05-25,dolar,507.83
2012-05-25,tpm,5
2012-05-28,dolar,510.56
2012-05-28,tpm,5
2012-05-29,dolar,510.26
2012-05-29,tpm,5
2012-05-30,dolar,512.05
2012-05-30,tpm,5
2012-05-31,dolar,517.91
2012-05-31,tpm,5
2012-06-01,dolar,519.69
2012-06-01,imacec,6.7
2012-06-01,ipc,-0.3
2012-06-01,tpm,5
2012-06-04,dolar,519.6
2012-06-04,tpm,5
2012-06-05,dolar,515.58
2012-06-05,tpm,5
2012-06-06,dolar,512.47
2012-06-06,tpm,5
2012-06-07,dolar,508.28
2012-06-07,tpm,5
2012-06-08,dolar,501.74
2012-06-08,tpm,5
2012-06-11,dolar,504.08
2012-06-11,tpm,5
2012-06-12,dolar,501.85
2012-06-12,tpm,5
2012-06-13,dolar,504.03
2012-06-13,tpm,5
2012-06-14,dolar,502.07
2012-06-14,tpm,5
2012-06-15,dolar,501.34
2012-06-15,tpm,5
2012-06-18,dolar,499.09
2012-06-18,tpm,5
2012-06-19,dolar,500.73
2012-06-19,tpm,5
2012-06-20,dolar,495.48
2012-06-20,tpm,5
2012-06-21,dolar,496.66
2012-06-21,tpm,5
2012-06-22,dolar,499.59
2012-06-22,tpm,5
2012-06-25,dolar,503.89
2012-06-25,tpm,5
2012-06-26,dolar,508.1
2012-06-26,tpm,5
2012-06-27,dolar,508.84
2012-06-27,tpm,5
2012-06-28,dolar,505.35
2012-06-28,tpm,5
2012-06-29,dolar,509.73
2012-06-29,tpm,5
2012-07-01,imacec,6
2012-07-01,ipc,0
2012-07-03,dolar,501.84
2012-07-03,tpm,5
2012-07-04,dolar,496.33
2012-07-04,tpm,5
2012-07-05,dolar,496.18
2012-07-05,tpm,5
2012-07-06,dolar,495.97
2012-07-06,tpm,5
2012-07-09,dolar,499.26
2012-07-09,tpm,5
2012-07-10,dolar,496.89
2012-07-10,tpm,5
2012-07-11,dolar,493.34
2012-07-11,tpm,5
2012-07-12,dolar,492.54
2012-07-12,tpm,5
2012-07-13,dolar,493.87
2012-07-13,tpm,5
2012-07-17,dolar,490.38
2012-07-17,tpm,5
2012-07-18,dolar,488.82
2012-07-18,tpm,5
2012-07-19,dolar,488.42
2012-07-19,tpm,5
2012-07-20,dolar,485.64
2012-07-20,tpm,5
2012-07-23,dolar,487.95
2012-07-23,tpm,5
2012-07-24,dolar,493.1
2012-07-24,tpm,5
2012-07-25,dolar,493.32
2012-07-25,tpm,5
2012-07-26,dolar,492.49
2012-07-26,tpm,5
2012-07-27,dolar,485.88
2012-07-27,tpm,5
2012-07-30,dolar,483.64
2012-07-30,tpm,5
2012-07-31,dolar,482.83
2012-07-31,tpm,5
2012-08-01,dolar,481.94
2012-08-01,imacec,6.3
2012-08-01,ipc,0.2
2012-08-01,tpm,5
2012-08-02,dolar,483.23
2012-08-02,tpm,5
2012-08-03,dolar,484.6
2012-08-03,tpm,5
2012-08-06,dolar,480.52
2012-08-06,tpm,5
2012-08-07,dolar,478.62
2012-08-07,tpm,5
2012-08-08,dolar,477.04
2012-08-08,tpm,5
2012-08-09,dolar,477.07
2012-08-09,tpm,5
2012-08-10,dolar,474.72
2012-08-10,tpm,5
2012-08-13,dolar,477.95
2012-08-13,tpm,5
2012-08-14,dolar,482.02
2012-08-14,tpm,5
2012-08-16,dolar,481.79
2012-08-16,tpm,5
2012-08-17,dolar,483.67
2012-08-17,tpm,5
2012-08-20,dolar,484.17
2012-08-20,tpm,5
2012-08-21,dolar,485.52
2012-08-21,tpm,5
2012-08-22,dolar,482.41
2012-08-22,tpm,5
2012-08-23,dolar,482.11
2012-08-23,tpm,5
2012-08-24,dolar,479.63
2012-08-24,tpm,5
2012-08-27,dolar,481.33
2012-08-27,tpm,5
2012-08-28,dolar,481.12
2012-08-28,tpm,5
2012-08-29,dolar,480.65
2012-08-29,tpm,5
2012-08-30,dolar,480.59
2012-08-30,tpm,5
2012-08-31,dolar,481.17
2012-08-31,tpm,5
2012-09-01,imacec,4.1
2012-09-01,ipc,0.8
2012-09-03,dolar,480.25
2012-09-03,tpm,5
2012-09-04,dolar,481.11
2012-09-04,tpm,5
2012-09-05,dolar,480.93
2012-09-05,tpm,5
2012-09-06,dolar,481.07
2012-09-06,tpm,5
2012-09-07,dolar,477.49
2012-09-07,tpm,5
2012-09-10,dolar,474.98
2012-09-10,tpm,5
2012-09-11,dolar,475.24
2012-09-11,tpm,5
2012-09-12,dolar,474.74
2012-09-12,tpm,5
2012-09-13,dolar,473.54
2012-09-13,tpm,5
2012-09-14,dolar,472.86
2012-09-14,tpm,5
2012-09-20,dolar,469.65
2012-09-20,tpm,5
2012-09-21,dolar,471.58
2012-09-21,tpm,5
2012-09-24,dolar,472.01
2012-09-24,tpm,5
2012-09-25,dolar,475.52
2012-09-25,tpm,5
2012-09-26,dolar,471.19
2012-09-26,tpm,5
2012-09-27,dolar,471.88
2012-09-27,tpm,5
2012-09-28,dolar,470.48
2012-09-28,tpm,5
2012-10-01,dolar,473.77
2012-10-01,imacec,6.8
2012-10-01,ipc,0.6
2012-10-01,tpm,5
2012-10-02,dolar,473.08
2012-10-02,tpm,5
2012-10-03,dolar,472.77
2012-10-03,tpm,5
2012-10-04,dolar,473.41
2012-10-04,tpm,5
2012-10-05,dolar,472.76
2012-10-05,tpm,5
2012-10-08,dolar,472.37
2012-10-08,tpm,5
2012-10-09,dolar,474.47
2012-10-09,tpm,5
2012-10-10,dolar,474.01
2012-10-10,tpm,5
2012-10-11,dolar,475.02
2012-10-11,tpm,5
2012-10-12,dolar,472.8
2012-10-12,tpm,5
2012-10-16,dolar,472.95
2012-10-16,tpm,5
2012-10-17,dolar,471.54
2012-10-17,tpm,5
2012-10-18,dolar,472.19
2012-10-18,tpm,5
2012-10-19,dolar,472.56
2012-10-19,tpm,5
2012-10-22,dolar,474.25
2012-10-22,tpm,5
2012-10-23,dolar,475.67
2012-10-23,tpm,5
2012-10-24,dolar,481.4
2012-10-24,tpm,5
2012-10-25,dolar,481.78
2012-10-25,tpm,5
2012-10-26,dolar,478.87
2012-10-26,tpm,5
2012-10-29,dolar,480.3
2012-10-29,tpm,5
2012-10-30,dolar,481.98
2012-10-30,tpm,5
2012-10-31,dolar,480.03
2012-10-31,tpm,5
2012-11-01,imacec,5.3
2012-11-01,ipc,-0.5
2012-11-05,dolar,480.59
2012-11-05,tpm,5
2012-11-06,dolar,482.29
2012-11-06,tpm,5
2012-11-07,dolar,479.78
2012-11-07,tpm,5
2012-11-08,dolar,479.63
2012-11-08,tpm,5
2012-11-09,dolar,478.19
2012-11-09,tpm,5
2012-11-12,dolar,479.79
2012-11-12,tpm,5
2012-11-13,dolar,479.98
2012-11-13,tpm,5
2012-11-14,dolar,483.69
2012-11-14,tpm,5
2012-11-15,dolar,484.26
2012-11-15,tpm,5
2012-11-16,dolar,483.94
2012-11-16,tpm,5
2012-11-19,dolar,484.48
2012-11-19,tpm,5
2012-11-20,dolar,480.77
2012-11-20,tpm,5
2012-11-21,dolar,478.92
2012-11-21,tpm,5
2012-11-22,dolar,477.81
2012-11-22,tpm,5
2012-11-23,dolar,476.2
2012-11-23,tpm,5
2012-11-26,dolar,478.03
2012-11-26,tpm,5
2012-11-27,dolar,480.9
2012-11-27,tpm,5
2012-11-28,dolar,481.05
2012-11-28,tpm,5
2012-11-29,dolar,481.69
2012-11-29,tpm,5
2012-11-30,dolar,479.42
2012-11-30,tpm,5
2012-12-01,imacec,3.6
2012-12-01,ipc,0
2012-12-03,dolar,480.39
2012-12-03,tpm,5
2012-12-04,dolar,481.28
2012-12-04,tpm,5
2012-12-05,dolar,481.05
2012-12-05,tpm,5
2012-12-06,dolar,480.18
2012-12-06,tpm,5
2012-12-07,dolar,477.97
2012-12-07,tpm,5
2012-12-10,dolar,477.04
2012-12-10,tpm,5
2012-12-11,dolar,476.29
2012-12-11,tpm,5
2012-12-12,dolar,474.78
2012-12-12,tpm,5
2012-12-13,dolar,474.92
2012-12-13,tpm,5
2012-12-14,dolar,474.95
2012-12-14,tpm,5
2012-12-17,dolar,474.36
2012-12-17,tpm,5
2012-12-18,dolar,474.5
2012-12-18,tpm,5
2012-12-19,dolar,474.81
2012-12-19,tpm,5
2012-12-20,dolar,474.42
2012-12-20,tpm,5
2012-12-21,dolar,475.02
2012-12-21,tpm,5
2012-12-24,dolar,476.4
2012-12-24,tpm,5
2012-12-26,dolar,479.39
2012-12-26,tpm,5
2012-12-27,dolar,479.09
2012-12-27,tpm,5
2012-12-28,dolar,478.6
2012-12-28,tpm,5
2013-01-01,imacec,6.6
2013-01-01,ipc,0.2
2013-01-02,dolar,479.96
2013-01-02,tpm,5
2013-01-03,dolar,475.31
2013-01-03,tpm,5
2013-01-04,dolar,473.25
2013-01-04,tpm,5
2013-01-07,dolar,473.13
2013-01-07,tpm,5
2013-01-08,dolar,471.47
2013-01-08,tpm,5
2013-01-09,dolar,471.36
2013-01-09,tpm,5
2013-01-10,dolar,471.15
2013-01-10,tpm,5
2013-01-11,dolar,470.67
2013-01-11,tpm,5
2013-01-14,dolar,471.92
2013-01-14,tpm,5
2013-01-15,dolar,472.62
2013-01-15,tpm,5
2013-01-16,dolar,474.9
2013-01-16,tpm,5
2013-01-17,dolar,475.47
2013-01-17,tpm,5
2013-01-18,dolar,473.06
2013-01-18,tpm,5
2013-01-21,dolar,471.63
2013-01-21,tpm,5
2013-01-22,dolar,472.02
2013-01-22,tpm,5
2013-01-23,dolar,471.45
2013-01-23,tpm,5
2013-01-24,dolar,470.98
2013-01-24,tpm,5
2013-01-25,dolar,470.68
2013-01-25,tpm,5
2013-01-28,dolar,470.99
2013-01-28,tpm,5
2013-01-29,dolar,472.56
2013-01-29,tpm,5
2013-01-30,dolar,472.73
2013-01-30,tpm,5
2013-01-31,dolar,471.4
2013-01-31,tpm,5
2013-02-01,dolar,471.44
2013-02-01,imacec,4.4
2013-02-01,ipc,0.1
2013-02-01,tpm,5
2013-02-04,dolar,471.64
2013-02-04,tpm,5
2013-02-05,dolar,472.27
2013-02-05,tpm,5
2013-02-06,dolar,472.39
2013-02-06,tpm,5
2013-02-07,dolar,473.23
2013-02-07,tpm,5
2013-02-08,dolar,472.62
2013-02-08,tpm,5
2013-02-11,dolar,472.55
2013-02-11,tpm,5
2013-02-12,dolar,472.71
2013-02-12,tpm,5
2013-02-13,dolar,472.2
2013-02-13,tpm,5
2013-02-14,dolar,470.67
2013-02-14,tpm,5
2013-02-15,dolar,470.83
2013-02-15,tpm,5
2013-02-18,dolar,470.87
2013-02-18,tpm,5
2013-02-19,dolar,471.89
2013-02-19,tpm,5
2013-02-20,dolar,472.21
2013-02-20,tpm,5
2013-02-21,dolar,472.83
2013-02-21,tpm,5
2013-02-22,dolar,473.6
2013-02-22,tpm,5
2013-02-25,dolar,473.18
2013-02-25,tpm,5
2013-02-26,dolar,473.02
2013-02-26,tpm,5
2013-02-27,dolar,473.44
2013-02-27,tpm,5
2013-02-28,dolar,473.3
2013-02-28,tpm,5
2013-03-01,dolar,472.96
2013-03-01,imacec,3.9
2013-03-01,ipc,0.4
2013-03-01,tpm,5
2013-03-04,dolar,474.31
2013-03-04,tpm,5
2013-03-05,dolar,474.82
2013-03-05,tpm,5
2013-03-06,dolar,473.01
2013-03-06,tpm,5
2013-03-07,dolar,472.7
2013-03-07,tpm,5
2013-03-08,dolar,472.06
2013-03-08,tpm,5
2013-03-11,dolar,471.9
2013-03-11,tpm,5
2013-03-12,dolar,471.69
2013-03-12,tpm,5
2013-03-13,dolar,471.16
2013-03-13,tpm,5
2013-03-14,dolar,471.28
2013-03-14,tpm,5
2013-03-15,dolar,471.1
2013-03-15,tpm,5
2013-03-18,dolar,471.63
2013-03-18,tpm,5
2013-03-19,dolar,472.38
2013-03-19,tpm,5
2013-03-20,dolar,472.34
2013-03-20,tpm,5
2013-03-21,dolar,472.79
2013-03-21,tpm,5
2013-03-22,dolar,473.03
2013-03-22,tpm,5
2013-03-25,dolar,472.77
2013-03-25,tpm,5
2013-03-26,dolar,472.6
2013-03-26,tpm,5
2013-03-27,dolar,472.61
2013-03-27,tpm,5
2013-03-28,dolar,472.54
2013-03-28,tpm,5
2013-04-01,dolar,472.03
2013-04-01,imacec,4.2
2013-04-01,ipc,-0.5
2013-04-01,tpm,5
2013-04-02,dolar,472.51
2013-04-02,tpm,5
2013-04-03,dolar,472.55
2013-04-03,tpm,5
2013-04-04,dolar,472.38
2013-04-04,tpm,5
2013-04-05,dolar,470.83
2013-04-05,tpm,5
2013-04-08,dolar,469.28
2013-04-08,tpm,5
2013-04-09,dolar,467.38
2013-04-09,tpm,5
2013-04-10,dolar,466.5
2013-04-10,tpm,5
2013-04-11,dolar,468.54
2013-04-11,tpm,5
2013-04-12,dolar,468.74
2013-04-12,tpm,5
2013-04-15,dolar,469.24
2013-04-15,tpm,5
2013-04-16,dolar,472.12
2013-04-16,tpm,5
2013-04-17,dolar,472.07
2013-04-17,tpm,5
2013-04-18,dolar,473.8
2013-04-18,tpm,5
2013-04-19,dolar,475.93
2013-04-19,tpm,5
2013-04-22,dolar,476.8
2013-04-22,tpm,5
2013-04-23,dolar,477.74
2013-04-23,tpm,5
2013-04-24,dolar,477.42
2013-04-24,tpm,5
2013-04-25,dolar,474.84
2013-04-25,tpm,5
2013-04-26,dolar,472.73
2013-04-26,tpm,5
2013-04-29,dolar,472.05
2013-04-29,tpm,5
2013-04-30,dolar,471.54
2013-04-30,tpm,5
2013-05-01,imacec,3.5
2013-05-01,ipc,0
2013-05-02,dolar,471.31
2013-05-02,tpm,5
2013-05-03,dolar,472.44
2013-05-03,tpm,5
2013-05-06,dolar,469.73
2013-05-06,tpm,5
2013-05-07,dolar,469.64
2013-05-07,tpm,5
2013-05-08,dolar,470.07
2013-05-08,tpm,5
2013-05-09,dolar,471.06
2013-05-09,tpm,5
2013-05-10,dolar,472.03
2013-05-10,tpm,5
2013-05-13,dolar,474.04
2013-05-13,tpm,5
2013-05-14,dolar,475.68
2013-05-14,tpm,5
2013-05-15,dolar,477.32
2013-05-15,tpm,5
2013-05-16,dolar,478.71
2013-05-16,tpm,5
2013-05-17,dolar,479.04
2013-05-17,tpm,5
2013-05-20,dolar,480.81
2013-05-20,tpm,5
2013-05-22,dolar,483.39
2013-05-22,tpm,5
2013-05-23,dolar,484.51
2013-05-23,tpm,5
2013-05-24,dolar,488.85
2013-05-24,tpm,5
2013-05-27,dolar,488.86
2013-05-27,tpm,5
2013-05-28,dolar,489.99
2013-05-28,tpm,5
2013-05-29,dolar,490.31
2013-05-29,tpm,5
2013-05-30,dolar,490.65
2013-05-30,tpm,5
2013-05-31,dolar,492.8
2013-05-31,tpm,5
2013-06-01,imacec,3.8
2013-06-01,ipc,0.6
2013-06-03,dolar,499.78
2013-06-03,tpm,5
2013-06-04,dolar,501.99
2013-06-04,tpm,5
2013-06-05,dolar,499.85
2013-06-05,tpm,5
2013-06-06,dolar,502.48
2013-06-06,tpm,5
2013-06-07,dolar,505.09
2013-06-07,tpm,5
2013-06-10,dolar,501.52
2013-06-10,tpm,5
2013-06-11,dolar,504.75
2013-06-11,tpm,5
2013-06-12,dolar,503.59
2013-06-12,tpm,5
2013-06-13,dolar,498.85
2013-06-13,tpm,5
2013-06-14,dolar,496.71
2013-06-14,tpm,5
2013-06-17,dolar,492.59
2013-06-17,tpm,5
2013-06-18,dolar,492.9
2013-06-18,tpm,5
2013-06-19,dolar,499.12
2013-06-19,tpm,5
2013-06-20,dolar,500.68
2013-06-20,tpm,5
2013-06-21,dolar,512.6
2013-06-21,tpm,5
2013-06-24,dolar,514.38
2013-06-24,tpm,5
2013-06-25,dolar,513.4
2013-06-25,tpm,5
2013-06-26,dolar,508.56
2013-06-26,tpm,5
2013-06-27,dolar,505.02
2013-06-27,tpm,5
2013-06-28,dolar,503.86
2013-06-28,tpm,5
2013-07-01,dolar,507.16
2013-07-01,imacec,5.9
2013-07-01,ipc,0.3
2013-07-01,tpm,5
2013-07-02,dolar,504.99
2013-07-02,tpm,5
2013-07-03,dolar,503.42
2013-07-03,tpm,5
2013-07-04,dolar,503.21
2013-07-04,tpm,5
2013-07-05,dolar,501.44
2013-07-05,tpm,5
2013-07-08,dolar,506.96
2013-07-08,tpm,5
2013-07-09,dolar,506.61
2013-07-09,tpm,5
2013-07-10,dolar,507.65
2013-07-10,tpm,5
2013-07-11,dolar,508.29
2013-07-11,tpm,5
2013-07-12,dolar,505.73
2013-07-12,tpm,5
2013-07-15,dolar,504.54
2013-07-15,tpm,5
2013-07-17,dolar,501.59
2013-07-17,tpm,5
2013-07-18,dolar,497.79
2013-07-18,tpm,5
2013-07-19,dolar,499.52
2013-07-19,tpm,5
2013-07-22,dolar,502.37
2013-07-22,tpm,5
2013-07-23,dolar,503.05
2013-07-23,tpm,5
2013-07-24,dolar,504.35
2013-07-24,tpm,5
2013-07-25,dolar,504.34
2013-07-25,tpm,5
2013-07-26,dolar,505.43
2013-07-26,tpm,5
2013-07-29,dolar,506.5
2013-07-29,tpm,5
2013-07-30,dolar,509.89
2013-07-30,tpm,5
2013-07-31,dolar,514.34
2013-07-31,tpm,5
2013-08-01,dolar,515.42
2013-08-01,imacec,4.7
2013-08-01,ipc,0.2
2013-08-01,tpm,5
2013-08-02,dolar,514.42
2013-08-02,tpm,5
2013-08-05,dolar,513.63
2013-08-05,tpm,5
2013-08-06,dolar,512.33
2013-08-06,tpm,5
2013-08-07,dolar,514.04
2013-08-07,tpm,5
2013-08-08,dolar,515.84
2013-08-08,tpm,5
2013-08-09,dolar,510.65
2013-08-09,tpm,5
2013-08-12,dolar,507.05
2013-08-12,tpm,5
2013-08-13,dolar,506.78
2013-08-13,tpm,5
2013-08-14,dolar,510.53
2013-08-14,tpm,5
2013-08-16,dolar,509.12
2013-08-16,tpm,5
2013-08-19,dolar,510.35
2013-08-19,tpm,5
2013-08-20,dolar,516.83
2013-08-20,tpm,5
2013-08-21,dolar,516.38
2013-08-21,tpm,5
2013-08-22,dolar,515.87
2013-08-22,tpm,5
2013-08-23,dolar,513.65
2013-08-23,tpm,5
2013-08-26,dolar,509.75
2013-08-26,tpm,5
2013-08-27,dolar,511.28
2013-08-27,tpm,5
2013-08-28,dolar,515.16
2013-08-28,tpm,5
2013-08-29,dolar,513.63
2013-08-29,tpm,5
2013-08-30,dolar,511.65
2013-08-30,tpm,5
2013-09-01,imacec,4.4
2013-09-01,ipc,0.5
2013-09-02,dolar,509.74
2013-09-02,tpm,5
2013-09-03,dolar,509.75
2013-09-03,tpm,5
2013-09-04,dolar,510.38
2013-09-04,tpm,5
2013-09-05,dolar,508.56
2013-09-05,tpm,5
2013-09-06,dolar,509.46
2013-09-06,tpm,5
2013-09-09,dolar,506.97
2013-09-09,tpm,5
2013-09-10,dolar,507.74
2013-09-10,tpm,5
2013-09-11,dolar,506.8
2013-09-11,tpm,5
2013-09-12,dolar,503.92
2013-09-12,tpm,5
2013-09-13,dolar,501.98
2013-09-13,tpm,5
2013-09-16,dolar,504.14
2013-09-16,tpm,5
2013-09-17,dolar,502.44
2013-09-17,tpm,5
2013-09-23,dolar,503.23
2013-09-23,tpm,5
2013-09-24,dolar,496.49
2013-09-24,tpm,5
2013-09-25,dolar,497.19
2013-09-25,tpm,5
2013-09-26,dolar,500.28
2013-09-26,tpm,5
2013-09-27,dolar,500.22
2013-09-27,tpm,5
2013-09-30,dolar,502.97
2013-09-30,tpm,5
2013-10-01,dolar,504.2
2013-10-01,imacec,2.6
2013-10-01,ipc,0.1
2013-10-01,tpm,5
2013-10-02,dolar,503.9
2013-10-02,tpm,5
2013-10-03,dolar,502.75
2013-10-03,tpm,5
2013-10-04,dolar,500.3
2013-10-04,tpm,5
2013-10-07,dolar,498.88
2013-10-07,tpm,5
2013-10-08,dolar,499.51
2013-10-08,tpm,5
2013-10-09,dolar,498.95
2013-10-09,tpm,5
2013-10-10,dolar,500.72
2013-10-10,tpm,5
2013-10-11,dolar,498.36
2013-10-11,tpm,5
2013-10-14,dolar,497.44
2013-10-14,tpm,5
2013-10-15,dolar,498.77
2013-10-15,tpm,5
2013-10-16,dolar,498.66
2013-10-16,tpm,5
2013-10-17,dolar,496.89
2013-10-17,tpm,5
2013-10-18,dolar,493.36
2013-10-18,tpm,4.75
2013-10-21,dolar,495.99
2013-10-21,tpm,4.75
2013-10-22,dolar,500.49
2013-10-22,tpm,4.75
2013-10-23,dolar,500.01
2013-10-23,tpm,4.75
2013-10-24,dolar,503.08
2013-10-24,tpm,4.75
2013-10-25,dolar,504.61
2013-10-25,tpm,4.75
2013-10-28,dolar,505.32
2013-10-28,tpm,4.75
2013-10-29,dolar,506.97
2013-10-29,tpm,4.75
2013-10-30,dolar,508.58
2013-10-30,tpm,4.75
2013-11-01,imacec,2.8
2013-11-01,ipc,0.4
2013-11-04,dolar,507.64
2013-11-04,tpm,4.75
2013-11-05,dolar,512.53
2013-11-05,tpm,4.75
2013-11-06,dolar,514.9
2013-11-06,tpm,4.75
2013-11-07,dolar,514.72
2013-11-07,tpm,4.75
2013-11-08,dolar,515.4
2013-11-08,tpm,4.75
2013-11-11,dolar,518.05
2013-11-11,tpm,4.75
2013-11-12,dolar,520
2013-11-12,tpm,4.75
2013-11-13,dolar,520.69
2013-11-13,tpm,4.75
2013-11-14,dolar,522.07
2013-11-14,tpm,4.75
2013-11-15,dolar,520.89
2013-11-15,tpm,4.75
2013-11-18,dolar,520.73
2013-11-18,tpm,4.75
2013-11-19,dolar,517.33
2013-11-19,tpm,4.75
2013-11-20,dolar,519.22
2013-11-20,tpm,4.5
2013-11-21,dolar,522.67
2013-11-21,tpm,4.5
2013-11-22,dolar,522.73
2013-11-22,tpm,4.5
2013-11-25,dolar,520.37
2013-11-25,tpm,4.5
2013-11-26,dolar,520.54
2013-11-26,tpm,4.5
2013-11-27,dolar,522.23
2013-11-27,tpm,4.5
2013-11-28,dolar,524.1
2013-11-28,tpm,4.5
2013-11-29,dolar,528.19
2013-11-29,tpm,4.5
2013-12-01,imacec,2.6
2013-12-01,ipc,0.6
2013-12-02,dolar,529.64
2013-12-02,tpm,4.5
2013-12-03,dolar,532.21
2013-12-03,tpm,4.5
2013-12-04,dolar,532.97
2013-12-04,tpm,4.5
2013-12-05,dolar,533.95
2013-12-05,tpm,4.5
2013-12-06,dolar,531.15
2013-12-06,tpm,4.5
2013-12-09,dolar,528.59
2013-12-09,tpm,4.5
2013-12-10,dolar,527.08
2013-12-10,tpm,4.5
2013-12-11,dolar,530.66
2013-12-11,tpm,4.5
2013-12-12,dolar,532.04
2013-12-12,tpm,4.5
2013-12-13,dolar,532.8
2013-12-13,tpm,4.5
2013-12-16,dolar,529.5
2013-12-16,tpm,4.5
2013-12-17,dolar,528.27
2013-12-17,tpm,4.5
2013-12-18,dolar,526.38
2013-12-18,tpm,4.5
2013-12-19,dolar,528.19
2013-12-19,tpm,4.5
2013-12-20,dolar,530.02
2013-12-20,tpm,4.5
2013-12-23,dolar,530.88
2013-12-23,tpm,4.5
2013-12-24,dolar,527.65
2013-12-24,tpm,4.5
2013-12-26,dolar,528.03
2013-12-26,tpm,4.5
2013-12-27,dolar,525.24
2013-12-27,tpm,4.5
2013-12-30,dolar,523.76
2013-12-30,tpm,4.5
2014-01-01,imacec,1.3
2014-01-01,ipc,0.2
2014-01-02,dolar,524.61
2014-01-02,tpm,4.5
2014-01-03,dolar,529.55
2014-01-03,tpm,4.5
2014-01-06,dolar,528.8
2014-01-06,tpm,4.5
2014-01-07,dolar,531.14
2014-01-07,tpm,4.5
2014-01-08,dolar,531.65
2014-01-08,tpm,4.5
2014-01-09,dolar,532.14
2014-01-09,tpm,4.5
2014-01-10,dolar,533.97
2014-01-10,tpm,4.5
2014-01-13,dolar,531.17
2014-01-13,tpm,4.5
2014-01-14,dolar,527.53
2014-01-14,tpm,4.5
2014-01-15,dolar,527.76
2014-01-15,tpm,4.5
2014-01-16,dolar,529.51
2014-01-16,tpm,4.5
2014-01-17,dolar,531.68
2014-01-17,tpm,4.5
2014-01-20,dolar,537
2014-01-20,tpm,4.5
2014-01-21,dolar,541.59
2014-01-21,tpm,4.5
2014-01-22,dolar,543.93
2014-01-22,tpm,4.5
2014-01-23,dolar,544.24
2014-01-23,tpm,4.5
2014-01-24,dolar,546.42
2014-01-24,tpm,4.5
2014-01-27,dolar,550.53
2014-01-27,tpm,4.5
2014-01-28,dolar,548.34
2014-01-28,tpm,4.5
2014-01-29,dolar,547.07
2014-01-29,tpm,4.5
2014-01-30,dolar,548.8
2014-01-30,tpm,4.5
2014-01-31,dolar,547.22
2014-01-31,tpm,4.5
2014-02-01,imacec,3.3
2014-02-01,ipc,0.5
2014-02-03,dolar,553.84
2014-02-03,tpm,4.5
2014-02-04,dolar,556.52
2014-02-04,tpm,4.5
2014-02-05,dolar,557.55
2014-02-05,tpm,4.5
2014-02-06,dolar,559.24
2014-02-06,tpm,4.5
2014-02-07,dolar,556.14
2014-02-07,tpm,4.5
2014-02-10,dolar,553.16
2014-02-10,tpm,4.5
2014-02-11,dolar,555.35
2014-02-11,tpm,4.5
2014-02-12,dolar,554.56
2014-02-12,tpm,4.5
2014-02-13,dolar,552.91
2014-02-13,tpm,4.5
2014-02-14,dolar,549.44
2014-02-14,tpm,4.5
2014-02-17,dolar,546.94
2014-02-17,tpm,4.5
2014-02-18,dolar,546.99
2014-02-18,tpm,4.5
2014-02-19,dolar,548.11
2014-02-19,tpm,4.25
2014-02-20,dolar,552.43
2014-02-20,tpm,4.25
2014-02-21,dolar,555.37
2014-02-21,tpm,4.25
2014-02-24,dolar,555.51
2014-02-24,tpm,4.25
2014-02-25,dolar,555.1
2014-02-25,tpm,4.25
2014-02-26,dolar,556.67
2014-02-26,tpm,4.25
2014-02-27,dolar,559.02
2014-02-27,tpm,4.25
2014-02-28,dolar,563.32
2014-02-28,tpm,4.25
2014-03-01,imacec,2.8
2014-03-01,ipc,0.8
2014-03-03,dolar,559.38
2014-03-03,tpm,4.25
2014-03-04,dolar,561.52
2014-03-04,tpm,4.25
2014-03-05,dolar,558.28
2014-03-05,tpm,4.25
2014-03-06,dolar,562.7
2014-03-06,tpm,4.25
2014-03-07,dolar,559.54
2014-03-07,tpm,4.25
2014-03-10,dolar,561.55
2014-03-10,tpm,4.25
2014-03-11,dolar,569.64
2014-03-11,tpm,4.25
2014-03-12,dolar,570.69
2014-03-12,tpm,4.25
2014-03-13,dolar,573.24
2014-03-13,tpm,4.25
2014-03-14,dolar,570.84
2014-03-14,tpm,4
2014-03-17,dolar,572.03
2014-03-17,tpm,4
2014-03-18,dolar,570.35
2014-03-18,tpm,4
2014-03-19,dolar,570.91
2014-03-19,tpm,4
2014-03-20,dolar,569.66
2014-03-20,tpm,4
2014-03-21,dolar,568.49
2014-03-21,tpm,4
2014-03-24,dolar,561.91
2014-03-24,tpm,4
2014-03-25,dolar,562.7
2014-03-25,tpm,4
2014-03-26,dolar,559.57
2014-03-26,tpm,4
2014-03-27,dolar,555.75
2014-03-27,tpm,4
2014-03-28,dolar,551.43
2014-03-28,tpm,4
2014-03-31,dolar,550.53
2014-03-31,tpm,4
2014-04-01,dolar,551.18
2014-04-01,imacec,2.1
2014-04-01,ipc,0.6
2014-04-01,tpm,4
2014-04-02,dolar,550.62
2014-04-02,tpm,4
2014-04-03,dolar,553.6
2014-04-03,tpm,4
2014-04-04,dolar,555.97
2014-04-04,tpm,4
2014-04-07,dolar,555.08
2014-04-07,tpm,4
2014-04-08,dolar,553.59
2014-04-08,tpm,4
2014-04-09,dolar,546.72
2014-04-09,tpm,4
2014-04-10,dolar,548.13
2014-04-10,tpm,4
2014-04-11,dolar,544.96
2014-04-11,tpm,4
2014-04-14,dolar,548.31
2014-04-14,tpm,4
2014-04-15,dolar,549.04
2014-04-15,tpm,4
2014-04-16,dolar,554.22
2014-04-16,tpm,4
2014-04-17,dolar,555.84
2014-04-17,tpm,4
2014-04-21,dolar,557.63
2014-04-21,tpm,4
2014-04-22,dolar,557.02
2014-04-22,tpm,4
2014-04-23,dolar,561.7
2014-04-23,tpm,4
2014-04-24,dolar,563.76
2014-04-24,tpm,4
2014-04-25,dolar,559.67
2014-04-25,tpm,4
2014-04-28,dolar,560.36
2014-04-28,tpm,4
2014-04-29,dolar,559.5
2014-04-29,tpm,4
2014-04-30,dolar,560.56
2014-04-30,tpm,4
2014-05-01,imacec,2.6
2014-05-01,ipc,0.3
2014-05-02,dolar,564.59
2014-05-02,tpm,4
2014-05-05,dolar,563.39
2014-05-05,tpm,4
2014-05-06,dolar,565.09
2014-05-06,tpm,4
2014-05-07,dolar,566.88
2014-05-07,tpm,4
2014-05-08,dolar,566.11
2014-05-08,tpm,4
2014-05-09,dolar,555.74
2014-05-09,tpm,4
2014-05-12,dolar,555.77
2014-05-12,tpm,4
2014-05-13,dolar,551.36
2014-05-13,tpm,4
2014-05-14,dolar,549.05
2014-05-14,tpm,4
2014-05-15,dolar,550.22
2014-05-15,tpm,4
2014-05-16,dolar,553.62
2014-05-16,tpm,4
2014-05-19,dolar,550.46
2014-05-19,tpm,4
2014-05-20,dolar,548.61
2014-05-20,tpm,4
2014-05-22,dolar,551.45
2014-05-22,tpm,4
2014-05-23,dolar,550.7
2014-05-23,tpm,4
2014-05-26,dolar,553.95
2014-05-26,tpm,4
2014-05-27,dolar,554.04
2014-05-27,tpm,4
2014-05-28,dolar,555.99
2014-05-28,tpm,4
2014-05-29,dolar,552.98
2014-05-29,tpm,4
2014-05-30,dolar,548.04
2014-05-30,tpm,4
2014-06-01,imacec,1.1
2014-06-01,ipc,0.1
2014-06-02,dolar,550.72
2014-06-02,tpm,4
2014-06-03,dolar,550.23
2014-06-03,tpm,4
2014-06-04,dolar,550.68
2014-06-04,tpm,4
2014-06-05,dolar,552.62
2014-06-05,tpm,4
2014-06-06,dolar,551.63
2014-06-06,tpm,4
2014-06-09,dolar,549.59
2014-06-09,tpm,4
2014-06-10,dolar,549.89
2014-06-10,tpm,4
2014-06-11,dolar,553.12
2014-06-11,tpm,4
2014-06-12,dolar,554.41
2014-06-12,tpm,4
2014-06-13,dolar,553.43
2014-06-13,tpm,4
2014-06-16,dolar,554.8
2014-06-16,tpm,4
2014-06-17,dolar,556.76
2014-06-17,tpm,4
2014-06-18,dolar,559.03
2014-06-18,tpm,4
2014-06-19,dolar,559.12
2014-06-19,tpm,4
2014-06-20,dolar,556.69
2014-06-20,tpm,4
2014-06-23,dolar,557.14
2014-06-23,tpm,4
2014-06-24,dolar,553.12
2014-06-24,tpm,4
2014-06-25,dolar,550.64
2014-06-25,tpm,4
2014-06-26,dolar,550.09
2014-06-26,tpm,4
2014-06-27,dolar,550.02
2014-06-27,tpm,4
2014-06-30,dolar,550.6
2014-06-30,tpm,4
2014-07-01,dolar,552.72
2014-07-01,imacec,0.9
2014-07-01,ipc,0.2
2014-07-01,tpm,4
2014-07-02,dolar,552.09
2014-07-02,tpm,4
2014-07-03,dolar,552.18
2014-07-03,tpm,4
2014-07-04,dolar,550.84
2014-07-04,tpm,4
2014-07-07,dolar,548.72
2014-07-07,tpm,4
2014-07-08,dolar,550.49
2014-07-08,tpm,4
2014-07-09,dolar,552.37
2014-07-09,tpm,4
2014-07-10,dolar,553.54
2014-07-10,tpm,4
2014-07-11,dolar,553.29
2014-07-11,tpm,4
2014-07-14,dolar,554.05
2014-07-14,tpm,4
2014-07-15,dolar,553.93
2014-07-15,tpm,4
2014-07-17,dolar,556.39
2014-07-17,tpm,3.75
2014-07-18,dolar,562.92
2014-07-18,tpm,3.75
2014-07-21,dolar,566.86
2014-07-21,tpm,3.75
2014-07-22,dolar,565.86
2014-07-22,tpm,3.75
2014-07-23,dolar,563.71
2014-07-23,tpm,3.75
2014-07-24,dolar,563.88
2014-07-24,tpm,3.75
2014-07-25,dolar,563.3
2014-07-25,tpm,3.75
2014-07-28,dolar,563.48
2014-07-28,tpm,3.75
2014-07-29,dolar,563.57
2014-07-29,tpm,3.75
2014-07-30,dolar,565.88
2014-07-30,tpm,3.75
2014-07-31,dolar,570.51
2014-07-31,tpm,3.75
2014-08-01,dolar,573.14
2014-08-01,imacec,0.3
2014-08-01,ipc,0.3
2014-08-01,tpm,3.75
2014-08-04,dolar,572.61
2014-08-04,tpm,3.75
2014-08-05,dolar,571.75
2014-08-05,tpm,3.75
2014-08-06,dolar,576.66
2014-08-06,tpm,3.75
2014-08-07,dolar,577.36
2014-08-07,tpm,3.75
2014-08-08,dolar,576.19
2014-08-08,tpm,3.75
2014-08-11,dolar,576.14
2014-08-11,tpm,3.75
2014-08-12,dolar,574.3
2014-08-12,tpm,3.75
2014-08-13,dolar,576.23
2014-08-13,tpm,3.75
2014-08-14,dolar,576.49
2014-08-14,tpm,3.75
2014-08-18,dolar,576.49
2014-08-18,tpm,3.5
2014-08-19,dolar,576.15
2014-08-19,tpm,3.5
2014-08-20,dolar,578.54
2014-08-20,tpm,3.5
2014-08-21,dolar,583.09
2014-08-21,tpm,3.5
2014-08-22,dolar,582.76
2014-08-22,tpm,3.5
2014-08-25,dolar,583.19
2014-08-25,tpm,3.5
2014-08-26,dolar,583.13
2014-08-26,tpm,3.5
2014-08-27,dolar,584.87
2014-08-27,tpm,3.5
2014-08-28,dolar,588.67
2014-08-28,tpm,3.5
2014-08-29,dolar,593.28
2014-08-29,tpm,3.5
2014-09-01,dolar,590.91
2014-09-01,imacec,1.4
2014-09-01,ipc,0.8
2014-09-01,tpm,3.5
2014-09-02,dolar,589.03
2014-09-02,tpm,3.5
2014-09-03,dolar,591.55
2014-09-03,tpm,3.5
2014-09-04,dolar,588.52
2014-09-04,tpm,3.5
2014-09-05,dolar,591.43
2014-09-05,tpm,3.5
2014-09-08,dolar,586.41
2014-09-08,tpm,3.5
2014-09-09,dolar,585.29
2014-09-09,tpm,3.5
2014-09-10,dolar,592.34
2014-09-10,tpm,3.5
2014-09-11,dolar,590.82
2014-09-11,tpm,3.5
2014-09-12,dolar,590.14
2014-09-12,tpm,3.25
2014-09-15,dolar,590.6
2014-09-15,tpm,3.25
2014-09-16,dolar,594.71
2014-09-16,tpm,3.25
2014-09-17,dolar,593.76
2014-09-17,tpm,3.25
2014-09-22,dolar,594.09
2014-09-22,tpm,3.25
2014-09-23,dolar,600.36
2014-09-23,tpm,3.25
2014-09-24,dolar,600.3
2014-09-24,tpm,3.25
2014-09-25,dolar,598.87
2014-09-25,tpm,3.25
2014-09-26,dolar,598.91
2014-09-26,tpm,3.25
2014-09-29,dolar,599.66
2014-09-29,tpm,3.25
2014-09-30,dolar,601.66
2014-09-30,tpm,3.25
2014-10-01,dolar,599.22
2014-10-01,imacec,1.5
2014-10-01,ipc,1
2014-10-01,tpm,3.25
2014-10-02,dolar,597.26
2014-10-02,tpm,3.25
2014-10-03,dolar,596.08
2014-10-03,tpm,3.25
2014-10-06,dolar,598.64
2014-10-06,tpm,3.25
2014-10-07,dolar,597.72
2014-10-07,tpm,3.25
2014-10-08,dolar,596.95
2014-10-08,tpm,3.25
2014-10-09,dolar,594.71
2014-10-09,tpm,3.25
2014-10-10,dolar,592.13
2014-10-10,tpm,3.25
2014-10-13,dolar,594.3
2014-10-13,tpm,3.25
2014-10-14,dolar,590.01
2014-10-14,tpm,3.25
2014-10-15,dolar,588.4
2014-10-15,tpm,3.25
2014-10-16,dolar,588.22
2014-10-16,tpm,3.25
2014-10-17,dolar,591.16
2014-10-17,tpm,3
2014-10-20,dolar,587.61
2014-10-20,tpm,3
2014-10-21,dolar,587.12
2014-10-21,tpm,3
2014-10-22,dolar,583.92
2014-10-22,tpm,3
2014-10-23,dolar,584.14
2014-10-23,tpm,3
2014-10-24,dolar,584.4
2014-10-24,tpm,3
2014-10-27,dolar,584.2
2014-10-27,tpm,3
2014-10-28,dolar,585.1
2014-10-28,tpm,3
2014-10-29,dolar,581.62
2014-10-29,tpm,3
2014-10-30,dolar,576.65
2014-10-30,tpm,3
2014-11-01,imacec,1.3
2014-11-01,ipc,0
2014-11-03,dolar,576.5
2014-11-03,tpm,3
2014-11-04,dolar,580.62
2014-11-04,tpm,3
2014-11-05,dolar,585.97
2014-11-05,tpm,3
2014-11-06,dolar,588.48
2014-11-06,tpm,3
2014-11-07,dolar,590.44
2014-11-07,tpm,3
2014-11-10,dolar,589.72
2014-11-10,tpm,3
2014-11-11,dolar,586.33
2014-11-11,tpm,3
2014-11-12,dolar,590.58
2014-11-12,tpm,3
2014-11-13,dolar,592.48
2014-11-13,tpm,3
2014-11-14,dolar,594.14
2014-11-14,tpm,3
2014-11-17,dolar,595.84
2014-11-17,tpm,3
2014-11-18,dolar,595.22
2014-11-18,tpm,3
2014-11-19,dolar,596.21
2014-11-19,tpm,3
2014-11-20,dolar,599.53
2014-11-20,tpm,3
2014-11-21,dolar,600.37
2014-11-21,tpm,3
2014-11-24,dolar,595.32
2014-11-24,tpm,3
2014-11-25,dolar,594.36
2014-11-25,tpm,3
2014-11-26,dolar,597.89
2014-11-26,tpm,3
2014-11-27,dolar,600.25
2014-11-27,tpm,3
2014-11-28,dolar,598.94
2014-11-28,tpm,3
2014-12-01,dolar,605.46
2014-12-01,imacec,2.9
2014-12-01,ipc,-0.4
2014-12-01,tpm,3
2014-12-02,dolar,610.79
2014-12-02,tpm,3
2014-12-03,dolar,614.77
2014-12-03,tpm,3
2014-12-04,dolar,612.44
2014-12-04,tpm,3
2014-12-05,dolar,611.68
2014-12-05,tpm,3
2014-12-09,dolar,611.4
2014-12-09,tpm,3
2014-12-10,dolar,613.77
2014-12-10,tpm,3
2014-12-11,dolar,615.49
2014-12-11,tpm,3
2014-12-12,dolar,615.9
2014-12-12,tpm,3
2014-12-15,dolar,617.45
2014-12-15,tpm,3
2014-12-16,dolar,618.49
2014-12-16,tpm,3
2014-12-17,dolar,621.41
2014-12-18,dolar,619.19
2014-12-19,dolar,614.16
2014-12-19,tpm,3
2014-12-22,dolar,612.55
2014-12-23,dolar,610.26
2014-12-23,tpm,3
2014-12-24,dolar,608.47
2014-12-24,tpm,3
2014-12-26,dolar,609.17
2014-12-29,dolar,608.15
2014-12-30,dolar,607.38
2015-01-01,imacec,2.7
2015-01-01,ipc,0.1
2015-01-02,dolar,606.75
2015-01-02,tpm,3
2015-01-05,dolar,612.47
2015-01-05,tpm,3
2015-01-06,dolar,616.76
2015-01-06,tpm,3
2015-01-07,dolar,616.09
2015-01-07,tpm,3
2015-01-08,dolar,614.76
2015-01-08,tpm,3
2015-01-09,dolar,613.08
2015-01-09,tpm,3
2015-01-12,dolar,614.03
2015-01-12,tpm,3
2015-01-13,dolar,616.52
2015-01-13,tpm,3
2015-01-14,dolar,617.53
2015-01-14,tpm,3
2015-01-15,dolar,625.38
2015-01-15,tpm,3
2015-01-16,dolar,623.67
2015-01-16,tpm,3
2015-01-19,dolar,627.01
2015-01-19,tpm,3
2015-01-20,dolar,629.09
2015-01-20,tpm,3
2015-01-21,dolar,627.23
2015-01-21,tpm,3
2015-01-22,dolar,628.44
2015-01-22,tpm,3
2015-01-23,dolar,625.95
2015-01-23,tpm,3
2015-01-26,dolar,626.38
2015-01-26,tpm,3
2015-01-27,dolar,625.67
2015-01-27,tpm,3
2015-01-28,dolar,623.37
2015-01-28,tpm,3
2015-01-29,dolar,622.44
2015-01-29,tpm,3
2015-01-30,dolar,626.48
2015-01-30,tpm,3
2015-02-01,imacec,2
2015-02-01,ipc,0.4
2015-02-02,dolar,632.03
2015-02-02,tpm,3
2015-02-03,dolar,632.19
2015-02-03,tpm,3
2015-02-04,dolar,626.97
2015-02-04,tpm,3
2015-02-05,dolar,627.09
2015-02-05,tpm,3
2015-02-06,dolar,624.8
2015-02-06,tpm,3
2015-02-09,dolar,623.21
2015-02-10,dolar,626.04
2015-02-10,tpm,3
2015-02-11,dolar,626.44
2015-02-11,tpm,3
2015-02-12,dolar,628.22
2015-02-12,tpm,3
2015-02-13,dolar,626.92
2015-02-13,tpm,3
2015-02-16,dolar,620.18
2015-02-16,tpm,3
2015-02-17,dolar,619.72
2015-02-17,tpm,3
2015-02-18,dolar,619.72
2015-02-18,tpm,3
2015-02-19,dolar,620.4
2015-02-19,tpm,3
2015-02-20,dolar,620.33
2015-02-20,tpm,3
2015-02-23,dolar,616.86
2015-02-23,tpm,3
2015-02-24,dolar,621.18
2015-02-24,tpm,3
2015-02-25,dolar,622.88
2015-02-26,dolar,619.5
2015-02-27,dolar,617.67
2015-02-27,tpm,3
2015-03-01,imacec,1.6
2015-03-01,ipc,0.6
2015-03-02,dolar,618.76
2015-03-03,dolar,617.38
2015-03-04,dolar,617.6
2015-03-04,tpm,3
2015-03-05,dolar,619.78
2015-03-06,dolar,619.61
2015-03-06,tpm,3
2015-03-09,dolar,624.68
2015-03-09,tpm,3
2015-03-10,dolar,628.47
2015-03-10,tpm,3
2015-03-11,dolar,633.03
2015-03-11,tpm,3
2015-03-12,dolar,637.59
2015-03-12,tpm,3
2015-03-13,dolar,633.54
2015-03-13,tpm,3
2015-03-16,dolar,639.02
2015-03-16,tpm,3
2015-03-17,dolar,639.37
2015-03-17,tpm,3
2015-03-18,dolar,640.84
2015-03-18,tpm,3
2015-03-19,dolar,642.18
2015-03-19,tpm,3
2015-03-20,dolar,638.82
2015-03-20,tpm,3
2015-03-23,dolar,635.62
2015-03-23,tpm,3
2015-03-24,dolar,627
2015-03-24,tpm,3
2015-03-25,dolar,623.65
2015-03-25,tpm,3
2015-03-26,dolar,619.79
2015-03-26,tpm,3
2015-03-27,dolar,620.68
2015-03-27,tpm,3
2015-03-30,dolar,622.79
2015-03-30,tpm,3
2015-03-31,dolar,626.87
2015-03-31,tpm,3
2015-04-01,dolar,626.58
2015-04-01,imacec,1.7
2015-04-01,ipc,0.6
2015-04-01,tpm,3
2015-04-02,dolar,618.22
2015-04-02,tpm,3
2015-04-06,dolar,614.77
2015-04-06,tpm,3
2015-04-07,dolar,610.74
2015-04-08,dolar,611.01
2015-04-09,dolar,611.05
2015-04-09,tpm,3
2015-04-10,dolar,613.91
2015-04-10,tpm,3
2015-04-13,dolar,619.42
2015-04-13,tpm,3
2015-04-14,dolar,621.1
2015-04-14,tpm,3
2015-04-15,dolar,614.06
2015-04-15,tpm,3
2015-04-16,dolar,616.7
2015-04-16,tpm,3
2015-04-17,dolar,612.3
2015-04-17,tpm,3
2015-04-20,dolar,612.73
2015-04-20,tpm,3
2015-04-21,dolar,615.42
2015-04-21,tpm,3
2015-04-22,dolar,616.42
2015-04-22,tpm,3
2015-04-23,dolar,618.02
2015-04-23,tpm,3
2015-04-24,dolar,618.12
2015-04-24,tpm,3
2015-04-27,dolar,614.42
2015-04-27,tpm,3
2015-04-28,dolar,611.08
2015-04-28,tpm,3
2015-04-29,dolar,606.39
2015-04-29,tpm,3
2015-04-30,dolar,606.82
2015-04-30,tpm,3
2015-05-01,imacec,0.8
2015-05-01,ipc,0.2
2015-05-04,dolar,611.28
2015-05-05,dolar,614.48
2015-05-05,tpm,3
2015-05-06,dolar,611.89
2015-05-07,dolar,608.84
2015-05-07,tpm,3
2015-05-08,dolar,610.61
2015-05-08,tpm,3
2015-05-11,dolar,605.77
2015-05-12,dolar,606.92
2015-05-12,tpm,3
2015-05-13,dolar,607.31
2015-05-14,dolar,600.5
2015-05-14,tpm,3
2015-05-15,dolar,598.4
2015-05-15,tpm,3
2015-05-18,dolar,597.1
2015-05-18,tpm,3
2015-05-19,dolar,599.06
2015-05-19,tpm,3
2015-05-20,dolar,603.09
2015-05-20,tpm,3
2015-05-22,dolar,605.41
2015-05-22,tpm,3
2015-05-25,dolar,607.6
2015-05-25,tpm,3
2015-05-26,dolar,609.87
2015-05-26,tpm,3
2015-05-27,dolar,612.62
2015-05-27,tpm,3
2015-05-28,dolar,616.14
2015-05-28,tpm,3
2015-05-29,dolar,617.45
2015-05-29,tpm,3
2015-06-01,dolar,616.66
2015-06-01,imacec,2.7
2015-06-01,ipc,0.5
2015-06-01,tpm,3
2015-06-02,dolar,621.69
2015-06-02,tpm,3
2015-06-03,dolar,622.21
2015-06-03,tpm,3
2015-06-04,dolar,626.01
2015-06-04,tpm,3
2015-06-05,dolar,628.06
2015-06-05,tpm,3
2015-06-08,dolar,635.61
2015-06-08,tpm,3
2015-06-09,dolar,633.7
2015-06-09,tpm,3
2015-06-10,dolar,626.55
2015-06-10,tpm,3
2015-06-11,dolar,624.45
2015-06-11,tpm,3
2015-06-12,dolar,631.98
2015-06-12,tpm,3
2015-06-15,dolar,631.06
2015-06-15,tpm,3
2015-06-16,dolar,634.13
2015-06-16,tpm,3
2015-06-17,dolar,633.69
2015-06-17,tpm,3
2015-06-18,dolar,637.8
2015-06-18,tpm,3
2015-06-19,dolar,629.59
2015-06-19,tpm,3
2015-06-22,dolar,632.31
2015-06-22,tpm,3
2015-06-23,dolar,630.64
2015-06-23,tpm,3
2015-06-24,dolar,634.54
2015-06-24,tpm,3
2015-06-25,dolar,632.82
2015-06-25,tpm,3
2015-06-26,dolar,631.81
2015-06-26,tpm,3
2015-06-30,dolar,634.58
2015-06-30,tpm,3
2015-07-01,dolar,639.04
2015-07-01,imacec,2.5
2015-07-01,ipc,0.4
2015-07-01,tpm,3
2015-07-02,dolar,639.04
2015-07-02,tpm,3
2015-07-03,dolar,637.02
2015-07-03,tpm,3
2015-07-06,dolar,636.39
2015-07-06,tpm,3
2015-07-07,dolar,641.5
2015-07-08,dolar,648.33
2015-07-09,dolar,652.4
2015-07-09,tpm,3
2015-07-10,dolar,646.94
2015-07-10,tpm,3
2015-07-13,dolar,646.15
2015-07-13,tpm,3
2015-07-14,dolar,647.68
2015-07-14,tpm,3
2015-07-15,dolar,643.6
2015-07-15,tpm,3
2015-07-17,dolar,643.07
2015-07-17,tpm,3
2015-07-20,dolar,644.9
2015-07-20,tpm,3
2015-07-21,dolar,649.3
2015-07-21,tpm,3
2015-07-22,dolar,651.17
2015-07-22,tpm,3
2015-07-23,dolar,654.19
2015-07-23,tpm,3
2015-07-24,dolar,654.29
2015-07-24,tpm,3
2015-07-27,dolar,660.67
2015-07-27,tpm,3
2015-07-28,dolar,665.18
2015-07-28,tpm,3
2015-07-29,dolar,664.5
2015-07-29,tpm,3
2015-07-30,dolar,665.52
2015-07-30,tpm,3
2015-07-31,dolar,672.19
2015-07-31,tpm,3
2015-08-01,imacec,1.1
2015-08-01,ipc,0.7
2015-08-03,dolar,671.11
2015-08-03,tpm,3
2015-08-04,dolar,678.44
2015-08-04,tpm,3
2015-08-05,dolar,677.36
2015-08-05,tpm,3
2015-08-06,dolar,682.55
2015-08-06,tpm,3
2015-08-07,dolar,684.12
2015-08-07,tpm,3
2015-08-10,dolar,678.36
2015-08-11,dolar,676.43
2015-08-11,tpm,3
2015-08-12,dolar,680.32
2015-08-13,dolar,681.76
2015-08-14,dolar,684.89
2015-08-14,tpm,3
2015-08-17,dolar,683.83
2015-08-17,tpm,3
2015-08-18,dolar,689.36
2015-08-18,tpm,3
2015-08-19,dolar,697.25
2015-08-19,tpm,3
2015-08-20,dolar,694.88
2015-08-20,tpm,3
2015-08-21,dolar,694.19
2015-08-21,tpm,3
2015-08-24,dolar,693.94
2015-08-24,tpm,3
2015-08-25,dolar,705.68
2015-08-25,tpm,3
2015-08-26,dolar,699.91
2015-08-26,tpm,3
2015-08-27,dolar,706.24
2015-08-27,tpm,3
2015-08-28,dolar,699.69
2015-08-28,tpm,3
2015-08-31,dolar,690.12
2015-08-31,tpm,3
2015-09-01,dolar,695.25
2015-09-01,imacec,2.6
2015-09-01,ipc,0.5
2015-09-01,tpm,3
2015-09-02,dolar,691.88
2015-09-02,tpm,3
2015-09-03,dolar,688.24
2015-09-03,tpm,3
2015-09-04,dolar,688.41
2015-09-04,tpm,3
2015-09-07,dolar,691.22
2015-09-07,tpm,3
2015-09-08,dolar,693.78
2015-09-08,tpm,3
2015-09-09,dolar,688.33
2015-09-09,tpm,3
2015-09-10,dolar,688.33
2015-09-10,tpm,3
2015-09-11,dolar,691.03
2015-09-11,tpm,3
2015-09-14,dolar,684.54
2015-09-14,tpm,3
2015-09-15,dolar,688.65
2015-09-15,tpm,3
2015-09-16,dolar,686.38
2015-09-16,tpm,3
2015-09-17,dolar,680.16
2015-09-17,tpm,3
2015-09-21,dolar,676.74
2015-09-21,tpm,3
2015-09-22,dolar,682.67
2015-09-22,tpm,3
2015-09-23,dolar,696.47
2015-09-23,tpm,3
2015-09-24,dolar,700.43
2015-09-24,tpm,3
2015-09-25,dolar,705.92
2015-09-25,tpm,3
2015-09-28,dolar,697.91
2015-09-28,tpm,3
2015-09-29,dolar,705.29
2015-09-29,tpm,3
2015-09-30,dolar,704.68
2015-10-01,dolar,698.72
2015-10-01,imacec,1.5
2015-10-01,ipc,0.4
2015-10-01,tpm,3
2015-10-02,dolar,695.53
2015-10-02,tpm,3
2015-10-05,dolar,695.33
2015-10-05,tpm,3
2015-10-06,dolar,685.83
2015-10-06,tpm,3
2015-10-07,dolar,681.29
2015-10-07,tpm,3
2015-10-08,dolar,678.59
2015-10-08,tpm,3
2015-10-09,dolar,681.7
2015-10-09,tpm,3
2015-10-13,dolar,675.37
2015-10-13,tpm,3
2015-10-14,dolar,683.05
2015-10-14,tpm,3
2015-10-15,dolar,681.07
2015-10-15,tpm,3
2015-10-16,dolar,675.62
2015-10-16,tpm,3
2015-10-19,dolar,673.91
2015-10-19,tpm,3.25
2015-10-20,dolar,679.31
2015-10-20,tpm,3.25
2015-10-21,dolar,684.21
2015-10-22,dolar,692.7
2015-10-22,tpm,3.25
2015-10-23,dolar,691.62
2015-10-23,tpm,3.25
2015-10-26,dolar,686.95
2015-10-26,tpm,3.25
2015-10-27,dolar,685.64
2015-10-27,tpm,3.25
2015-10-28,dolar,687.45
2015-10-28,tpm,3.25
2015-10-29,dolar,687.37
2015-10-30,dolar,690.34
2015-10-30,tpm,3.25
2015-11-01,imacec,1.8
2015-11-01,ipc,0
2015-11-02,dolar,690.32
2015-11-02,tpm,3.25
2015-11-03,dolar,691.92
2015-11-03,tpm,3.25
2015-11-04,dolar,691.19
2015-11-04,tpm,3.25
2015-11-05,dolar,688.94
2015-11-05,tpm,3.25
2015-11-06,dolar,693.49
2015-11-06,tpm,3.25
2015-11-09,dolar,697.07
2015-11-09,tpm,3.25
2015-11-10,dolar,701.26
2015-11-10,tpm,3.25
2015-11-11,dolar,702.7
2015-11-11,tpm,3.25
2015-11-12,dolar,699.08
2015-11-12,tpm,3.25
2015-11-13,dolar,702.51
2015-11-13,tpm,3.25
2015-11-16,dolar,705.09
2015-11-16,tpm,3.25
2015-11-17,dolar,709.59
2015-11-17,tpm,3.25
2015-11-18,dolar,710.46
2015-11-18,tpm,3.25
2015-11-19,dolar,714.12
2015-11-19,tpm,3.25
2015-11-20,dolar,711.96
2015-11-23,dolar,709.04
2015-11-23,tpm,3.25
2015-11-24,dolar,715.66
2015-11-24,tpm,3.25
2015-11-25,dolar,711.42
2015-11-26,dolar,713.47
2015-11-26,tpm,3.25
2015-11-27,dolar,712.13
2015-11-30,dolar,712.63
2015-11-30,tpm,3.25
2015-12-01,dolar,711.2
2015-12-01,imacec,1.5
2015-12-01,ipc,0
2015-12-02,dolar,707.15
2015-12-03,dolar,703.47
2015-12-03,tpm,3.25
2015-12-04,dolar,701.56
2015-12-04,tpm,3.25
2015-12-07,dolar,701.04
2015-12-07,tpm,3.25
2015-12-09,dolar,706.34
2015-12-09,tpm,3.25
2015-12-10,dolar,704.7
2015-12-10,tpm,3.25
2015-12-11,dolar,703.54
2015-12-11,tpm,3.25
2015-12-14,dolar,707.11
2015-12-14,tpm,3.25
2015-12-15,dolar,711.52
2015-12-15,tpm,3.25
2015-12-16,dolar,709.82
2015-12-16,tpm,3.25
2015-12-17,dolar,709.23
2015-12-17,tpm,3.25
2015-12-18,dolar,708.5
2015-12-18,tpm,3.5
2015-12-21,dolar,702.7
2015-12-21,tpm,3.5
2015-12-22,dolar,694.37
2015-12-22,tpm,3.5
2015-12-23,dolar,693.72
2015-12-23,tpm,3.5
2015-12-24,dolar,696.26
2015-12-24,tpm,3.5
2015-12-28,dolar,700.77
2015-12-28,tpm,3.5
2015-12-29,dolar,704.42
2015-12-29,tpm,3.5
2015-12-30,dolar,707.34
2015-12-30,tpm,3.5
2016-01-01,imacec,0.3
2016-01-01,ipc,0.5
2016-01-04,dolar,710.16
2016-01-04,tpm,3.5
2016-01-05,dolar,716.94
2016-01-05,tpm,3.5
2016-01-06,dolar,715.08
2016-01-06,tpm,3.5
2016-01-07,dolar,715.84
2016-01-07,tpm,3.5
2016-01-08,dolar,721.31
2016-01-08,tpm,3.5
2016-01-11,dolar,723.31
2016-01-11,tpm,3.5
2016-01-12,dolar,729.78
2016-01-12,tpm,3.5
2016-01-13,dolar,730.28
2016-01-13,tpm,3.5
2016-01-14,dolar,726.57
2016-01-14,tpm,3.5
2016-01-15,dolar,725.98
2016-01-15,tpm,3.5
2016-01-18,dolar,730.31
2016-01-18,tpm,3.5
2016-01-19,dolar,730.2
2016-01-19,tpm,3.5
2016-01-20,dolar,726.19
2016-01-20,tpm,3.5
2016-01-21,dolar,729.22
2016-01-21,tpm,3.5
2016-01-22,dolar,726.63
2016-01-22,tpm,3.5
2016-01-25,dolar,715.63
2016-01-25,tpm,3.5
2016-01-26,dolar,717.46
2016-01-26,tpm,3.5
2016-01-27,dolar,720.14
2016-01-27,tpm,3.5
2016-01-28,dolar,716.21
2016-01-28,tpm,3.5
2016-01-29,dolar,711.72
2016-01-29,tpm,3.5
2016-02-01,dolar,710.37
2016-02-01,imacec,2.8
2016-02-01,ipc,0.3
2016-02-01,tpm,3.5
2016-02-02,dolar,714.44
2016-02-02,tpm,3.5
2016-02-03,dolar,713.54
2016-02-03,tpm,3.5
2016-02-04,dolar,709.43
2016-02-04,tpm,3.5
2016-02-05,dolar,698.49
2016-02-05,tpm,3.5
2016-02-08,dolar,700.02
2016-02-08,tpm,3.5
2016-02-09,dolar,709.75
2016-02-09,tpm,3.5
2016-02-10,dolar,715.41
2016-02-10,tpm,3.5
2016-02-11,dolar,711.34
2016-02-11,tpm,3.5
2016-02-12,dolar,713.47
2016-02-12,tpm,3.5
2016-02-15,dolar,708.63
2016-02-15,tpm,3.5
2016-02-16,dolar,701.39
2016-02-16,tpm,3.5
2016-02-17,dolar,704.92
2016-02-17,tpm,3.5
2016-02-18,dolar,705.44
2016-02-18,tpm,3.5
2016-02-19,dolar,700.74
2016-02-19,tpm,3.5
2016-02-22,dolar,702.38
2016-02-22,tpm,3.5
2016-02-23,dolar,693.78
2016-02-23,tpm,3.5
2016-02-24,dolar,693.23
2016-02-24,tpm,3.5
2016-02-25,dolar,698.47
2016-02-25,tpm,3.5
2016-02-26,dolar,691.36
2016-02-26,tpm,3.5
2016-02-29,dolar,689.18
2016-02-29,tpm,3.5
2016-03-01,dolar,694.17
2016-03-01,imacec,2.1
2016-03-01,ipc,0.4
2016-03-01,tpm,3.5
2016-03-02,dolar,694.82
2016-03-02,tpm,3.5
2016-03-03,dolar,688.48
2016-03-03,tpm,3.5
2016-03-04,dolar,686.64
2016-03-04,tpm,3.5
2016-03-07,dolar,681.39
2016-03-07,tpm,3.5
2016-03-08,dolar,681.63
2016-03-08,tpm,3.5
2016-03-09,dolar,682
2016-03-09,tpm,3.5
2016-03-10,dolar,678.72
2016-03-10,tpm,3.5
2016-03-11,dolar,678.22
2016-03-11,tpm,3.5
2016-03-14,dolar,683
2016-03-14,tpm,3.5
2016-03-15,dolar,684.74
2016-03-15,tpm,3.5
2016-03-16,dolar,685.98
2016-03-16,tpm,3.5
2016-03-17,dolar,688.11
2016-03-17,tpm,3.5
2016-03-18,dolar,672.06
2016-03-18,tpm,3.5
2016-03-21,dolar,671.97
2016-03-21,tpm,3.5
2016-03-22,dolar,677.52
2016-03-22,tpm,3.5
2016-03-23,dolar,677.42
2016-03-23,tpm,3.5
2016-03-24,dolar,677.16
2016-03-24,tpm,3.5
2016-03-28,dolar,682.36
2016-03-28,tpm,3.5
2016-03-29,dolar,680.84
2016-03-29,tpm,3.5
2016-03-30,dolar,683.16
2016-03-30,tpm,3.5
2016-03-31,dolar,675.1
2016-03-31,tpm,3.5
2016-04-01,dolar,669.8
2016-04-01,imacec,0.7
2016-04-01,ipc,0.3
2016-04-01,tpm,3.5
2016-04-04,dolar,671.24
2016-04-04,tpm,3.5
2016-04-05,dolar,669.55
2016-04-05,tpm,3.5
2016-04-06,dolar,674.93
2016-04-06,tpm,3.5
2016-04-07,dolar,676.62
2016-04-07,tpm,3.5
2016-04-08,dolar,680.79
2016-04-08,tpm,3.5
2016-04-11,dolar,682.45
2016-04-11,tpm,3.5
2016-04-12,dolar,682.16
2016-04-12,tpm,3.5
2016-04-13,dolar,674.58
2016-04-13,tpm,3.5
2016-04-14,dolar,670.8
2016-04-14,tpm,3.5
2016-04-15,dolar,668.38
2016-04-15,tpm,3.5
2016-04-18,dolar,666.6
2016-04-18,tpm,3.5
2016-04-19,dolar,666
2016-04-19,tpm,3.5
2016-04-20,dolar,657.9
2016-04-20,tpm,3.5
2016-04-21,dolar,660.38
2016-04-21,tpm,3.5
2016-04-22,dolar,660.34
2016-04-22,tpm,3.5
2016-04-25,dolar,666.8
2016-04-25,tpm,3.5
2016-04-26,dolar,668.36
2016-04-26,tpm,3.5
2016-04-27,dolar,669.01
2016-04-27,tpm,3.5
2016-04-28,dolar,668.49
2016-04-28,tpm,3.5
2016-04-29,dolar,663.4
2016-04-29,tpm,3.5
2016-05-01,imacec,1.8
2016-05-01,ipc,0.2
2016-05-02,dolar,659.34
2016-05-02,tpm,3.5
2016-05-03,dolar,660.88
2016-05-03,tpm,3.5
2016-05-04,dolar,667.89
2016-05-04,tpm,3.5
2016-05-05,dolar,670.36
2016-05-05,tpm,3.5
2016-05-06,dolar,667.43
2016-05-06,tpm,3.5
2016-05-09,dolar,666.89
2016-05-09,tpm,3.5
2016-05-10,dolar,670.97
2016-05-10,tpm,3.5
2016-05-11,dolar,677.2
2016-05-11,tpm,3.5
2016-05-12,dolar,678.5
2016-05-12,tpm,3.5
2016-05-13,dolar,682.55
2016-05-13,tpm,3.5
2016-05-16,dolar,689.34
2016-05-16,tpm,3.5
2016-05-17,dolar,692.52
2016-05-17,tpm,3.5
2016-05-18,dolar,692.77
2016-05-18,tpm,3.5
2016-05-19,dolar,691.32
2016-05-19,tpm,3.5
2016-05-20,dolar,696.96
2016-05-20,tpm,3.5
2016-05-23,dolar,692.19
2016-05-23,tpm,3.5
2016-05-24,dolar,693.89
2016-05-24,tpm,3.5
2016-05-25,dolar,692.87
2016-05-25,tpm,3.5
2016-05-26,dolar,692.24
2016-05-26,tpm,3.5
2016-05-27,dolar,687.34
2016-05-27,tpm,3.5
2016-05-30,dolar,687.43
2016-05-30,tpm,3.5
2016-05-31,dolar,690.27
2016-05-31,tpm,3.5
2016-06-01,dolar,689.81
2016-06-01,imacec,0.8
2016-06-01,ipc,0.4
2016-06-01,tpm,3.5
2016-06-02,dolar,693.61
2016-06-02,tpm,3.5
2016-06-03,dolar,691.36
2016-06-03,tpm,3.5
2016-06-06,dolar,683.27
2016-06-06,tpm,3.5
2016-06-07,dolar,680.55
2016-06-07,tpm,3.5
2016-06-08,dolar,679.85
2016-06-08,tpm,3.5
2016-06-09,dolar,673.14
2016-06-09,tpm,3.5
2016-06-10,dolar,678.18
2016-06-10,tpm,3.5
2016-06-13,dolar,683.67
2016-06-13,tpm,3.5
2016-06-14,dolar,685
2016-06-14,tpm,3.5
2016-06-15,dolar,688.34
2016-06-15,tpm,3.5
2016-06-16,dolar,685.89
2016-06-16,tpm,3.5
2016-06-17,dolar,689.83
2016-06-17,tpm,3.5
2016-06-20,dolar,685.64
2016-06-20,tpm,3.5
2016-06-21,dolar,679.8
2016-06-21,tpm,3.5
2016-06-22,dolar,676.03
2016-06-22,tpm,3.5
2016-06-23,dolar,672.8
2016-06-23,tpm,3.5
2016-06-24,dolar,669.88
2016-06-24,tpm,3.5
2016-06-28,dolar,680.21
2016-06-28,tpm,3.5
2016-06-29,dolar,674.16
2016-06-29,tpm,3.5
2016-06-30,dolar,661.49
2016-06-30,tpm,3.5
2016-07-01,dolar,661.37
2016-07-01,imacec,0.5
2016-07-01,ipc,0.2
2016-07-01,tpm,3.5
2016-07-04,dolar,659.64
2016-07-04,tpm,3.5
2016-07-05,dolar,659.26
2016-07-05,tpm,3.5
2016-07-06,dolar,661.29
2016-07-06,tpm,3.5
2016-07-07,dolar,664.51
2016-07-07,tpm,3.5
2016-07-08,dolar,664.06
2016-07-08,tpm,3.5
2016-07-11,dolar,661.5
2016-07-11,tpm,3.5
2016-07-12,dolar,657.84
2016-07-12,tpm,3.5
2016-07-13,dolar,657.82
2016-07-13,tpm,3.5
2016-07-14,dolar,658.2
2016-07-14,tpm,3.5
2016-07-15,dolar,650.92
2016-07-15,tpm,3.5
2016-07-18,dolar,650.58
2016-07-18,tpm,3.5
2016-07-19,dolar,650.84
2016-07-19,tpm,3.5
2016-07-20,dolar,651.53
2016-07-20,tpm,3.5
2016-07-21,dolar,651.43
2016-07-21,tpm,3.5
2016-07-22,dolar,650.09
2016-07-22,tpm,3.5
2016-07-25,dolar,650.78
2016-07-25,tpm,3.5
2016-07-26,dolar,656.33
2016-07-26,tpm,3.5
2016-07-27,dolar,661.04
2016-07-27,tpm,3.5
2016-07-28,dolar,664.94
2016-07-28,tpm,3.5
2016-07-29,dolar,664.94
2016-07-29,tpm,3.5
2016-08-01,dolar,656.95
2016-08-01,imacec,2.5
2016-08-01,ipc,0
2016-08-01,tpm,3.5
2016-08-02,dolar,657.47
2016-08-02,tpm,3.5
2016-08-03,dolar,654.76
2016-08-03,tpm,3.5
2016-08-04,dolar,657.21
2016-08-04,tpm,3.5
2016-08-05,dolar,657.36
2016-08-05,tpm,3.5
2016-08-08,dolar,656.98
2016-08-08,tpm,3.5
2016-08-09,dolar,654.79
2016-08-09,tpm,3.5
2016-08-10,dolar,653.06
2016-08-10,tpm,3.5
2016-08-11,dolar,649.29
2016-08-11,tpm,3.5
2016-08-12,dolar,645.22
2016-08-12,tpm,3.5
2016-08-16,dolar,648.31
2016-08-16,tpm,3.5
2016-08-17,dolar,649.01
2016-08-17,tpm,3.5
2016-08-18,dolar,657.46
2016-08-18,tpm,3.5
2016-08-19,dolar,656.05
2016-08-19,tpm,3.5
2016-08-22,dolar,660.94
2016-08-22,tpm,3.5
2016-08-23,dolar,667.31
2016-08-23,tpm,3.5
2016-08-24,dolar,668.57
2016-08-24,tpm,3.5
2016-08-25,dolar,671.49
2016-08-25,tpm,3.5
2016-08-26,dolar,665.94
2016-08-26,tpm,3.5
2016-08-29,dolar,662.93
2016-08-29,tpm,3.5
2016-08-30,dolar,671.32
2016-08-30,tpm,3.5
2016-08-31,dolar,673.17
2016-08-31,tpm,3.5
2016-09-01,dolar,678.57
2016-09-01,imacec,1.4
2016-09-01,ipc,0.2
2016-09-01,tpm,3.5
2016-09-02,dolar,680.28
2016-09-02,tpm,3.5
2016-09-05,dolar,675.43
2016-09-05,tpm,3.5
2016-09-06,dolar,673.61
2016-09-06,tpm,3.5
2016-09-07,dolar,669.49
2016-09-07,tpm,3.5
2016-09-08,dolar,660.95
2016-09-08,tpm,3.5
2016-09-09,dolar,661.93
2016-09-09,tpm,3.5
2016-09-12,dolar,670.61
2016-09-12,tpm,3.5
2016-09-13,dolar,674.18
2016-09-13,tpm,3.5
2016-09-14,dolar,672.97
2016-09-14,tpm,3.5
2016-09-15,dolar,674.93
2016-09-15,tpm,3.5
2016-09-16,dolar,671.36
2016-09-16,tpm,3.5
2016-09-20,dolar,674.67
2016-09-20,tpm,3.5
2016-09-21,dolar,672.73
2016-09-21,tpm,3.5
2016-09-22,dolar,666.89
2016-09-22,tpm,3.5
2016-09-23,dolar,657.32
2016-09-23,tpm,3.5
2016-09-26,dolar,659.71
2016-09-26,tpm,3.5
2016-09-27,dolar,662.34
2016-09-27,tpm,3.5
2016-09-28,dolar,661.96
2016-09-28,tpm,3.5
2016-09-29,dolar,662.27
2016-09-29,tpm,3.5
2016-09-30,dolar,659.08
2016-09-30,tpm,3.5
2016-10-01,imacec,-0.4
2016-10-01,ipc,0.2
2016-10-03,dolar,658.02
2016-10-03,tpm,3.5
2016-10-04,dolar,658.59
2016-10-04,tpm,3.5
2016-10-05,dolar,662.29
2016-10-05,tpm,3.5
2016-10-06,dolar,664.86
2016-10-06,tpm,3.5
2016-10-07,dolar,666.97
2016-10-07,tpm,3.5
2016-10-11,dolar,667.93
2016-10-11,tpm,3.5
2016-10-12,dolar,667.47
2016-10-12,tpm,3.5
2016-10-13,dolar,667.19
2016-10-13,tpm,3.5
2016-10-14,dolar,670.88
2016-10-14,tpm,3.5
2016-10-17,dolar,670.37
2016-10-17,tpm,3.5
2016-10-18,dolar,670.61
2016-10-18,tpm,3.5
2016-10-19,dolar,668.47
2016-10-19,tpm,3.5
2016-10-20,dolar,667.41
2016-10-20,tpm,3.5
2016-10-21,dolar,666.74
2016-10-21,tpm,3.5
2016-10-24,dolar,667.09
2016-10-24,tpm,3.5
2016-10-25,dolar,660.38
2016-10-25,tpm,3.5
2016-10-26,dolar,653.98
2016-10-26,tpm,3.5
2016-10-27,dolar,653.62
2016-10-27,tpm,3.5
2016-10-28,dolar,651.65
2016-10-28,tpm,3.5
2016-11-01,imacec,0.8
2016-11-01,ipc,0.1
2016-11-02,dolar,651.18
2016-11-02,tpm,3.5
2016-11-03,dolar,653.55
2016-11-03,tpm,3.5
2016-11-04,dolar,650.72
2016-11-04,tpm,3.5
2016-11-07,dolar,654.87
2016-11-07,tpm,3.5
2016-11-08,dolar,654.66
2016-11-08,tpm,3.5
2016-11-09,dolar,651.32
2016-11-09,tpm,3.5
2016-11-10,dolar,650.95
2016-11-10,tpm,3.5
2016-11-11,dolar,656.36
2016-11-11,tpm,3.5
2016-11-14,dolar,663.23
2016-11-14,tpm,3.5
2016-11-15,dolar,668.29
2016-11-15,tpm,3.5
2016-11-16,dolar,668.93
2016-11-16,tpm,3.5
2016-11-17,dolar,675.77
2016-11-17,tpm,3.5
2016-11-18,dolar,674.38
2016-11-18,tpm,3.5
2016-11-21,dolar,678.28
2016-11-21,tpm,3.5
2016-11-22,dolar,675.39
2016-11-22,tpm,3.5
2016-11-23,dolar,674.37
2016-11-23,tpm,3.5
2016-11-24,dolar,679.24
2016-11-24,tpm,3.5
2016-11-25,dolar,677.56
2016-11-25,tpm,3.5
2016-11-28,dolar,678.03
2016-11-28,tpm,3.5
2016-11-29,dolar,675.91
2016-11-29,tpm,3.5
2016-11-30,dolar,675.48
2016-11-30,tpm,3.5
2016-12-01,dolar,673.54
2016-12-01,imacec,1.2
2016-12-01,ipc,-0.2
2016-12-01,tpm,3.5
2016-12-02,dolar,674.76
2016-12-02,tpm,3.5
2016-12-05,dolar,672.58
2016-12-05,tpm,3.5
2016-12-06,dolar,668.9
2016-12-06,tpm,3.5
2016-12-07,dolar,662.05
2016-12-07,tpm,3.5
2016-12-09,dolar,656.07
2016-12-09,tpm,3.5
2016-12-12,dolar,653.55
2016-12-12,tpm,3.5
2016-12-13,dolar,649.4
2016-12-13,tpm,3.5
2016-12-14,dolar,650.25
2016-12-14,tpm,3.5
2016-12-15,dolar,654.94
2016-12-15,tpm,3.5
2016-12-16,dolar,663.68
2016-12-16,tpm,3.5
2016-12-19,dolar,670.16
2016-12-19,tpm,3.5
2016-12-20,dolar,677.11
2016-12-20,tpm,3.5
2016-12-21,dolar,676.09
2016-12-21,tpm,3.5
2016-12-22,dolar,672.24
2016-12-22,tpm,3.5
2016-12-23,dolar,674.96
2016-12-23,tpm,3.5
2016-12-26,dolar,673.48
2016-12-26,tpm,3.5
2016-12-27,dolar,672.69
2016-12-27,tpm,3.5
2016-12-28,dolar,673.73
2016-12-28,tpm,3.5
2016-12-29,dolar,673.06
2016-12-29,tpm,3.5
2016-12-30,dolar,667.29
2016-12-30,tpm,3.5
2017-01-01,imacec,1.7
2017-01-01,ipc,0.5
2017-01-03,dolar,669.47
2017-01-03,tpm,3.5
2017-01-04,dolar,673.36
2017-01-04,tpm,3.5
2017-01-05,dolar,671.78
2017-01-05,tpm,3.5
2017-01-06,dolar,666.41
2017-01-06,tpm,3.5
2017-01-09,dolar,665.29
2017-01-09,tpm,3.5
2017-01-10,dolar,670.35
2017-01-10,tpm,3.5
2017-01-11,dolar,670.94
2017-01-11,tpm,3.5
2017-01-12,dolar,671.69
2017-01-12,tpm,3.5
2017-01-13,dolar,663.01
2017-01-13,tpm,3.5
2017-01-16,dolar,660.13
2017-01-16,tpm,3.5
2017-01-17,dolar,661.38
2017-01-17,tpm,3.5
2017-01-18,dolar,657.85
2017-01-18,tpm,3.5
2017-01-19,dolar,658.91
2017-01-19,tpm,3.5
2017-01-20,dolar,660.18
2017-01-20,tpm,3.25
2017-01-23,dolar,659.49
2017-01-23,tpm,3.25
2017-01-24,dolar,652.92
2017-01-24,tpm,3.25
2017-01-25,dolar,653.84
2017-01-25,tpm,3.25
2017-01-26,dolar,650.98
2017-01-26,tpm,3.25
2017-01-27,dolar,648.31
2017-01-27,tpm,3.25
2017-01-30,dolar,649.92
2017-01-30,tpm,3.25
2017-01-31,dolar,648.87
2017-01-31,tpm,3.25
2017-02-01,dolar,646.19
2017-02-01,imacec,-1.3
2017-02-01,ipc,0.2
2017-02-01,tpm,3.25
2017-02-02,dolar,646.97
2017-02-02,tpm,3.25
2017-02-03,dolar,643.18
2017-02-03,tpm,3.25
2017-02-06,dolar,641.8
2017-02-06,tpm,3.25
2017-02-07,dolar,639.35
2017-02-07,tpm,3.25
2017-02-08,dolar,646.06
2017-02-08,tpm,3.25
2017-02-09,dolar,646.58
2017-02-09,tpm,3.25
2017-02-10,dolar,646.82
2017-02-10,tpm,3.25
2017-02-13,dolar,642.62
2017-02-13,tpm,3.25
2017-02-14,dolar,642.4
2017-02-14,tpm,3.25
2017-02-15,dolar,641.89
2017-02-15,tpm,3.25
2017-02-16,dolar,639.93
2017-02-16,tpm,3.25
2017-02-17,dolar,638.35
2017-02-17,tpm,3.25
2017-02-20,dolar,643.49
2017-02-20,tpm,3.25
2017-02-21,dolar,642.21
2017-02-21,tpm,3.25
2017-02-22,dolar,643.63
2017-02-22,tpm,3.25
2017-02-23,dolar,641.51
2017-02-23,tpm,3.25
2017-02-24,dolar,640.36
2017-02-24,tpm,3.25
2017-02-27,dolar,645.66
2017-02-27,tpm,3.25
2017-02-28,dolar,645.19
2017-02-28,tpm,3.25
2017-03-01,dolar,648.88
2017-03-01,imacec,0.2
2017-03-01,ipc,0.4
2017-03-01,tpm,3.25
2017-03-02,dolar,650.98
2017-03-02,tpm,3.25
2017-03-03,dolar,654.11
2017-03-03,tpm,3.25
2017-03-06,dolar,655.57
2017-03-06,tpm,3.25
2017-03-07,dolar,658.71
2017-03-07,tpm,3.25
2017-03-08,dolar,660.02
2017-03-08,tpm,3.25
2017-03-09,dolar,661.65
2017-03-09,tpm,3.25
2017-03-10,dolar,664.84
2017-03-10,tpm,3.25
2017-03-13,dolar,663.4
2017-03-13,tpm,3.25
2017-03-14,dolar,665.43
2017-03-14,tpm,3.25
2017-03-15,dolar,669.07
2017-03-15,tpm,3.25
2017-03-16,dolar,669.52
2017-03-16,tpm,3.25
2017-03-17,dolar,661.2
2017-03-17,tpm,3
2017-03-20,dolar,661.15
2017-03-20,tpm,3
2017-03-21,dolar,662.35
2017-03-21,tpm,3
2017-03-22,dolar,657.83
2017-03-22,tpm,3
2017-03-23,dolar,662.84
2017-03-23,tpm,3
2017-03-24,dolar,662.42
2017-03-24,tpm,3
2017-03-27,dolar,661.64
2017-03-27,tpm,3
2017-03-28,dolar,663.74
2017-03-28,tpm,3
2017-03-29,dolar,666.04
2017-03-29,tpm,3
2017-03-30,dolar,663.61
2017-03-30,tpm,3
2017-03-31,dolar,662.66
2017-03-31,tpm,3
2017-04-01,imacec,0.1
2017-04-01,ipc,0.2
2017-04-03,dolar,663.97
2017-04-03,tpm,3
2017-04-04,dolar,658.16
2017-04-04,tpm,3
2017-04-05,dolar,661.42
2017-04-05,tpm,3
2017-04-06,dolar,657.74
2017-04-06,tpm,3
2017-04-07,dolar,656.51
2017-04-07,tpm,3
2017-04-10,dolar,656.47
2017-04-10,tpm,3
2017-04-11,dolar,654.22
2017-04-11,tpm,3
2017-04-12,dolar,652.8
2017-04-12,tpm,3
2017-04-13,dolar,653.65
2017-04-13,tpm,3
2017-04-17,dolar,650
2017-04-17,tpm,2.75
2017-04-18,dolar,647.47
2017-04-18,tpm,2.75
2017-04-20,dolar,647.68
2017-04-20,tpm,2.75
2017-04-21,dolar,649.26
2017-04-21,tpm,2.75
2017-04-24,dolar,650.65
2017-04-24,tpm,2.75
2017-04-25,dolar,653.71
2017-04-25,tpm,2.75
2017-04-26,dolar,660.04
2017-04-26,tpm,2.75
2017-04-27,dolar,665.35
2017-04-27,tpm,2.75
2017-04-28,dolar,664.28
2017-04-28,tpm,2.75
2017-05-01,imacec,1.3
2017-05-01,ipc,0.1
2017-05-02,dolar,665.41
2017-05-02,tpm,2.75
2017-05-03,dolar,666.95
2017-05-03,tpm,2.75
2017-05-04,dolar,668.98
2017-05-04,tpm,2.75
2017-05-05,dolar,673.89
2017-05-05,tpm,2.75
2017-05-08,dolar,674.88
2017-05-08,tpm,2.75
2017-05-09,dolar,676.32
2017-05-09,tpm,2.75
2017-05-10,dolar,679.05
2017-05-10,tpm,2.75
2017-05-11,dolar,672.92
2017-05-11,tpm,2.75
2017-05-12,dolar,671.55
2017-05-12,tpm,2.75
2017-05-15,dolar,671.03
2017-05-15,tpm,2.75
2017-05-16,dolar,668.03
2017-05-16,tpm,2.75
2017-05-17,dolar,666.26
2017-05-17,tpm,2.75
2017-05-18,dolar,668.62
2017-05-18,tpm,2.75
2017-05-19,dolar,675.8
2017-05-19,tpm,2.5
2017-05-22,dolar,670.3
2017-05-22,tpm,2.5
2017-05-23,dolar,668.21
2017-05-23,tpm,2.5
2017-05-24,dolar,672.4
2017-05-24,tpm,2.5
2017-05-25,dolar,674.27
2017-05-25,tpm,2.5
2017-05-26,dolar,669.42
2017-05-26,tpm,2.5
2017-05-29,dolar,670.25
2017-05-29,tpm,2.5
2017-05-30,dolar,674.02
2017-05-30,tpm,2.5
2017-05-31,dolar,675.31
2017-05-31,tpm,2.5
2017-06-01,dolar,672.35
2017-06-01,imacec,1.4
2017-06-01,ipc,-0.4
2017-06-01,tpm,2.5
2017-06-02,dolar,672.37
2017-06-02,tpm,2.5
2017-06-05,dolar,670.41
2017-06-05,tpm,2.5
2017-06-06,dolar,668.89
2017-06-06,tpm,2.5
2017-06-07,dolar,668.7
2017-06-07,tpm,2.5
2017-06-08,dolar,668.36
2017-06-08,tpm,2.5
2017-06-09,dolar,666.28
2017-06-09,tpm,2.5
2017-06-12,dolar,664.47
2017-06-12,tpm,2.5
2017-06-13,dolar,661.63
2017-06-13,tpm,2.5
2017-06-14,dolar,662.19
2017-06-14,tpm,2.5
2017-06-15,dolar,659.46
2017-06-15,tpm,2.5
2017-06-16,dolar,665.23
2017-06-16,tpm,2.5
2017-06-19,dolar,663.73
2017-06-19,tpm,2.5
2017-06-20,dolar,662.47
2017-06-20,tpm,2.5
2017-06-21,dolar,663.76
2017-06-21,tpm,2.5
2017-06-22,dolar,664.54
2017-06-22,tpm,2.5
2017-06-23,dolar,664
2017-06-23,tpm,2.5
2017-06-27,dolar,661.72
2017-06-27,tpm,2.5
2017-06-28,dolar,662.09
2017-06-28,tpm,2.5
2017-06-29,dolar,662.36
2017-06-29,tpm,2.5
2017-06-30,dolar,663.21
2017-06-30,tpm,2.5
2017-07-01,imacec,2.8
2017-07-01,ipc,0.2
2017-07-03,dolar,664.29
2017-07-03,tpm,2.5
2017-07-04,dolar,661.95
2017-07-04,tpm,2.5
2017-07-05,dolar,663.36
2017-07-05,tpm,2.5
2017-07-06,dolar,665.94
2017-07-06,tpm,2.5
2017-07-07,dolar,666.22
2017-07-07,tpm,2.5
2017-07-10,dolar,666.61
2017-07-10,tpm,2.5
2017-07-11,dolar,666.53
2017-07-11,tpm,2.5
2017-07-12,dolar,666.59
2017-07-12,tpm,2.5
2017-07-13,dolar,663.46
2017-07-13,tpm,2.5
2017-07-14,dolar,660.71
2017-07-14,tpm,2.5
2017-07-17,dolar,658.18
2017-07-17,tpm,2.5
2017-07-18,dolar,656.92
2017-07-18,tpm,2.5
2017-07-19,dolar,656.01
2017-07-19,tpm,2.5
2017-07-20,dolar,653.71
2017-07-20,tpm,2.5
2017-07-21,dolar,651.56
2017-07-21,tpm,2.5
2017-07-24,dolar,651.82
2017-07-24,tpm,2.5
2017-07-25,dolar,650.65
2017-07-25,tpm,2.5
2017-07-26,dolar,648.77
2017-07-26,tpm,2.5
2017-07-27,dolar,648.75
2017-07-27,tpm,2.5
2017-07-28,dolar,647.99
2017-07-28,tpm,2.5
2017-07-31,dolar,651.58
2017-07-31,tpm,2.5
2017-08-01,dolar,652.23
2017-08-01,imacec,2.4
2017-08-01,ipc,0.2
2017-08-01,tpm,2.5
2017-08-02,dolar,651.93
2017-08-02,tpm,2.5
2017-08-03,dolar,652.77
2017-08-03,tpm,2.5
2017-08-04,dolar,650.17
2017-08-04,tpm,2.5
2017-08-07,dolar,649.88
2017-08-07,tpm,2.5
2017-08-08,dolar,650.52
2017-08-08,tpm,2.5
2017-08-09,dolar,649.53
2017-08-09,tpm,2.5
2017-08-10,dolar,649.5
2017-08-10,tpm,2.5
2017-08-11,dolar,647.42
2017-08-11,tpm,2.5
2017-08-14,dolar,647.77
2017-08-14,tpm,2.5
2017-08-16,dolar,647.59
2017-08-16,tpm,2.5
2017-08-17,dolar,645.86
2017-08-17,tpm,2.5
2017-08-18,dolar,645.29
2017-08-18,tpm,2.5
2017-08-21,dolar,646.57
2017-08-21,tpm,2.5
2017-08-22,dolar,642.73
2017-08-22,tpm,2.5
2017-08-23,dolar,641.47
2017-08-23,tpm,2.5
2017-08-24,dolar,641.47
2017-08-24,tpm,2.5
2017-08-25,dolar,638.64
2017-08-25,tpm,2.5
2017-08-28,dolar,636.61
2017-08-28,tpm,2.5
2017-08-29,dolar,630.33
2017-08-29,tpm,2.5
2017-08-30,dolar,626.68
2017-08-30,tpm,2.5
2017-08-31,dolar,628.36
2017-08-31,tpm,2.5
2017-09-01,dolar,628.89
2017-09-01,imacec,1.3
2017-09-01,ipc,-0.2
2017-09-01,tpm,2.5
2017-09-04,dolar,624.2
2017-09-04,tpm,2.5
2017-09-05,dolar,624.68
2017-09-05,tpm,2.5
2017-09-06,dolar,621.55
2017-09-06,tpm,2.5
2017-09-07,dolar,620.59
2017-09-07,tpm,2.5
2017-09-08,dolar,615.58
2017-09-08,tpm,2.5
2017-09-11,dolar,618.36
2017-09-11,tpm,2.5
2017-09-12,dolar,621.69
2017-09-12,tpm,2.5
2017-09-13,dolar,624.31
2017-09-13,tpm,2.5
2017-09-14,dolar,626.12
2017-09-14,tpm,2.5
2017-09-15,dolar,627.26
2017-09-15,tpm,2.5
2017-09-20,dolar,625.53
2017-09-20,tpm,2.5
2017-09-21,dolar,621.87
2017-09-21,tpm,2.5
2017-09-22,dolar,623.94
2017-09-22,tpm,2.5
2017-09-25,dolar,623.85
2017-09-25,tpm,2.5
2017-09-26,dolar,628.37
2017-09-26,tpm,2.5
2017-09-27,dolar,633.37
2017-09-27,tpm,2.5
2017-09-28,dolar,638.28
2017-09-28,tpm,2.5
2017-09-29,dolar,636.85
2017-09-29,tpm,2.5
2017-10-01,imacec,2.9
2017-10-01,ipc,0.6
2017-10-02,dolar,637.93
2017-10-02,tpm,2.5
2017-10-03,dolar,640.52
2017-10-03,tpm,2.5
2017-10-04,dolar,635.79
2017-10-04,tpm,2.5
2017-10-05,dolar,630.67
2017-10-05,tpm,2.5
2017-10-06,dolar,628.84
2017-10-06,tpm,2.5
2017-10-10,dolar,633.32
2017-10-10,tpm,2.5
2017-10-11,dolar,628.8
2017-10-11,tpm,2.5
2017-10-12,dolar,626.77
2017-10-12,tpm,2.5
2017-10-13,dolar,624.99
2017-10-13,tpm,2.5
2017-10-16,dolar,622.13
2017-10-16,tpm,2.5
2017-10-17,dolar,619.68
2017-10-17,tpm,2.5
2017-10-18,dolar,622.07
2017-10-18,tpm,2.5
2017-10-19,dolar,625.03
2017-10-19,tpm,2.5
2017-10-20,dolar,625.55
2017-10-20,tpm,2.5
2017-10-23,dolar,628.68
2017-10-23,tpm,2.5
2017-10-24,dolar,630.97
2017-10-24,tpm,2.5
2017-10-25,dolar,631.96
2017-10-25,tpm,2.5
2017-10-26,dolar,631.12
2017-10-26,tpm,2.5
2017-10-30,dolar,629.62
2017-10-30,tpm,2.5
2017-10-31,dolar,636.49
2017-10-31,tpm,2.5
2017-11-01,imacec,3.2
2017-11-01,ipc,0.1
2017-11-02,dolar,636.8
2017-11-02,tpm,2.5
2017-11-03,dolar,631.97
2017-11-03,tpm,2.5
2017-11-06,dolar,630.81
2017-11-06,tpm,2.5
2017-11-07,dolar,632.97
2017-11-07,tpm,2.5
2017-11-08,dolar,633.72
2017-11-08,tpm,2.5
2017-11-09,dolar,631.8
2017-11-09,tpm,2.5
2017-11-10,dolar,631.46
2017-11-10,tpm,2.5
2017-11-13,dolar,630.61
2017-11-13,tpm,2.5
2017-11-14,dolar,632.43
2017-11-14,tpm,2.5
2017-11-15,dolar,630.59
2017-11-15,tpm,2.5
2017-11-16,dolar,631.9
2017-11-16,tpm,2.5
2017-11-17,dolar,630.41
2017-11-17,tpm,2.5
2017-11-20,dolar,629.21
2017-11-20,tpm,2.5
2017-11-21,dolar,636.71
2017-11-21,tpm,2.5
2017-11-22,dolar,635.72
2017-11-22,tpm,2.5
2017-11-23,dolar,634.82
2017-11-23,tpm,2.5
2017-11-24,dolar,634.23
2017-11-24,tpm,2.5
2017-11-27,dolar,633.66
2017-11-27,tpm,2.5
2017-11-28,dolar,635.8
2017-11-28,tpm,2.5
2017-11-29,dolar,641.09
2017-11-29,tpm,2.5
2017-11-30,dolar,642.41
2017-11-30,tpm,2.5
2017-12-01,dolar,645.32
2017-12-01,imacec,2.6
2017-12-01,ipc,0.1
2017-12-01,tpm,2.5
2017-12-04,dolar,648.78
2017-12-04,tpm,2.5
2017-12-05,dolar,648.21
2017-12-05,tpm,2.5
2017-12-06,dolar,652.52
2017-12-06,tpm,2.5
2017-12-07,dolar,653.82
2017-12-07,tpm,2.5
2017-12-11,dolar,655.27
2017-12-11,tpm,2.5
2017-12-12,dolar,655.53
2017-12-12,tpm,2.5
2017-12-13,dolar,655.74
2017-12-13,tpm,2.5
2017-12-14,dolar,649.4
2017-12-14,tpm,2.5
2017-12-15,dolar,641.05
2017-12-15,tpm,2.5
2017-12-18,dolar,638.37
2017-12-18,tpm,2.5
2017-12-19,dolar,622.86
2017-12-19,tpm,2.5
2017-12-20,dolar,620.62
2017-12-20,tpm,2.5
2017-12-21,dolar,620.58
2017-12-21,tpm,2.5
2017-12-22,dolar,620.54
2017-12-22,tpm,2.5
2017-12-26,dolar,622.11
2017-12-26,tpm,2.5
2017-12-27,dolar,619.03
2017-12-27,tpm,2.5
2017-12-28,dolar,616.58
2017-12-28,tpm,2.5
2017-12-29,dolar,615.22
2017-12-29,tpm,2.5
2018-01-01,imacec,3.9
2018-01-01,ipc,0.5
2018-01-02,dolar,614.75
2018-01-02,tpm,2.5
2018-01-03,dolar,609.49
2018-01-03,tpm,2.5
2018-01-04,dolar,604.84
2018-01-04,tpm,2.5
2018-01-05,dolar,604
2018-01-05,tpm,2.5
2018-01-08,dolar,606.04
2018-01-08,tpm,2.5
2018-01-09,dolar,606.29
2018-01-09,tpm,2.5
2018-01-10,dolar,607.25
2018-01-10,tpm,2.5
2018-01-11,dolar,609.17
2018-01-11,tpm,2.5
2018-01-12,dolar,608.04
2018-01-12,tpm,2.5
2018-01-15,dolar,604.09
2018-01-15,tpm,2.5
2018-01-16,dolar,601.69
2018-01-17,dolar,601.69
2018-01-17,tpm,2.5
2018-01-18,dolar,604.99
2018-01-18,tpm,2.5
2018-01-19,dolar,605.45
2018-01-19,tpm,2.5
2018-01-22,dolar,606.55
2018-01-22,tpm,2.5
2018-01-23,dolar,606.28
2018-01-23,tpm,2.5
2018-01-24,dolar,608.15
2018-01-24,tpm,2.5
2018-01-25,dolar,604.12
2018-01-25,tpm,2.5
2018-01-26,dolar,599.33
2018-01-26,tpm,2.5
2018-01-29,dolar,600.37
2018-01-29,tpm,2.5
2018-01-30,dolar,604.63
2018-01-30,tpm,2.5
2018-01-31,dolar,604.42
2018-01-31,tpm,2.5
2018-02-01,dolar,603.25
2018-02-01,imacec,4
2018-02-01,ipc,0
2018-02-01,tpm,2.5
2018-02-02,dolar,599.19
2018-02-02,tpm,2.5
2018-02-05,dolar,601.26
2018-02-05,tpm,2.5
2018-02-06,dolar,603.07
2018-02-06,tpm,2.5
2018-02-07,dolar,601.23
2018-02-07,tpm,2.5
2018-02-08,dolar,596.53
2018-02-08,tpm,2.5
2018-02-09,dolar,600.74
2018-02-09,tpm,2.5
2018-02-12,dolar,603.07
2018-02-12,tpm,2.5
2018-02-13,dolar,600.35
2018-02-13,tpm,2.5
2018-02-14,dolar,596.99
2018-02-14,tpm,2.5
2018-02-15,dolar,596.66
2018-02-15,tpm,2.5
2018-02-16,dolar,592.66
2018-02-16,tpm,2.5
2018-02-19,dolar,593.15
2018-02-19,tpm,2.5
2018-02-20,dolar,594.58
2018-02-20,tpm,2.5
2018-02-21,dolar,595.63
2018-02-21,tpm,2.5
2018-02-22,dolar,594.7
2018-02-22,tpm,2.5
2018-02-23,dolar,594.73
2018-02-23,tpm,2.5
2018-02-26,dolar,591.56
2018-02-26,tpm,2.5
2018-02-27,dolar,588.28
2018-02-27,tpm,2.5
2018-02-28,dolar,589.15
2018-02-28,tpm,2.5
2018-03-01,dolar,593.61
2018-03-01,imacec,4.6
2018-03-01,ipc,0.2
2018-03-01,tpm,2.5
2018-03-02,dolar,596.15
2018-03-02,tpm,2.5
2018-03-05,dolar,598.04
2018-03-05,tpm,2.5
2018-03-06,dolar,600.51
2018-03-06,tpm,2.5
2018-03-07,dolar,595.93
2018-03-07,tpm,2.5
2018-03-08,dolar,601.91
2018-03-08,tpm,2.5
2018-03-09,dolar,605.22
2018-03-09,tpm,2.5
2018-03-12,dolar,603.56
2018-03-12,tpm,2.5
2018-03-13,dolar,603.85
2018-03-13,tpm,2.5
2018-03-14,dolar,602.19
2018-03-14,tpm,2.5
2018-03-15,dolar,601.16
2018-03-15,tpm,2.5
2018-03-16,dolar,603.54
2018-03-16,tpm,2.5
2018-03-19,dolar,607.6
2018-03-19,tpm,2.5
2018-03-20,dolar,609.39
2018-03-20,tpm,2.5
2018-03-21,dolar,609.58
2018-03-21,tpm,2.5
2018-03-22,dolar,607.23
2018-03-22,tpm,2.5
2018-03-23,dolar,607.76
2018-03-23,tpm,2.5
2018-03-26,dolar,608.14
2018-03-26,tpm,2.5
2018-03-27,dolar,606.07
2018-03-27,tpm,2.5
2018-03-28,dolar,605.65
2018-03-28,tpm,2.5
2018-03-29,dolar,605.26
2018-03-29,tpm,2.5
2018-04-01,imacec,5.9
2018-04-01,ipc,0.3
2018-04-02,dolar,603.39
2018-04-02,tpm,2.5
2018-04-03,dolar,604.06
2018-04-03,tpm,2.5
2018-04-04,dolar,603.66
2018-04-04,tpm,2.5
2018-04-05,dolar,604.81
2018-04-05,tpm,2.5
2018-04-06,dolar,602.71
2018-04-06,tpm,2.5
2018-04-09,dolar,605.17
2018-04-09,tpm,2.5
2018-04-10,dolar,604.54
2018-04-10,tpm,2.5
2018-04-11,dolar,601.99
2018-04-11,tpm,2.5
2018-04-12,dolar,599.2
2018-04-12,tpm,2.5
2018-04-13,dolar,596.96
2018-04-13,tpm,2.5
2018-04-16,dolar,595.45
2018-04-16,tpm,2.5
2018-04-17,dolar,595.99
2018-04-17,tpm,2.5
2018-04-18,dolar,595.82
2018-04-18,tpm,2.5
2018-04-19,dolar,594.41
2018-04-19,tpm,2.5
2018-04-20,dolar,594.42
2018-04-20,tpm,2.5
2018-04-23,dolar,596.26
2018-04-23,tpm,2.5
2018-04-24,dolar,600.58
2018-04-24,tpm,2.5
2018-04-25,dolar,599.87
2018-04-25,tpm,2.5
2018-04-26,dolar,603.16
2018-04-26,tpm,2.5
2018-04-27,dolar,603.31
2018-04-27,tpm,2.5
2018-04-30,dolar,605.74
2018-04-30,tpm,2.5
2018-05-01,imacec,4.9
2018-05-01,ipc,0.3
2018-05-02,dolar,610.98
2018-05-02,tpm,2.5
2018-05-03,dolar,617.69
2018-05-03,tpm,2.5
2018-05-04,dolar,619.18
2018-05-04,tpm,2.5
2018-05-07,dolar,621.36
2018-05-07,tpm,2.5
2018-05-08,dolar,627.08
2018-05-08,tpm,2.5
2018-05-09,dolar,636
2018-05-09,tpm,2.5
2018-05-10,dolar,632.92
2018-05-10,tpm,2.5
2018-05-11,dolar,626.82
2018-05-11,tpm,2.5
2018-05-14,dolar,618.5
2018-05-14,tpm,2.5
2018-05-15,dolar,622.94
2018-05-15,tpm,2.5
2018-05-16,dolar,632.73
2018-05-16,tpm,2.5
2018-05-17,dolar,630.89
2018-05-17,tpm,2.5
2018-05-18,dolar,632.36
2018-05-18,tpm,2.5
2018-05-22,dolar,637.03
2018-05-22,tpm,2.5
2018-05-23,dolar,627.17
2018-05-23,tpm,2.5
2018-05-24,dolar,625.01
2018-05-24,tpm,2.5
2018-05-25,dolar,624.31
2018-05-25,tpm,2.5
2018-05-28,dolar,625.29
2018-05-28,tpm,2.5
2018-05-29,dolar,624.39
2018-05-29,tpm,2.5
2018-05-30,dolar,627.52
2018-05-30,tpm,2.5
2018-05-31,dolar,628.33
2018-05-31,tpm,2.5
2018-06-01,dolar,631.29
2018-06-01,imacec,4.9
2018-06-01,ipc,0.1
2018-06-01,tpm,2.5
2018-06-04,dolar,631.86
2018-06-04,tpm,2.5
2018-06-05,dolar,630.38
2018-06-05,tpm,2.5
2018-06-06,dolar,633.92
2018-06-06,tpm,2.5
2018-06-07,dolar,629.21
2018-06-07,tpm,2.5
2018-06-08,dolar,630.63
2018-06-08,tpm,2.5
2018-06-11,dolar,630.45
2018-06-11,tpm,2.5
2018-06-12,dolar,632.81
2018-06-12,tpm,2.5
2018-06-13,dolar,634.17
2018-06-13,tpm,2.5
2018-06-14,dolar,634.57
2018-06-14,tpm,2.5
2018-06-15,dolar,633.99
2018-06-15,tpm,2.5
2018-06-18,dolar,636.35
2018-06-18,tpm,2.5
2018-06-19,dolar,637.35
2018-06-19,tpm,2.5
2018-06-20,dolar,641.51
2018-06-20,tpm,2.5
2018-06-21,dolar,639.03
2018-06-21,tpm,2.5
2018-06-22,dolar,640.69
2018-06-22,tpm,2.5
2018-06-25,dolar,637.45
2018-06-25,tpm,2.5
2018-06-26,dolar,639.38
2018-06-26,tpm,2.5
2018-06-27,dolar,640.21
2018-06-27,tpm,2.5
2018-06-28,dolar,645.87
2018-06-28,tpm,2.5
2018-06-29,dolar,647.95
2018-06-29,tpm,2.5
2018-07-01,imacec,3.3
2018-07-01,ipc,0.4
2018-07-03,dolar,651.21
2018-07-03,tpm,2.5
2018-07-04,dolar,652.05
2018-07-04,tpm,2.5
2018-07-05,dolar,653.2
2018-07-05,tpm,2.5
2018-07-06,dolar,655.29
2018-07-06,tpm,2.5
2018-07-09,dolar,657.33
2018-07-09,tpm,2.5
2018-07-10,dolar,651.74
2018-07-10,tpm,2.5
2018-07-11,dolar,650.43
2018-07-11,tpm,2.5
2018-07-12,dolar,652.37
2018-07-12,tpm,2.5
2018-07-13,dolar,648.05
2018-07-13,tpm,2.5
2018-07-17,dolar,648.59
2018-07-17,tpm,2.5
2018-07-18,dolar,653.89
2018-07-18,tpm,2.5
2018-07-19,dolar,655.52
2018-07-19,tpm,2.5
2018-07-20,dolar,661.71
2018-07-20,tpm,2.5
2018-07-23,dolar,659.09
2018-07-23,tpm,2.5
2018-07-24,dolar,662.43
2018-07-24,tpm,2.5
2018-07-25,dolar,655.72
2018-07-25,tpm,2.5
2018-07-26,dolar,649.14
2018-07-26,tpm,2.5
2018-07-27,dolar,648.4
2018-07-27,tpm,2.5
2018-07-30,dolar,643.19
2018-07-30,tpm,2.5
2018-07-31,dolar,638.79
2018-07-31,tpm,2.5
2018-08-01,dolar,639.2
2018-08-01,imacec,3.2
2018-08-01,ipc,0.2
2018-08-01,tpm,2.5
2018-08-02,dolar,641.05
2018-08-02,tpm,2.5
2018-08-03,dolar,644.32
2018-08-03,tpm,2.5
2018-08-06,dolar,643.83
2018-08-06,tpm,2.5
2018-08-07,dolar,646.78
2018-08-07,tpm,2.5
2018-08-08,dolar,642.11
2018-08-08,tpm,2.5
2018-08-09,dolar,644.1
2018-08-09,tpm,2.5
2018-08-10,dolar,645.95
2018-08-10,tpm,2.5
2018-08-13,dolar,653.98
2018-08-13,tpm,2.5
2018-08-14,dolar,658.7
2018-08-14,tpm,2.5
2018-08-16,dolar,661.75
2018-08-16,tpm,2.5
2018-08-17,dolar,666.13
2018-08-17,tpm,2.5
2018-08-20,dolar,668.44
2018-08-20,tpm,2.5
2018-08-21,dolar,669.82
2018-08-21,tpm,2.5
2018-08-22,dolar,665.02
2018-08-22,tpm,2.5
2018-08-23,dolar,660.67
2018-08-23,tpm,2.5
2018-08-24,dolar,665.58
2018-08-24,tpm,2.5
2018-08-27,dolar,662.64
2018-08-27,tpm,2.5
2018-08-28,dolar,656.81
2018-08-28,tpm,2.5
2018-08-29,dolar,658.45
2018-08-29,tpm,2.5
2018-08-30,dolar,666.81
2018-08-30,tpm,2.5
2018-08-31,dolar,675.38
2018-08-31,tpm,2.5
2018-09-01,imacec,2.3
2018-09-01,ipc,0.3
2018-09-03,dolar,680.48
2018-09-03,tpm,2.5
2018-09-04,dolar,684.13
2018-09-04,tpm,2.5
2018-09-05,dolar,693.13
2018-09-05,tpm,2.5
2018-09-06,dolar,691.05
2018-09-06,tpm,2.5
2018-09-07,dolar,684.97
2018-09-07,tpm,2.5
2018-09-10,dolar,688.44
2018-09-10,tpm,2.5
2018-09-11,dolar,692.62
2018-09-11,tpm,2.5
2018-09-12,dolar,698.43
2018-09-12,tpm,2.5
2018-09-13,dolar,691.06
2018-09-13,tpm,2.5
2018-09-14,dolar,682.79
2018-09-14,tpm,2.5
2018-09-20,dolar,684.86
2018-09-20,tpm,2.5
2018-09-21,dolar,673.74
2018-09-21,tpm,2.5
2018-09-24,dolar,666.44
2018-09-24,tpm,2.5
2018-09-25,dolar,667.17
2018-09-25,tpm,2.5
2018-09-26,dolar,670.84
2018-09-26,tpm,2.5
2018-09-27,dolar,663.9
2018-09-27,tpm,2.5
2018-09-28,dolar,661.5
2018-09-28,tpm,2.5
2018-10-01,dolar,660.42
2018-10-01,imacec,4.2
2018-10-01,ipc,0.4
2018-10-01,tpm,2.5
2018-10-02,dolar,656.25
2018-10-02,tpm,2.5
2018-10-03,dolar,658.91
2018-10-03,tpm,2.5
2018-10-04,dolar,659.3
2018-10-04,tpm,2.5
2018-10-05,dolar,670.4
2018-10-05,tpm,2.5
2018-10-08,dolar,672.6
2018-10-08,tpm,2.5
2018-10-09,dolar,680.67
2018-10-09,tpm,2.5
2018-10-10,dolar,683.49
2018-10-10,tpm,2.5
2018-10-11,dolar,683.57
2018-10-11,tpm,2.5
2018-10-12,dolar,683.7
2018-10-12,tpm,2.5
2018-10-16,dolar,678.21
2018-10-16,tpm,2.5
2018-10-17,dolar,670.45
2018-10-17,tpm,2.5
2018-10-18,dolar,670.08
2018-10-18,tpm,2.5
2018-10-19,dolar,674.68
2018-10-19,tpm,2.75
2018-10-22,dolar,676.89
2018-10-22,tpm,2.75
2018-10-23,dolar,680.21
2018-10-23,tpm,2.75
2018-10-24,dolar,685.09
2018-10-24,tpm,2.75
2018-10-25,dolar,686.88
2018-10-25,tpm,2.75
2018-10-26,dolar,687.48
2018-10-26,tpm,2.75
2018-10-29,dolar,690.01
2018-10-29,tpm,2.75
2018-10-30,dolar,687.9
2018-10-30,tpm,2.75
2018-10-31,dolar,693.31
2018-10-31,tpm,2.75
2018-11-01,imacec,3.1
2018-11-01,ipc,0
2018-11-05,dolar,698.56
2018-11-05,tpm,2.75
2018-11-06,dolar,682.78
2018-11-06,tpm,2.75
2018-11-07,dolar,680.03
2018-11-07,tpm,2.75
2018-11-08,dolar,676.13
2018-11-08,tpm,2.75
2018-11-09,dolar,675.94
2018-11-09,tpm,2.75
2018-11-12,dolar,681.41
2018-11-12,tpm,2.75
2018-11-13,dolar,685.46
2018-11-13,tpm,2.75
2018-11-14,dolar,688.76
2018-11-14,tpm,2.75
2018-11-15,dolar,687
2018-11-15,tpm,2.75
2018-11-16,dolar,678.49
2018-11-16,tpm,2.75
2018-11-19,dolar,672.41
2018-11-19,tpm,2.75
2018-11-20,dolar,670.05
2018-11-20,tpm,2.75
2018-11-21,dolar,671.35
2018-11-21,tpm,2.75
2018-11-22,dolar,669.45
2018-11-22,tpm,2.75
2018-11-23,dolar,667.46
2018-11-23,tpm,2.75
2018-11-26,dolar,673.31
2018-11-26,tpm,2.75
2018-11-27,dolar,675.89
2018-11-27,tpm,2.75
2018-11-28,dolar,675.97
2018-11-28,tpm,2.75
2018-11-29,dolar,672.36
2018-11-29,tpm,2.75
2018-11-30,dolar,669.43
2018-11-30,tpm,2.75
2018-12-01,imacec,2.6
2018-12-01,ipc,-0.1
2018-12-03,dolar,671.09
2018-12-03,tpm,2.75
2018-12-04,dolar,666.49
2018-12-04,tpm,2.75
2018-12-05,dolar,669.02
2018-12-05,tpm,2.75
2018-12-06,dolar,671.79
2018-12-06,tpm,2.75
2018-12-07,dolar,677.78
2018-12-07,tpm,2.75
2018-12-10,dolar,674.04
2018-12-10,tpm,2.75
2018-12-11,dolar,677
2018-12-11,tpm,2.75
2018-12-12,dolar,679.9
2018-12-12,tpm,2.75
2018-12-13,dolar,678.77
2018-12-13,tpm,2.75
2018-12-14,dolar,681.17
2018-12-14,tpm,2.75
2018-12-17,dolar,686.44
2018-12-17,tpm,2.75
2018-12-18,dolar,685.13
2018-12-18,tpm,2.75
2018-12-19,dolar,688.53
2018-12-20,dolar,688.46
2018-12-20,tpm,2.75
2018-12-21,dolar,688.11
2018-12-21,tpm,2.75
2018-12-24,dolar,691.87
2018-12-24,tpm,2.75
2018-12-26,dolar,692.69
2018-12-26,tpm,2.75
2018-12-27,dolar,693.78
2018-12-27,tpm,2.75
2018-12-28,dolar,695.69
2018-12-28,tpm,2.75
2019-01-01,imacec,2.4
2019-01-01,ipc,0.1
2019-01-02,dolar,694.77
2019-01-02,tpm,2.75
2019-01-03,dolar,697.09
2019-01-03,tpm,2.75
2019-01-04,dolar,697.64
2019-01-04,tpm,2.75
2019-01-07,dolar,688.42
2019-01-07,tpm,2.75
2019-01-08,dolar,679.69
2019-01-08,tpm,2.75
2019-01-09,dolar,680.1
2019-01-09,tpm,2.75
2019-01-10,dolar,678.09
2019-01-10,tpm,2.75
2019-01-11,dolar,677.58
2019-01-11,tpm,2.75
2019-01-14,dolar,675.15
2019-01-14,tpm,2.75
2019-01-15,dolar,674.95
2019-01-15,tpm,2.75
2019-01-16,dolar,673.76
2019-01-16,tpm,2.75
2019-01-17,dolar,672.73
2019-01-17,tpm,2.75
2019-01-18,dolar,671.37
2019-01-18,tpm,2.75
2019-01-21,dolar,670.1
2019-01-21,tpm,2.75
2019-01-22,dolar,672.42
2019-01-22,tpm,2.75
2019-01-23,dolar,672.26
2019-01-23,tpm,2.75
2019-01-24,dolar,672.41
2019-01-24,tpm,2.75
2019-01-25,dolar,672.14
2019-01-25,tpm,2.75
2019-01-28,dolar,667.04
2019-01-28,tpm,2.75
2019-01-29,dolar,671.29
2019-01-29,tpm,2.75
2019-01-30,dolar,669.6
2019-01-30,tpm,2.75
2019-01-31,dolar,666.76
2019-01-31,tpm,3
2019-02-01,dolar,657.81
2019-02-01,imacec,1.4
2019-02-01,ipc,0
2019-02-01,tpm,3
2019-02-04,dolar,655.39
2019-02-04,tpm,3
2019-02-05,dolar,653.8
2019-02-05,tpm,3
2019-02-06,dolar,652.78
2019-02-06,tpm,3
2019-02-07,dolar,653.9
2019-02-07,tpm,3
2019-02-08,dolar,654.44
2019-02-08,tpm,3
2019-02-11,dolar,656.46
2019-02-11,tpm,3
2019-02-12,dolar,660.82
2019-02-12,tpm,3
2019-02-13,dolar,660.49
2019-02-13,tpm,3
2019-02-14,dolar,661.6
2019-02-14,tpm,3
2019-02-15,dolar,665.9
2019-02-15,tpm,3
2019-02-18,dolar,663.98
2019-02-18,tpm,3
2019-02-19,dolar,660.82
2019-02-19,tpm,3
2019-02-20,dolar,658.75
2019-02-20,tpm,3
2019-02-21,dolar,654.52
2019-02-21,tpm,3
2019-02-22,dolar,654.33
2019-02-22,tpm,3
2019-02-25,dolar,651.36
2019-02-25,tpm,3
2019-02-26,dolar,649.22
2019-02-26,tpm,3
2019-02-27,dolar,649.8
2019-02-27,tpm,3
2019-02-28,dolar,649.92
2019-02-28,tpm,3
2019-03-01,dolar,651.79
2019-03-01,imacec,1.9
2019-03-01,ipc,0.5
2019-03-01,tpm,3
2019-03-04,dolar,656.57
2019-03-04,tpm,3
2019-03-05,dolar,659.07
2019-03-05,tpm,3
2019-03-06,dolar,657.49
2019-03-06,tpm,3
2019-03-07,dolar,658.4
2019-03-07,tpm,3
2019-03-08,dolar,662.19
2019-03-08,tpm,3
2019-03-11,dolar,670.83
2019-03-11,tpm,3
2019-03-12,dolar,669.37
2019-03-12,tpm,3
2019-03-13,dolar,667.09
2019-03-13,tpm,3
2019-03-14,dolar,665.68
2019-03-14,tpm,3
2019-03-15,dolar,670.62
2019-03-15,tpm,3
2019-03-18,dolar,669.39
2019-03-18,tpm,3
2019-03-19,dolar,667.21
2019-03-19,tpm,3
2019-03-20,dolar,664.78
2019-03-20,tpm,3
2019-03-21,dolar,666.13
2019-03-21,tpm,3
2019-03-22,dolar,665.12
2019-03-22,tpm,3
2019-03-25,dolar,676.6
2019-03-25,tpm,3
2019-03-26,dolar,679.08
2019-03-26,tpm,3
2019-03-27,dolar,679.02
2019-03-27,tpm,3
2019-03-28,dolar,683.73
2019-03-28,tpm,3
2019-03-29,dolar,681.09
2019-03-29,tpm,3
2019-04-01,dolar,678.53
2019-04-01,imacec,2.1
2019-04-01,ipc,0.3
2019-04-01,tpm,3
2019-04-02,dolar,672.56
2019-04-02,tpm,3
2019-04-03,dolar,670.05
2019-04-03,tpm,3
2019-04-04,dolar,667.55
2019-04-04,tpm,3
2019-04-05,dolar,666.32
2019-04-05,tpm,3
2019-04-08,dolar,664.17
2019-04-08,tpm,3
2019-04-09,dolar,663.01
2019-04-09,tpm,3
2019-04-10,dolar,663.15
2019-04-10,tpm,3
2019-04-11,dolar,662.92
2019-04-11,tpm,3
2019-04-12,dolar,664.19
2019-04-12,tpm,3
2019-04-15,dolar,660.67
2019-04-15,tpm,3
2019-04-16,dolar,662.86
2019-04-16,tpm,3
2019-04-17,dolar,663.98
2019-04-17,tpm,3
2019-04-18,dolar,660.48
2019-04-18,tpm,3
2019-04-22,dolar,662.27
2019-04-22,tpm,3
2019-04-23,dolar,663.91
2019-04-23,tpm,3
2019-04-24,dolar,668.19
2019-04-24,tpm,3
2019-04-25,dolar,672.83
2019-04-25,tpm,3
2019-04-26,dolar,676.21
2019-04-26,tpm,3
2019-04-29,dolar,673.86
2019-04-29,tpm,3
2019-04-30,dolar,677.67
2019-04-30,tpm,3
2019-05-01,imacec,2.3
2019-05-01,ipc,0.6
2019-05-02,dolar,678.71
2019-05-02,tpm,3
2019-05-03,dolar,683.31
2019-05-03,tpm,3
2019-05-06,dolar,678.68
2019-05-06,tpm,3
2019-05-07,dolar,681.09
2019-05-07,tpm,3
2019-05-08,dolar,683.49
2019-05-08,tpm,3
2019-05-09,dolar,684.51
2019-05-09,tpm,3
2019-05-10,dolar,686.43
2019-05-10,tpm,3
2019-05-13,dolar,685.67
2019-05-13,tpm,3
2019-05-14,dolar,693.04
2019-05-14,tpm,3
2019-05-15,dolar,692.33
2019-05-15,tpm,3
2019-05-16,dolar,692.62
2019-05-16,tpm,3
2019-05-17,dolar,692.79
2019-05-17,tpm,3
2019-05-20,dolar,696.61
2019-05-20,tpm,3
2019-05-22,dolar,697.23
2019-05-22,tpm,3
2019-05-23,dolar,696.7
2019-05-23,tpm,3
2019-05-24,dolar,698.03
2019-05-24,tpm,3
2019-05-27,dolar,694.84
2019-05-27,tpm,3
2019-05-28,dolar,696.46
2019-05-28,tpm,3
2019-05-29,dolar,703.48
2019-05-29,tpm,3
2019-05-30,dolar,708.2
2019-05-30,tpm,3
2019-05-31,dolar,707.86
2019-05-31,tpm,3
2019-06-01,imacec,1.3
2019-06-01,ipc,0
2019-06-03,dolar,709.8
2019-06-03,tpm,3
2019-06-04,dolar,704.59
2019-06-04,tpm,3
2019-06-05,dolar,696.78
2019-06-05,tpm,3
2019-06-06,dolar,693.25
2019-06-06,tpm,3
2019-06-07,dolar,692.21
2019-06-07,tpm,3
2019-06-10,dolar,692.28
2019-06-10,tpm,2.5
2019-06-11,dolar,697.34
2019-06-11,tpm,2.5
2019-06-12,dolar,693.6
2019-06-12,tpm,2.5
2019-06-13,dolar,694.89
2019-06-13,tpm,2.5
2019-06-14,dolar,696.25
2019-06-14,tpm,2.5
2019-06-17,dolar,698.72
2019-06-17,tpm,2.5
2019-06-18,dolar,699.52
2019-06-18,tpm,2.5
2019-06-19,dolar,696.81
2019-06-19,tpm,2.5
2019-06-20,dolar,693.99
2019-06-20,tpm,2.5
2019-06-21,dolar,684.19
2019-06-21,tpm,2.5
2019-06-24,dolar,683.41
2019-06-24,tpm,2.5
2019-06-25,dolar,682.31
2019-06-25,tpm,2.5
2019-06-26,dolar,678.32
2019-06-26,tpm,2.5
2019-06-27,dolar,680.06
2019-06-27,tpm,2.5
2019-06-28,dolar,679.86
2019-06-28,tpm,2.5
2019-07-01,dolar,679.15
2019-07-01,imacec,3.2
2019-07-01,ipc,0.2
2019-07-01,tpm,2.5
2019-07-02,dolar,677.62
2019-07-02,tpm,2.5
2019-07-03,dolar,681.3
2019-07-03,tpm,2.5
2019-07-04,dolar,680.48
2019-07-04,tpm,2.5
2019-07-05,dolar,677.64
2019-07-05,tpm,2.5
2019-07-08,dolar,683.12
2019-07-08,tpm,2.5
2019-07-09,dolar,685.83
2019-07-09,tpm,2.5
2019-07-10,dolar,688.88
2019-07-10,tpm,2.5
2019-07-11,dolar,685.4
2019-07-11,tpm,2.5
2019-07-12,dolar,683.38
2019-07-12,tpm,2.5
2019-07-15,dolar,681.07
2019-07-15,tpm,2.5
2019-07-17,dolar,679.48
2019-07-17,tpm,2.5
2019-07-18,dolar,681.69
2019-07-18,tpm,2.5
2019-07-19,dolar,683.27
2019-07-19,tpm,2.5
2019-07-22,dolar,685.81
2019-07-22,tpm,2.5
2019-07-23,dolar,688.28
2019-07-23,tpm,2.5
2019-07-24,dolar,691.57
2019-07-24,tpm,2.5
2019-07-25,dolar,691.36
2019-07-25,tpm,2.5
2019-07-26,dolar,694.16
2019-07-26,tpm,2.5
2019-07-29,dolar,696.62
2019-07-29,tpm,2.5
2019-07-30,dolar,697.22
2019-07-30,tpm,2.5
2019-07-31,dolar,699.98
2019-07-31,tpm,2.5
2019-08-01,dolar,700.82
2019-08-01,imacec,3.7
2019-08-01,ipc,0.2
2019-08-01,tpm,2.5
2019-08-02,dolar,704.88
2019-08-02,tpm,2.5
2019-08-05,dolar,711.13
2019-08-05,tpm,2.5
2019-08-06,dolar,721.7
2019-08-06,tpm,2.5
2019-08-07,dolar,716.35
2019-08-07,tpm,2.5
2019-08-08,dolar,718.55
2019-08-08,tpm,2.5
2019-08-09,dolar,710.98
2019-08-09,tpm,2.5
2019-08-12,dolar,712.04
2019-08-12,tpm,2.5
2019-08-13,dolar,716.69
2019-08-13,tpm,2.5
2019-08-14,dolar,708.37
2019-08-14,tpm,2.5
2019-08-16,dolar,710.14
2019-08-16,tpm,2.5
2019-08-19,dolar,709.26
2019-08-19,tpm,2.5
2019-08-20,dolar,711.94
2019-08-20,tpm,2.5
2019-08-21,dolar,710.63
2019-08-21,tpm,2.5
2019-08-22,dolar,709.52
2019-08-22,tpm,2.5
2019-08-23,dolar,713.22
2019-08-23,tpm,2.5
2019-08-26,dolar,716.4
2019-08-26,tpm,2.5
2019-08-27,dolar,718.75
2019-08-27,tpm,2.5
2019-08-28,dolar,721.55
2019-08-28,tpm,2.5
2019-08-29,dolar,724.2
2019-08-29,tpm,2.5
2019-08-30,dolar,720.65
2019-08-30,tpm,2.5
2019-09-01,imacec,3
2019-09-01,ipc,0
2019-09-02,dolar,720.2
2019-09-02,tpm,2.5
2019-09-03,dolar,724.72
2019-09-03,tpm,2.5
2019-09-04,dolar,725.69
2019-09-04,tpm,2
2019-09-05,dolar,723.3
2019-09-05,tpm,2
2019-09-06,dolar,717.52
2019-09-06,tpm,2
2019-09-09,dolar,711.22
2019-09-09,tpm,2
2019-09-10,dolar,713.72
2019-09-10,tpm,2
2019-09-11,dolar,714.77
2019-09-11,tpm,2
2019-09-12,dolar,714.39
2019-09-12,tpm,2
2019-09-13,dolar,711.29
2019-09-13,tpm,2
2019-09-16,dolar,707.07
2019-09-16,tpm,2
2019-09-17,dolar,709.81
2019-09-17,tpm,2
2019-09-23,dolar,715.24
2019-09-23,tpm,2
2019-09-24,dolar,722.17
2019-09-24,tpm,2
2019-09-25,dolar,721.92
2019-09-25,tpm,2
2019-09-26,dolar,727.08
2019-09-26,tpm,2
2019-09-27,dolar,726.17
2019-09-27,tpm,2
2019-09-30,dolar,725.68
2019-09-30,tpm,2
2019-10-01,dolar,728.21
2019-10-01,imacec,-3.4
2019-10-01,ipc,0.8
2019-10-01,tpm,2
2019-10-02,dolar,729.38
2019-10-02,tpm,2
2019-10-03,dolar,727.8
2019-10-03,tpm,2
2019-10-04,dolar,719.53
2019-10-04,tpm,2
2019-10-07,dolar,715.53
2019-10-07,tpm,2
2019-10-08,dolar,717.05
2019-10-08,tpm,2
2019-10-09,dolar,722.28
2019-10-09,tpm,2
2019-10-10,dolar,724.27
2019-10-10,tpm,2
2019-10-11,dolar,720.61
2019-10-11,tpm,2
2019-10-14,dolar,712.98
2019-10-14,tpm,2
2019-10-15,dolar,712.04
2019-10-15,tpm,2
2019-10-16,dolar,715.48
2019-10-16,tpm,2
2019-10-17,dolar,718.69
2019-10-17,tpm,2
2019-10-18,dolar,713.23
2019-10-18,tpm,2
2019-10-21,dolar,709.71
2019-10-21,tpm,2
2019-10-22,dolar,723.52
2019-10-22,tpm,2
2019-10-23,dolar,726.24
2019-10-23,tpm,2
2019-10-24,dolar,726.15
2019-10-24,tpm,1.75
2019-10-25,dolar,723.43
2019-10-25,tpm,1.75
2019-10-28,dolar,725.87
2019-10-28,tpm,1.75
2019-10-29,dolar,724.37
2019-10-29,tpm,1.75
2019-10-30,dolar,726.34
2019-10-30,tpm,1.75
2019-11-01,imacec,-3.3
2019-11-01,ipc,0.1
2019-11-04,dolar,735.05
2019-11-04,tpm,1.75
2019-11-05,dolar,736.66
2019-11-05,tpm,1.75
2019-11-06,dolar,745.85
2019-11-06,tpm,1.75
2019-11-07,dolar,743.65
2019-11-07,tpm,1.75
2019-11-08,dolar,740.23
2019-11-08,tpm,1.75
2019-11-11,dolar,746.23
2019-11-11,tpm,1.75
2019-11-12,dolar,756.08
2019-11-12,tpm,1.75
2019-11-13,dolar,783.72
2019-11-13,tpm,1.75
2019-11-14,dolar,794.51
2019-11-14,tpm,1.75
2019-11-15,dolar,801.83
2019-11-15,tpm,1.75
2019-11-18,dolar,782.82
2019-11-18,tpm,1.75
2019-11-19,dolar,773.81
2019-11-19,tpm,1.75
2019-11-20,dolar,782.71
2019-11-20,tpm,1.75
2019-11-21,dolar,797.17
2019-11-21,tpm,1.75
2019-11-22,dolar,795.14
2019-11-22,tpm,1.75
2019-11-25,dolar,795.94
2019-11-25,tpm,1.75
2019-11-26,dolar,791.16
2019-11-26,tpm,1.75
2019-11-27,dolar,793.49
2019-11-27,tpm,1.75
2019-11-28,dolar,806.3
2019-11-28,tpm,1.75
2019-11-29,dolar,828.25
2019-11-29,tpm,1.75
2019-12-01,imacec,1.1
2019-12-01,ipc,0.1
2019-12-02,dolar,812.13
2019-12-02,tpm,1.75
2019-12-03,dolar,804.29
2019-12-03,tpm,1.75
2019-12-04,dolar,802.44
2019-12-04,tpm,1.75
2019-12-05,dolar,796.75
2019-12-05,tpm,1.75
2019-12-06,dolar,784.25
2019-12-06,tpm,1.75
2019-12-09,dolar,779.04
2019-12-09,tpm,1.75
2019-12-10,dolar,771.29
2019-12-10,tpm,1.75
2019-12-11,dolar,778.14
2019-12-11,tpm,1.75
2019-12-12,dolar,772.93
2019-12-12,tpm,1.75
2019-12-13,dolar,768.69
2019-12-13,tpm,1.75
2019-12-16,dolar,766.76
2019-12-16,tpm,1.75
2019-12-17,dolar,762.83
2019-12-17,tpm,1.75
2019-12-18,dolar,756.95
2019-12-18,tpm,1.75
2019-12-19,dolar,752.3
2019-12-19,tpm,1.75
2019-12-20,dolar,752.6
2019-12-20,tpm,1.75
2019-12-23,dolar,749.83
2019-12-23,tpm,1.75
2019-12-24,dolar,754.27
2019-12-24,tpm,1.75
2019-12-26,dolar,751.04
2019-12-26,tpm,1.75
2019-12-27,dolar,746.66
2019-12-27,tpm,1.75
2019-12-30,dolar,744.62
2019-12-30,tpm,1.75
2019-12-31,tpm,1.75
2020-01-01,imacec,1.5
2020-01-01,ipc,0.6
2020-01-02,dolar,748.74
2020-01-02,tpm,1.75
2020-01-03,dolar,754.16
2020-01-03,tpm,1.75
2020-01-06,dolar,758.49
2020-01-06,tpm,1.75
2020-01-07,dolar,771.82
2020-01-07,tpm,1.75
2020-01-08,dolar,773.12
2020-01-08,tpm,1.75
2020-01-09,dolar,766.83
2020-01-09,tpm,1.75
2020-01-10,dolar,764.69
2020-01-10,tpm,1.75
2020-01-13,dolar,770.56
2020-01-13,tpm,1.75
2020-01-14,dolar,777.66
2020-01-14,tpm,1.75
2020-01-15,dolar,772.29
2020-01-15,tpm,1.75
2020-01-16,dolar,772.01
2020-01-16,tpm,1.75
2020-01-17,dolar,773.36
2020-01-17,tpm,1.75
2020-01-20,dolar,771.38
2020-01-20,tpm,1.75
2020-01-21,dolar,769.93
2020-01-21,tpm,1.75
2020-01-22,dolar,770.5
2020-01-22,tpm,1.75
2020-01-23,dolar,772.12
2020-01-23,tpm,1.75
2020-01-24,dolar,771.94
2020-01-24,tpm,1.75
2020-01-27,dolar,776.52
2020-01-27,tpm,1.75
2020-01-28,dolar,787.86
2020-01-28,tpm,1.75
2020-01-29,dolar,788.13
2020-01-29,tpm,1.75
2020-01-30,dolar,788.18
2020-01-30,tpm,1.75
2020-01-31,dolar,797.96
2020-01-31,tpm,1.75
2020-02-01,imacec,2.7
2020-02-01,ipc,0.4
2020-02-03,dolar,799.11
2020-02-03,tpm,1.75
2020-02-04,dolar,790.92
2020-02-04,tpm,1.75
2020-02-05,dolar,781.78
2020-02-05,tpm,1.75
2020-02-06,dolar,776.99
2020-02-06,tpm,1.75
2020-02-07,dolar,779.12
2020-02-07,tpm,1.75
2020-02-10,dolar,788.8
2020-02-10,tpm,1.75
2020-02-11,dolar,795.88
2020-02-11,tpm,1.75
2020-02-12,dolar,792.48
2020-02-12,tpm,1.75
2020-02-13,dolar,788.33
2020-02-13,tpm,1.75
2020-02-14,dolar,795.12
2020-02-14,tpm,1.75
2020-02-17,dolar,792.73
2020-02-17,tpm,1.75
2020-02-18,dolar,791.95
2020-02-18,tpm,1.75
2020-02-19,dolar,796.9
2020-02-19,tpm,1.75
2020-02-20,dolar,797.4
2020-02-20,tpm,1.75
2020-02-21,dolar,804.74
2020-02-21,tpm,1.75
2020-02-24,dolar,809.82
2020-02-24,tpm,1.75
2020-02-25,dolar,810.2
2020-02-25,tpm,1.75
2020-02-26,dolar,807.96
2020-02-26,tpm,1.75
2020-02-27,dolar,811.1
2020-02-27,tpm,1.75
2020-02-28,dolar,816.26
2020-02-28,tpm,1.75
2020-03-01,imacec,-3.5
2020-03-01,ipc,0.3
2020-03-02,dolar,818.32
2020-03-02,tpm,1.75
2020-03-03,dolar,817.45
2020-03-03,tpm,1.75
2020-03-04,dolar,809.81
2020-03-04,tpm,1.75
2020-03-05,dolar,812.19
2020-03-05,tpm,1.75
2020-03-06,dolar,823.28
2020-03-06,tpm,1.75
2020-03-09,dolar,828.95
2020-03-09,tpm,1.75
2020-03-10,dolar,841.06
2020-03-10,tpm,1.75
2020-03-11,dolar,834.22
2020-03-11,tpm,1.75
2020-03-12,dolar,835.48
2020-03-12,tpm,1.75
2020-03-13,dolar,852.06
2020-03-13,tpm,1.75
2020-03-16,dolar,836.66
2020-03-16,tpm,1.75
2020-03-17,dolar,850.51
2020-03-17,tpm,1
2020-03-18,dolar,855.09
2020-03-18,tpm,1
2020-03-19,dolar,862.69
2020-03-19,tpm,1
2020-03-20,dolar,867.83
2020-03-20,tpm,1
2020-03-23,dolar,851.01
2020-03-23,tpm,1
2020-03-24,dolar,861.07
2020-03-24,tpm,1
2020-03-25,dolar,847.04
2020-03-25,tpm,1
2020-03-26,dolar,843.96
2020-03-26,tpm,1
2020-03-27,dolar,836.05
2020-03-27,tpm,1
2020-03-30,dolar,835.23
2020-03-30,tpm,1
2020-03-31,dolar,846.3
2020-03-31,tpm,1
2020-04-01,dolar,852.03
2020-04-01,imacec,-14.1
2020-04-01,ipc,0
2020-04-01,tpm,0.5
2020-04-02,dolar,863.81
2020-04-02,tpm,0.5
2020-04-03,dolar,861.89
2020-04-03,tpm,0.5
2020-04-06,dolar,863.99
2020-04-06,tpm,0.5
2020-04-07,dolar,853.91
2020-04-07,tpm,0.5
2020-04-08,dolar,842.05
2020-04-08,tpm,0.5
2020-04-09,dolar,851.9
2020-04-09,tpm,0.5
2020-04-13,dolar,839.49
2020-04-13,tpm,0.5
2020-04-14,dolar,844.57
2020-04-14,tpm,0.5
2020-04-15,dolar,848.63
2020-04-15,tpm,0.5
2020-04-16,dolar,859.31
2020-04-16,tpm,0.5
2020-04-17,dolar,852.52
2020-04-17,tpm,0.5
2020-04-20,dolar,849.45
2020-04-20,tpm,0.5
2020-04-21,dolar,856.23
2020-04-21,tpm,0.5
2020-04-22,dolar,862.06
2020-04-22,tpm,0.5
2020-04-23,dolar,856.51
2020-04-23,tpm,0.5
2020-04-24,dolar,858.87
2020-04-24,tpm,0.5
2020-04-27,dolar,859.95
2020-04-27,tpm,0.5
2020-04-28,dolar,856.76
2020-04-28,tpm,0.5
2020-04-29,dolar,850.41
2020-04-29,tpm,0.5
2020-04-30,dolar,836.62
2020-04-30,tpm,0.5
2020-05-01,imacec,-15.3
2020-05-01,ipc,-0.1
2020-05-04,dolar,837.92
2020-05-04,tpm,0.5
2020-05-05,dolar,838.74
2020-05-05,tpm,0.5
2020-05-06,dolar,832.84
2020-05-06,tpm,0.5
2020-05-07,dolar,839.08
2020-05-07,tpm,0.5
2020-05-08,dolar,836.27
2020-05-08,tpm,0.5
2020-05-11,dolar,827.65
2020-05-11,tpm,0.5
2020-05-12,dolar,826.05
2020-05-12,tpm,0.5
2020-05-13,dolar,821.88
2020-05-13,tpm,0.5
2020-05-14,dolar,820.38
2020-05-14,tpm,0.5
2020-05-15,dolar,822.93
2020-05-15,tpm,0.5
2020-05-18,dolar,823.86
2020-05-18,tpm,0.5
2020-05-19,dolar,820.65
2020-05-19,tpm,0.5
2020-05-20,dolar,819.08
2020-05-20,tpm,0.5
2020-05-22,dolar,806.17
2020-05-22,tpm,0.5
2020-05-25,dolar,805.75
2020-05-25,tpm,0.5
2020-05-26,dolar,803.74
2020-05-26,tpm,0.5
2020-05-27,dolar,802.1
2020-05-27,tpm,0.5
2020-05-28,dolar,816.47
2020-05-28,tpm,0.5
2020-05-29,dolar,812.74
2020-05-29,tpm,0.5
2020-06-01,dolar,806.32
2020-06-01,imacec,-12.4
2020-06-01,ipc,-0.1
2020-06-01,tpm,0.5
2020-06-02,dolar,796.46
2020-06-02,tpm,0.5
2020-06-03,dolar,782.86
2020-06-03,tpm,0.5
2020-06-04,dolar,769.13
2020-06-04,tpm,0.5
2020-06-05,dolar,775.58
2020-06-05,tpm,0.5
2020-06-08,dolar,764.97
2020-06-08,tpm,0.5
2020-06-09,dolar,769.26
2020-06-09,tpm,0.5
2020-06-10,dolar,771.96
2020-06-10,tpm,0.5
2020-06-11,dolar,767.93
2020-06-11,tpm,0.5
2020-06-12,dolar,784.65
2020-06-12,tpm,0.5
2020-06-15,dolar,790.73
2020-06-15,tpm,0.5
2020-06-16,dolar,796.87
2020-06-16,tpm,0.5
2020-06-17,dolar,779.1
2020-06-17,tpm,0.5
2020-06-18,dolar,798.53
2020-06-18,tpm,0.5
2020-06-19,dolar,812.19
2020-06-19,tpm,0.5
2020-06-22,dolar,817.33
2020-06-22,tpm,0.5
2020-06-23,dolar,816.02
2020-06-23,tpm,0.5
2020-06-24,dolar,817.9
2020-06-24,tpm,0.5
2020-06-25,dolar,820.68
2020-06-25,tpm,0.5
2020-06-26,dolar,813.25
2020-06-26,tpm,0.5
2020-06-30,dolar,816.36
2020-06-30,tpm,0.5
2020-07-01,dolar,821.23
2020-07-01,imacec,-10.7
2020-07-01,ipc,0.1
2020-07-01,tpm,0.5
2020-07-02,dolar,816.29
2020-07-02,tpm,0.5
2020-07-03,dolar,803.98
2020-07-03,tpm,0.5
2020-07-06,dolar,801.46
2020-07-06,tpm,0.5
2020-07-07,dolar,798.79
2020-07-07,tpm,0.5
2020-07-08,dolar,793.88
2020-07-08,tpm,0.5
2020-07-09,dolar,786.18
2020-07-09,tpm,0.5
2020-07-10,dolar,781.74
2020-07-10,tpm,0.5
2020-07-13,dolar,790.82
2020-07-13,tpm,0.5
2020-07-14,dolar,788.22
2020-07-14,tpm,0.5
2020-07-15,dolar,787.87
2020-07-15,tpm,0.5
2020-07-16,tpm,0.5
2020-07-17,dolar,787.5
2020-07-17,tpm,0.5
2020-07-20,dolar,787.26
2020-07-20,tpm,0
2020-07-21,dolar,786.04
2020-07-21,tpm,0.5
2020-07-22,dolar,777.66
2020-07-22,tpm,0.5
2020-07-23,dolar,769.06
2020-07-23,tpm,0.5
2020-07-24,dolar,767.17
2020-07-24,tpm,0.5
2020-07-27,dolar,768.63
2020-07-27,tpm,0.5
2020-07-28,dolar,768.81
2020-07-28,tpm,0.5
2020-07-29,dolar,767.82
2020-07-29,tpm,0.5
2020-07-30,dolar,759.18
2020-07-30,tpm,0.5
2020-07-31,dolar,754.45
2020-07-31,tpm,0.5
2020-08-01,imacec,-11.3
2020-08-01,ipc,0.1
2020-08-03,dolar,757.06
2020-08-03,tpm,0.5
2020-08-04,dolar,761.34
2020-08-04,tpm,0.5
2020-08-05,dolar,767.98
2020-08-05,tpm,0.5
2020-08-06,dolar,774.82
2020-08-06,tpm,0.5
2020-08-07,dolar,777.18
2020-08-07,tpm,0.5
2020-08-10,dolar,784.28
2020-08-10,tpm,0.5
2020-08-11,dolar,796.58
2020-08-11,tpm,0.5
2020-08-12,dolar,793.61
2020-08-12,tpm,0.5
2020-08-13,dolar,792.69
2020-08-13,tpm,0.5
2020-08-14,dolar,793.32
2020-08-14,tpm,0.5
2020-08-17,dolar,796.73
2020-08-17,tpm,0.5
2020-08-18,dolar,803.4
2020-08-18,tpm,0.5
2020-08-19,dolar,796.23
2020-08-19,tpm,0.5
2020-08-20,dolar,784.25
2020-08-20,tpm,0.5
2020-08-21,dolar,785.84
2020-08-21,tpm,0.5
2020-08-24,dolar,790.88
2020-08-24,tpm,0.5
2020-08-25,dolar,786.17
2020-08-25,tpm,0.5
2020-08-26,dolar,784.44
2020-08-26,tpm,0.5
2020-08-27,dolar,786.91
2020-08-27,tpm,0.5
2020-08-28,dolar,784.27
2020-08-28,tpm,0.5
2020-08-31,dolar,779.92
2020-08-31,tpm,0.5
2020-09-01,dolar,776.46
2020-09-01,imacec,-5.3
2020-09-01,ipc,0.6
2020-09-01,tpm,0.5
2020-09-02,dolar,770.59
2020-09-02,tpm,0.5
2020-09-03,dolar,771.45
2020-09-03,tpm,0.5
2020-09-04,dolar,773.71
2020-09-04,tpm,0.5
2020-09-07,dolar,773.76
2020-09-07,tpm,0.5
2020-09-08,dolar,773.24
2020-09-08,tpm,0.5
2020-09-09,dolar,776.65
2020-09-09,tpm,0.5
2020-09-10,dolar,767.87
2020-09-10,tpm,0.5
2020-09-11,dolar,764.99
2020-09-11,tpm,0.5
2020-09-14,dolar,768.34
2020-09-14,tpm,0.5
2020-09-15,dolar,767.01
2020-09-15,tpm,0.5
2020-09-16,dolar,760.01
2020-09-16,tpm,0.5
2020-09-17,dolar,761.54
2020-09-17,tpm,0.5
2020-09-21,dolar,764.34
2020-09-21,tpm,0.5
2020-09-22,dolar,772.83
2020-09-22,tpm,0.5
2020-09-23,dolar,773.4
2020-09-23,tpm,0.5
2020-09-24,dolar,781.44
2020-09-24,tpm,0.5
2020-09-25,dolar,788.02
2020-09-25,tpm,0.5
2020-09-28,dolar,787.15
2020-09-28,tpm,0.5
2020-09-29,dolar,784.19
2020-09-29,tpm,0.5
2020-09-30,dolar,784.46
2020-09-30,tpm,0.5
2020-10-01,dolar,788.15
2020-10-01,imacec,-1.2
2020-10-01,ipc,0.7
2020-10-01,tpm,0.5
2020-10-02,dolar,785.04
2020-10-02,tpm,0.5
2020-10-05,dolar,790.81
2020-10-05,tpm,0.5
2020-10-06,dolar,794.34
2020-10-06,tpm,0.5
2020-10-07,dolar,797.35
2020-10-07,tpm,0.5
2020-10-08,dolar,795.05
2020-10-08,tpm,0.5
2020-10-09,dolar,797.25
2020-10-09,tpm,0.5
2020-10-13,dolar,796.05
2020-10-13,tpm,0.5
2020-10-14,dolar,797.66
2020-10-14,tpm,0.5
2020-10-15,dolar,798.56
2020-10-15,tpm,0.5
2020-10-16,dolar,801.91
2020-10-16,tpm,0.5
2020-10-19,dolar,795.68
2020-10-19,tpm,0.5
2020-10-20,dolar,788.27
2020-10-20,tpm,0.5
2020-10-21,dolar,786.66
2020-10-21,tpm,0.5
2020-10-22,dolar,784.07
2020-10-22,tpm,0.5
2020-10-23,dolar,781.41
2020-10-23,tpm,0.5
2020-10-26,dolar,777.72
2020-10-26,tpm,0.5
2020-10-27,dolar,779.57
2020-10-27,tpm,0.5
2020-10-28,dolar,772.05
2020-10-28,tpm,0.5
2020-10-29,dolar,775.56
2020-10-29,tpm,0.5
2020-10-30,dolar,770.45
2020-10-30,tpm,0.5
2020-11-01,imacec,0.3
2020-11-01,ipc,-0.1
2020-11-02,dolar,771.92
2020-11-02,tpm,0.5
2020-11-03,dolar,769.17
2020-11-03,tpm,0.5
2020-11-04,dolar,758.53
2020-11-04,tpm,0.5
2020-11-05,dolar,757.16
2020-11-05,tpm,0.5
2020-11-06,dolar,752.01
2020-11-06,tpm,0.5
2020-11-09,dolar,759.25
2020-11-09,tpm,0.5
2020-11-10,dolar,753.75
2020-11-10,tpm,0.5
2020-11-11,dolar,760.9
2020-11-11,tpm,0.5
2020-11-12,dolar,757.42
2020-11-12,tpm,0.5
2020-11-13,dolar,757.43
2020-11-13,tpm,0.5
2020-11-16,dolar,766.7
2020-11-16,tpm,0.5
2020-11-17,dolar,767.86
2020-11-17,tpm,0.5
2020-11-18,dolar,767.05
2020-11-18,tpm,0.5
2020-11-19,dolar,758.1
2020-11-19,tpm,0.5
2020-11-20,dolar,758.62
2020-11-20,tpm,0.5
2020-11-23,dolar,761.55
2020-11-23,tpm,0.5
2020-11-24,dolar,765.96
2020-11-24,tpm,0.5
2020-11-25,dolar,772.83
2020-11-25,tpm,0.5
2020-11-26,dolar,771.68
2020-11-26,tpm,0.5
2020-11-27,dolar,766
2020-11-27,tpm,0.5
2020-11-30,dolar,766.69
2020-11-30,tpm,0.5
2020-12-01,dolar,767.29
2020-12-01,imacec,-0.4
2020-12-01,ipc,0.3
2020-12-01,tpm,0.5
2020-12-02,dolar,760.16
2020-12-02,tpm,0.5
2020-12-03,dolar,755.34
2020-12-03,tpm,0.5
2020-12-04,dolar,752.03
2020-12-04,tpm,0.5
2020-12-07,dolar,747.61
2020-12-07,tpm,0.5
2020-12-09,dolar,744.82
2020-12-09,tpm,0.5
2020-12-10,dolar,739.45
2020-12-10,tpm,0.5
2020-12-11,dolar,738.17
2020-12-11,tpm,0.5
2020-12-14,dolar,733.55
2020-12-14,tpm,0.5
2020-12-15,dolar,731.58
2020-12-15,tpm,0.5
2020-12-16,dolar,734.23
2020-12-16,tpm,0.5
2020-12-17,dolar,735.09
2020-12-17,tpm,0.5
2020-12-18,dolar,723.44
2020-12-18,tpm,0.5
2020-12-21,dolar,723.85
2020-12-21,tpm,0.5
2020-12-22,dolar,730.7
2020-12-22,tpm,0.5
2020-12-23,dolar,728.96
2020-12-23,tpm,0.5
2020-12-24,dolar,716.25
2020-12-24,tpm,0.5
2020-12-28,dolar,710.26
2020-12-28,tpm,0.5
2020-12-29,dolar,710.64
2020-12-29,tpm,0.5
2020-12-30,dolar,711.24
2020-12-30,tpm,0.5
2021-01-01,imacec,-3.1
2021-01-01,ipc,0.7
2021-01-04,dolar,710.95
2021-01-04,tpm,0.5
2021-01-05,dolar,702.93
2021-01-05,tpm,0.5
2021-01-06,dolar,702.29
2021-01-06,tpm,0.5
2021-01-07,dolar,696.18
2021-01-07,tpm,0.5
2021-01-08,dolar,709.99
2021-01-08,tpm,0.5
2021-01-11,dolar,713.28
2021-01-11,tpm,0.5
2021-01-12,dolar,718.89
2021-01-12,tpm,0.5
2021-01-13,dolar,725.24
2021-01-13,tpm,0.5
2021-01-14,dolar,739.72
2021-01-14,tpm,0.5
2021-01-15,dolar,735.35
2021-01-15,tpm,0.5
2021-01-18,dolar,735.06
2021-01-18,tpm,0.5
2021-01-19,dolar,736.11
2021-01-19,tpm,0.5
2021-01-20,dolar,733.73
2021-01-20,tpm,0.5
2021-01-21,dolar,730.38
2021-01-21,tpm,0.5
2021-01-22,dolar,715.56
2021-01-22,tpm,0.5
2021-01-25,dolar,724.26
2021-01-25,tpm,0.5
2021-01-26,dolar,731.92
2021-01-26,tpm,0.5
2021-01-27,dolar,731
2021-01-27,tpm,0.5
2021-01-28,dolar,736.88
2021-01-28,tpm,0.5
2021-01-29,dolar,741.4
2021-01-29,tpm,0.5
2021-02-01,dolar,734.62
2021-02-01,imacec,-2.2
2021-02-01,ipc,0.2
2021-02-01,tpm,0.5
2021-02-02,dolar,731.66
2021-02-02,tpm,0.5
2021-02-03,dolar,734.86
2021-02-03,tpm,0.5
2021-02-04,dolar,730.53
2021-02-04,tpm,0.5
2021-02-05,dolar,737.23
2021-02-05,tpm,0.5
2021-02-08,dolar,736.65
2021-02-08,tpm,0.5
2021-02-09,dolar,735.07
2021-02-09,tpm,0.5
2021-02-10,dolar,733.13
2021-02-10,tpm,0.5
2021-02-11,dolar,728.9
2021-02-11,tpm,0.5
2021-02-12,dolar,722.52
2021-02-12,tpm,0.5
2021-02-15,dolar,724.39
2021-02-15,tpm,0.5
2021-02-16,dolar,718.45
2021-02-16,tpm,0.5
2021-02-17,dolar,717.38
2021-02-17,tpm,0.5
2021-02-18,dolar,719.78
2021-02-18,tpm,0.5
2021-02-19,dolar,712.14
2021-02-19,tpm,0.5
2021-02-22,dolar,707.12
2021-02-22,tpm,0.5
2021-02-23,dolar,709.65
2021-02-23,tpm,0.5
2021-02-24,dolar,706.76
2021-02-24,tpm,0.5
2021-02-25,dolar,703.65
2021-02-25,tpm,0.5
2021-02-26,dolar,708.04
2021-02-26,tpm,0.5
2021-03-01,dolar,719.91
2021-03-01,imacec,6.4
2021-03-01,ipc,0.4
2021-03-01,tpm,0.5
2021-03-02,dolar,721.2
2021-03-02,tpm,0.5
2021-03-03,dolar,726.74
2021-03-03,tpm,0.5
2021-03-04,dolar,731.3
2021-03-04,tpm,0.5
2021-03-05,dolar,729.15
2021-03-05,tpm,0.5
2021-03-08,dolar,733.11
2021-03-08,tpm,0.5
2021-03-09,dolar,738.46
2021-03-09,tpm,0.5
2021-03-10,dolar,733.42
2021-03-10,tpm,0.5
2021-03-11,dolar,728.89
2021-03-11,tpm,0.5
2021-03-12,dolar,718.4
2021-03-12,tpm,0.5
2021-03-15,dolar,718.37
2021-03-15,tpm,0.5
2021-03-16,dolar,721.49
2021-03-16,tpm,0.5
2021-03-17,dolar,723.47
2021-03-17,tpm,0.5
2021-03-18,dolar,730.93
2021-03-18,tpm,0.5
2021-03-19,dolar,724.59
2021-03-19,tpm,0.5
2021-03-22,dolar,717.96
2021-03-22,tpm,0.5
2021-03-23,dolar,716.46
2021-03-23,tpm,0.5
2021-03-24,dolar,720.62
2021-03-24,tpm,0.5
2021-03-25,dolar,723.35
2021-03-25,tpm,0.5
2021-03-26,dolar,730.82
2021-03-26,tpm,0.5
2021-03-29,dolar,729.5
2021-03-29,tpm,0.5
2021-03-30,dolar,736.17
2021-03-30,tpm,0.5
2021-03-31,dolar,732.11
2021-03-31,tpm,0.5
2021-04-01,dolar,721.82
2021-04-01,imacec,14.1
2021-04-01,ipc,0.4
2021-04-01,tpm,0.5
2021-04-05,dolar,717.12
2021-04-05,tpm,0.5
2021-04-06,dolar,717.9
2021-04-06,tpm,0.5
2021-04-07,dolar,718.17
2021-04-07,tpm,0.5
2021-04-08,dolar,714.21
2021-04-08,tpm,0.5
2021-04-09,dolar,708.09
2021-04-09,tpm,0.5
2021-04-12,dolar,711.23
2021-04-12,tpm,0.5
2021-04-13,dolar,709.51
2021-04-13,tpm,0.5
2021-04-14,dolar,708.71
2021-04-14,tpm,0.5
2021-04-15,dolar,707.25
2021-04-15,tpm,0.5
2021-04-16,dolar,701.98
2021-04-16,tpm,0.5
2021-04-19,dolar,701.55
2021-04-19,tpm,0.5
2021-04-20,dolar,700.96
2021-04-20,tpm,0.5
2021-04-21,dolar,697.19
2021-04-21,tpm,0.5
2021-04-22,dolar,696.8
2021-04-22,tpm,0.5
2021-04-23,dolar,705.41
2021-04-23,tpm,0.5
2021-04-26,dolar,712.54
2021-04-26,tpm,0.5
2021-04-27,dolar,707.05
2021-04-27,tpm,0.5
2021-04-28,dolar,702.02
2021-04-28,tpm,0.5
2021-04-29,dolar,700.15
2021-04-29,tpm,0.5
2021-04-30,dolar,705.09
2021-04-30,tpm,0.5
2021-05-01,imacec,18.1
2021-05-01,ipc,0.3
2021-05-03,dolar,711.06
2021-05-03,tpm,0.5
2021-05-04,dolar,706.29
2021-05-04,tpm,0.5
2021-05-05,dolar,705.25
2021-05-05,tpm,0.5
2021-05-06,dolar,703.09
2021-05-06,tpm,0.5
2021-05-07,dolar,701.27
2021-05-07,tpm,0.5
2021-05-10,dolar,694.47
2021-05-10,tpm,0.5
2021-05-11,dolar,693.74
2021-05-11,tpm,0.5
2021-05-12,dolar,700.04
2021-05-12,tpm,0.5
2021-05-13,dolar,707.19
2021-05-13,tpm,0.5
2021-05-14,dolar,708.64
2021-05-14,tpm,0.5
2021-05-17,dolar,703.17
2021-05-17,tpm,0.5
2021-05-18,dolar,715.62
2021-05-18,tpm,0.5
2021-05-19,dolar,713.63
2021-05-19,tpm,0.5
2021-05-20,dolar,715.31
2021-05-20,tpm,0.5
2021-05-24,dolar,716.41
2021-05-24,tpm,0.5
2021-05-25,dolar,727.09
2021-05-25,tpm,0.5
2021-05-26,dolar,734.75
2021-05-26,tpm,0.5
2021-05-27,dolar,732.82
2021-05-27,tpm,0.5
2021-05-28,dolar,730.43
2021-05-28,tpm,0.5
2021-05-31,dolar,724.92
2021-05-31,tpm,0.5
2021-06-01,dolar,722.11
2021-06-01,imacec,20.1
2021-06-01,ipc,0.1
2021-06-01,tpm,0.5
2021-06-02,dolar,721.52
2021-06-02,tpm,0.5
2021-06-03,dolar,720.44
2021-06-03,tpm,0.5
2021-06-04,dolar,719.93
2021-06-04,tpm,0.5
2021-06-07,dolar,717.12
2021-06-07,tpm,0.5
2021-06-08,dolar,716.06
2021-06-08,tpm,0.5
2021-06-09,dolar,717.82
2021-06-09,tpm,0.5
2021-06-10,dolar,718.98
2021-06-10,tpm,0.5
2021-06-11,dolar,720.77
2021-06-11,tpm,0.5
2021-06-14,dolar,720.28
2021-06-14,tpm,0.5
2021-06-15,dolar,719.17
2021-06-15,tpm,0.5
2021-06-16,dolar,725.11
2021-06-16,tpm,0.5
2021-06-17,dolar,726.62
2021-06-17,tpm,0.5
2021-06-18,dolar,735.69
2021-06-18,tpm,0.5
2021-06-22,dolar,746.17
2021-06-22,tpm,0.5
2021-06-23,dolar,749.34
2021-06-23,tpm,0.5
2021-06-24,dolar,735.13
2021-06-24,tpm,0.5
2021-06-25,dolar,731.1
2021-06-25,tpm,0.5
2021-06-29,dolar,732.25
2021-06-29,tpm,0.5
2021-06-30,dolar,735.28
2021-06-30,tpm,0.5
2021-07-01,dolar,727.76
2021-07-01,imacec,18.1
2021-07-01,ipc,0.8
2021-07-01,tpm,0.5
2021-07-02,dolar,737.79
2021-07-02,tpm,0.5
2021-07-05,dolar,735.06
2021-07-05,tpm,0.5
2021-07-06,dolar,734.66
2021-07-06,tpm,0.5
2021-07-07,dolar,743.25
2021-07-07,tpm,0.5
2021-07-08,dolar,751.36
2021-07-08,tpm,0.5
2021-07-09,dolar,753.67
2021-07-09,tpm,0.5
2021-07-12,dolar,748.7
2021-07-12,tpm,0.5
2021-07-13,dolar,744.1
2021-07-13,tpm,0.5
2021-07-14,dolar,746.56
2021-07-14,tpm,0.5
2021-07-15,dolar,747.93
2021-07-15,tpm,0.75
2021-07-19,dolar,754.17
2021-07-19,tpm,0.75
2021-07-20,dolar,759.71
2021-07-20,tpm,0.75
2021-07-21,dolar,758.85
2021-07-21,tpm,0.75
2021-07-22,dolar,755.37
2021-07-22,tpm,0.75
2021-07-23,dolar,750.81
2021-07-23,tpm,0.75
2021-07-26,dolar,758.44
2021-07-26,tpm,0.75
2021-07-27,dolar,764.21
2021-07-27,tpm,0.75
2021-07-28,dolar,761.03
2021-07-28,tpm,0.75
2021-07-29,dolar,767.29
2021-07-29,tpm,0.75
2021-07-30,dolar,758.53
2021-07-30,tpm,0.75
2021-08-01,imacec,19.1
2021-08-01,ipc,0.4
2021-08-02,dolar,760.2
2021-08-02,tpm,0.75
2021-08-03,dolar,761.39
2021-08-03,tpm,0.75
2021-08-04,dolar,774.54
2021-08-04,tpm,0.75
2021-08-05,dolar,775.54
2021-08-05,tpm,0.75
2021-08-06,dolar,776.69
2021-08-06,tpm,0.75
2021-08-09,dolar,784.5
2021-08-09,tpm,0.75
2021-08-10,dolar,787.4
2021-08-10,tpm,0.75
2021-08-11,dolar,780.08
2021-08-11,tpm,0.75
2021-08-12,dolar,773.01
2021-08-12,tpm,0.75
2021-08-13,dolar,772.78
2021-08-13,tpm,0.75
2021-08-16,dolar,774.25
2021-08-16,tpm,0.75
2021-08-17,dolar,784.18
2021-08-17,tpm,0.75
2021-08-18,dolar,789.62
2021-08-18,tpm,0.75
2021-08-19,dolar,787.71
2021-08-19,tpm,0.75
2021-08-20,dolar,789.98
2021-08-20,tpm,0.75
2021-08-23,dolar,786.43
2021-08-23,tpm,0.75
2021-08-24,dolar,783.3
2021-08-24,tpm,0.75
2021-08-25,dolar,782.17
2021-08-25,tpm,0.75
2021-08-26,dolar,783.03
2021-08-26,tpm,0.75
2021-08-27,dolar,785.06
2021-08-27,tpm,0.75
2021-08-30,dolar,784.39
2021-08-30,tpm,0.75
2021-08-31,dolar,779.97
2021-08-31,tpm,0.75
2021-09-01,dolar,775.14
2021-09-01,imacec,15.6
2021-09-01,ipc,1.2
2021-09-01,tpm,1.5
2021-09-02,dolar,767.1
2021-09-02,tpm,1.5
2021-09-03,dolar,768.36
2021-09-03,tpm,1.5
2021-09-06,dolar,766.53
2021-09-06,tpm,1.5
2021-09-07,dolar,770.33
2021-09-07,tpm,1.5
2021-09-08,dolar,777.94
2021-09-08,tpm,1.5
2021-09-09,dolar,787.51
2021-09-09,tpm,1.5
2021-09-10,dolar,791.28
2021-09-10,tpm,1.5
2021-09-13,dolar,789.91
2021-09-13,tpm,1.5
2021-09-14,dolar,784.26
2021-09-14,tpm,1.5
2021-09-15,dolar,783.25
2021-09-15,tpm,1.5
2021-09-16,dolar,781.85
2021-09-16,tpm,1.5
2021-09-20,dolar,780.59
2021-09-20,tpm,1.5
2021-09-21,dolar,788.05
2021-09-21,tpm,1.5
2021-09-22,dolar,785.1
2021-09-22,tpm,1.5
2021-09-23,dolar,785.03
2021-09-23,tpm,1.5
2021-09-24,dolar,787.24
2021-09-24,tpm,1.5
2021-09-27,dolar,788.98
2021-09-27,tpm,1.5
2021-09-28,dolar,795.48
2021-09-28,tpm,1.5
2021-09-29,dolar,798.63
2021-09-29,tpm,1.5
2021-09-30,dolar,803.59
2021-09-30,tpm,1.5
2021-10-01,dolar,811.9
2021-10-01,imacec,15
2021-10-01,ipc,1.3
2021-10-01,tpm,1.5
2021-10-04,dolar,803.9
2021-10-04,tpm,1.5
2021-10-05,dolar,805.89
2021-10-05,tpm,1.5
2021-10-06,dolar,810.63
2021-10-06,tpm,1.5
2021-10-07,dolar,816.28
2021-10-07,tpm,1.5
2021-10-08,dolar,813.62
2021-10-08,tpm,1.5
2021-10-12,dolar,820.18
2021-10-12,tpm,1.5
2021-10-13,dolar,827.56
2021-10-13,tpm,1.5
2021-10-14,dolar,820.19
2021-10-14,tpm,2.75
2021-10-15,dolar,816.81
2021-10-15,tpm,2.75
2021-10-18,dolar,826.19
2021-10-18,tpm,2.75
2021-10-19,dolar,820.29
2021-10-19,tpm,2.75
2021-10-20,dolar,813.33
2021-10-20,tpm,2.75
2021-10-21,dolar,811.55
2021-10-21,tpm,2.75
2021-10-22,dolar,817.61
2021-10-22,tpm,2.75
2021-10-25,dolar,816.58
2021-10-25,tpm,2.75
2021-10-26,dolar,810.16
2021-10-26,tpm,2.75
2021-10-27,dolar,806.55
2021-10-27,tpm,2.75
2021-10-28,dolar,804.32
2021-10-28,tpm,2.75
2021-10-29,dolar,805.47
2021-10-29,tpm,2.75
2021-11-01,imacec,14.3
2021-11-01,ipc,0.5
2021-11-02,dolar,810.91
2021-11-02,tpm,2.75
2021-11-03,dolar,814.42
2021-11-03,tpm,2.75
2021-11-04,dolar,815.52
2021-11-04,tpm,2.75
2021-11-05,dolar,815.58
2021-11-05,tpm,2.75
2021-11-08,dolar,812.4
2021-11-08,tpm,2.75
2021-11-09,dolar,806.61
2021-11-09,tpm,2.75
2021-11-10,dolar,797.78
2021-11-10,tpm,2.75
2021-11-11,dolar,791.71
2021-11-11,tpm,2.75
2021-11-12,dolar,791.3
2021-11-12,tpm,2.75
2021-11-15,dolar,797.8
2021-11-15,tpm,2.75
2021-11-16,dolar,801.96
2021-11-16,tpm,2.75
2021-11-17,dolar,806.24
2021-11-17,tpm,2.75
2021-11-18,dolar,819.56
2021-11-18,tpm,2.75
2021-11-19,dolar,834.57
2021-11-19,tpm,2.75
2021-11-22,dolar,832.72
2021-11-22,tpm,2.75
2021-11-23,dolar,808.14
2021-11-23,tpm,2.75
2021-11-24,dolar,809.94
2021-11-24,tpm,2.75
2021-11-25,dolar,811.7
2021-11-25,tpm,2.75
2021-11-26,dolar,819.59
2021-11-26,tpm,2.75
2021-11-29,dolar,829.94
2021-11-29,tpm,2.75
2021-11-30,dolar,836.73
2021-11-30,tpm,2.75
2021-12-01,dolar,837.55
2021-12-01,imacec,10.1
2021-12-01,ipc,0.8
2021-12-01,tpm,2.75
2021-12-02,dolar,828.17
2021-12-02,tpm,2.75
2021-12-03,dolar,837.72
2021-12-03,tpm,2.75
2021-12-06,dolar,837.69
2021-12-06,tpm,2.75
2021-12-07,dolar,842.32
2021-12-07,tpm,2.75
2021-12-09,dolar,839.53
2021-12-09,tpm,2.75
2021-12-10,dolar,841.32
2021-12-10,tpm,2.75
2021-12-13,dolar,849.16
2021-12-13,tpm,2.75
2021-12-14,dolar,843.43
2021-12-14,tpm,2.75
2021-12-15,dolar,846.43
2021-12-15,tpm,4
2021-12-16,dolar,848.52
2021-12-16,tpm,4
2021-12-17,dolar,849.65
2021-12-17,tpm,4
2021-12-20,dolar,846.64
2021-12-20,tpm,4
2021-12-21,dolar,863.21
2021-12-21,tpm,4
2021-12-22,dolar,868.76
2021-12-22,tpm,4
2021-12-23,dolar,866.25
2021-12-23,tpm,4
2021-12-24,dolar,857.14
2021-12-24,tpm,4
2021-12-27,dolar,863.29
2021-12-27,tpm,4
2021-12-28,dolar,858.59
2021-12-28,tpm,4
2021-12-29,dolar,855.94
2021-12-29,tpm,4
2021-12-30,dolar,850.25
2021-12-30,tpm,4
2022-01-01,imacec,9
2022-01-01,ipc,1.2
2022-01-03,dolar,844.69
2022-01-03,tpm,4
2022-01-04,dolar,851.43
2022-01-04,tpm,4
2022-01-05,dolar,852.03
2022-01-05,tpm,4
2022-01-06,dolar,841.63
2022-01-06,tpm,4
2022-01-07,dolar,838.88
2022-01-07,tpm,4
2022-01-10,dolar,831.59
2022-01-10,tpm,4
2022-01-11,dolar,831.39
2022-01-11,tpm,4
2022-01-12,dolar,832.6
2022-01-12,tpm,4
2022-01-13,dolar,826.51
2022-01-13,tpm,4
2022-01-14,dolar,821.87
2022-01-14,tpm,4
2022-01-17,dolar,815.39
2022-01-17,tpm,4
2022-01-18,dolar,822
2022-01-18,tpm,4
2022-01-19,dolar,820.6
2022-01-19,tpm,4
2022-01-20,dolar,813.46
2022-01-20,tpm,4
2022-01-21,dolar,805.25
2022-01-21,tpm,4
2022-01-24,dolar,799.23
2022-01-24,tpm,4
2022-01-25,dolar,800.31
2022-01-25,tpm,4
2022-01-26,dolar,806.06
2022-01-26,tpm,4
2022-01-27,dolar,798.86
2022-01-27,tpm,5.5
2022-01-28,dolar,799.15
2022-01-28,tpm,5.5
2022-01-31,dolar,810.12
2022-01-31,tpm,5.5
2022-02-01,dolar,803.88
2022-02-01,imacec,6.8
2022-02-01,ipc,0.3
2022-02-01,tpm,5.5
2022-02-02,dolar,801.52
2022-02-02,tpm,5.5
2022-02-03,dolar,805.95
2022-02-03,tpm,5.5
2022-02-04,dolar,817.29
2022-02-04,tpm,5.5
2022-02-07,dolar,825.58
2022-02-07,tpm,5.5
2022-02-08,dolar,826.93
2022-02-08,tpm,5.5
2022-02-09,dolar,824.33
2022-02-09,tpm,5.5
2022-02-10,dolar,820.79
2022-02-10,tpm,5.5
2022-02-11,dolar,804.2
2022-02-11,tpm,5.5
2022-02-14,dolar,806.24
2022-02-14,tpm,5.5
2022-02-15,dolar,812.24
2022-02-15,tpm,5.5
2022-02-16,dolar,804.17
2022-02-16,tpm,5.5
2022-02-17,dolar,799.55
2022-02-17,tpm,5.5
2022-02-18,dolar,798.98
2022-02-18,tpm,5.5
2022-02-21,dolar,793.91
2022-02-21,tpm,5.5
2022-02-22,dolar,799.99
2022-02-22,tpm,5.5
2022-02-23,dolar,796.25
2022-02-23,tpm,5.5
2022-02-24,dolar,787.05
2022-02-24,tpm,5.5
2022-02-25,dolar,807.26
2022-02-25,tpm,5.5
2022-02-28,dolar,805.25
2022-02-28,tpm,5.5
2022-03-01,dolar,798.01
2022-03-01,imacec,7.2
2022-03-01,ipc,1.9
2022-03-01,tpm,5.5
2022-03-02,dolar,803.27
2022-03-02,tpm,5.5
2022-03-03,dolar,807.31
2022-03-03,tpm,5.5
2022-03-04,dolar,800.97
2022-03-04,tpm,5.5
2022-03-07,dolar,806.89
2022-03-07,tpm,5.5
2022-03-08,dolar,808.6
2022-03-08,tpm,5.5
2022-03-09,dolar,812.03
2022-03-09,tpm,5.5
2022-03-10,dolar,803.57
2022-03-10,tpm,5.5
2022-03-11,dolar,806.03
2022-03-11,tpm,5.5
2022-03-14,dolar,802.48
2022-03-14,tpm,5.5
2022-03-15,dolar,808.41
2022-03-15,tpm,5.5
2022-03-16,dolar,815.03
2022-03-16,tpm,5.5
2022-03-17,dolar,803.55
2022-03-17,tpm,5.5
2022-03-18,dolar,798.13
2022-03-18,tpm,5.5
2022-03-21,dolar,802.23
2022-03-21,tpm,5.5
2022-03-22,dolar,798.5
2022-03-22,tpm,5.5
2022-03-23,dolar,793.22
2022-03-23,tpm,5.5
2022-03-24,dolar,794.44
2022-03-24,tpm,5.5
2022-03-25,dolar,789.87
2022-03-25,tpm,5.5
2022-03-28,dolar,785.89
2022-03-28,tpm,5.5
2022-03-29,dolar,778.62
2022-03-29,tpm,5.5
2022-03-30,dolar,777.1
2022-03-30,tpm,7
2022-03-31,dolar,787.16
2022-03-31,tpm,7
2022-04-01,dolar,787.98
2022-04-01,imacec,6.9
2022-04-01,ipc,1.4
2022-04-01,tpm,7
2022-04-04,dolar,783.45
2022-04-04,tpm,7
2022-04-05,dolar,779.33
2022-04-05,tpm,7
2022-04-06,dolar,783.28
2022-04-06,tpm,7
2022-04-07,dolar,794.58
2022-04-07,tpm,7
2022-04-08,dolar,807.88
2022-04-08,tpm,7
2022-04-11,dolar,814.28
2022-04-11,tpm,7
2022-04-12,dolar,818.53
2022-04-12,tpm,7
2022-04-13,dolar,806.73
2022-04-13,tpm,7
2022-04-14,dolar,804.78
2022-04-14,tpm,7
2022-04-18,dolar,814.73
2022-04-18,tpm,7
2022-04-19,dolar,817.7
2022-04-19,dolar,817.7
2022-04-19,tpm,7
2022-04-20,dolar,818.18
2022-04-20,tpm,7
2022-04-21,dolar,816.29
2022-04-21,tpm,7
2022-04-22,dolar,817.85
2022-04-22,tpm,7
2022-04-25,dolar,834.45
2022-04-25,tpm,7
2022-04-26,dolar,850.85
2022-04-26,tpm,7
2022-04-27,dolar,847.57
2022-04-27,tpm,7
2022-04-28,dolar,847.44
2022-04-28,tpm,7
2022-04-29,dolar,856.58
2022-04-29,tpm,7
2022-05-01,imacec,6.4
2022-05-01,ipc,1.2
2022-05-02,dolar,850.78
2022-05-02,tpm,7
2022-05-03,dolar,860.64
2022-05-03,tpm,7
2022-05-04,dolar,856.74
2022-05-04,tpm,7
2022-05-05,dolar,859.33
2022-05-05,tpm,7
2022-05-06,dolar,863.1
2022-05-06,tpm,8.25
2022-05-09,dolar,857.58
2022-05-09,tpm,8.25
2022-05-10,dolar,867.87
2022-05-10,tpm,8.25
2022-05-11,dolar,868.06
2022-05-11,tpm,8.25
2022-05-12,dolar,861.76
2022-05-12,tpm,8.25
2022-05-13,dolar,867.93
2022-05-13,tpm,8.25
2022-05-16,dolar,861.04
2022-05-16,tpm,8.25
2022-05-17,dolar,857.98
2022-05-17,tpm,8.25
2022-05-18,dolar,850.78
2022-05-18,tpm,8.25
2022-05-19,dolar,849.9
2022-05-19,tpm,8.25
2022-05-20,dolar,842.38
2022-05-20,tpm,8.25
2022-05-23,dolar,833.58
2022-05-23,tpm,8.25
2022-05-24,dolar,829.59
2022-05-24,tpm,8.25
2022-05-25,dolar,833.99
2022-05-25,tpm,8.25
2022-05-26,dolar,835.43
2022-05-26,tpm,8.25
2022-05-27,dolar,829.61
2022-05-27,tpm,8.25
2022-05-28,tpm,8.25
2022-05-30,dolar,822.25
2022-05-30,tpm,8.25
2022-05-31,dolar,826.26
2022-05-31,tpm,8.25
2022-06-01,dolar,824.35
2022-06-01,imacec,3.7
2022-06-01,ipc,0.9
2022-06-01,tpm,8.25
2022-06-02,dolar,825.28
2022-06-02,tpm,8.25
2022-06-03,dolar,815.56
2022-06-03,tpm,8.25
2022-06-06,dolar,813.38
2022-06-06,tpm,8.25
2022-06-07,dolar,817.99
2022-06-07,tpm,8.25
2022-06-08,dolar,828.99
2022-06-08,tpm,9
2022-06-09,dolar,821.66
2022-06-09,tpm,9
2022-06-10,dolar,827.19
2022-06-10,tpm,9
2022-06-13,dolar,838.61
2022-06-13,tpm,9
2022-06-14,dolar,863.33
2022-06-14,tpm,9
2022-06-15,dolar,866.79
2022-06-15,tpm,9
2022-06-16,dolar,863.95
2022-06-16,tpm,9
2022-06-17,dolar,869.62
2022-06-17,tpm,9
2022-06-20,dolar,875.65
2022-06-20,tpm,9
2022-06-22,dolar,880.82
2022-06-22,tpm,9
2022-06-23,dolar,886.64
2022-06-23,tpm,9
2022-06-24,dolar,898.8
2022-06-24,tpm,9
2022-06-28,dolar,911.49
2022-06-28,tpm,9
2022-06-29,dolar,905.32
2022-06-29,tpm,9
2022-06-30,dolar,919.97
2022-06-30,tpm,9
2022-07-01,dolar,932.08
2022-07-01,imacec,1
2022-07-01,ipc,1.4
2022-07-01,tpm,9
2022-07-04,dolar,934.54
2022-07-04,tpm,9
2022-07-05,dolar,927.53
2022-07-05,tpm,9
2022-07-06,dolar,948.51
2022-07-06,tpm,9
2022-07-07,dolar,972.66
2022-07-07,tpm,9
2022-07-08,dolar,959.7
2022-07-08,tpm,9
2022-07-11,dolar,966.74
2022-07-11,tpm,9
2022-07-12,dolar,989.95
2022-07-12,tpm,9
2022-07-13,dolar,1008.81
2022-07-13,tpm,9
2022-07-14,dolar,1010.16
2022-07-14,tpm,9.75
2022-07-15,dolar,1042.97
2022-07-15,tpm,9.75
2022-07-18,dolar,988.22
2022-07-18,tpm,9.75
2022-07-19,dolar,940.9
2022-07-19,tpm,9.75
2022-07-20,dolar,929.83
2022-07-20,tpm,9.75
2022-07-21,dolar,919.93
2022-07-21,tpm,9.75
2022-07-22,dolar,927.49
2022-07-22,tpm,9.75
2022-07-25,dolar,932.83
2022-07-25,tpm,9.75
2022-07-26,dolar,941.03
2022-07-26,tpm,9.75
2022-07-27,dolar,922.04
2022-07-27,tpm,9.75
2022-07-28,dolar,920.49
2022-07-28,tpm,9.75
2022-07-29,dolar,911.42
2022-07-29,tpm,9.75
2022-08-01,dolar,905.1
2022-08-01,imacec,0
2022-08-01,ipc,1.2
2022-08-01,tpm,9.75
2022-08-02,dolar,893.19
2022-08-02,tpm,9.75
2022-08-03,dolar,897.22
2022-08-03,tpm,9.75
2022-08-04,dolar,907.82
2022-08-04,tpm,9.75
2022-08-05,dolar,903.91
2022-08-05,tpm,9.75
2022-08-08,dolar,914.49
2022-08-08,tpm,9.75
2022-08-09,dolar,906.03
2022-08-09,tpm,9.75
2022-08-10,dolar,900.78
2022-08-10,tpm,9.75
2022-08-11,dolar,889.38
2022-08-11,tpm,9.75
2022-08-12,dolar,882.33
2022-08-12,tpm,9.75
2022-08-16,dolar,882.72
2022-08-16,tpm,9.75
2022-08-17,dolar,882.2
2022-08-17,tpm,9.75
2022-08-18,dolar,895.76
2022-08-18,tpm,9.75
2022-08-19,dolar,918.2
2022-08-19,tpm,9.75
2022-08-22,dolar,945.35
2022-08-22,tpm,9.75
2022-08-23,dolar,945.47
2022-08-23,tpm,9.75
2022-08-24,dolar,926.94
2022-08-24,tpm,9.75
2022-08-25,dolar,915.6
2022-08-25,tpm,9.75
2022-08-26,dolar,910.03
2022-08-26,tpm,9.75
2022-08-29,dolar,900.22
2022-08-29,tpm,9.75
2022-08-30,dolar,890.9
2022-08-30,tpm,9.75
2022-08-31,dolar,882.11
2022-08-31,tpm,9.75
2022-09-01,dolar,898.04
2022-09-01,imacec,-0.4
2022-09-01,ipc,0.9
2022-09-01,tpm,9.75
2022-09-02,dolar,898.24
2022-09-02,tpm,9.75
2022-09-05,dolar,885.52
2022-09-05,tpm,9.75
2022-09-06,dolar,866.28
2022-09-06,tpm,9.75
2022-09-07,dolar,888.51
2022-09-07,tpm,10.75
2022-09-08,dolar,886.34
2022-09-08,tpm,10.75
2022-09-09,dolar,881.04
2022-09-09,tpm,10.75
2022-09-12,dolar,885.15
2022-09-12,tpm,10.75
2022-09-13,dolar,898.69
2022-09-13,tpm,10.75
2022-09-14,dolar,910.27
2022-09-14,tpm,10.75
2022-09-15,dolar,917.11
2022-09-15,tpm,10.75
2022-09-20,dolar,922.6
2022-09-20,tpm,10.75
2022-09-21,dolar,928.25
2022-09-21,tpm,10.75
2022-09-22,dolar,938.82
2022-09-22,tpm,10.75
2022-09-23,dolar,943.07
2022-09-23,tpm,10.75
2022-09-26,dolar,965.18
2022-09-26,tpm,10.75
2022-09-27,dolar,987.07
2022-09-27,tpm,10.75
2022-09-28,dolar,982.83
2022-09-28,tpm,10.75
2022-09-29,dolar,971.14
2022-09-29,tpm,10.75
2022-09-30,dolar,966
2022-09-30,tpm,10.75
2022-10-01,imacec,-1.2
2022-10-01,ipc,0.5
2022-10-03,dolar,960.24
2022-10-03,tpm,10.75
2022-10-04,dolar,955.42
2022-10-04,tpm,10.75
2022-10-05,dolar,931.12
2022-10-05,tpm,10.75
2022-10-06,dolar,942.02
2022-10-06,tpm,10.75
2022-10-07,dolar,943.92
2022-10-07,tpm,10.75
2022-10-08,tpm,10.75
2022-10-11,dolar,945.06
2022-10-11,tpm,10.75
2022-10-12,dolar,933.88
2022-10-12,tpm,10.75
2022-10-13,dolar,933.14
2022-10-13,tpm,11.25
2022-10-14,dolar,944.75
2022-10-14,tpm,11.25
2022-10-17,dolar,950.72
2022-10-17,tpm,11.25
2022-10-18,dolar,967.73
2022-10-18,tpm,11.25
2022-10-19,dolar,972.03
2022-10-19,tpm,11.25
2022-10-20,dolar,978.06
2022-10-20,tpm,11.25
2022-10-21,dolar,972.08
2022-10-21,tpm,11.25
2022-10-24,dolar,978.49
2022-10-24,tpm,11.25
2022-10-25,dolar,983.91
2022-10-25,tpm,11.25
2022-10-26,dolar,971.12
2022-10-26,tpm,11.25
2022-10-27,dolar,953
2022-10-27,tpm,11.25
2022-10-28,dolar,945.31
2022-10-28,tpm,11.25
2022-11-01,imacec,-2.5
2022-11-01,ipc,1
2022-11-02,dolar,936.35
2022-11-02,tpm,11.25
2022-11-03,dolar,937.79
2022-11-03,tpm,11.25
2022-11-04,dolar,948.74
2022-11-04,tpm,11.25
2022-11-07,dolar,932.37
2022-11-07,tpm,11.25
2022-11-08,dolar,919.58
2022-11-08,tpm,11.25
2022-11-09,dolar,907.35
2022-11-09,tpm,11.25
2022-11-10,dolar,904.42
2022-11-10,tpm,11.25
2022-11-11,dolar,893.54
2022-11-11,tpm,11.25
2022-11-14,dolar,887.46
2022-11-14,tpm,11.25
2022-11-15,dolar,898.72
2022-11-15,tpm,11.25
2022-11-16,dolar,889.14
2022-11-16,tpm,11.25
2022-11-17,dolar,895.68
2022-11-17,tpm,11.25
2022-11-18,dolar,920.86
2022-11-18,tpm,11.25
2022-11-21,dolar,929.3
2022-11-21,tpm,11.25
2022-11-22,dolar,947.06
2022-11-22,tpm,11.25
2022-11-23,dolar,935.29
2022-11-23,tpm,11.25
2022-11-24,dolar,924.63
2022-11-24,tpm,11.25
2022-11-25,dolar,911.96
2022-11-25,tpm,11.25
2022-11-28,dolar,915.81
2022-11-28,tpm,11.25
2022-11-29,dolar,916.36
2022-11-29,tpm,11.25
2022-11-30,dolar,905.7
2022-11-30,tpm,11.25
2022-12-01,dolar,894.82
2022-12-01,imacec,-1
2022-12-01,ipc,0.3
2022-12-01,tpm,11.25
2022-12-02,dolar,885.77
2022-12-02,tpm,11.25
2022-12-05,dolar,881.87
2022-12-05,tpm,11.25
2022-12-06,dolar,886.26
2022-12-06,tpm,11.25
2022-12-07,dolar,884.74
2022-12-07,tpm,11.25
2022-12-08,tpm,11.25
2022-12-09,dolar,878.58
2022-12-09,tpm,11.25
2022-12-12,dolar,861.51
2022-12-12,tpm,11.25
2022-12-13,dolar,860.03
2022-12-13,tpm,11.25
2022-12-14,dolar,858.07
2022-12-14,tpm,11.25
2022-12-15,dolar,862.85
2022-12-15,tpm,11.25
2022-12-16,dolar,875.56
2022-12-16,tpm,11.25
2022-12-19,dolar,885.99
2022-12-19,tpm,11.25
2022-12-20,dolar,888.27
2022-12-20,tpm,11.25
2022-12-21,dolar,889.65
2022-12-21,tpm,11.25
2022-12-22,dolar,879.48
2022-12-22,tpm,11.25
2022-12-23,dolar,867.01
2022-12-23,tpm,11.25
2022-12-26,dolar,876.22
2022-12-26,tpm,11.25
2022-12-27,dolar,879.19
2022-12-27,tpm,11.25
2022-12-28,dolar,876.75
2022-12-28,tpm,11.25
2022-12-29,dolar,856.76
2022-12-29,tpm,11.25
2022-12-30,dolar,859.51
2022-12-30,tpm,11.25
2023-01-01,imacec,0.4
2023-01-01,ipc,0.8
2023-01-03,dolar,855.86
2023-01-03,tpm,11.25
2023-01-04,dolar,852.14
2023-01-04,tpm,11.25
2023-01-05,dolar,855.1
2023-01-05,tpm,11.25
2023-01-06,dolar,856.31
2023-01-06,tpm,11.25
2023-01-09,dolar,846.38
2023-01-09,tpm,11.25
2023-01-10,dolar,837.19
2023-01-10,tpm,11.25
2023-01-11,dolar,833.73
2023-01-11,tpm,11.25
2023-01-12,dolar,825.67
2023-01-12,tpm,11.25
2023-01-13,dolar,822.32
2023-01-13,tpm,11.25
2023-01-16,dolar,824.33
2023-01-16,tpm,11.25
2023-01-17,dolar,821.59
2023-01-17,tpm,11.25
2023-01-18,dolar,820.89
2023-01-18,tpm,11.25
2023-01-19,dolar,812.45
2023-01-19,tpm,11.25
2023-01-20,dolar,828.74
2023-01-20,tpm,11.25
2023-01-23,dolar,821.02
2023-01-23,tpm,11.25
2023-01-24,dolar,814.11
2023-01-24,tpm,11.25
2023-01-25,dolar,805.45
2023-01-25,tpm,11.25
2023-01-26,dolar,803.68
2023-01-26,tpm,11.25
2023-01-27,dolar,802.58
2023-01-27,tpm,11.25
2023-01-30,dolar,803.14
2023-01-30,tpm,11.25
2023-01-31,dolar,810.37
2023-01-31,tpm,11.25
2023-02-01,dolar,804.28
2023-02-01,imacec,-0.5
2023-02-01,ipc,-0.1
2023-02-01,tpm,11.25
2023-02-02,dolar,791.8
2023-02-02,tpm,11.25
2023-02-03,dolar,781.49
2023-02-03,tpm,11.25
2023-02-06,dolar,788.88
2023-02-06,tpm,11.25
2023-02-07,dolar,804.79
2023-02-07,tpm,11.25
2023-02-08,dolar,799.46
2023-02-08,tpm,11.25
2023-02-09,dolar,793.19
2023-02-09,tpm,11.25
2023-02-10,dolar,796.27
2023-02-10,tpm,11.25
2023-02-13,dolar,800.78
2023-02-13,tpm,11.25
2023-02-14,dolar,793.79
2023-02-14,tpm,11.25
2023-02-15,dolar,789.49
2023-02-15,tpm,11.25
2023-02-16,dolar,792.62
2023-02-16,tpm,11.25
2023-02-17,dolar,794.35
2023-02-17,tpm,11.25
2023-02-20,dolar,792.25
2023-02-20,tpm,11.25
2023-02-21,dolar,791.7
2023-02-21,tpm,11.25
2023-02-22,dolar,797.75
2023-02-22,tpm,11.25
2023-02-23,dolar,799.42
2023-02-23,tpm,11.25
2023-02-24,dolar,802.93
2023-02-24,tpm,11.25
2023-02-27,dolar,818.67
2023-02-27,tpm,11.25
2023-02-28,dolar,831.24
2023-02-28,tpm,11.25
2023-03-01,dolar,829.97
2023-03-01,imacec,-2.1
2023-03-01,ipc,1.1
2023-03-01,tpm,11.25
2023-03-02,dolar,815.24
2023-03-02,tpm,11.25
2023-03-03,dolar,814.56
2023-03-03,tpm,11.25
2023-03-06,dolar,808.91
2023-03-06,tpm,11.25
2023-03-07,dolar,803
2023-03-07,tpm,11.25
2023-03-08,dolar,798.18
2023-03-08,tpm,11.25
2023-03-09,dolar,802.88
2023-03-09,tpm,11.25
2023-03-10,dolar,800.88
2023-03-10,tpm,11.25
2023-03-13,dolar,797.19
2023-03-13,tpm,11.25
2023-03-14,dolar,803.14
2023-03-14,tpm,11.25
2023-03-15,dolar,800.71
2023-03-15,tpm,11.25
2023-03-16,dolar,817.42
2023-03-16,tpm,11.25
2023-03-17,dolar,824.65
2023-03-17,tpm,11.25
2023-03-20,dolar,830.65
2023-03-20,tpm,11.25
2023-03-21,dolar,826.35
2023-03-21,tpm,11.25
2023-03-22,dolar,821.55
2023-03-22,tpm,11.25
2023-03-23,dolar,818.76
2023-03-23,tpm,11.25
2023-03-24,dolar,805.23
2023-03-24,tpm,11.25
2023-03-27,dolar,811.48
2023-03-27,tpm,11.25
2023-03-28,dolar,806.58
2023-03-28,tpm,11.25
2023-03-29,dolar,799.76
2023-03-29,tpm,11.25
2023-03-30,dolar,792.18
2023-03-30,tpm,11.25
2023-03-31,dolar,789.32
2023-03-31,tpm,11.25
2023-04-01,imacec,-1.1
2023-04-01,ipc,0.3
2023-04-03,dolar,790.41
2023-04-03,tpm,11.25
2023-04-04,dolar,801.28
2023-04-04,tpm,11.25
2023-04-05,dolar,810.64
2023-04-05,tpm,11.25
2023-04-06,dolar,810.22
2023-04-06,tpm,11.25
2023-04-07,tpm,11.25
2023-04-10,dolar,814.64
2023-04-10,tpm,11.25
2023-04-11,dolar,821.49
2023-04-11,tpm,11.25
2023-04-12,dolar,811.75
2023-04-12,tpm,11.25
2023-04-13,dolar,802.89
2023-04-13,tpm,11.25
2023-04-14,dolar,795.81
2023-04-14,tpm,11.25
2023-04-17,dolar,797.28
2023-04-17,tpm,11.25
2023-04-18,dolar,801.26
2023-04-18,tpm,11.25
2023-04-19,dolar,795.23
2023-04-19,tpm,11.25
2023-04-20,dolar,796.93
2023-04-20,tpm,11.25
2023-04-21,dolar,791.64
2023-04-21,tpm,11.25
2023-04-24,dolar,795.96
2023-04-24,tpm,11.25
2023-04-25,dolar,814.75
2023-04-25,tpm,11.25
2023-04-26,dolar,813.9
2023-04-26,tpm,11.25
2023-04-27,dolar,805.21
2023-04-27,tpm,11.25
2023-04-28,dolar,801.61
2023-04-28,tpm,11.25
2023-05-01,imacec,-2
2023-05-01,ipc,0.1
2023-05-02,dolar,803.3
2023-05-02,tpm,11.25
2023-05-03,dolar,808.75
2023-05-03,tpm,11.25
2023-05-04,dolar,806.03
2023-05-04,tpm,11.25
2023-05-05,dolar,800.54
2023-05-05,tpm,11.25
2023-05-08,dolar,795.46
2023-05-08,tpm,11.25
2023-05-09,dolar,793.43
2023-05-09,tpm,11.25
2023-05-10,dolar,792.46
2023-05-10,tpm,11.25
2023-05-11,dolar,788.15
2023-05-11,tpm,11.25
2023-05-12,dolar,796.38
2023-05-12,tpm,11.25
2023-05-15,dolar,787
2023-05-15,tpm,11.25
2023-05-16,dolar,783.35
2023-05-16,tpm,11.25
2023-05-17,dolar,794.44
2023-05-17,tpm,11.25
2023-05-18,dolar,797.24
2023-05-18,tpm,11.25
2023-05-19,dolar,796.04
2023-05-19,tpm,11.25
2023-05-22,dolar,797
2023-05-22,tpm,11.25
2023-05-23,dolar,800.24
2023-05-23,tpm,11.25
2023-05-24,dolar,801.71
2023-05-24,tpm,11.25
2023-05-25,dolar,809.03
2023-05-25,tpm,11.25
2023-05-26,dolar,809.24
2023-05-26,tpm,11.25
2023-05-29,dolar,804.11
2023-05-29,tpm,11.25
2023-05-30,dolar,802.14
2023-05-30,tpm,11.25
2023-05-31,dolar,803.94
2023-05-31,tpm,11.25
2023-06-01,dolar,811.61
2023-06-01,imacec,-1
2023-06-01,ipc,-0.2
2023-06-01,tpm,11.25
2023-06-02,dolar,804.6
2023-06-02,tpm,11.25
2023-06-05,dolar,797.97
2023-06-05,tpm,11.25
2023-06-06,dolar,797.74
2023-06-06,tpm,11.25
2023-06-07,dolar,797.79
2023-06-07,tpm,11.25
2023-06-08,dolar,793.47
2023-06-08,tpm,11.25
2023-06-09,dolar,790.75
2023-06-09,tpm,11.25
2023-06-12,dolar,787.2
2023-06-12,tpm,11.25
2023-06-13,dolar,806.84
2023-06-13,tpm,11.25
2023-06-14,dolar,804.38
2023-06-14,tpm,11.25
2023-06-15,dolar,800.12
2023-06-15,tpm,11.25
2023-06-16,dolar,796.97
2023-06-16,tpm,11.25
2023-06-19,dolar,793.35
2023-06-19,tpm,11.25
2023-06-20,dolar,795.63
2023-06-20,tpm,11.25
2023-06-22,dolar,801.9
2023-06-22,tpm,11.25
2023-06-23,dolar,805.02
2023-06-23,tpm,11.25
2023-06-27,dolar,808.21
2023-06-27,tpm,11.25
2023-06-28,dolar,800.33
2023-06-28,tpm,11.25
2023-06-29,dolar,800.89
2023-06-29,tpm,11.25
2023-06-30,dolar,802.68
2023-06-30,tpm,11.25
2023-07-01,imacec,1.8
2023-07-01,ipc,0.4
2023-07-03,dolar,801.66
2023-07-03,tpm,11.25
2023-07-04,dolar,799.29
2023-07-04,tpm,11.25
2023-07-05,dolar,796.47
2023-07-05,tpm,11.25
2023-07-06,dolar,797.87
2023-07-06,tpm,11.25
2023-07-07,dolar,804.49
2023-07-07,tpm,11.25
2023-07-10,dolar,806.52
2023-07-10,tpm,11.25
2023-07-11,dolar,811.98
2023-07-11,tpm,11.25
2023-07-12,dolar,816.78
2023-07-12,tpm,11.25
2023-07-13,dolar,811.24
2023-07-13,tpm,11.25
2023-07-14,dolar,808.61
2023-07-14,tpm,11.25
2023-07-17,dolar,813.44
2023-07-17,tpm,11.25
2023-07-18,dolar,820.76
2023-07-18,tpm,11.25
2023-07-19,dolar,815.58
2023-07-19,tpm,11.25
2023-07-20,dolar,811.43
2023-07-20,tpm,11.25
2023-07-21,dolar,807.62
2023-07-21,tpm,11.25
2023-07-24,dolar,821.95
2023-07-24,tpm,11.25
2023-07-25,dolar,827.1
2023-07-25,tpm,11.25
2023-07-26,dolar,828.9
2023-07-26,tpm,11.25
2023-07-27,dolar,825.8
2023-07-27,tpm,11.25
2023-07-28,dolar,826.01
2023-07-28,tpm,11.25
2023-07-31,dolar,827.84
2023-07-31,tpm,10.25
2023-08-01,dolar,840.69
2023-08-01,imacec,-0.9
2023-08-01,ipc,0.1
2023-08-01,tpm,10.25
2023-08-02,dolar,843.02
2023-08-02,tpm,10.25
2023-08-03,dolar,847.77
2023-08-03,tpm,10.25
2023-08-04,dolar,853.99
2023-08-04,tpm,10.25
2023-08-07,dolar,848.5
2023-08-07,tpm,10.25
2023-08-08,dolar,856.1
2023-08-08,tpm,10.25
2023-08-09,dolar,863.22
2023-08-09,tpm,10.25
2023-08-10,dolar,858.68
2023-08-10,tpm,10.25
2023-08-11,dolar,851.7
2023-08-11,tpm,10.25
2023-08-14,dolar,853.3
2023-08-14,tpm,10.25
2023-08-16,dolar,859.03
2023-08-16,tpm,10.25
2023-08-17,dolar,859.87
2023-08-17,tpm,10.25
2023-08-18,dolar,864.72
2023-08-18,tpm,10.25
2023-08-21,dolar,867.95
2023-08-21,tpm,10.25
2023-08-22,dolar,869.51
2023-08-22,tpm,10.25
2023-08-23,dolar,866.97
2023-08-23,tpm,10.25
2023-08-24,dolar,860.97
2023-08-24,tpm,10.25
2023-08-25,dolar,854.77
2023-08-25,tpm,10.25
2023-08-28,dolar,843.08
2023-08-28,tpm,10.25
2023-08-29,dolar,848.86
2023-08-29,tpm,10.25
2023-08-30,dolar,857.59
2023-08-30,tpm,10.25
2023-08-31,dolar,854.22
2023-08-31,tpm,10.25
2023-09-01,dolar,853.86
2023-09-01,imacec,0
2023-09-01,ipc,0.7
2023-09-01,tpm,10.25
2023-09-04,dolar,850.57
2023-09-04,tpm,10.25
2023-09-05,dolar,854.99
2023-09-05,tpm,10.25
2023-09-06,dolar,869.67
2023-09-06,tpm,9.5
2023-09-07,dolar,872.92
2023-09-07,tpm,9.5
2023-09-08,dolar,879.77
2023-09-08,tpm,9.5
2023-09-11,dolar,892.68
2023-09-11,tpm,9.5
2023-09-12,dolar,890.81
2023-09-12,tpm,9.5
2023-09-13,dolar,897.17
2023-09-13,tpm,9.5
2023-09-14,dolar,888.34
2023-09-14,tpm,9.5
2023-09-15,dolar,885.84
2023-09-15,tpm,9.5
2023-09-20,dolar,887.89
2023-09-20,tpm,9.5
2023-09-21,dolar,882.31
2023-09-21,tpm,9.5
2023-09-22,dolar,891.73
2023-09-22,tpm,9.5
2023-09-25,dolar,889.21
2023-09-25,tpm,9.5
2023-09-26,dolar,900.14
2023-09-26,tpm,9.5
2023-09-27,dolar,904.31
2023-09-27,tpm,9.5
2023-09-28,dolar,904.62
2023-09-28,tpm,9.5
2023-09-29,dolar,906.84
2023-09-29,tpm,9.5
2023-10-01,imacec,0.3
2023-10-01,ipc,0.4
2023-10-02,dolar,895.6
2023-10-02,tpm,9.5
2023-10-03,dolar,902.26
2023-10-03,tpm,9.5
2023-10-04,dolar,914.3
2023-10-04,tpm,9.5
2023-10-05,dolar,913.26
2023-10-05,tpm,9.5
2023-10-06,dolar,917.34
2023-10-06,tpm,9.5
2023-10-10,dolar,919.42
2023-10-10,tpm,9.5
2023-10-11,dolar,927.07
2023-10-11,tpm,9.5
2023-10-12,dolar,924.81
2023-10-12,tpm,9.5
2023-10-13,dolar,933.45
2023-10-13,tpm,9.5
2023-10-16,dolar,942.04
2023-10-16,tpm,9.5
2023-10-17,dolar,942.8
2023-10-17,tpm,9.5
2023-10-18,dolar,945.61
2023-10-18,tpm,9.5
2023-10-19,dolar,937.21
2023-10-19,tpm,9.5
2023-10-20,dolar,940.46
2023-10-20,tpm,9.5
2023-10-23,dolar,942.42
2023-10-23,tpm,9.5
2023-10-24,dolar,938.26
2023-10-24,tpm,9.5
2023-10-25,dolar,929.05
2023-10-25,tpm,9.5
2023-10-26,dolar,922.89
2023-10-26,tpm,9.5
2023-10-30,dolar,928.41
2023-10-30,tpm,9
2023-10-31,dolar,910.28
2023-10-31,tpm,9
2023-11-01,imacec,1.2
2023-11-01,ipc,0.7
2023-11-02,dolar,899.44
2023-11-02,tpm,9
2023-11-03,dolar,889.74
2023-11-03,tpm,9
2023-11-06,dolar,881.3
2023-11-06,tpm,9
2023-11-07,dolar,879.78
2023-11-07,tpm,9
2023-11-08,dolar,886.28
2023-11-08,tpm,9
2023-11-09,dolar,896
2023-11-09,tpm,9
2023-11-10,dolar,902.89
2023-11-10,tpm,9
2023-11-13,dolar,916.58
2023-11-13,tpm,9
2023-11-14,dolar,921.65
2023-11-14,tpm,9
2023-11-15,dolar,907.36
2023-11-15,tpm,9
2023-11-16,dolar,890.18
2023-11-16,tpm,9
2023-11-17,dolar,881.17
2023-11-17,tpm,9
2023-11-20,dolar,884.36
2023-11-20,tpm,9
2023-11-21,dolar,878.99
2023-11-21,tpm,9
2023-11-22,dolar,873.7
2023-11-22,tpm,9
2023-11-23,dolar,874.86
2023-11-23,tpm,9
2023-11-24,dolar,871.37
2023-11-24,tpm,9
2023-11-27,dolar,873.89
2023-11-27,tpm,9
2023-11-28,dolar,872.03
2023-11-28,tpm,9
2023-11-29,dolar,869.47
2023-11-29,tpm,9
2023-11-30,dolar,867.86
2023-11-30,tpm,9
2023-12-01,dolar,869.56
2023-12-01,imacec,-1
2023-12-01,ipc,-0.5
2023-12-01,tpm,9
2023-12-04,dolar,862.86
2023-12-04,tpm,9
2023-12-05,dolar,862.08
2023-12-05,tpm,9
2023-12-06,dolar,874.25
2023-12-06,tpm,9
2023-12-07,dolar,874.42
2023-12-07,tpm,9
2023-12-11,dolar,868.01
2023-12-11,tpm,9
2023-12-12,dolar,880
2023-12-12,tpm,9
2023-12-13,dolar,880.62
2023-12-13,tpm,9
2023-12-14,dolar,876.77
2023-12-14,tpm,9
2023-12-15,dolar,866.37
2023-12-15,tpm,9
2023-12-18,dolar,872.59
2023-12-18,tpm,9
2023-12-19,dolar,875.48
2023-12-19,tpm,9
2023-12-20,dolar,863.23
2023-12-20,tpm,8.25
2023-12-21,dolar,868.77
2023-12-21,tpm,8.25
2023-12-22,dolar,872.95
2023-12-22,tpm,8.25
2023-12-26,dolar,883.99
2023-12-26,tpm,8.25
2023-12-27,dolar,895.77
2023-12-27,tpm,8.25
2023-12-28,dolar,886.34
2023-12-28,tpm,8.25
2023-12-29,dolar,884.59
2023-12-29,tpm,8.25
2024-01-01,imacec,2.5
2024-01-01,ipc,0.7
2024-01-02,dolar,877.12
2024-01-02,tpm,8.25
2024-01-03,dolar,880.92
2024-01-03,tpm,8.25
2024-01-04,dolar,884.39
2024-01-04,tpm,8.25
2024-01-05,dolar,884.45
2024-01-05,tpm,8.25
2024-01-08,dolar,893.07
2024-01-08,tpm,8.25
2024-01-09,dolar,901.31
2024-01-09,tpm,8.25
2024-01-10,dolar,914.71
2024-01-10,tpm,8.25
2024-01-11,dolar,919.07
2024-01-11,tpm,8.25
2024-01-12,dolar,911.37
2024-01-12,tpm,8.25
2024-01-15,dolar,908.67
2024-01-15,tpm,8.25
2024-01-16,dolar,912.02
2024-01-16,tpm,8.25
2024-01-17,dolar,922.06
2024-01-17,tpm,8.25
2024-01-18,dolar,926.77
2024-01-18,tpm,8.25
2024-01-19,dolar,918.62
2024-01-19,tpm,8.25
2024-01-22,dolar,910.73
2024-01-22,tpm,8.25
2024-01-23,dolar,905.63
2024-01-23,tpm,8.25
2024-01-24,dolar,908.87
2024-01-24,tpm,8.25
2024-01-25,dolar,908.51
2024-01-25,tpm,8.25
2024-01-26,dolar,910.97
2024-01-26,tpm,8.25
2024-01-29,dolar,916.16
2024-01-29,tpm,8.25
2024-01-30,dolar,927.63
2024-01-30,tpm,8.25
2024-01-31,dolar,932.66
2024-01-31,tpm,8.25
2024-02-01,dolar,932.26
2024-02-01,imacec,4.5
2024-02-01,ipc,0.6
2024-02-01,tpm,7.25
2024-02-02,dolar,936.01
2024-02-02,tpm,7.25
2024-02-05,dolar,943.84
2024-02-05,tpm,7.25
2024-02-06,dolar,955.73
2024-02-06,tpm,7.25
2024-02-07,dolar,949.81
2024-02-07,tpm,7.25
2024-02-08,dolar,947.9
2024-02-08,tpm,7.25
2024-02-09,dolar,957.86
2024-02-09,tpm,7.25
2024-02-12,dolar,968.73
2024-02-12,tpm,7.25
2024-02-13,dolar,972.22
2024-02-13,tpm,7.25
2024-02-14,dolar,971.56
2024-02-14,tpm,7.25
2024-02-15,dolar,959.86
2024-02-15,tpm,7.25
2024-02-16,dolar,961.94
2024-02-16,tpm,7.25
2024-02-19,dolar,969.04
2024-02-19,tpm,7.25
2024-02-20,dolar,966.23
2024-02-20,tpm,7.25
2024-02-21,dolar,963.68
2024-02-21,tpm,7.25
2024-02-22,dolar,967.52
2024-02-22,tpm,7.25
2024-02-23,dolar,972.77
2024-02-23,tpm,7.25
2024-02-26,dolar,983.76
2024-02-26,tpm,7.25
2024-02-27,dolar,986.85
2024-02-27,tpm,7.25
2024-02-28,dolar,984.53
2024-02-28,tpm,7.25
2024-02-29,dolar,980.19
2024-02-29,tpm,7.25
2024-03-01,dolar,969.91
2024-03-01,imacec,0.8
2024-03-01,ipc,0.4
2024-03-01,tpm,7.25
2024-03-04,dolar,966.41
2024-03-04,tpm,7.25
2024-03-05,dolar,971.92
2024-03-05,tpm,7.25
2024-03-06,dolar,976.36
2024-03-06,tpm,7.25
2024-03-07,dolar,981.26
2024-03-07,tpm,7.25
2024-03-08,dolar,983.8
2024-03-08,tpm,7.25
2024-03-11,dolar,964.95
2024-03-11,tpm,7.25
2024-03-12,dolar,966.29
2024-03-12,tpm,7.25
2024-03-13,dolar,965.18
2024-03-13,tpm,7.25
2024-03-14,dolar,948.88
2024-03-14,tpm,7.25
2024-03-15,dolar,945.56
2024-03-15,tpm,7.25
2024-03-18,dolar,941.42
2024-03-18,tpm,7.25
2024-03-19,dolar,945.11
2024-03-19,tpm,7.25
2024-03-20,dolar,962.06
2024-03-20,tpm,7.25
2024-03-21,dolar,975.91
2024-03-21,tpm,7.25
2024-03-22,dolar,971.54
2024-03-22,tpm,7.25
2024-03-25,dolar,980.24
2024-03-25,tpm,7.25
2024-03-26,dolar,977.76
2024-03-26,tpm,7.25
2024-03-27,dolar,981.71
2024-03-27,tpm,7.25
2024-03-28,dolar,982.38
2024-03-28,tpm,7.25
2024-04-01,dolar,981.71
2024-04-01,imacec,3.5
2024-04-01,ipc,0.5
2024-04-01,tpm,7.25
2024-04-02,dolar,982.59
2024-04-02,tpm,7.25
2024-04-03,dolar,979.96
2024-04-03,tpm,6.5
2024-04-04,dolar,962.83
2024-04-04,tpm,6.5
2024-04-05,dolar,942.72
2024-04-05,tpm,6.5
2024-04-08,dolar,948.92
2024-04-08,tpm,6.5
2024-04-09,dolar,946.71
2024-04-09,tpm,6.5
2024-04-10,dolar,940.61
2024-04-10,tpm,6.5
2024-04-11,dolar,953.51
2024-04-11,tpm,6.5
2024-04-12,dolar,957.03
2024-04-12,tpm,6.5
2024-04-15,dolar,964.59
2024-04-15,tpm,6.5
2024-04-16,dolar,978.07
2024-04-16,tpm,6.5
2024-04-17,dolar,985.05
2024-04-17,tpm,6.5
2024-04-18,dolar,974.97
2024-04-18,tpm,6.5
2024-04-19,dolar,968.44
2024-04-19,tpm,6.5
2024-04-22,dolar,956.32
2024-04-22,tpm,6.5
2024-04-23,dolar,953.75
2024-04-23,tpm,6.5
2024-04-24,dolar,950.77
2024-04-24,tpm,6.5
2024-04-25,dolar,954.58
2024-04-25,tpm,6.5
2024-04-26,dolar,948.61
2024-04-26,tpm,6.5
2024-04-29,dolar,947.68
2024-04-29,tpm,6.5
2024-04-30,dolar,943.62
2024-04-30,tpm,6.5
2024-05-01,imacec,1.1
2024-05-01,ipc,0.3
2024-05-02,dolar,954.25
2024-05-02,tpm,6.5
2024-05-03,dolar,954.36
2024-05-03,tpm,6.5
2024-05-06,dolar,938.29
2024-05-06,tpm,6.5
2024-05-07,dolar,930.17
2024-05-07,tpm,6.5
2024-05-08,dolar,934.29
2024-05-08,tpm,6.5
2024-05-09,dolar,936.76
2024-05-09,tpm,6.5
2024-05-10,dolar,930.99
2024-05-10,tpm,6.5
2024-05-13,dolar,922
2024-05-13,tpm,6.5
2024-05-14,dolar,922.1
2024-05-14,tpm,6.5
2024-05-15,dolar,916.87
2024-05-15,tpm,6.5
2024-05-16,dolar,909.06
2024-05-16,tpm,6.5
2024-05-17,dolar,901.53
2024-05-17,tpm,6.5
2024-05-20,dolar,897.11
2024-05-20,tpm,6.5
2024-05-22,dolar,886.79
2024-05-22,tpm,6.5
2024-05-23,dolar,904.67
2024-05-23,tpm,6.5
2024-05-24,dolar,908.95
2024-05-24,tpm,6
2024-05-27,dolar,903.17
2024-05-27,tpm,6
2024-05-28,dolar,900.28
2024-05-28,tpm,6
2024-05-29,dolar,898.13
2024-05-29,tpm,6
2024-05-30,dolar,907.67
2024-05-30,tpm,6
2024-05-31,dolar,917.98
2024-05-31,tpm,6
2024-06-01,imacec,0.1
2024-06-01,ipc,-0.1
2024-06-03,dolar,916.77
2024-06-03,tpm,6
2024-06-04,dolar,907.94
2024-06-04,tpm,6
2024-06-05,dolar,905.37
2024-06-05,tpm,6
2024-06-06,dolar,906.25
2024-06-06,tpm,6
2024-06-07,dolar,910.45
2024-06-07,tpm,6
2024-06-10,dolar,916.84
2024-06-10,tpm,6
2024-06-11,dolar,923.24
2024-06-11,tpm,6
2024-06-12,dolar,924.18
2024-06-12,tpm,6
2024-06-13,dolar,914.86
2024-06-13,tpm,6
2024-06-14,dolar,919.49
2024-06-14,tpm,6
2024-06-17,dolar,928.47
2024-06-17,tpm,6
2024-06-18,dolar,938.68
2024-06-18,tpm,6
2024-06-19,dolar,934.91
2024-06-19,tpm,5.75
2024-06-21,dolar,927.92
2024-06-21,tpm,5.75
2024-06-24,dolar,937.34
2024-06-24,tpm,5.75
2024-06-25,dolar,941.72
2024-06-25,tpm,5.75
2024-06-26,dolar,942.31
2024-06-26,tpm,5.75
2024-06-27,dolar,947.78
2024-06-27,tpm,5.75
2024-06-28,dolar,951.02
2024-06-28,tpm,5.75
2024-07-01,dolar,944.34
2024-07-01,imacec,4.2
2024-07-01,ipc,0.7
2024-07-01,tpm,5.75
2024-07-02,dolar,943.89
2024-07-02,tpm,5.75
2024-07-03,dolar,946.99
2024-07-03,tpm,5.75
2024-07-04,dolar,939.57
2024-07-04,tpm,5.75
2024-07-05,dolar,936.55
2024-07-05,tpm,5.75
2024-07-08,dolar,933.51
2024-07-08,tpm,5.75
2024-07-09,dolar,939.17
2024-07-09,tpm,5.75
2024-07-10,dolar,932.31
2024-07-10,tpm,5.75
2024-07-11,dolar,918.86
2024-07-11,tpm,5.75
2024-07-12,dolar,908.92
2024-07-12,tpm,5.75
2024-07-15,dolar,910.14
2024-07-15,tpm,5.75
2024-07-17,dolar,910.79
2024-07-17,tpm,5.75
2024-07-18,dolar,921.91
2024-07-18,tpm,5.75
2024-07-19,dolar,940.15
2024-07-19,tpm,5.75
2024-07-22,dolar,943.77
2024-07-22,tpm,5.75
2024-07-23,dolar,949.1
2024-07-23,tpm,5.75
2024-07-24,dolar,946.69
2024-07-24,tpm,5.75
2024-07-25,dolar,948.79
2024-07-25,tpm,5.75
2024-07-26,dolar,947.39
2024-07-26,tpm,5.75
2024-07-29,dolar,950.29
2024-07-29,tpm,5.75
2024-07-30,dolar,956.63
2024-07-30,tpm,5.75
2024-07-31,dolar,956.58
2024-07-31,tpm,5.75
2024-08-01,dolar,943.78
2024-08-01,imacec,2.3
2024-08-01,ipc,0.3
2024-08-01,tpm,5.75
2024-08-02,dolar,938.94
2024-08-02,tpm,5.75
2024-08-05,dolar,951.11
2024-08-05,tpm,5.75
2024-08-06,dolar,957.57
2024-08-06,tpm,5.75
2024-08-07,dolar,947.18
2024-08-07,tpm,5.75
2024-08-08,dolar,943.96
2024-08-08,tpm,5.75
2024-08-09,dolar,937.18
2024-08-09,tpm,5.75
2024-08-12,dolar,932.62
2024-08-12,tpm,5.75
2024-08-13,dolar,931.96
2024-08-13,tpm,5.75
2024-08-14,dolar,932.28
2024-08-14,tpm,5.75
2024-08-16,dolar,931.39
2024-08-16,tpm,5.75
2024-08-19,dolar,933.84
2024-08-19,tpm,5.75
2024-08-20,dolar,929.36
2024-08-20,tpm,5.75
2024-08-21,dolar,922.58
2024-08-21,tpm,5.75
2024-08-22,dolar,918.97
2024-08-22,tpm,5.75
2024-08-23,dolar,919.94
2024-08-23,tpm,5.75
2024-08-26,dolar,911.01
2024-08-26,tpm,5.75
2024-08-27,dolar,907.35
2024-08-27,tpm,5.75
2024-08-28,dolar,907.32
2024-08-28,tpm,5.75
2024-08-29,dolar,912.08
2024-08-29,tpm,5.75
2024-08-30,dolar,917.38
2024-08-30,tpm,5.75
2024-09-01,imacec,0
2024-09-01,ipc,0.1
2024-09-02,dolar,913.99
2024-09-02,tpm,5.75
2024-09-03,dolar,915.14
2024-09-03,tpm,5.75
2024-09-04,dolar,926.22
2024-09-04,tpm,5.5
2024-09-05,dolar,937.86
2024-09-05,tpm,5.5
2024-09-06,dolar,941.54
2024-09-06,tpm,5.5
2024-09-09,dolar,943.18
2024-09-09,tpm,5.5
2024-09-10,dolar,946.22
2024-09-10,tpm,5.5
2024-09-11,dolar,948.85
2024-09-11,tpm,5.5
2024-09-12,dolar,943.44
2024-09-12,tpm,5.5
2024-09-13,dolar,933.57
2024-09-13,tpm,5.5
2024-09-16,dolar,925.61
2024-09-16,tpm,5.5
2024-09-17,dolar,923.37
2024-09-17,tpm,5.5
2024-09-23,dolar,927.15
2024-09-23,tpm,5.5
2024-09-24,dolar,924.81
2024-09-24,tpm,5.5
2024-09-25,dolar,911.51
2024-09-25,tpm,5.5
2024-09-26,dolar,912.24
2024-09-26,tpm,5.5
2024-09-27,dolar,900.91
2024-09-27,tpm,5.5
2024-09-30,dolar,896.25
2024-09-30,tpm,5.5
2024-10-01,dolar,897.68
2024-10-01,imacec,2.3
2024-10-01,ipc,1
2024-10-01,tpm,5.5
2024-10-02,dolar,901.13
2024-10-02,tpm,5.5
2024-10-03,dolar,908.23
2024-10-03,tpm,5.5
2024-10-04,dolar,919.49
2024-10-04,tpm,5.5
2024-10-07,dolar,923.74
2024-10-07,tpm,5.5
2024-10-08,dolar,925.86
2024-10-08,tpm,5.5
2024-10-09,dolar,933.62
2024-10-09,tpm,5.5
2024-10-10,dolar,934.84
2024-10-10,tpm,5.5
2024-10-11,dolar,931.26
2024-10-11,tpm,5.5
2024-10-14,dolar,926.07
2024-10-14,tpm,5.5
2024-10-15,dolar,928.37
2024-10-15,tpm,5.5
2024-10-16,dolar,937.29
2024-10-16,tpm,5.5
2024-10-17,dolar,941.3
2024-10-17,tpm,5.5
2024-10-18,dolar,945.01
2024-10-18,tpm,5.25
2024-10-21,dolar,946.99
2024-10-21,tpm,5.25
2024-10-22,dolar,954.39
2024-10-22,tpm,5.25
2024-10-23,dolar,949
2024-10-23,tpm,5.25
2024-10-24,dolar,948.2
2024-10-24,tpm,5.25
2024-10-25,dolar,945.29
2024-10-25,tpm,5.25
2024-10-28,dolar,949.34
2024-10-28,tpm,5.25
2024-10-29,dolar,945.88
2024-10-29,tpm,5.25
2024-10-30,dolar,950.89
2024-10-30,tpm,5.25
2024-11-01,imacec,2.1
2024-11-01,ipc,0.2
2024-11-04,dolar,961.29
2024-11-04,tpm,5.25
2024-11-05,dolar,956.54
2024-11-05,tpm,5.25
2024-11-06,dolar,954.9
2024-11-06,tpm,5.25
2024-11-07,dolar,968.6
2024-11-07,tpm,5.25
2024-11-08,dolar,950.99
2024-11-08,tpm,5.25
2024-11-11,dolar,963.09
2024-11-11,tpm,5.25
2024-11-12,dolar,980.47
2024-11-12,tpm,5.25
2024-11-13,dolar,983.76
2024-11-13,tpm,5.25
2024-11-14,dolar,981.61
2024-11-14,tpm,5.25
2024-11-15,dolar,975.44
2024-11-15,tpm,5.25
2024-11-18,dolar,974.51
2024-11-18,tpm,5.25
2024-11-19,dolar,976.86
2024-11-19,tpm,5.25
2024-11-20,dolar,973.21
2024-11-20,tpm,5.25
2024-11-21,dolar,972.68
2024-11-21,tpm,5.25
2024-11-22,dolar,971.29
2024-11-22,tpm,5.25
2024-11-25,dolar,982.08
2024-11-25,tpm,5.25
2024-11-26,dolar,976.89
2024-11-26,tpm,5.25
2024-11-27,dolar,975.06
2024-11-27,tpm,5.25
2024-11-28,dolar,975.41
2024-11-28,tpm,5.25
2024-11-29,dolar,977.32
2024-11-29,tpm,5.25
2024-12-01,imacec,6.6
2024-12-01,ipc,-0.2
2024-12-02,dolar,977.66
2024-12-02,tpm,5.25
2024-12-03,dolar,979.1
2024-12-03,tpm,5.25
2024-12-04,dolar,972.75
2024-12-04,tpm,5.25
2024-12-05,dolar,974.37
2024-12-05,tpm,5.25
2024-12-06,dolar,971.65
2024-12-06,tpm,5.25
2024-12-09,dolar,971.62
2024-12-09,tpm,5.25
2024-12-10,dolar,969.92
2024-12-10,tpm,5.25
2024-12-11,dolar,972.43
2024-12-11,tpm,5.25
2024-12-12,dolar,975.81
2024-12-12,tpm,5.25
2024-12-13,dolar,975.67
2024-12-13,tpm,5.25
2024-12-16,dolar,983.25
2024-12-16,tpm,5.25
2024-12-17,dolar,989.93
2024-12-17,tpm,5.25
2024-12-18,dolar,990.87
2024-12-18,tpm,5
2024-12-19,dolar,988.44
2024-12-19,tpm,5
2024-12-20,dolar,996.35
2024-12-20,tpm,5
2024-12-23,dolar,991.18
2024-12-23,tpm,5
2024-12-24,dolar,992.78
2024-12-24,tpm,5
2024-12-26,dolar,989.07
2024-12-26,tpm,5
2024-12-27,dolar,990.95
2024-12-27,tpm,5
2024-12-30,dolar,992.12
2024-12-30,tpm,5
2025-01-01,imacec,2.5
2025-01-01,ipc,1.1
2025-01-02,dolar,996.46
2025-01-02,tpm,5
2025-01-03,dolar,999.84
2025-01-03,tpm,5
2025-01-06,dolar,1011.82
2025-01-06,tpm,5
2025-01-07,dolar,1010.98
2025-01-07,tpm,5
2025-01-08,dolar,1005.85
2025-01-08,tpm,5
2025-01-09,dolar,1007.51
2025-01-09,tpm,5
2025-01-10,dolar,1003.92
2025-01-10,tpm,5
2025-01-13,dolar,1009.2
2025-01-13,tpm,5
2025-01-14,dolar,1012.76
2025-01-14,tpm,5
2025-01-15,dolar,1004.67
2025-01-15,tpm,5
2025-01-16,dolar,1001.93
2025-01-16,tpm,5
2025-01-17,dolar,1010.68
2025-01-17,tpm,5
2025-01-20,dolar,1012.36
2025-01-20,tpm,5
2025-01-21,dolar,1001.93
2025-01-21,tpm,5
2025-01-22,dolar,1002.14
2025-01-22,tpm,5
2025-01-23,dolar,995.22
2025-01-23,tpm,5
2025-01-24,dolar,989.83
2025-01-24,tpm,5
2025-01-27,dolar,982.95
2025-01-27,tpm,5
2025-01-28,dolar,985.64
2025-01-28,tpm,5
2025-01-29,dolar,992.07
2025-01-29,tpm,5
2025-01-30,dolar,990.94
2025-01-30,tpm,5
2025-01-31,dolar,988.1
2025-01-31,tpm,5
2025-02-01,imacec,-0.1
2025-02-01,ipc,0.4
2025-02-03,dolar,984.22
2025-02-03,tpm,5
2025-02-04,dolar,987.12
2025-02-04,tpm,5
2025-02-05,dolar,977.58
2025-02-05,tpm,5
2025-02-06,dolar,969.47
2025-02-06,tpm,5
2025-02-07,dolar,967.59
2025-02-07,tpm,5
2025-02-10,dolar,960.6
2025-02-10,tpm,5
2025-02-11,dolar,960.81
2025-02-11,tpm,5
2025-02-12,dolar,961.89
2025-02-12,tpm,5
2025-02-13,dolar,956.63
2025-02-13,tpm,5
2025-02-14,dolar,949.52
2025-02-14,tpm,5
2025-02-17,dolar,939.54
2025-02-17,tpm,5
2025-02-18,dolar,947.13
2025-02-18,tpm,5
2025-02-19,dolar,950.43
2025-02-19,tpm,5
2025-02-20,dolar,951.78
2025-02-20,tpm,5
2025-02-21,dolar,944.65
2025-02-21,tpm,5
2025-02-24,dolar,942.52
2025-02-24,tpm,5
2025-02-25,dolar,946.96
2025-02-25,tpm,5
2025-02-26,dolar,940.99
2025-02-26,tpm,5
2025-02-27,dolar,941.76
2025-02-27,tpm,5
2025-02-28,dolar,951.21
2025-02-28,tpm,5
2025-03-01,imacec,3.8
2025-03-01,ipc,0.5
2025-03-03,dolar,954.22
2025-03-03,tpm,5
2025-03-04,dolar,953.11
2025-03-04,tpm,5
2025-03-05,dolar,948.87
2025-03-05,tpm,5
2025-03-06,dolar,936.7
2025-03-06,tpm,5
2025-03-07,dolar,926.52
2025-03-07,tpm,5
2025-03-10,dolar,928.25
2025-03-10,tpm,5
2025-03-11,dolar,931.13
2025-03-11,tpm,5
2025-03-12,dolar,937.45
2025-03-12,tpm,5
2025-03-13,dolar,932.28
2025-03-13,tpm,5
2025-03-14,dolar,940.2
2025-03-14,tpm,5
2025-03-17,dolar,932.36
2025-03-17,tpm,5
2025-03-18,dolar,923.32
2025-03-18,tpm,5
2025-03-19,dolar,917.97
2025-03-19,tpm,5
2025-03-20,dolar,917.76
2025-03-20,tpm,5
2025-03-21,dolar,926.15
2025-03-21,tpm,5
2025-03-24,dolar,932.14
2025-03-24,tpm,5
2025-03-25,dolar,926.41
2025-03-25,tpm,5
2025-03-26,dolar,919.92
2025-03-26,tpm,5
2025-03-27,dolar,920.98
2025-03-27,tpm,5
2025-03-28,dolar,931.75
2025-03-28,tpm,5
2025-03-31,dolar,946.1
2025-03-31,tpm,5
2025-04-01,dolar,953.07
2025-04-01,imacec,2.5
2025-04-01,ipc,0.2
2025-04-01,tpm,5
2025-04-02,dolar,946.28
2025-04-02,tpm,5
2025-04-03,dolar,949.83
2025-04-03,tpm,5
2025-04-04,dolar,946.59
2025-04-04,tpm,5
2025-04-07,dolar,975.82
2025-04-07,tpm,5
2025-04-08,dolar,990.68
2025-04-08,tpm,5
2025-04-09,dolar,993.89
2025-04-09,tpm,5
2025-04-10,dolar,1000.01
2025-04-10,tpm,5
2025-04-11,dolar,988.97
2025-04-11,tpm,5
2025-04-14,dolar,978.09
2025-04-14,tpm,5
2025-04-15,dolar,966.07
2025-04-15,tpm,5
2025-04-16,dolar,967.15
2025-04-16,tpm,5
2025-04-17,dolar,969.23
2025-04-17,tpm,5
2025-04-21,dolar,968.71
2025-04-21,tpm,5
2025-04-22,dolar,961.14
2025-04-22,tpm,5
2025-04-23,dolar,950.04
2025-04-23,tpm,5
2025-04-24,dolar,938.02
2025-04-24,tpm,5
2025-04-25,dolar,937.81
2025-04-25,tpm,5
2025-04-28,dolar,936.74
2025-04-28,tpm,5
2025-04-29,dolar,937.54
2025-04-29,tpm,5
2025-04-30,dolar,945.42
2025-04-30,tpm,5
2025-05-01,imacec,3.2
2025-05-01,ipc,0.2
2025-05-02,dolar,955.67
2025-05-02,tpm,5
2025-05-05,dolar,940.95
2025-05-05,tpm,5
2025-05-06,dolar,940.18
2025-05-06,tpm,5
2025-05-07,dolar,939.67
2025-05-07,tpm,5
2025-05-08,dolar,945.44
2025-05-08,tpm,5
2025-05-09,dolar,941.22
2025-05-09,tpm,5
2025-05-12,dolar,933.26
2025-05-12,tpm,5
2025-05-13,dolar,941.2
2025-05-13,tpm,5
2025-05-14,dolar,940.18
2025-05-14,tpm,5
2025-05-15,dolar,939.43
2025-05-15,tpm,5
2025-05-16,dolar,940.25
2025-05-16,tpm,5
2025-05-19,dolar,944.46
2025-05-19,tpm,5
2025-05-20,dolar,936.69
2025-05-20,tpm,5
2025-05-22,dolar,942.21
2025-05-22,tpm,5
2025-05-23,dolar,944.84
2025-05-23,tpm,5
2025-05-26,dolar,940.81
2025-05-26,tpm,5
2025-05-27,dolar,938.28
2025-05-27,tpm,5
2025-05-28,dolar,937.93
2025-05-28,tpm,5
2025-05-29,dolar,940.21
2025-05-29,tpm,5
2025-05-30,dolar,937.37
2025-05-30,tpm,5
2025-06-01,imacec,3.1
2025-06-01,ipc,-0.4
2025-06-02,dolar,941.97
2025-06-02,tpm,5
2025-06-03,dolar,939.65
2025-06-03,tpm,5
2025-06-04,dolar,941.53
2025-06-04,tpm,5
2025-06-05,dolar,936.89
2025-06-05,tpm,5
2025-06-06,dolar,930.79
2025-06-06,tpm,5
2025-06-09,dolar,933.91
2025-06-09,tpm,5
2025-06-10,dolar,937.09
2025-06-10,tpm,5
2025-06-11,dolar,938.88
2025-06-11,tpm,5
2025-06-12,dolar,936.36
2025-06-12,tpm,5
2025-06-13,dolar,930.25
2025-06-13,tpm,5
2025-06-16,dolar,937.78
2025-06-16,tpm,5
2025-06-17,dolar,935.21
2025-06-17,tpm,5
2025-06-18,dolar,939.29
2025-06-18,tpm,5
2025-06-19,dolar,943.36
2025-06-19,tpm,5
2025-06-23,dolar,947.03
2025-06-23,tpm,5
2025-06-24,dolar,950.16
2025-06-24,tpm,5
2025-06-25,dolar,937.89
2025-06-25,tpm,5
2025-06-26,dolar,936.29
2025-06-26,tpm,5
2025-06-27,dolar,930.67
2025-06-27,tpm,5
2025-06-30,dolar,935.74
2025-06-30,tpm,5
2025-07-01,dolar,933.42
2025-07-01,imacec,1.8
2025-07-01,ipc,0.9
2025-07-01,tpm,5
2025-07-02,dolar,926.62
2025-07-02,tpm,5
2025-07-03,dolar,926.51
2025-07-03,tpm,5
2025-07-04,dolar,927.87
2025-07-04,tpm,5
2025-07-07,dolar,932.34
2025-07-07,tpm,5
2025-07-08,dolar,940.28
2025-07-08,tpm,5
2025-07-09,dolar,945.39
2025-07-09,tpm,5
2025-07-10,dolar,948.33
2025-07-10,tpm,5
2025-07-11,dolar,950.43
2025-07-11,tpm,5
2025-07-14,dolar,955.73
2025-07-14,tpm,5
2025-07-15,dolar,967.22
2025-07-15,tpm,5
2025-07-17,dolar,965.65
2025-07-17,tpm,5
2025-07-18,dolar,966.78
2025-07-18,tpm,5
2025-07-21,dolar,961.55
2025-07-21,tpm,5
2025-07-22,dolar,956.65
2025-07-22,tpm,5
2025-07-23,dolar,953.4
2025-07-23,tpm,5
2025-07-24,dolar,948.93
2025-07-24,tpm,5
2025-07-25,dolar,951.27
2025-07-25,tpm,5
2025-07-28,dolar,957.82
2025-07-28,tpm,5
2025-07-29,dolar,969.75
2025-07-29,tpm,5
2025-07-30,dolar,970.09
2025-07-30,tpm,4.75
2025-07-31,dolar,978.07
2025-07-31,tpm,4.75
2025-08-01,dolar,976.8
2025-08-01,imacec,0.5
2025-08-01,ipc,0
2025-08-01,tpm,4.75
2025-08-04,dolar,967.48
2025-08-04,tpm,4.75
2025-08-05,dolar,964.28
2025-08-05,tpm,4.75
2025-08-06,dolar,966.02
2025-08-06,tpm,4.75
2025-08-07,dolar,976.42
2025-08-07,tpm,4.75
2025-08-08,dolar,971.88
2025-08-08,tpm,4.75
2025-08-11,dolar,965.64
2025-08-11,tpm,4.75
2025-08-12,dolar,969.77
2025-08-12,tpm,4.75
2025-08-13,dolar,962.28
2025-08-13,tpm,4.75
2025-08-14,dolar,952.37
2025-08-14,tpm,4.75
2025-08-18,dolar,961.84
2025-08-18,tpm,4.75
2025-08-19,dolar,966.24
2025-08-19,tpm,4.75
2025-08-20,dolar,963.57
2025-08-20,tpm,4.75
2025-08-21,dolar,965.06
2025-08-21,tpm,4.75
2025-08-22,dolar,968.63
2025-08-22,tpm,4.75
2025-08-25,dolar,964.15
2025-08-25,tpm,4.75
2025-08-26,dolar,962.51
2025-08-26,tpm,4.75
2025-08-27,dolar,965.01
2025-08-27,tpm,4.75
2025-08-28,dolar,968.64
2025-08-28,tpm,4.75
2025-08-29,dolar,967.48
2025-08-29,tpm,4.75
2025-09-01,dolar,965.28
2025-09-01,imacec,3.2
2025-09-01,ipc,0.4
2025-09-01,tpm,4.75
2025-09-02,dolar,968.35
2025-09-02,tpm,4.75
2025-09-03,dolar,974.13
2025-09-03,tpm,4.75
2025-09-04,dolar,969.46
2025-09-04,tpm,4.75
2025-09-05,dolar,971.22
2025-09-05,tpm,4.75
2025-09-08,dolar,964.58
2025-09-08,tpm,4.75
2025-09-09,dolar,967.07
2025-09-09,tpm,4.75
2025-09-10,dolar,966.35
2025-09-10,tpm,4.75
2025-09-11,dolar,962.73
2025-09-11,tpm,4.75
2025-09-12,dolar,955.47
2025-09-12,tpm,4.75
2025-09-15,dolar,954.58
2025-09-15,tpm,4.75
2025-09-16,dolar,951.14
2025-09-16,tpm,4.75
2025-09-17,dolar,948.57
2025-09-17,tpm,4.75
2025-09-22,dolar,951.03
2025-09-22,tpm,4.75
2025-09-23,dolar,954.72
2025-09-23,tpm,4.75
2025-09-24,dolar,952.87
2025-09-24,tpm,4.75
2025-09-25,dolar,953.24
2025-09-25,tpm,4.75
2025-09-26,dolar,956.42
2025-09-26,tpm,4.75
2025-09-29,dolar,958.9
2025-09-29,tpm,4.75
2025-09-30,dolar,961.24
2025-09-30,tpm,4.75
2025-10-01,dolar,962.39
2025-10-01,imacec,2.2
2025-10-01,ipc,0
2025-10-01,tpm,4.75
2025-10-02,dolar,959.19
2025-10-02,tpm,4.75
2025-10-03,dolar,961.54
2025-10-03,tpm,4.75
2025-10-06,dolar,963.17
2025-10-06,tpm,4.75
2025-10-07,dolar,963.09
2025-10-07,tpm,4.75
2025-10-08,dolar,961.61
2025-10-08,tpm,4.75
2025-10-09,dolar,951.45
2025-10-09,tpm,4.75
2025-10-10,dolar,948.77
2025-10-10,tpm,4.75
2025-10-13,dolar,954.37
2025-10-13,tpm,4.75
2025-10-14,dolar,957.66
2025-10-14,tpm,4.75
2025-10-15,dolar,963.69
2025-10-15,tpm,4.75
2025-10-16,dolar,959.36
2025-10-16,tpm,4.75
2025-10-17,dolar,956.13
2025-10-17,tpm,4.75
2025-10-20,dolar,960.34
2025-10-20,tpm,4.75
2025-10-21,dolar,953.21
2025-10-21,tpm,4.75
2025-10-22,dolar,951.78
2025-10-22,tpm,4.75
2025-10-23,dolar,950.46
2025-10-23,tpm,4.75
2025-10-24,dolar,945.34
2025-10-24,tpm,4.75
2025-10-27,dolar,943.47
2025-10-27,tpm,4.75
2025-10-28,dolar,938.19
2025-10-28,tpm,4.75
2025-10-29,dolar,941.63
2025-10-29,tpm,4.75
2025-10-30,dolar,940.57
2025-10-30,tpm,4.75
2025-11-01,imacec,1.2
2025-11-01,ipc,0.3
2025-11-03,dolar,943.69
2025-11-03,tpm,4.75
2025-11-04,dolar,940.53
2025-11-04,tpm,4.75
2025-11-05,dolar,945.13
2025-11-05,tpm,4.75
2025-11-06,dolar,945.6
2025-11-06,tpm,4.75
2025-11-07,dolar,940.84
2025-11-07,tpm,4.75
2025-11-10,dolar,946.24
2025-11-10,tpm,4.75
2025-11-11,dolar,940.85
2025-11-11,tpm,4.75
2025-11-12,dolar,936.89
2025-11-12,tpm,4.75
2025-11-13,dolar,932.37
2025-11-13,tpm,4.75
2025-11-14,dolar,925.63
2025-11-14,tpm,4.75
2025-11-17,dolar,932.63
2025-11-17,tpm,4.75
2025-11-18,dolar,919.82
2025-11-18,tpm,4.75
2025-11-19,dolar,929.26
2025-11-19,tpm,4.75
2025-11-20,dolar,931.36
2025-11-20,tpm,4.75
2025-11-21,dolar,929
2025-11-21,tpm,4.75
2025-11-24,dolar,937.36
2025-11-24,tpm,4.75
2025-11-25,dolar,939.57
2025-11-25,tpm,4.75
2025-11-26,dolar,937.15
2025-11-26,tpm,4.75
2025-11-27,dolar,930.89
2025-11-27,tpm,4.75
2025-11-28,dolar,929.14
2025-11-28,tpm,4.75
2025-12-01,dolar,928.16
2025-12-01,imacec,1.7
2025-12-01,ipc,-0.2
2025-12-01,tpm,4.75
2025-12-02,dolar,927.95
2025-12-02,tpm,4.75
2025-12-03,dolar,925.37
2025-12-03,tpm,4.75
2025-12-04,dolar,919.46
2025-12-04,tpm,4.75
2025-12-05,dolar,918.15
2025-12-05,tpm,4.75
2025-12-09,dolar,920.02
2025-12-09,tpm,4.75
2025-12-10,dolar,926.89
2025-12-10,tpm,4.75
2025-12-11,dolar,923.99
2025-12-11,tpm,4.75
2025-12-12,dolar,916.9
2025-12-12,tpm,4.75
2025-12-15,dolar,912.66
2025-12-15,tpm,4.75
2025-12-16,dolar,912.03
2025-12-16,tpm,4.75
2025-12-17,dolar,913.74
2025-12-17,tpm,4.5
2025-12-18,dolar,917.45
2025-12-18,tpm,4.5
2025-12-19,dolar,914.99
2025-12-19,tpm,4.5
2025-12-22,dolar,909.9
2025-12-22,tpm,4.5
2025-12-23,dolar,908.4
2025-12-23,tpm,4.5
2025-12-24,dolar,906.44
2025-12-24,tpm,4.5
2025-12-26,dolar,905.04
2025-12-26,tpm,4.5
2025-12-29,dolar,904.54
2025-12-29,tpm,4.5
2025-12-30,dolar,911.18
2025-12-30,tpm,4.5
2025-12-31,tpm,4.5
2026-01-01,imacec,-0.1
2026-01-02,dolar,907.13
2026-01-02,tpm,4.5
2026-01-05,dolar,901.55
2026-01-05,tpm,4.5
2026-01-06,dolar,905.14
2026-01-06,tpm,4.5
2026-01-07,dolar,896.82
2026-01-07,tpm,4.5
2026-01-08,dolar,895.33
2026-01-08,tpm,4.5
2026-01-09,dolar,896.89
2026-01-09,tpm,4.5
2026-01-12,dolar,895.54
2026-01-12,tpm,4.5
2026-01-13,dolar,885.71
2026-01-13,tpm,4.5
2026-01-14,dolar,883.96
2026-01-14,tpm,4.5
2026-01-15,dolar,882.74
2026-01-15,tpm,4.5
2026-01-16,dolar,884.57
2026-01-16,tpm,4.5
2026-01-19,dolar,887.01
2026-01-19,tpm,4.5
2026-01-20,dolar,888.66
2026-01-20,tpm,4.5
2026-01-21,dolar,889.54
2026-01-21,tpm,4.5
2026-01-22,dolar,878.21
2026-01-22,tpm,4.5
2026-01-23,dolar,872.22
2026-01-23,tpm,4.5
2026-01-26,dolar,870.71
2026-01-26,tpm,4.5
2026-01-27,dolar,862.98
2026-01-27,tpm,4.5
2026-01-28,dolar,862.17
2026-01-28,tpm,4.5
2026-01-29,dolar,857.95
2026-01-29,tpm,4.5
2026-01-30,dolar,858.45
2026-01-30,tpm,4.5
2026-02-01,imacec,-0.3
2026-02-02,dolar,865.1
2026-02-02,tpm,4.5
2026-02-03,dolar,868.52
2026-02-03,tpm,4.5
2026-02-04,dolar,859.53
2026-02-04,tpm,4.5
2026-02-05,dolar,857.59
2026-02-05,tpm,4.5
2026-02-06,dolar,865.67
2026-02-06,tpm,4.5
2026-02-09,dolar,859.66
2026-02-09,tpm,4.5
2026-02-10,dolar,854.25
2026-02-10,tpm,4.5
2026-02-11,dolar,856.06
2026-02-11,tpm,4.5
2026-02-12,dolar,856.38
2026-02-12,tpm,4.5
2026-02-13,dolar,854.41
2026-02-13,tpm,4.5
2026-02-16,dolar,863.5
2026-02-16,tpm,4.5
2026-02-17,dolar,862.91
2026-02-17,tpm,4.5
2026-02-18,dolar,868.24
2026-02-18,tpm,4.5
2026-02-19,dolar,863.29
2026-02-19,tpm,4.5
2026-02-20,dolar,866.74
2026-02-20,tpm,4.5
2026-02-23,dolar,867.13
2026-02-23,tpm,4.5
2026-02-24,dolar,867.29
2026-02-24,tpm,4.5
2026-02-25,dolar,865.36
2026-02-25,tpm,4.5
2026-02-26,dolar,857.58
2026-02-26,tpm,4.5
2026-02-27,dolar,861.19
2026-02-27,tpm,4.5
2026-03-01,imacec,-0.1
2026-03-02,dolar,871.41
2026-03-02,tpm,4.5
2026-03-03,dolar,884.21
2026-03-03,tpm,4.5
2026-03-04,dolar,906.32
2026-03-04,tpm,4.5
2026-03-05,dolar,895.14
2026-03-05,tpm,4.5
2026-03-06,dolar,907.66
2026-03-06,tpm,4.5
2026-03-09,dolar,921.76
2026-03-09,tpm,4.5
2026-03-10,dolar,916.36
2026-03-10,tpm,4.5
2026-03-11,dolar,893.69
2026-03-11,tpm,4.5
2026-03-12,dolar,895.86
2026-03-12,tpm,4.5
2026-03-13,dolar,909.94
2026-03-13,tpm,4.5
2026-03-16,dolar,913.98
2026-03-16,tpm,4.5
2026-03-17,dolar,909.11
2026-03-17,tpm,4.5
2026-03-18,dolar,906.15
2026-03-18,tpm,4.5
2026-03-19,dolar,912.41
2026-03-19,tpm,4.5
2026-03-20,dolar,920.52
2026-03-20,tpm,4.5
2026-03-23,dolar,923.67
2026-03-23,tpm,4.5
2026-03-24,dolar,915.15
2026-03-24,tpm,4.5
2026-03-25,dolar,915.76
2026-03-25,tpm,4.5
2026-03-26,dolar,913.83
2026-03-26,tpm,4.5
2026-03-27,dolar,923.25
2026-03-27,tpm,4.5
2026-03-30,dolar,929.9
2026-03-30,tpm,4.5
2026-03-31,dolar,931.57
2026-03-31,tpm,4.5
2026-04-01,dolar,927.46
2026-04-01,imacec,-1.2
2026-04-01,tpm,4.5
2026-04-02,dolar,915.95
2026-04-02,tpm,4.5
2026-04-06,dolar,922.17
2026-04-06,tpm,4.5
2026-04-07,dolar,914.47
2026-04-07,tpm,4.5
2026-04-08,dolar,922.59
2026-04-08,tpm,4.5
2026-04-09,dolar,895.28
2026-04-09,tpm,4.5
2026-04-10,dolar,894.17
2026-04-10,tpm,4.5
2026-04-13,dolar,890.33
2026-04-13,tpm,4.5
2026-04-14,dolar,899.39
2026-04-14,tpm,4.5
2026-04-15,dolar,886.97
2026-04-15,tpm,4.5
2026-04-16,dolar,886.09
2026-04-16,tpm,4.5
2026-04-17,dolar,886.32
2026-04-17,tpm,4.5
2026-04-20,dolar,876.32
2026-04-20,tpm,4.5
2026-04-21,dolar,881.22
2026-04-21,tpm,4.5
2026-04-22,dolar,887.79
2026-04-22,tpm,4.5
2026-04-23,dolar,889.87
2026-04-23,tpm,4.5
2026-04-24,dolar,892.18
2026-04-24,tpm,4.5
2026-04-27,dolar,895.07
2026-04-27,tpm,4.5
2026-04-28,dolar,894.18
2026-04-28,tpm,4.5
2026-04-29,dolar,896.03
2026-04-29,tpm,4.5
2026-04-30,dolar,901.76
2026-04-30,tpm,4.5
2026-05-01,imacec,-0.9
2026-05-04,dolar,903.05
2026-05-04,tpm,4.5
2026-05-05,dolar,910.01
2026-05-05,tpm,4.5
2026-05-06,dolar,905.36
2026-05-06,tpm,4.5
2026-05-07,dolar,892.83
2026-05-07,tpm,4.5
2026-05-08,dolar,887.71
2026-05-08,tpm,4.5
2026-05-11,dolar,890.89
2026-05-11,tpm,4.5
2026-05-12,dolar,894.25
2026-05-12,tpm,4.5
2026-05-13,dolar,899.91
2026-05-13,tpm,4.5
2026-05-14,dolar,889.19
2026-05-14,tpm,4.5
2026-05-15,dolar,891
2026-05-15,tpm,4.5
2026-05-18,dolar,906.68
2026-05-18,tpm,4.5
2026-05-19,dolar,901.59
2026-05-19,tpm,4.5
2026-05-20,dolar,907.51
2026-05-20,tpm,4.5
2026-05-22,dolar,899.68
2026-05-22,tpm,4.5
2026-05-25,dolar,899.86
2026-05-25,tpm,4.5
2026-05-26,dolar,893.25
2026-05-26,tpm,4.5
2026-05-27,dolar,894.67
2026-05-27,tpm,4.5
2026-05-28,dolar,894.79
2026-05-28,tpm,4.5
2026-05-29,dolar,892.89
2026-05-29,tpm,4.5
2026-06-01,dolar,890.64
2026-06-01,imacec,2.4
2026-06-01,tpm,4.5
2026-06-02,dolar,892.91
2026-06-02,tpm,4.5
2026-06-03,dolar,888.36
2026-06-03,tpm,4.5
2026-06-04,dolar,894.29
2026-06-04,tpm,4.5
2026-06-05,dolar,894.99
2026-06-05,tpm,4.5
2026-06-08,dolar,910.29
2026-06-08,tpm,4.5
2026-06-09,dolar,918.91
2026-06-09,tpm,4.5
2026-06-10,dolar,916.39
2026-06-10,tpm,4.5
2026-06-11,dolar,915.97
2026-06-11,tpm,4.5
2026-06-12,dolar,909.02
2026-06-12,tpm,4.5
2026-06-15,dolar,899.3
2026-06-15,tpm,4.5
2026-06-16,dolar,890.13
2026-06-16,tpm,4.5
2026-06-17,dolar,886.53
2026-06-17,tpm,4.5
2026-06-18,dolar,883.46
2026-06-18,tpm,4.5
2026-06-19,dolar,897.19
2026-06-19,tpm,4.5
2026-06-22,dolar,900.6
2026-06-22,tpm,4.5
2026-06-23,dolar,905.78
2026-06-23,tpm,4.5
2026-06-24,dolar,915.58
2026-06-24,tpm,4.5
2026-06-25,dolar,921.42
2026-06-25,tpm,4.5
2026-06-26,dolar,916.97
2026-06-26,tpm,4.5
2026-06-30,dolar,922.34
2026-06-30,tpm,4.5
2026-07-01,dolar,922.21
2026-07-01,imacec,-1.5
2026-07-01,tpm,4.5
2026-07-02,dolar,927.35
2026-07-02,tpm,4.5
2026-07-03,dolar,921.7
2026-07-03,tpm,4.5
2026-07-06,dolar,921.74
2026-07-06,tpm,4.5
2026-07-07,dolar,926.25
2026-07-07,tpm,4.5
2026-07-08,dolar,927.36
2026-07-08,tpm,4.5
2026-07-09,dolar,935.71
2026-07-09,tpm,4.5
2026-07-10,dolar,928.99
2026-07-10,tpm,4.5
2026-07-13,dolar,924.94
2026-07-13,tpm,4.5
2026-07-14,dolar,928.84
2026-07-14,tpm,4.5
2026-07-15,dolar,924.78
2026-07-15,tpm,4.5
2026-07-17,dolar,924.5
2026-07-17,tpm,4.5
2026-07-20,dolar,933.92
2026-07-20,tpm,4.5
2026-07-21,dolar,933
2026-07-21,tpm,4.5
2026-07-22,dolar,932.84
2026-07-22,tpm,4.5
2026-07-23,dolar,936.39
2026-07-23,tpm,4.5
2026-07-24,dolar,946.24
2026-07-24,tpm,4.5
2026-07-27,dolar,946.14
2026-07-27,tpm,4.5
2026-07-28,dolar,941.93
2026-07-28,tpm,4.5
2026-07-29,dolar,936.16
2026-07-29,tpm,4.5
2026-07-30,dolar,935.57
2026-07-30,tpm,4.5
2026-07-31,dolar,924.78
2026-07-31,tpm,4.5
2026-08-03,dolar,928.42
2026-08-03,tpm,4.5
2026-08-04,dolar,924.89
2026-08-04,tpm,4.5
2026-08-05,dolar,914.46
2026-08-05,tpm,4.5
2026-08-06,dolar,911.58
2026-08-06,tpm,4.5
2026-08-07,dolar,913.86
2026-08-07,tpm,4.5
2026-08-10,dolar,911.77
2026-08-10,tpm,4.5
2026-08-11,dolar,916.3
2026-08-11,tpm,4.5
2026-08-12,dolar,914.41
2026-08-12,tpm,4.5
2026-08-13,dolar,912
2026-08-13,tpm,4.5
2026-08-14,dolar,913.2
2026-08-14,tpm,4.5
2026-08-17,dolar,913.15
2026-08-17,tpm,4.5
2026-08-18,dolar,914.19
2026-08-18,tpm,4.5
2026-08-19,dolar,922.12
2026-08-19,tpm,4.5
2026-08-20,dolar,920.26
2026-08-20,tpm,4.5
2026-08-21,dolar,923.23
2026-08-21,tpm,4.5
2026-08-24,dolar,918.17
2026-08-24,tpm,4.5
2026-08-25,dolar,914.64
2026-08-25,tpm,4.5
2026-08-26,dolar,911.43
2026-08-26,tpm,4.5
2026-08-27,dolar,918.42
2026-08-27,tpm,4.5
2026-08-28,dolar,925.25
2026-08-28,tpm,4.5
2026-08-31,dolar,929.18
2026-08-31,tpm,4.5
2026-09-01,dolar,933.4
2026-09-01,tpm,4.5
2026-09-02,dolar,936.86
2026-09-02,tpm,4.5
2026-09-03,dolar,936.32
2026-09-03,tpm,4.5
2026-09-04,dolar,933.47
2026-09-04,tpm,4.5
2026-09-07,dolar,934.35
2026-09-07,tpm,4.5
2026-09-08,dolar,933.82
2026-09-08,tpm,4.5
2026-09-09,dolar,926.94
2026-09-09,tpm,4.5
2026-09-10,dolar,925.97
2026-09-10,tpm,4.5
2026-09-11,dolar,937.17
2026-09-11,tpm,4.5
2026-09-14,dolar,940.91
2026-09-14,tpm,4.5
2026-09-15,dolar,957.53
2026-09-15,tpm,4.5
2026-09-16,dolar,955.37
2026-09-16,tpm,4.5
2026-09-17,dolar,954.85
2026-09-17,tpm,4.5
2026-09-21,dolar,958.42
2026-09-21,tpm,4.5
2026-09-22,dolar,952
2026-09-22,tpm,4.5
2026-09-23,dolar,945.87
2026-09-23,tpm,4.5
2026-09-24,dolar,959.39
2026-09-24,tpm,4.5
2026-09-25,dolar,965.71
2026-09-25,tpm,4.5
2026-09-28,dolar,964.1
2026-09-28,tpm,4.5
2026-09-29,dolar,969.7
2026-09-29,tpm,4.5
