fecha,uf
2002-01-01,16262.660000
2002-01-02,16262.660000
2002-01-03,16262.660000
2002-01-04,16262.660000
2002-01-05,16262.660000
2002-01-06,16262.660000
2002-01-07,16262.660000
2002-01-08,16262.660000
2002-01-09,16262.660000
2002-01-10,16261.080000
2002-01-11,16259.510000
2002-01-12,16257.930000
2002-01-13,16256.360000
2002-01-14,16254.780000
2002-01-15,16253.210000
2002-01-16,16251.630000
2002-01-17,16250.060000
2002-01-18,16248.480000
2002-01-19,16246.910000
2002-01-20,16245.330000
2002-01-21,16243.760000
2002-01-22,16242.180000
2002-01-23,16240.610000
2002-01-24,16239.030000
2002-01-25,16237.460000
2002-01-26,16235.890000
2002-01-27,16234.310000
2002-01-28,16232.740000
2002-01-29,16231.170000
2002-01-30,16229.590000
2002-01-31,16228.020000
2002-02-01,16226.450000
2002-02-02,16224.880000
2002-02-03,16223.300000
2002-02-04,16221.730000
2002-02-05,16220.160000
2002-02-06,16218.590000
2002-02-07,16217.020000
2002-02-08,16215.440000
2002-02-09,16213.870000
2002-02-10,16213.290000
2002-02-11,16212.710000
2002-02-12,16212.130000
2002-02-13,16211.550000
2002-02-14,16210.970000
2002-02-15,16210.390000
2002-02-16,16209.820000
2002-02-17,16209.240000
2002-02-18,16208.660000
2002-02-19,16208.080000
2002-02-20,16207.500000
2002-02-21,16206.920000
2002-02-22,16206.340000
2002-02-23,16205.760000
2002-02-24,16205.180000
2002-02-25,16204.600000
2002-02-26,16204.020000
2002-02-27,16203.440000
2002-02-28,16202.870000
2002-03-01,16202.290000
2002-03-02,16201.710000
2002-03-03,16201.130000
2002-03-04,16200.550000
2002-03-05,16199.970000
2002-03-06,16199.390000
2002-03-07,16198.810000
2002-03-08,16198.230000
2002-03-09,16197.660000
2002-03-10,16197.660000
2002-03-11,16197.660000
2002-03-12,16197.660000
2002-03-13,16197.660000
2002-03-14,16197.660000
2002-03-15,16197.660000
2002-03-16,16197.660000
2002-03-17,16197.660000
2002-03-18,16197.660000
2002-03-19,16197.660000
2002-03-20,16197.660000
2002-03-21,16197.660000
2002-03-22,16197.660000
2002-03-23,16197.660000
2002-03-24,16197.660000
2002-03-25,16197.660000
2002-03-26,16197.660000
2002-03-27,16197.660000
2002-03-28,16197.660000
2002-03-29,16197.660000
2002-03-30,16197.660000
2002-03-31,16197.660000
2002-04-01,16197.660000
2002-04-02,16197.660000
2002-04-03,16197.660000
2002-04-04,16197.660000
2002-04-05,16197.660000
2002-04-06,16197.660000
2002-04-07,16197.660000
2002-04-08,16197.660000
2002-04-09,16197.660000
2002-04-10,16200.350000
2002-04-11,16203.050000
2002-04-12,16205.740000
2002-04-13,16208.440000
2002-04-14,16211.130000
2002-04-15,16213.830000
2002-04-16,16216.520000
2002-04-17,16219.220000
2002-04-18,16221.910000
2002-04-19,16224.610000
2002-04-20,16227.310000
2002-04-21,16230.010000
2002-04-22,16232.710000
2002-04-23,16235.400000
2002-04-24,16238.100000
2002-04-25,16240.800000
2002-04-26,16243.500000
2002-04-27,16246.200000
2002-04-28,16248.910000
2002-04-29,16251.610000
2002-04-30,16254.310000
2002-05-01,16257.010000
2002-05-02,16259.710000
2002-05-03,16262.420000
2002-05-04,16265.120000
2002-05-05,16267.830000
2002-05-06,16270.530000
2002-05-07,16273.240000
2002-05-08,16275.940000
2002-05-09,16278.650000
2002-05-10,16280.750000
2002-05-11,16282.840000
2002-05-12,16284.940000
2002-05-13,16287.040000
2002-05-14,16289.130000
2002-05-15,16291.230000
2002-05-16,16293.330000
2002-05-17,16295.430000
2002-05-18,16297.530000
2002-05-19,16299.630000
2002-05-20,16301.730000
2002-05-21,16303.820000
2002-05-22,16305.920000
2002-05-23,16308.020000
2002-05-24,16310.120000
2002-05-25,16312.230000
2002-05-26,16314.330000
2002-05-27,16316.430000
2002-05-28,16318.530000
2002-05-29,16320.630000
2002-05-30,16322.730000
2002-05-31,16324.830000
2002-06-01,16326.940000
2002-06-02,16329.040000
2002-06-03,16331.140000
2002-06-04,16333.240000
2002-06-05,16335.350000
2002-06-06,16337.450000
2002-06-07,16339.560000
2002-06-08,16341.660000
2002-06-09,16343.760000
2002-06-10,16344.300000
2002-06-11,16344.850000
2002-06-12,16345.390000
2002-06-13,16345.940000
2002-06-14,16346.480000
2002-06-15,16347.030000
2002-06-16,16347.570000
2002-06-17,16348.120000
2002-06-18,16348.660000
2002-06-19,16349.210000
2002-06-20,16349.750000
2002-06-21,16350.300000
2002-06-22,16350.840000
2002-06-23,16351.390000
2002-06-24,16351.930000
2002-06-25,16352.470000
2002-06-26,16353.020000
2002-06-27,16353.560000
2002-06-28,16354.110000
2002-06-29,16354.650000
2002-06-30,16355.200000
2002-07-01,16355.740000
2002-07-02,16356.290000
2002-07-03,16356.830000
2002-07-04,16357.380000
2002-07-05,16357.920000
2002-07-06,16358.470000
2002-07-07,16359.010000
2002-07-08,16359.560000
2002-07-09,16360.100000
2002-07-10,16359.570000
2002-07-11,16359.040000
2002-07-12,16358.520000
2002-07-13,16357.990000
2002-07-14,16357.460000
2002-07-15,16356.930000
2002-07-16,16356.400000
2002-07-17,16355.880000
2002-07-18,16355.350000
2002-07-19,16354.820000
2002-07-20,16354.290000
2002-07-21,16353.770000
2002-07-22,16353.240000
2002-07-23,16352.710000
2002-07-24,16352.180000
2002-07-25,16351.650000
2002-07-26,16351.130000
2002-07-27,16350.600000
2002-07-28,16350.070000
2002-07-29,16349.540000
2002-07-30,16349.020000
2002-07-31,16348.490000
2002-08-01,16347.960000
2002-08-02,16347.430000
2002-08-03,16346.910000
2002-08-04,16346.380000
2002-08-05,16345.850000
2002-08-06,16345.320000
2002-08-07,16344.790000
2002-08-08,16344.270000
2002-08-09,16343.740000
2002-08-10,16345.840000
2002-08-11,16347.950000
2002-08-12,16350.060000
2002-08-13,16352.160000
2002-08-14,16354.270000
2002-08-15,16356.370000
2002-08-16,16358.480000
2002-08-17,16360.590000
2002-08-18,16362.690000
2002-08-19,16364.800000
2002-08-20,16366.910000
2002-08-21,16369.020000
2002-08-22,16371.120000
2002-08-23,16373.230000
2002-08-24,16375.340000
2002-08-25,16377.450000
2002-08-26,16379.560000
2002-08-27,16381.670000
2002-08-28,16383.780000
2002-08-29,16385.890000
2002-08-30,16388.000000
2002-08-31,16390.110000
2002-09-01,16392.220000
2002-09-02,16394.330000
2002-09-03,16396.440000
2002-09-04,16398.550000
2002-09-05,16400.660000
2002-09-06,16402.780000
2002-09-07,16404.890000
2002-09-08,16407.000000
2002-09-09,16409.110000
2002-09-10,16411.290000
2002-09-11,16413.480000
2002-09-12,16415.660000
2002-09-13,16417.850000
2002-09-14,16420.030000
2002-09-15,16422.220000
2002-09-16,16424.400000
2002-09-17,16426.590000
2002-09-18,16428.770000
2002-09-19,16430.960000
2002-09-20,16433.150000
2002-09-21,16435.330000
2002-09-22,16437.520000
2002-09-23,16439.710000
2002-09-24,16441.900000
2002-09-25,16444.080000
2002-09-26,16446.270000
2002-09-27,16448.460000
2002-09-28,16450.650000
2002-09-29,16452.840000
2002-09-30,16455.030000
2002-10-01,16457.220000
2002-10-02,16459.410000
2002-10-03,16461.600000
2002-10-04,16463.790000
2002-10-05,16465.980000
2002-10-06,16468.170000
2002-10-07,16470.360000
2002-10-08,16472.550000
2002-10-09,16474.750000
2002-10-10,16478.990000
2002-10-11,16483.220000
2002-10-12,16487.460000
2002-10-13,16491.700000
2002-10-14,16495.940000
2002-10-15,16500.180000
2002-10-16,16504.420000
2002-10-17,16508.660000
2002-10-18,16512.910000
2002-10-19,16517.150000
2002-10-20,16521.400000
2002-10-21,16525.640000
2002-10-22,16529.890000
2002-10-23,16534.140000
2002-10-24,16538.390000
2002-10-25,16542.640000
2002-10-26,16546.900000
2002-10-27,16551.150000
2002-10-28,16555.400000
2002-10-29,16559.660000
2002-10-30,16563.920000
2002-10-31,16568.180000
2002-11-01,16572.440000
2002-11-02,16576.700000
2002-11-03,16580.960000
2002-11-04,16585.220000
2002-11-05,16589.480000
2002-11-06,16593.750000
2002-11-07,16598.010000
2002-11-08,16602.280000
2002-11-09,16606.550000
2002-11-10,16611.510000
2002-11-11,16616.470000
2002-11-12,16621.440000
2002-11-13,16626.400000
2002-11-14,16631.370000
2002-11-15,16636.330000
2002-11-16,16641.300000
2002-11-17,16646.270000
2002-11-18,16651.250000
2002-11-19,16656.220000
2002-11-20,16661.200000
2002-11-21,16666.170000
2002-11-22,16671.150000
2002-11-23,16676.130000
2002-11-24,16681.110000
2002-11-25,16686.090000
2002-11-26,16691.080000
2002-11-27,16696.060000
2002-11-28,16701.050000
2002-11-29,16706.040000
2002-11-30,16711.030000
2002-12-01,16716.020000
2002-12-02,16721.020000
2002-12-03,16726.010000
2002-12-04,16731.010000
2002-12-05,16736.000000
2002-12-06,16741.000000
2002-12-07,16746.000000
2002-12-08,16751.010000
2002-12-09,16756.010000
2002-12-10,16755.470000
2002-12-11,16754.930000
2002-12-12,16754.390000
2002-12-13,16753.850000
2002-12-14,16753.310000
2002-12-15,16752.770000
2002-12-16,16752.220000
2002-12-17,16751.680000
2002-12-18,16751.140000
2002-12-19,16750.600000
2002-12-20,16750.060000
2002-12-21,16749.520000
2002-12-22,16748.980000
2002-12-23,16748.440000
2002-12-24,16747.900000
2002-12-25,16747.360000
2002-12-26,16746.820000
2002-12-27,16746.280000
2002-12-28,16745.740000
2002-12-29,16745.200000
2002-12-30,16744.660000
2002-12-31,16744.120000
2003-01-01,16743.580000
2003-01-02,16743.040000
2003-01-03,16742.500000
2003-01-04,16741.960000
2003-01-05,16741.420000
2003-01-06,16740.870000
2003-01-07,16740.330000
2003-01-08,16739.790000
2003-01-09,16739.250000
2003-01-10,16737.090000
2003-01-11,16734.920000
2003-01-12,16732.760000
2003-01-13,16730.600000
2003-01-14,16728.430000
2003-01-15,16726.270000
2003-01-16,16724.110000
2003-01-17,16721.950000
2003-01-18,16719.780000
2003-01-19,16717.620000
2003-01-20,16715.460000
2003-01-21,16713.300000
2003-01-22,16711.140000
2003-01-23,16708.980000
2003-01-24,16706.820000
2003-01-25,16704.660000
2003-01-26,16702.500000
2003-01-27,16700.340000
2003-01-28,16698.180000
2003-01-29,16696.020000
2003-01-30,16693.860000
2003-01-31,16691.700000
2003-02-01,16689.550000
2003-02-02,16687.390000
2003-02-03,16685.230000
2003-02-04,16683.070000
2003-02-05,16680.920000
2003-02-06,16678.760000
2003-02-07,16676.600000
2003-02-08,16674.450000
2003-02-09,16672.290000
2003-02-10,16672.890000
2003-02-11,16673.480000
2003-02-12,16674.080000
2003-02-13,16674.670000
2003-02-14,16675.270000
2003-02-15,16675.860000
2003-02-16,16676.460000
2003-02-17,16677.050000
2003-02-18,16677.650000
2003-02-19,16678.240000
2003-02-20,16678.840000
2003-02-21,16679.430000
2003-02-22,16680.030000
2003-02-23,16680.620000
2003-02-24,16681.220000
2003-02-25,16681.810000
2003-02-26,16682.410000
2003-02-27,16683.010000
2003-02-28,16683.600000
2003-03-01,16684.200000
2003-03-02,16684.790000
2003-03-03,16685.390000
2003-03-04,16685.980000
2003-03-05,16686.580000
2003-03-06,16687.180000
2003-03-07,16687.770000
2003-03-08,16688.370000
2003-03-09,16688.960000
2003-03-10,16693.250000
2003-03-11,16697.540000
2003-03-12,16701.830000
2003-03-13,16706.130000
2003-03-14,16710.420000
2003-03-15,16714.720000
2003-03-16,16719.010000
2003-03-17,16723.310000
2003-03-18,16727.610000
2003-03-19,16731.910000
2003-03-20,16736.210000
2003-03-21,16740.520000
2003-03-22,16744.820000
2003-03-23,16749.120000
2003-03-24,16753.430000
2003-03-25,16757.740000
2003-03-26,16762.040000
2003-03-27,16766.350000
2003-03-28,16770.660000
2003-03-29,16774.970000
2003-03-30,16779.290000
2003-03-31,16783.600000
2003-04-01,16787.920000
2003-04-02,16792.230000
2003-04-03,16796.550000
2003-04-04,16800.870000
2003-04-05,16805.180000
2003-04-06,16809.500000
2003-04-07,16813.830000
2003-04-08,16818.150000
2003-04-09,16822.470000
2003-04-10,16829.160000
2003-04-11,16835.850000
2003-04-12,16842.550000
2003-04-13,16849.250000
2003-04-14,16855.950000
2003-04-15,16862.650000
2003-04-16,16869.360000
2003-04-17,16876.070000
2003-04-18,16882.780000
2003-04-19,16889.490000
2003-04-20,16896.210000
2003-04-21,16902.930000
2003-04-22,16909.650000
2003-04-23,16916.380000
2003-04-24,16923.100000
2003-04-25,16929.830000
2003-04-26,16936.570000
2003-04-27,16943.300000
2003-04-28,16950.040000
2003-04-29,16956.780000
2003-04-30,16963.530000
2003-05-01,16970.270000
2003-05-02,16977.020000
2003-05-03,16983.770000
2003-05-04,16990.530000
2003-05-05,16997.280000
2003-05-06,17004.040000
2003-05-07,17010.810000
2003-05-08,17017.570000
2003-05-09,17024.340000
2003-05-10,17023.790000
2003-05-11,17023.240000
2003-05-12,17022.690000
2003-05-13,17022.140000
2003-05-14,17021.590000
2003-05-15,17021.040000
2003-05-16,17020.490000
2003-05-17,17019.940000
2003-05-18,17019.400000
2003-05-19,17018.850000
2003-05-20,17018.300000
2003-05-21,17017.750000
2003-05-22,17017.200000
2003-05-23,17016.650000
2003-05-24,17016.100000
2003-05-25,17015.550000
2003-05-26,17015.000000
2003-05-27,17014.450000
2003-05-28,17013.900000
2003-05-29,17013.350000
2003-05-30,17012.810000
2003-05-31,17012.260000
2003-06-01,17011.710000
2003-06-02,17011.160000
2003-06-03,17010.610000
2003-06-04,17010.060000
2003-06-05,17009.510000
2003-06-06,17008.960000
2003-06-07,17008.410000
2003-06-08,17007.860000
2003-06-09,17007.320000
2003-06-10,17005.050000
2003-06-11,17002.780000
2003-06-12,17000.500000
2003-06-13,16998.230000
2003-06-14,16995.960000
2003-06-15,16993.690000
2003-06-16,16991.420000
2003-06-17,16989.150000
2003-06-18,16986.880000
2003-06-19,16984.610000
2003-06-20,16982.340000
2003-06-21,16980.080000
2003-06-22,16977.810000
2003-06-23,16975.540000
2003-06-24,16973.270000
2003-06-25,16971.000000
2003-06-26,16968.740000
2003-06-27,16966.470000
2003-06-28,16964.200000
2003-06-29,16961.940000
2003-06-30,16959.670000
2003-07-01,16957.410000
2003-07-02,16955.140000
2003-07-03,16952.870000
2003-07-04,16950.610000
2003-07-05,16948.350000
2003-07-06,16946.080000
2003-07-07,16943.820000
2003-07-08,16941.550000
2003-07-09,16939.290000
2003-07-10,16939.290000
2003-07-11,16939.290000
2003-07-12,16939.290000
2003-07-13,16939.290000
2003-07-14,16939.290000
2003-07-15,16939.290000
2003-07-16,16939.290000
2003-07-17,16939.290000
2003-07-18,16939.290000
2003-07-19,16939.290000
2003-07-20,16939.290000
2003-07-21,16939.290000
2003-07-22,16939.290000
2003-07-23,16939.290000
2003-07-24,16939.290000
2003-07-25,16939.290000
2003-07-26,16939.290000
2003-07-27,16939.290000
2003-07-28,16939.290000
2003-07-29,16939.290000
2003-07-30,16939.290000
2003-07-31,16939.290000
2003-08-01,16939.290000
2003-08-02,16939.290000
2003-08-03,16939.290000
2003-08-04,16939.290000
2003-08-05,16939.290000
2003-08-06,16939.290000
2003-08-07,16939.290000
2003-08-08,16939.290000
2003-08-09,16939.290000
2003-08-10,16938.740000
2003-08-11,16938.200000
2003-08-12,16937.650000
2003-08-13,16937.100000
2003-08-14,16936.560000
2003-08-15,16936.010000
2003-08-16,16935.460000
2003-08-17,16934.920000
2003-08-18,16934.370000
2003-08-19,16933.820000
2003-08-20,16933.280000
2003-08-21,16932.730000
2003-08-22,16932.180000
2003-08-23,16931.640000
2003-08-24,16931.090000
2003-08-25,16930.550000
2003-08-26,16930.000000
2003-08-27,16929.450000
2003-08-28,16928.910000
2003-08-29,16928.360000
2003-08-30,16927.810000
2003-08-31,16927.270000
2003-09-01,16926.720000
2003-09-02,16926.170000
2003-09-03,16925.630000
2003-09-04,16925.080000
2003-09-05,16924.540000
2003-09-06,16923.990000
2003-09-07,16923.440000
2003-09-08,16922.900000
2003-09-09,16922.350000
2003-09-10,16923.480000
2003-09-11,16924.600000
2003-09-12,16925.730000
2003-09-13,16926.860000
2003-09-14,16927.990000
2003-09-15,16929.110000
2003-09-16,16930.240000
2003-09-17,16931.370000
2003-09-18,16932.500000
2003-09-19,16933.620000
2003-09-20,16934.750000
2003-09-21,16935.880000
2003-09-22,16937.010000
2003-09-23,16938.140000
2003-09-24,16939.260000
2003-09-25,16940.390000
2003-09-26,16941.520000
2003-09-27,16942.650000
2003-09-28,16943.780000
2003-09-29,16944.910000
2003-09-30,16946.030000
2003-10-01,16947.160000
2003-10-02,16948.290000
2003-10-03,16949.420000
2003-10-04,16950.550000
2003-10-05,16951.680000
2003-10-06,16952.810000
2003-10-07,16953.940000
2003-10-08,16955.070000
2003-10-09,16956.190000
2003-10-10,16957.280000
2003-10-11,16958.380000
2003-10-12,16959.470000
2003-10-13,16960.560000
2003-10-14,16961.660000
2003-10-15,16962.750000
2003-10-16,16963.840000
2003-10-17,16964.940000
2003-10-18,16966.030000
2003-10-19,16967.120000
2003-10-20,16968.220000
2003-10-21,16969.310000
2003-10-22,16970.400000
2003-10-23,16971.500000
2003-10-24,16972.590000
2003-10-25,16973.680000
2003-10-26,16974.780000
2003-10-27,16975.870000
2003-10-28,16976.970000
2003-10-29,16978.060000
2003-10-30,16979.160000
2003-10-31,16980.250000
2003-11-01,16981.340000
2003-11-02,16982.440000
2003-11-03,16983.530000
2003-11-04,16984.630000
2003-11-05,16985.720000
2003-11-06,16986.820000
2003-11-07,16987.910000
2003-11-08,16989.010000
2003-11-09,16990.100000
2003-11-10,16988.970000
2003-11-11,16987.830000
2003-11-12,16986.700000
2003-11-13,16985.570000
2003-11-14,16984.430000
2003-11-15,16983.300000
2003-11-16,16982.170000
2003-11-17,16981.030000
2003-11-18,16979.900000
2003-11-19,16978.770000
2003-11-20,16977.630000
2003-11-21,16976.500000
2003-11-22,16975.370000
2003-11-23,16974.230000
2003-11-24,16973.100000
2003-11-25,16971.970000
2003-11-26,16970.840000
2003-11-27,16969.700000
2003-11-28,16968.570000
2003-11-29,16967.440000
2003-11-30,16966.310000
2003-12-01,16965.170000
2003-12-02,16964.040000
2003-12-03,16962.910000
2003-12-04,16961.780000
2003-12-05,16960.650000
2003-12-06,16959.510000
2003-12-07,16958.380000
2003-12-08,16957.250000
2003-12-09,16956.120000
2003-12-10,16954.480000
2003-12-11,16952.830000
2003-12-12,16951.190000
2003-12-13,16949.550000
2003-12-14,16947.910000
2003-12-15,16946.260000
2003-12-16,16944.620000
2003-12-17,16942.980000
2003-12-18,16941.340000
2003-12-19,16939.690000
2003-12-20,16938.050000
2003-12-21,16936.410000
2003-12-22,16934.770000
2003-12-23,16933.130000
2003-12-24,16931.490000
2003-12-25,16929.850000
2003-12-26,16928.210000
2003-12-27,16926.560000
2003-12-28,16924.920000
2003-12-29,16923.280000
2003-12-30,16921.640000
2003-12-31,16920.000000
2004-01-01,16918.360000
2004-01-02,16916.720000
2004-01-03,16915.090000
2004-01-04,16913.450000
2004-01-05,16911.810000
2004-01-06,16910.170000
2004-01-07,16908.530000
2004-01-08,16906.890000
2004-01-09,16905.250000
2004-01-10,16903.610000
2004-01-11,16901.970000
2004-01-12,16900.340000
2004-01-13,16898.700000
2004-01-14,16897.060000
2004-01-15,16895.420000
2004-01-16,16893.780000
2004-01-17,16892.150000
2004-01-18,16890.510000
2004-01-19,16888.870000
2004-01-20,16887.240000
2004-01-21,16885.600000
2004-01-22,16883.960000
2004-01-23,16882.330000
2004-01-24,16880.690000
2004-01-25,16879.060000
2004-01-26,16877.420000
2004-01-27,16875.780000
2004-01-28,16874.150000
2004-01-29,16872.510000
2004-01-30,16870.880000
2004-01-31,16869.240000
2004-02-01,16867.610000
2004-02-02,16865.970000
2004-02-03,16864.340000
2004-02-04,16862.700000
2004-02-05,16861.070000
2004-02-06,16859.440000
2004-02-07,16857.800000
2004-02-08,16856.170000
2004-02-09,16854.530000
2004-02-10,16853.370000
2004-02-11,16852.200000
2004-02-12,16851.040000
2004-02-13,16849.880000
2004-02-14,16848.710000
2004-02-15,16847.550000
2004-02-16,16846.390000
2004-02-17,16845.220000
2004-02-18,16844.060000
2004-02-19,16842.900000
2004-02-20,16841.740000
2004-02-21,16840.570000
2004-02-22,16839.410000
2004-02-23,16838.250000
2004-02-24,16837.090000
2004-02-25,16835.920000
2004-02-26,16834.760000
2004-02-27,16833.600000
2004-02-28,16832.440000
2004-02-29,16831.280000
2004-03-01,16830.110000
2004-03-02,16828.950000
2004-03-03,16827.790000
2004-03-04,16826.630000
2004-03-05,16825.470000
2004-03-06,16824.300000
2004-03-07,16823.140000
2004-03-08,16821.980000
2004-03-09,16820.820000
2004-03-10,16820.820000
2004-03-11,16820.820000
2004-03-12,16820.820000
2004-03-13,16820.820000
2004-03-14,16820.820000
2004-03-15,16820.820000
2004-03-16,16820.820000
2004-03-17,16820.820000
2004-03-18,16820.820000
2004-03-19,16820.820000
2004-03-20,16820.820000
2004-03-21,16820.820000
2004-03-22,16820.820000
2004-03-23,16820.820000
2004-03-24,16820.820000
2004-03-25,16820.820000
2004-03-26,16820.820000
2004-03-27,16820.820000
2004-03-28,16820.820000
2004-03-29,16820.820000
2004-03-30,16820.820000
2004-03-31,16820.820000
2004-04-01,16820.820000
2004-04-02,16820.820000
2004-04-03,16820.820000
2004-04-04,16820.820000
2004-04-05,16820.820000
2004-04-06,16820.820000
2004-04-07,16820.820000
2004-04-08,16820.820000
2004-04-09,16820.820000
2004-04-10,16823.060000
2004-04-11,16825.300000
2004-04-12,16827.540000
2004-04-13,16829.780000
2004-04-14,16832.020000
2004-04-15,16834.260000
2004-04-16,16836.500000
2004-04-17,16838.740000
2004-04-18,16840.980000
2004-04-19,16843.220000
2004-04-20,16845.460000
2004-04-21,16847.700000
2004-04-22,16849.940000
2004-04-23,16852.190000
2004-04-24,16854.430000
2004-04-25,16856.670000
2004-04-26,16858.910000
2004-04-27,16861.160000
2004-04-28,16863.400000
2004-04-29,16865.650000
2004-04-30,16867.890000
2004-05-01,16870.130000
2004-05-02,16872.380000
2004-05-03,16874.630000
2004-05-04,16876.870000
2004-05-05,16879.120000
2004-05-06,16881.360000
2004-05-07,16883.610000
2004-05-08,16885.860000
2004-05-09,16888.100000
2004-05-10,16890.270000
2004-05-11,16892.450000
2004-05-12,16894.630000
2004-05-13,16896.800000
2004-05-14,16898.980000
2004-05-15,16901.150000
2004-05-16,16903.330000
2004-05-17,16905.510000
2004-05-18,16907.680000
2004-05-19,16909.860000
2004-05-20,16912.040000
2004-05-21,16914.220000
2004-05-22,16916.400000
2004-05-23,16918.570000
2004-05-24,16920.750000
2004-05-25,16922.930000
2004-05-26,16925.110000
2004-05-27,16927.290000
2004-05-28,16929.470000
2004-05-29,16931.650000
2004-05-30,16933.830000
2004-05-31,16936.010000
2004-06-01,16938.190000
2004-06-02,16940.380000
2004-06-03,16942.560000
2004-06-04,16944.740000
2004-06-05,16946.920000
2004-06-06,16949.100000
2004-06-07,16951.290000
2004-06-08,16953.470000
2004-06-09,16955.650000
2004-06-10,16958.470000
2004-06-11,16961.290000
2004-06-12,16964.110000
2004-06-13,16966.930000
2004-06-14,16969.750000
2004-06-15,16972.570000
2004-06-16,16975.390000
2004-06-17,16978.220000
2004-06-18,16981.040000
2004-06-19,16983.860000
2004-06-20,16986.690000
2004-06-21,16989.510000
2004-06-22,16992.340000
2004-06-23,16995.160000
2004-06-24,16997.990000
2004-06-25,17000.810000
2004-06-26,17003.640000
2004-06-27,17006.470000
2004-06-28,17009.290000
2004-06-29,17012.120000
2004-06-30,17014.950000
2004-07-01,17017.780000
2004-07-02,17020.610000
2004-07-03,17023.440000
2004-07-04,17026.270000
2004-07-05,17029.100000
2004-07-06,17031.930000
2004-07-07,17034.760000
2004-07-08,17037.600000
2004-07-09,17040.430000
2004-07-10,17042.620000
2004-07-11,17044.820000
2004-07-12,17047.010000
2004-07-13,17049.210000
2004-07-14,17051.410000
2004-07-15,17053.600000
2004-07-16,17055.800000
2004-07-17,17057.990000
2004-07-18,17060.190000
2004-07-19,17062.390000
2004-07-20,17064.590000
2004-07-21,17066.780000
2004-07-22,17068.980000
2004-07-23,17071.180000
2004-07-24,17073.380000
2004-07-25,17075.580000
2004-07-26,17077.780000
2004-07-27,17079.970000
2004-07-28,17082.170000
2004-07-29,17084.370000
2004-07-30,17086.570000
2004-07-31,17088.770000
2004-08-01,17090.980000
2004-08-02,17093.180000
2004-08-03,17095.380000
2004-08-04,17097.580000
2004-08-05,17099.780000
2004-08-06,17101.980000
2004-08-07,17104.190000
2004-08-08,17106.390000
2004-08-09,17108.590000
2004-08-10,17109.690000
2004-08-11,17110.800000
2004-08-12,17111.900000
2004-08-13,17113.000000
2004-08-14,17114.100000
2004-08-15,17115.210000
2004-08-16,17116.310000
2004-08-17,17117.410000
2004-08-18,17118.520000
2004-08-19,17119.620000
2004-08-20,17120.720000
2004-08-21,17121.830000
2004-08-22,17122.930000
2004-08-23,17124.030000
2004-08-24,17125.140000
2004-08-25,17126.240000
2004-08-26,17127.350000
2004-08-27,17128.450000
2004-08-28,17129.550000
2004-08-29,17130.660000
2004-08-30,17131.760000
2004-08-31,17132.870000
2004-09-01,17133.970000
2004-09-02,17135.070000
2004-09-03,17136.180000
2004-09-04,17137.280000
2004-09-05,17138.390000
2004-09-06,17139.490000
2004-09-07,17140.600000
2004-09-08,17141.700000
2004-09-09,17142.810000
2004-09-10,17145.090000
2004-09-11,17147.370000
2004-09-12,17149.650000
2004-09-13,17151.940000
2004-09-14,17154.220000
2004-09-15,17156.500000
2004-09-16,17158.790000
2004-09-17,17161.070000
2004-09-18,17163.350000
2004-09-19,17165.640000
2004-09-20,17167.920000
2004-09-21,17170.210000
2004-09-22,17172.490000
2004-09-23,17174.780000
2004-09-24,17177.060000
2004-09-25,17179.350000
2004-09-26,17181.630000
2004-09-27,17183.920000
2004-09-28,17186.210000
2004-09-29,17188.490000
2004-09-30,17190.780000
2004-10-01,17193.070000
2004-10-02,17195.360000
2004-10-03,17197.650000
2004-10-04,17199.930000
2004-10-05,17202.220000
2004-10-06,17204.510000
2004-10-07,17206.800000
2004-10-08,17209.090000
2004-10-09,17211.380000
2004-10-10,17211.930000
2004-10-11,17212.490000
2004-10-12,17213.040000
2004-10-13,17213.600000
2004-10-14,17214.150000
2004-10-15,17214.710000
2004-10-16,17215.260000
2004-10-17,17215.820000
2004-10-18,17216.380000
2004-10-19,17216.930000
2004-10-20,17217.490000
2004-10-21,17218.040000
2004-10-22,17218.600000
2004-10-23,17219.150000
2004-10-24,17219.710000
2004-10-25,17220.260000
2004-10-26,17220.820000
2004-10-27,17221.370000
2004-10-28,17221.930000
2004-10-29,17222.480000
2004-10-30,17223.040000
2004-10-31,17223.590000
2004-11-01,17224.150000
2004-11-02,17224.700000
2004-11-03,17225.260000
2004-11-04,17225.810000
2004-11-05,17226.370000
2004-11-06,17226.930000
2004-11-07,17227.480000
2004-11-08,17228.040000
2004-11-09,17228.590000
2004-11-10,17230.310000
2004-11-11,17232.030000
2004-11-12,17233.750000
2004-11-13,17235.470000
2004-11-14,17237.190000
2004-11-15,17238.910000
2004-11-16,17240.640000
2004-11-17,17242.360000
2004-11-18,17244.080000
2004-11-19,17245.800000
2004-11-20,17247.520000
2004-11-21,17249.250000
2004-11-22,17250.970000
2004-11-23,17252.690000
2004-11-24,17254.410000
2004-11-25,17256.140000
2004-11-26,17257.860000
2004-11-27,17259.580000
2004-11-28,17261.310000
2004-11-29,17263.030000
2004-11-30,17264.750000
2004-12-01,17266.480000
2004-12-02,17268.200000
2004-12-03,17269.930000
2004-12-04,17271.650000
2004-12-05,17273.380000
2004-12-06,17275.100000
2004-12-07,17276.830000
2004-12-08,17278.550000
2004-12-09,17280.280000
2004-12-10,17281.950000
2004-12-11,17283.620000
2004-12-12,17285.290000
2004-12-13,17286.960000
2004-12-14,17288.630000
2004-12-15,17290.300000
2004-12-16,17291.970000
2004-12-17,17293.640000
2004-12-18,17295.310000
2004-12-19,17296.990000
2004-12-20,17298.660000
2004-12-21,17300.330000
2004-12-22,17302.000000
2004-12-23,17303.670000
2004-12-24,17305.340000
2004-12-25,17307.020000
2004-12-26,17308.690000
2004-12-27,17310.360000
2004-12-28,17312.030000
2004-12-29,17313.710000
2004-12-30,17315.380000
2004-12-31,17317.050000
2005-01-01,17318.730000
2005-01-02,17320.400000
2005-01-03,17322.080000
2005-01-04,17323.750000
2005-01-05,17325.420000
2005-01-06,17327.100000
2005-01-07,17328.770000
2005-01-08,17330.450000
2005-01-09,17332.120000
2005-01-10,17329.880000
2005-01-11,17327.640000
2005-01-12,17325.400000
2005-01-13,17323.160000
2005-01-14,17320.920000
2005-01-15,17318.680000
2005-01-16,17316.440000
2005-01-17,17314.200000
2005-01-18,17311.960000
2005-01-19,17309.730000
2005-01-20,17307.490000
2005-01-21,17305.250000
2005-01-22,17303.010000
2005-01-23,17300.780000
2005-01-24,17298.540000
2005-01-25,17296.300000
2005-01-26,17294.070000
2005-01-27,17291.830000
2005-01-28,17289.600000
2005-01-29,17287.360000
2005-01-30,17285.130000
2005-01-31,17282.890000
2005-02-01,17280.660000
2005-02-02,17278.420000
2005-02-03,17276.190000
2005-02-04,17273.950000
2005-02-05,17271.720000
2005-02-06,17269.490000
2005-02-07,17267.260000
2005-02-08,17265.020000
2005-02-09,17262.790000
2005-02-10,17260.940000
2005-02-11,17259.090000
2005-02-12,17257.230000
2005-02-13,17255.380000
2005-02-14,17253.530000
2005-02-15,17251.680000
2005-02-16,17249.830000
2005-02-17,17247.980000
2005-02-18,17246.130000
2005-02-19,17244.280000
2005-02-20,17242.430000
2005-02-21,17240.580000
2005-02-22,17238.730000
2005-02-23,17236.880000
2005-02-24,17235.030000
2005-02-25,17233.180000
2005-02-26,17231.330000
2005-02-27,17229.480000
2005-02-28,17227.630000
2005-03-01,17225.780000
2005-03-02,17223.930000
2005-03-03,17222.090000
2005-03-04,17220.240000
2005-03-05,17218.390000
2005-03-06,17216.540000
2005-03-07,17214.700000
2005-03-08,17212.850000
2005-03-09,17211.000000
2005-03-10,17210.440000
2005-03-11,17209.890000
2005-03-12,17209.330000
2005-03-13,17208.780000
2005-03-14,17208.220000
2005-03-15,17207.670000
2005-03-16,17207.110000
2005-03-17,17206.560000
2005-03-18,17206.000000
2005-03-19,17205.450000
2005-03-20,17204.890000
2005-03-21,17204.340000
2005-03-22,17203.780000
2005-03-23,17203.230000
2005-03-24,17202.670000
2005-03-25,17202.110000
2005-03-26,17201.560000
2005-03-27,17201.000000
2005-03-28,17200.450000
2005-03-29,17199.890000
2005-03-30,17199.340000
2005-03-31,17198.780000
2005-04-01,17198.230000
2005-04-02,17197.670000
2005-04-03,17197.120000
2005-04-04,17196.560000
2005-04-05,17196.010000
2005-04-06,17195.450000
2005-04-07,17194.900000
2005-04-08,17194.340000
2005-04-09,17193.790000
2005-04-10,17197.220000
2005-04-11,17200.650000
2005-04-12,17204.080000
2005-04-13,17207.510000
2005-04-14,17210.940000
2005-04-15,17214.370000
2005-04-16,17217.810000
2005-04-17,17221.240000
2005-04-18,17224.670000
2005-04-19,17228.110000
2005-04-20,17231.540000
2005-04-21,17234.980000
2005-04-22,17238.420000
2005-04-23,17241.860000
2005-04-24,17245.290000
2005-04-25,17248.730000
2005-04-26,17252.170000
2005-04-27,17255.610000
2005-04-28,17259.050000
2005-04-29,17262.500000
2005-04-30,17265.940000
2005-05-01,17269.380000
2005-05-02,17272.830000
2005-05-03,17276.270000
2005-05-04,17279.720000
2005-05-05,17283.160000
2005-05-06,17286.610000
2005-05-07,17290.060000
2005-05-08,17293.500000
2005-05-09,17296.950000
2005-05-10,17301.950000
2005-05-11,17306.950000
2005-05-12,17311.950000
2005-05-13,17316.960000
2005-05-14,17321.960000
2005-05-15,17326.970000
2005-05-16,17331.980000
2005-05-17,17336.990000
2005-05-18,17342.000000
2005-05-19,17347.010000
2005-05-20,17352.030000
2005-05-21,17357.040000
2005-05-22,17362.060000
2005-05-23,17367.080000
2005-05-24,17372.100000
2005-05-25,17377.120000
2005-05-26,17382.150000
2005-05-27,17387.170000
2005-05-28,17392.200000
2005-05-29,17397.220000
2005-05-30,17402.250000
2005-05-31,17407.280000
2005-06-01,17412.320000
2005-06-02,17417.350000
2005-06-03,17422.380000
2005-06-04,17427.420000
2005-06-05,17432.460000
2005-06-06,17437.500000
2005-06-07,17442.540000
2005-06-08,17447.580000
2005-06-09,17452.620000
2005-06-10,17454.360000
2005-06-11,17456.110000
2005-06-12,17457.850000
2005-06-13,17459.590000
2005-06-14,17461.340000
2005-06-15,17463.080000
2005-06-16,17464.820000
2005-06-17,17466.570000
2005-06-18,17468.310000
2005-06-19,17470.060000
2005-06-20,17471.800000
2005-06-21,17473.540000
2005-06-22,17475.290000
2005-06-23,17477.030000
2005-06-24,17478.780000
2005-06-25,17480.520000
2005-06-26,17482.270000
2005-06-27,17484.020000
2005-06-28,17485.760000
2005-06-29,17487.510000
2005-06-30,17489.250000
2005-07-01,17491.000000
2005-07-02,17492.750000
2005-07-03,17494.490000
2005-07-04,17496.240000
2005-07-05,17497.990000
2005-07-06,17499.740000
2005-07-07,17501.480000
2005-07-08,17503.230000
2005-07-09,17504.980000
2005-07-10,17507.230000
2005-07-11,17509.490000
2005-07-12,17511.740000
2005-07-13,17514.000000
2005-07-14,17516.250000
2005-07-15,17518.510000
2005-07-16,17520.770000
2005-07-17,17523.020000
2005-07-18,17525.280000
2005-07-19,17527.540000
2005-07-20,17529.790000
2005-07-21,17532.050000
2005-07-22,17534.310000
2005-07-23,17536.570000
2005-07-24,17538.830000
2005-07-25,17541.080000
2005-07-26,17543.340000
2005-07-27,17545.600000
2005-07-28,17547.860000
2005-07-29,17550.120000
2005-07-30,17552.380000
2005-07-31,17554.640000
2005-08-01,17556.900000
2005-08-02,17559.160000
2005-08-03,17561.430000
2005-08-04,17563.690000
2005-08-05,17565.950000
2005-08-06,17568.210000
2005-08-07,17570.470000
2005-08-08,17572.740000
2005-08-09,17575.000000
2005-08-10,17578.390000
2005-08-11,17581.780000
2005-08-12,17585.180000
2005-08-13,17588.570000
2005-08-14,17591.970000
2005-08-15,17595.360000
2005-08-16,17598.760000
2005-08-17,17602.150000
2005-08-18,17605.550000
2005-08-19,17608.950000
2005-08-20,17612.350000
2005-08-21,17615.740000
2005-08-22,17619.140000
2005-08-23,17622.540000
2005-08-24,17625.950000
2005-08-25,17629.350000
2005-08-26,17632.750000
2005-08-27,17636.150000
2005-08-28,17639.560000
2005-08-29,17642.960000
2005-08-30,17646.360000
2005-08-31,17649.770000
2005-09-01,17653.180000
2005-09-02,17656.580000
2005-09-03,17659.990000
2005-09-04,17663.400000
2005-09-05,17666.810000
2005-09-06,17670.220000
2005-09-07,17673.630000
2005-09-08,17677.040000
2005-09-09,17680.450000
2005-09-10,17682.220000
2005-09-11,17683.980000
2005-09-12,17685.750000
2005-09-13,17687.510000
2005-09-14,17689.280000
2005-09-15,17691.050000
2005-09-16,17692.810000
2005-09-17,17694.580000
2005-09-18,17696.350000
2005-09-19,17698.110000
2005-09-20,17699.880000
2005-09-21,17701.650000
2005-09-22,17703.420000
2005-09-23,17705.180000
2005-09-24,17706.950000
2005-09-25,17708.720000
2005-09-26,17710.490000
2005-09-27,17712.260000
2005-09-28,17714.020000
2005-09-29,17715.790000
2005-09-30,17717.560000
2005-10-01,17719.330000
2005-10-02,17721.100000
2005-10-03,17722.870000
2005-10-04,17724.640000
2005-10-05,17726.410000
2005-10-06,17728.180000
2005-10-07,17729.950000
2005-10-08,17731.720000
2005-10-09,17733.490000
2005-10-10,17739.180000
2005-10-11,17744.880000
2005-10-12,17750.570000
2005-10-13,17756.270000
2005-10-14,17761.970000
2005-10-15,17767.680000
2005-10-16,17773.380000
2005-10-17,17779.090000
2005-10-18,17784.790000
2005-10-19,17790.500000
2005-10-20,17796.210000
2005-10-21,17801.930000
2005-10-22,17807.640000
2005-10-23,17813.360000
2005-10-24,17819.080000
2005-10-25,17824.800000
2005-10-26,17830.520000
2005-10-27,17836.240000
2005-10-28,17841.970000
2005-10-29,17847.700000
2005-10-30,17853.430000
2005-10-31,17859.160000
2005-11-01,17864.890000
2005-11-02,17870.630000
2005-11-03,17876.360000
2005-11-04,17882.100000
2005-11-05,17887.840000
2005-11-06,17893.590000
2005-11-07,17899.330000
2005-11-08,17905.080000
2005-11-09,17910.820000
2005-11-10,17913.800000
2005-11-11,17916.780000
2005-11-12,17919.760000
2005-11-13,17922.730000
2005-11-14,17925.710000
2005-11-15,17928.700000
2005-11-16,17931.680000
2005-11-17,17934.660000
2005-11-18,17937.640000
2005-11-19,17940.620000
2005-11-20,17943.600000
2005-11-21,17946.590000
2005-11-22,17949.570000
2005-11-23,17952.560000
2005-11-24,17955.540000
2005-11-25,17958.530000
2005-11-26,17961.510000
2005-11-27,17964.500000
2005-11-28,17967.490000
2005-11-29,17970.470000
2005-11-30,17973.460000
2005-12-01,17976.450000
2005-12-02,17979.440000
2005-12-03,17982.430000
2005-12-04,17985.420000
2005-12-05,17988.410000
2005-12-06,17991.400000
2005-12-07,17994.390000
2005-12-08,17997.380000
2005-12-09,18000.370000
2005-12-10,17999.210000
2005-12-11,17998.050000
2005-12-12,17996.880000
2005-12-13,17995.720000
2005-12-14,17994.560000
2005-12-15,17993.400000
2005-12-16,17992.230000
2005-12-17,17991.070000
2005-12-18,17989.910000
2005-12-19,17988.750000
2005-12-20,17987.590000
2005-12-21,17986.430000
2005-12-22,17985.260000
2005-12-23,17984.100000
2005-12-24,17982.940000
2005-12-25,17981.780000
2005-12-26,17980.620000
2005-12-27,17979.460000
2005-12-28,17978.300000
2005-12-29,17977.140000
2005-12-30,17975.970000
2005-12-31,17974.810000
2006-01-01,17973.650000
2006-01-02,17972.490000
2006-01-03,17971.330000
2006-01-04,17970.170000
2006-01-05,17969.010000
2006-01-06,17967.850000
2006-01-07,17966.690000
2006-01-08,17965.530000
2006-01-09,17964.370000
2006-01-10,17962.630000
2006-01-11,17960.890000
2006-01-12,17959.150000
2006-01-13,17957.410000
2006-01-14,17955.670000
2006-01-15,17953.930000
2006-01-16,17952.190000
2006-01-17,17950.450000
2006-01-18,17948.710000
2006-01-19,17946.970000
2006-01-20,17945.230000
2006-01-21,17943.490000
2006-01-22,17941.750000
2006-01-23,17940.010000
2006-01-24,17938.270000
2006-01-25,17936.530000
2006-01-26,17934.800000
2006-01-27,17933.060000
2006-01-28,17931.320000
2006-01-29,17929.580000
2006-01-30,17927.840000
2006-01-31,17926.110000
2006-02-01,17924.370000
2006-02-02,17922.630000
2006-02-03,17920.900000
2006-02-04,17919.160000
2006-02-05,17917.420000
2006-02-06,17915.690000
2006-02-07,17913.950000
2006-02-08,17912.210000
2006-02-09,17910.480000
2006-02-10,17911.120000
2006-02-11,17911.760000
2006-02-12,17912.400000
2006-02-13,17913.040000
2006-02-14,17913.680000
2006-02-15,17914.320000
2006-02-16,17914.960000
2006-02-17,17915.600000
2006-02-18,17916.230000
2006-02-19,17916.870000
2006-02-20,17917.510000
2006-02-21,17918.150000
2006-02-22,17918.790000
2006-02-23,17919.430000
2006-02-24,17920.070000
2006-02-25,17920.710000
2006-02-26,17921.350000
2006-02-27,17921.990000
2006-02-28,17922.630000
2006-03-01,17923.270000
2006-03-02,17923.910000
2006-03-03,17924.550000
2006-03-04,17925.190000
2006-03-05,17925.830000
2006-03-06,17926.470000
2006-03-07,17927.110000
2006-03-08,17927.750000
2006-03-09,17928.390000
2006-03-10,17927.810000
2006-03-11,17927.230000
2006-03-12,17926.650000
2006-03-13,17926.080000
2006-03-14,17925.500000
2006-03-15,17924.920000
2006-03-16,17924.340000
2006-03-17,17923.760000
2006-03-18,17923.180000
2006-03-19,17922.600000
2006-03-20,17922.030000
2006-03-21,17921.450000
2006-03-22,17920.870000
2006-03-23,17920.290000
2006-03-24,17919.710000
2006-03-25,17919.130000
2006-03-26,17918.560000
2006-03-27,17917.980000
2006-03-28,17917.400000
2006-03-29,17916.820000
2006-03-30,17916.240000
2006-03-31,17915.660000
2006-04-01,17915.090000
2006-04-02,17914.510000
2006-04-03,17913.930000
2006-04-04,17913.350000
2006-04-05,17912.770000
2006-04-06,17912.200000
2006-04-07,17911.620000
2006-04-08,17911.040000
2006-04-09,17910.460000
2006-04-10,17914.030000
2006-04-11,17917.600000
2006-04-12,17921.180000
2006-04-13,17924.750000
2006-04-14,17928.330000
2006-04-15,17931.900000
2006-04-16,17935.480000
2006-04-17,17939.050000
2006-04-18,17942.630000
2006-04-19,17946.210000
2006-04-20,17949.790000
2006-04-21,17953.370000
2006-04-22,17956.950000
2006-04-23,17960.530000
2006-04-24,17964.110000
2006-04-25,17967.690000
2006-04-26,17971.280000
2006-04-27,17974.860000
2006-04-28,17978.450000
2006-04-29,17982.030000
2006-04-30,17985.620000
2006-05-01,17989.200000
2006-05-02,17992.790000
2006-05-03,17996.380000
2006-05-04,17999.970000
2006-05-05,18003.560000
2006-05-06,18007.150000
2006-05-07,18010.740000
2006-05-08,18014.330000
2006-05-09,18017.920000
2006-05-10,18021.400000
2006-05-11,18024.880000
2006-05-12,18028.350000
2006-05-13,18031.830000
2006-05-14,18035.310000
2006-05-15,18038.790000
2006-05-16,18042.270000
2006-05-17,18045.760000
2006-05-18,18049.240000
2006-05-19,18052.720000
2006-05-20,18056.210000
2006-05-21,18059.690000
2006-05-22,18063.180000
2006-05-23,18066.660000
2006-05-24,18070.150000
2006-05-25,18073.640000
2006-05-26,18077.120000
2006-05-27,18080.610000
2006-05-28,18084.100000
2006-05-29,18087.590000
2006-05-30,18091.080000
2006-05-31,18094.570000
2006-06-01,18098.070000
2006-06-02,18101.560000
2006-06-03,18105.050000
2006-06-04,18108.550000
2006-06-05,18112.040000
2006-06-06,18115.540000
2006-06-07,18119.030000
2006-06-08,18122.530000
2006-06-09,18126.030000
2006-06-10,18127.240000
2006-06-11,18128.440000
2006-06-12,18129.650000
2006-06-13,18130.860000
2006-06-14,18132.070000
2006-06-15,18133.270000
2006-06-16,18134.480000
2006-06-17,18135.690000
2006-06-18,18136.900000
2006-06-19,18138.110000
2006-06-20,18139.310000
2006-06-21,18140.520000
2006-06-22,18141.730000
2006-06-23,18142.940000
2006-06-24,18144.150000
2006-06-25,18145.360000
2006-06-26,18146.560000
2006-06-27,18147.770000
2006-06-28,18148.980000
2006-06-29,18150.190000
2006-06-30,18151.400000
2006-07-01,18152.610000
2006-07-02,18153.820000
2006-07-03,18155.030000
2006-07-04,18156.240000
2006-07-05,18157.440000
2006-07-06,18158.650000
2006-07-07,18159.860000
2006-07-08,18161.070000
2006-07-09,18162.280000
2006-07-10,18165.790000
2006-07-11,18169.290000
2006-07-12,18172.800000
2006-07-13,18176.300000
2006-07-14,18179.810000
2006-07-15,18183.320000
2006-07-16,18186.830000
2006-07-17,18190.340000
2006-07-18,18193.850000
2006-07-19,18197.360000
2006-07-20,18200.870000
2006-07-21,18204.390000
2006-07-22,18207.900000
2006-07-23,18211.410000
2006-07-24,18214.930000
2006-07-25,18218.440000
2006-07-26,18221.960000
2006-07-27,18225.480000
2006-07-28,18228.990000
2006-07-29,18232.510000
2006-07-30,18236.030000
2006-07-31,18239.550000
2006-08-01,18243.070000
2006-08-02,18246.590000
2006-08-03,18250.110000
2006-08-04,18253.630000
2006-08-05,18257.160000
2006-08-06,18260.680000
2006-08-07,18264.200000
2006-08-08,18267.730000
2006-08-09,18271.250000
2006-08-10,18274.190000
2006-08-11,18277.130000
2006-08-12,18280.070000
2006-08-13,18283.010000
2006-08-14,18285.950000
2006-08-15,18288.900000
2006-08-16,18291.840000
2006-08-17,18294.780000
2006-08-18,18297.730000
2006-08-19,18300.670000
2006-08-20,18303.610000
2006-08-21,18306.560000
2006-08-22,18309.510000
2006-08-23,18312.450000
2006-08-24,18315.400000
2006-08-25,18318.340000
2006-08-26,18321.290000
2006-08-27,18324.240000
2006-08-28,18327.190000
2006-08-29,18330.140000
2006-08-30,18333.090000
2006-08-31,18336.040000
2006-09-01,18338.990000
2006-09-02,18341.940000
2006-09-03,18344.890000
2006-09-04,18347.840000
2006-09-05,18350.790000
2006-09-06,18353.750000
2006-09-07,18356.700000
2006-09-08,18359.650000
2006-09-09,18362.610000
2006-09-10,18364.440000
2006-09-11,18366.280000
2006-09-12,18368.110000
2006-09-13,18369.950000
2006-09-14,18371.780000
2006-09-15,18373.610000
2006-09-16,18375.450000
2006-09-17,18377.280000
2006-09-18,18379.120000
2006-09-19,18380.950000
2006-09-20,18382.790000
2006-09-21,18384.630000
2006-09-22,18386.460000
2006-09-23,18388.300000
2006-09-24,18390.130000
2006-09-25,18391.970000
2006-09-26,18393.810000
2006-09-27,18395.640000
2006-09-28,18397.480000
2006-09-29,18399.320000
2006-09-30,18401.150000
2006-10-01,18402.990000
2006-10-02,18404.830000
2006-10-03,18406.670000
2006-10-04,18408.510000
2006-10-05,18410.340000
2006-10-06,18412.180000
2006-10-07,18414.020000
2006-10-08,18415.860000
2006-10-09,18417.700000
2006-10-10,18417.700000
2006-10-11,18417.700000
2006-10-12,18417.700000
2006-10-13,18417.700000
2006-10-14,18417.700000
2006-10-15,18417.700000
2006-10-16,18417.700000
2006-10-17,18417.700000
2006-10-18,18417.700000
2006-10-19,18417.700000
2006-10-20,18417.700000
2006-10-21,18417.700000
2006-10-22,18417.700000
2006-10-23,18417.700000
2006-10-24,18417.700000
2006-10-25,18417.700000
2006-10-26,18417.700000
2006-10-27,18417.700000
2006-10-28,18417.700000
2006-10-29,18417.700000
2006-10-30,18417.700000
2006-10-31,18417.700000
2006-11-01,18417.700000
2006-11-02,18417.700000
2006-11-03,18417.700000
2006-11-04,18417.700000
2006-11-05,18417.700000
2006-11-06,18417.700000
2006-11-07,18417.700000
2006-11-08,18417.700000
2006-11-09,18417.700000
2006-11-10,18415.860000
2006-11-11,18414.010000
2006-11-12,18412.170000
2006-11-13,18410.320000
2006-11-14,18408.480000
2006-11-15,18406.640000
2006-11-16,18404.790000
2006-11-17,18402.950000
2006-11-18,18401.110000
2006-11-19,18399.260000
2006-11-20,18397.420000
2006-11-21,18395.580000
2006-11-22,18393.740000
2006-11-23,18391.890000
2006-11-24,18390.050000
2006-11-25,18388.210000
2006-11-26,18386.370000
2006-11-27,18384.530000
2006-11-28,18382.690000
2006-11-29,18380.850000
2006-11-30,18379.010000
2006-12-01,18377.160000
2006-12-02,18375.320000
2006-12-03,18373.480000
2006-12-04,18371.640000
2006-12-05,18369.800000
2006-12-06,18367.960000
2006-12-07,18366.130000
2006-12-08,18364.290000
2006-12-09,18362.450000
2006-12-10,18361.260000
2006-12-11,18360.080000
2006-12-12,18358.890000
2006-12-13,18357.710000
2006-12-14,18356.520000
2006-12-15,18355.340000
2006-12-16,18354.150000
2006-12-17,18352.970000
2006-12-18,18351.780000
2006-12-19,18350.600000
2006-12-20,18349.410000
2006-12-21,18348.230000
2006-12-22,18347.040000
2006-12-23,18345.860000
2006-12-24,18344.670000
2006-12-25,18343.490000
2006-12-26,18342.300000
2006-12-27,18341.120000
2006-12-28,18339.930000
2006-12-29,18338.750000
2006-12-30,18337.560000
2006-12-31,18336.380000
2007-01-01,18335.200000
2007-01-02,18334.010000
2007-01-03,18332.830000
2007-01-04,18331.640000
2007-01-05,18330.460000
2007-01-06,18329.280000
2007-01-07,18328.090000
2007-01-08,18326.910000
2007-01-09,18325.730000
2007-01-10,18326.320000
2007-01-11,18326.910000
2007-01-12,18327.500000
2007-01-13,18328.090000
2007-01-14,18328.680000
2007-01-15,18329.280000
2007-01-16,18329.870000
2007-01-17,18330.460000
2007-01-18,18331.050000
2007-01-19,18331.640000
2007-01-20,18332.230000
2007-01-21,18332.820000
2007-01-22,18333.410000
2007-01-23,18334.000000
2007-01-24,18334.600000
2007-01-25,18335.190000
2007-01-26,18335.780000
2007-01-27,18336.370000
2007-01-28,18336.960000
2007-01-29,18337.550000
2007-01-30,18338.140000
2007-01-31,18338.730000
2007-02-01,18339.320000
2007-02-02,18339.920000
2007-02-03,18340.510000
2007-02-04,18341.100000
2007-02-05,18341.690000
2007-02-06,18342.280000
2007-02-07,18342.870000
2007-02-08,18343.460000
2007-02-09,18344.060000
2007-02-10,18346.020000
2007-02-11,18347.990000
2007-02-12,18349.950000
2007-02-13,18351.910000
2007-02-14,18353.880000
2007-02-15,18355.840000
2007-02-16,18357.800000
2007-02-17,18359.770000
2007-02-18,18361.730000
2007-02-19,18363.700000
2007-02-20,18365.660000
2007-02-21,18367.630000
2007-02-22,18369.590000
2007-02-23,18371.560000
2007-02-24,18373.520000
2007-02-25,18375.490000
2007-02-26,18377.450000
2007-02-27,18379.420000
2007-02-28,18381.390000
2007-03-01,18383.350000
2007-03-02,18385.320000
2007-03-03,18387.290000
2007-03-04,18389.250000
2007-03-05,18391.220000
2007-03-06,18393.190000
2007-03-07,18395.160000
2007-03-08,18397.120000
2007-03-09,18399.090000
2007-03-10,18397.900000
2007-03-11,18396.710000
2007-03-12,18395.530000
2007-03-13,18394.340000
2007-03-14,18393.150000
2007-03-15,18391.960000
2007-03-16,18390.770000
2007-03-17,18389.590000
2007-03-18,18388.400000
2007-03-19,18387.210000
2007-03-20,18386.020000
2007-03-21,18384.840000
2007-03-22,18383.650000
2007-03-23,18382.460000
2007-03-24,18381.280000
2007-03-25,18380.090000
2007-03-26,18378.900000
2007-03-27,18377.710000
2007-03-28,18376.530000
2007-03-29,18375.340000
2007-03-30,18374.150000
2007-03-31,18372.970000
2007-04-01,18371.780000
2007-04-02,18370.590000
2007-04-03,18369.410000
2007-04-04,18368.220000
2007-04-05,18367.040000
2007-04-06,18365.850000
2007-04-07,18364.660000
2007-04-08,18363.480000
2007-04-09,18362.290000
2007-04-10,18364.730000
2007-04-11,18367.180000
2007-04-12,18369.620000
2007-04-13,18372.070000
2007-04-14,18374.510000
2007-04-15,18376.960000
2007-04-16,18379.400000
2007-04-17,18381.850000
2007-04-18,18384.290000
2007-04-19,18386.740000
2007-04-20,18389.190000
2007-04-21,18391.630000
2007-04-22,18394.080000
2007-04-23,18396.530000
2007-04-24,18398.980000
2007-04-25,18401.430000
2007-04-26,18403.880000
2007-04-27,18406.320000
2007-04-28,18408.770000
2007-04-29,18411.220000
2007-04-30,18413.670000
2007-05-01,18416.120000
2007-05-02,18418.570000
2007-05-03,18421.030000
2007-05-04,18423.480000
2007-05-05,18425.930000
2007-05-06,18428.380000
2007-05-07,18430.830000
2007-05-08,18433.290000
2007-05-09,18435.740000
2007-05-10,18439.300000
2007-05-11,18442.860000
2007-05-12,18446.420000
2007-05-13,18449.980000
2007-05-14,18453.540000
2007-05-15,18457.100000
2007-05-16,18460.660000
2007-05-17,18464.220000
2007-05-18,18467.790000
2007-05-19,18471.350000
2007-05-20,18474.910000
2007-05-21,18478.480000
2007-05-22,18482.050000
2007-05-23,18485.610000
2007-05-24,18489.180000
2007-05-25,18492.750000
2007-05-26,18496.320000
2007-05-27,18499.890000
2007-05-28,18503.460000
2007-05-29,18507.030000
2007-05-30,18510.600000
2007-05-31,18514.170000
2007-06-01,18517.750000
2007-06-02,18521.320000
2007-06-03,18524.890000
2007-06-04,18528.470000
2007-06-05,18532.040000
2007-06-06,18535.620000
2007-06-07,18539.200000
2007-06-08,18542.780000
2007-06-09,18546.350000
2007-06-10,18550.050000
2007-06-11,18553.750000
2007-06-12,18557.450000
2007-06-13,18561.150000
2007-06-14,18564.850000
2007-06-15,18568.550000
2007-06-16,18572.260000
2007-06-17,18575.960000
2007-06-18,18579.660000
2007-06-19,18583.370000
2007-06-20,18587.070000
2007-06-21,18590.780000
2007-06-22,18594.490000
2007-06-23,18598.200000
2007-06-24,18601.910000
2007-06-25,18605.620000
2007-06-26,18609.330000
2007-06-27,18613.040000
2007-06-28,18616.750000
2007-06-29,18620.460000
2007-06-30,18624.170000
2007-07-01,18627.890000
2007-07-02,18631.600000
2007-07-03,18635.320000
2007-07-04,18639.040000
2007-07-05,18642.750000
2007-07-06,18646.470000
2007-07-07,18650.190000
2007-07-08,18653.910000
2007-07-09,18657.630000
2007-07-10,18663.020000
2007-07-11,18668.420000
2007-07-12,18673.810000
2007-07-13,18679.210000
2007-07-14,18684.610000
2007-07-15,18690.010000
2007-07-16,18695.420000
2007-07-17,18700.820000
2007-07-18,18706.230000
2007-07-19,18711.630000
2007-07-20,18717.040000
2007-07-21,18722.450000
2007-07-22,18727.860000
2007-07-23,18733.280000
2007-07-24,18738.690000
2007-07-25,18744.110000
2007-07-26,18749.530000
2007-07-27,18754.950000
2007-07-28,18760.370000
2007-07-29,18765.790000
2007-07-30,18771.220000
2007-07-31,18776.640000
2007-08-01,18782.070000
2007-08-02,18787.500000
2007-08-03,18792.930000
2007-08-04,18798.360000
2007-08-05,18803.800000
2007-08-06,18809.230000
2007-08-07,18814.670000
2007-08-08,18820.110000
2007-08-09,18825.550000
2007-08-10,18832.190000
2007-08-11,18838.840000
2007-08-12,18845.490000
2007-08-13,18852.140000
2007-08-14,18858.800000
2007-08-15,18865.450000
2007-08-16,18872.110000
2007-08-17,18878.770000
2007-08-18,18885.440000
2007-08-19,18892.100000
2007-08-20,18898.770000
2007-08-21,18905.440000
2007-08-22,18912.110000
2007-08-23,18918.790000
2007-08-24,18925.470000
2007-08-25,18932.150000
2007-08-26,18938.830000
2007-08-27,18945.510000
2007-08-28,18952.200000
2007-08-29,18958.890000
2007-08-30,18965.580000
2007-08-31,18972.280000
2007-09-01,18978.970000
2007-09-02,18985.670000
2007-09-03,18992.370000
2007-09-04,18999.080000
2007-09-05,19005.780000
2007-09-06,19012.490000
2007-09-07,19019.200000
2007-09-08,19025.920000
2007-09-09,19032.630000
2007-09-10,19039.570000
2007-09-11,19046.520000
2007-09-12,19053.460000
2007-09-13,19060.410000
2007-09-14,19067.360000
2007-09-15,19074.320000
2007-09-16,19081.280000
2007-09-17,19088.240000
2007-09-18,19095.200000
2007-09-19,19102.160000
2007-09-20,19109.130000
2007-09-21,19116.100000
2007-09-22,19123.070000
2007-09-23,19130.050000
2007-09-24,19137.020000
2007-09-25,19144.000000
2007-09-26,19150.990000
2007-09-27,19157.970000
2007-09-28,19164.960000
2007-09-29,19171.950000
2007-09-30,19178.940000
2007-10-01,19185.940000
2007-10-02,19192.930000
2007-10-03,19199.930000
2007-10-04,19206.940000
2007-10-05,19213.940000
2007-10-06,19220.950000
2007-10-07,19227.960000
2007-10-08,19234.970000
2007-10-09,19241.990000
2007-10-10,19248.780000
2007-10-11,19255.580000
2007-10-12,19262.370000
2007-10-13,19269.170000
2007-10-14,19275.970000
2007-10-15,19282.780000
2007-10-16,19289.580000
2007-10-17,19296.390000
2007-10-18,19303.200000
2007-10-19,19310.020000
2007-10-20,19316.830000
2007-10-21,19323.650000
2007-10-22,19330.470000
2007-10-23,19337.290000
2007-10-24,19344.120000
2007-10-25,19350.950000
2007-10-26,19357.780000
2007-10-27,19364.610000
2007-10-28,19371.440000
2007-10-29,19378.280000
2007-10-30,19385.120000
2007-10-31,19391.960000
2007-11-01,19398.810000
2007-11-02,19405.650000
2007-11-03,19412.500000
2007-11-04,19419.360000
2007-11-05,19426.210000
2007-11-06,19433.070000
2007-11-07,19439.930000
2007-11-08,19446.790000
2007-11-09,19453.650000
2007-11-10,19455.590000
2007-11-11,19457.540000
2007-11-12,19459.480000
2007-11-13,19461.420000
2007-11-14,19463.360000
2007-11-15,19465.310000
2007-11-16,19467.250000
2007-11-17,19469.200000
2007-11-18,19471.140000
2007-11-19,19473.080000
2007-11-20,19475.030000
2007-11-21,19476.970000
2007-11-22,19478.920000
2007-11-23,19480.860000
2007-11-24,19482.810000
2007-11-25,19484.750000
2007-11-26,19486.700000
2007-11-27,19488.650000
2007-11-28,19490.590000
2007-11-29,19492.540000
2007-11-30,19494.480000
2007-12-01,19496.430000
2007-12-02,19498.380000
2007-12-03,19500.320000
2007-12-04,19502.270000
2007-12-05,19504.220000
2007-12-06,19506.170000
2007-12-07,19508.110000
2007-12-08,19510.060000
2007-12-09,19512.010000
2007-12-10,19517.030000
2007-12-11,19522.040000
2007-12-12,19527.060000
2007-12-13,19532.080000
2007-12-14,19537.100000
2007-12-15,19542.130000
2007-12-16,19547.150000
2007-12-17,19552.170000
2007-12-18,19557.200000
2007-12-19,19562.230000
2007-12-20,19567.260000
2007-12-21,19572.290000
2007-12-22,19577.320000
2007-12-23,19582.350000
2007-12-24,19587.390000
2007-12-25,19592.420000
2007-12-26,19597.460000
2007-12-27,19602.490000
2007-12-28,19607.530000
2007-12-29,19612.570000
2007-12-30,19617.620000
2007-12-31,19622.660000
2008-01-01,19627.700000
2008-01-02,19632.750000
2008-01-03,19637.800000
2008-01-04,19642.850000
2008-01-05,19647.890000
2008-01-06,19652.950000
2008-01-07,19658.000000
2008-01-08,19663.050000
2008-01-09,19668.110000
2008-01-10,19671.270000
2008-01-11,19674.440000
2008-01-12,19677.610000
2008-01-13,19680.770000
2008-01-14,19683.940000
2008-01-15,19687.110000
2008-01-16,19690.270000
2008-01-17,19693.440000
2008-01-18,19696.610000
2008-01-19,19699.780000
2008-01-20,19702.950000
2008-01-21,19706.120000
2008-01-22,19709.290000
2008-01-23,19712.460000
2008-01-24,19715.630000
2008-01-25,19718.810000
2008-01-26,19721.980000
2008-01-27,19725.150000
2008-01-28,19728.330000
2008-01-29,19731.500000
2008-01-30,19734.670000
2008-01-31,19737.850000
2008-02-01,19741.030000
2008-02-02,19744.200000
2008-02-03,19747.380000
2008-02-04,19750.560000
2008-02-05,19753.730000
2008-02-06,19756.910000
2008-02-07,19760.090000
2008-02-08,19763.270000
2008-02-09,19766.450000
2008-02-10,19766.450000
2008-02-11,19766.450000
2008-02-12,19766.450000
2008-02-13,19766.450000
2008-02-14,19766.450000
2008-02-15,19766.450000
2008-02-16,19766.450000
2008-02-17,19766.450000
2008-02-18,19766.450000
2008-02-19,19766.450000
2008-02-20,19766.450000
2008-02-21,19766.450000
2008-02-22,19766.450000
2008-02-23,19766.450000
2008-02-24,19766.450000
2008-02-25,19766.450000
2008-02-26,19766.450000
2008-02-27,19766.450000
2008-02-28,19766.450000
2008-02-29,19766.450000
2008-03-01,19766.450000
2008-03-02,19766.450000
2008-03-03,19766.450000
2008-03-04,19766.450000
2008-03-05,19766.450000
2008-03-06,19766.450000
2008-03-07,19766.450000
2008-03-08,19766.450000
2008-03-09,19766.450000
2008-03-10,19769.000000
2008-03-11,19771.540000
2008-03-12,19774.090000
2008-03-13,19776.630000
2008-03-14,19779.180000
2008-03-15,19781.730000
2008-03-16,19784.280000
2008-03-17,19786.820000
2008-03-18,19789.370000
2008-03-19,19791.920000
2008-03-20,19794.470000
2008-03-21,19797.020000
2008-03-22,19799.570000
2008-03-23,19802.120000
2008-03-24,19804.670000
2008-03-25,19807.220000
2008-03-26,19809.770000
2008-03-27,19812.320000
2008-03-28,19814.870000
2008-03-29,19817.420000
2008-03-30,19819.980000
2008-03-31,19822.530000
2008-04-01,19825.080000
2008-04-02,19827.630000
2008-04-03,19830.190000
2008-04-04,19832.740000
2008-04-05,19835.300000
2008-04-06,19837.850000
2008-04-07,19840.410000
2008-04-08,19842.960000
2008-04-09,19845.520000
2008-04-10,19850.790000
2008-04-11,19856.060000
2008-04-12,19861.340000
2008-04-13,19866.620000
2008-04-14,19871.890000
2008-04-15,19877.170000
2008-04-16,19882.450000
2008-04-17,19887.730000
2008-04-18,19893.020000
2008-04-19,19898.300000
2008-04-20,19903.590000
2008-04-21,19908.870000
2008-04-22,19914.160000
2008-04-23,19919.450000
2008-04-24,19924.740000
2008-04-25,19930.040000
2008-04-26,19935.330000
2008-04-27,19940.630000
2008-04-28,19945.920000
2008-04-29,19951.220000
2008-04-30,19956.520000
2008-05-01,19961.820000
2008-05-02,19967.130000
2008-05-03,19972.430000
2008-05-04,19977.740000
2008-05-05,19983.040000
2008-05-06,19988.350000
2008-05-07,19993.660000
2008-05-08,19998.970000
2008-05-09,20004.280000
2008-05-10,20006.860000
2008-05-11,20009.430000
2008-05-12,20012.010000
2008-05-13,20014.590000
2008-05-14,20017.160000
2008-05-15,20019.740000
2008-05-16,20022.320000
2008-05-17,20024.900000
2008-05-18,20027.480000
2008-05-19,20030.060000
2008-05-20,20032.640000
2008-05-21,20035.220000
2008-05-22,20037.800000
2008-05-23,20040.380000
2008-05-24,20042.960000
2008-05-25,20045.540000
2008-05-26,20048.120000
2008-05-27,20050.700000
2008-05-28,20053.280000
2008-05-29,20055.870000
2008-05-30,20058.450000
2008-05-31,20061.030000
2008-06-01,20063.620000
2008-06-02,20066.200000
2008-06-03,20068.780000
2008-06-04,20071.370000
2008-06-05,20073.950000
2008-06-06,20076.540000
2008-06-07,20079.130000
2008-06-08,20081.710000
2008-06-09,20084.300000
2008-06-10,20092.290000
2008-06-11,20100.280000
2008-06-12,20108.270000
2008-06-13,20116.270000
2008-06-14,20124.270000
2008-06-15,20132.270000
2008-06-16,20140.280000
2008-06-17,20148.290000
2008-06-18,20156.300000
2008-06-19,20164.320000
2008-06-20,20172.340000
2008-06-21,20180.360000
2008-06-22,20188.390000
2008-06-23,20196.410000
2008-06-24,20204.450000
2008-06-25,20212.480000
2008-06-26,20220.520000
2008-06-27,20228.560000
2008-06-28,20236.610000
2008-06-29,20244.650000
2008-06-30,20252.710000
2008-07-01,20260.760000
2008-07-02,20268.820000
2008-07-03,20276.880000
2008-07-04,20284.940000
2008-07-05,20293.010000
2008-07-06,20301.080000
2008-07-07,20309.150000
2008-07-08,20317.230000
2008-07-09,20325.310000
2008-07-10,20335.070000
2008-07-11,20344.840000
2008-07-12,20354.620000
2008-07-13,20364.390000
2008-07-14,20374.180000
2008-07-15,20383.970000
2008-07-16,20393.760000
2008-07-17,20403.550000
2008-07-18,20413.360000
2008-07-19,20423.160000
2008-07-20,20432.970000
2008-07-21,20442.790000
2008-07-22,20452.610000
2008-07-23,20462.440000
2008-07-24,20472.270000
2008-07-25,20482.100000
2008-07-26,20491.940000
2008-07-27,20501.780000
2008-07-28,20511.630000
2008-07-29,20521.490000
2008-07-30,20531.340000
2008-07-31,20541.210000
2008-08-01,20551.080000
2008-08-02,20560.950000
2008-08-03,20570.830000
2008-08-04,20580.710000
2008-08-05,20590.590000
2008-08-06,20600.490000
2008-08-07,20610.380000
2008-08-08,20620.280000
2008-08-09,20630.190000
2008-08-10,20637.470000
2008-08-11,20644.760000
2008-08-12,20652.040000
2008-08-13,20659.330000
2008-08-14,20666.620000
2008-08-15,20673.920000
2008-08-16,20681.220000
2008-08-17,20688.520000
2008-08-18,20695.820000
2008-08-19,20703.120000
2008-08-20,20710.430000
2008-08-21,20717.740000
2008-08-22,20725.050000
2008-08-23,20732.370000
2008-08-24,20739.690000
2008-08-25,20747.010000
2008-08-26,20754.330000
2008-08-27,20761.650000
2008-08-28,20768.980000
2008-08-29,20776.310000
2008-08-30,20783.650000
2008-08-31,20790.980000
2008-09-01,20798.320000
2008-09-02,20805.660000
2008-09-03,20813.010000
2008-09-04,20820.350000
2008-09-05,20827.700000
2008-09-06,20835.050000
2008-09-07,20842.410000
2008-09-08,20849.760000
2008-09-09,20857.120000
2008-09-10,20863.350000
2008-09-11,20869.580000
2008-09-12,20875.820000
2008-09-13,20882.050000
2008-09-14,20888.290000
2008-09-15,20894.530000
2008-09-16,20900.770000
2008-09-17,20907.010000
2008-09-18,20913.260000
2008-09-19,20919.500000
2008-09-20,20925.750000
2008-09-21,20932.000000
2008-09-22,20938.260000
2008-09-23,20944.510000
2008-09-24,20950.770000
2008-09-25,20957.020000
2008-09-26,20963.280000
2008-09-27,20969.550000
2008-09-28,20975.810000
2008-09-29,20982.080000
2008-09-30,20988.340000
2008-10-01,20994.610000
2008-10-02,21000.880000
2008-10-03,21007.160000
2008-10-04,21013.430000
2008-10-05,21019.710000
2008-10-06,21025.990000
2008-10-07,21032.270000
2008-10-08,21038.550000
2008-10-09,21044.830000
2008-10-10,21052.260000
2008-10-11,21059.690000
2008-10-12,21067.120000
2008-10-13,21074.560000
2008-10-14,21082.000000
2008-10-15,21089.440000
2008-10-16,21096.880000
2008-10-17,21104.330000
2008-10-18,21111.780000
2008-10-19,21119.230000
2008-10-20,21126.680000
2008-10-21,21134.140000
2008-10-22,21141.600000
2008-10-23,21149.060000
2008-10-24,21156.530000
2008-10-25,21163.990000
2008-10-26,21171.460000
2008-10-27,21178.940000
2008-10-28,21186.410000
2008-10-29,21193.890000
2008-10-30,21201.370000
2008-10-31,21208.850000
2008-11-01,21216.340000
2008-11-02,21223.830000
2008-11-03,21231.320000
2008-11-04,21238.810000
2008-11-05,21246.310000
2008-11-06,21253.810000
2008-11-07,21261.310000
2008-11-08,21268.820000
2008-11-09,21276.320000
2008-11-10,21282.680000
2008-11-11,21289.030000
2008-11-12,21295.390000
2008-11-13,21301.750000
2008-11-14,21308.120000
2008-11-15,21314.480000
2008-11-16,21320.850000
2008-11-17,21327.220000
2008-11-18,21333.590000
2008-11-19,21339.960000
2008-11-20,21346.330000
2008-11-21,21352.710000
2008-11-22,21359.090000
2008-11-23,21365.470000
2008-11-24,21371.850000
2008-11-25,21378.230000
2008-11-26,21384.620000
2008-11-27,21391.010000
2008-11-28,21397.400000
2008-11-29,21403.790000
2008-11-30,21410.180000
2008-12-01,21416.580000
2008-12-02,21422.970000
2008-12-03,21429.370000
2008-12-04,21435.770000
2008-12-05,21442.180000
2008-12-06,21448.580000
2008-12-07,21454.990000
2008-12-08,21461.400000
2008-12-09,21467.810000
2008-12-10,21467.120000
2008-12-11,21466.420000
2008-12-12,21465.730000
2008-12-13,21465.040000
2008-12-14,21464.350000
2008-12-15,21463.650000
2008-12-16,21462.960000
2008-12-17,21462.270000
2008-12-18,21461.580000
2008-12-19,21460.880000
2008-12-20,21460.190000
2008-12-21,21459.500000
2008-12-22,21458.800000
2008-12-23,21458.110000
2008-12-24,21457.420000
2008-12-25,21456.730000
2008-12-26,21456.030000
2008-12-27,21455.340000
2008-12-28,21454.650000
2008-12-29,21453.960000
2008-12-30,21453.260000
2008-12-31,21452.570000
2009-01-01,21451.880000
2009-01-02,21451.190000
2009-01-03,21450.500000
2009-01-04,21449.800000
2009-01-05,21449.110000
2009-01-06,21448.420000
2009-01-07,21447.730000
2009-01-08,21447.030000
2009-01-09,21446.340000
2009-01-10,21437.990000
2009-01-11,21429.640000
2009-01-12,21421.300000
2009-01-13,21412.960000
2009-01-14,21404.620000
2009-01-15,21396.290000
2009-01-16,21387.960000
2009-01-17,21379.630000
2009-01-18,21371.300000
2009-01-19,21362.980000
2009-01-20,21354.660000
2009-01-21,21346.350000
2009-01-22,21338.040000
2009-01-23,21329.730000
2009-01-24,21321.420000
2009-01-25,21313.120000
2009-01-26,21304.820000
2009-01-27,21296.530000
2009-01-28,21288.240000
2009-01-29,21279.950000
2009-01-30,21271.660000
2009-01-31,21263.380000
2009-02-01,21255.100000
2009-02-02,21246.830000
2009-02-03,21238.550000
2009-02-04,21230.280000
2009-02-05,21222.020000
2009-02-06,21213.750000
2009-02-07,21205.490000
2009-02-08,21197.240000
2009-02-09,21188.980000
2009-02-10,21182.900000
2009-02-11,21176.830000
2009-02-12,21170.750000
2009-02-13,21164.680000
2009-02-14,21158.610000
2009-02-15,21152.540000
2009-02-16,21146.470000
2009-02-17,21140.410000
2009-02-18,21134.350000
2009-02-19,21128.280000
2009-02-20,21122.220000
2009-02-21,21116.170000
2009-02-22,21110.110000
2009-02-23,21104.050000
2009-02-24,21098.000000
2009-02-25,21091.950000
2009-02-26,21085.900000
2009-02-27,21079.850000
2009-02-28,21073.810000
2009-03-01,21067.760000
2009-03-02,21061.720000
2009-03-03,21055.680000
2009-03-04,21049.640000
2009-03-05,21043.600000
2009-03-06,21037.570000
2009-03-07,21031.530000
2009-03-08,21025.500000
2009-03-09,21019.470000
2009-03-10,21016.750000
2009-03-11,21014.040000
2009-03-12,21011.320000
2009-03-13,21008.600000
2009-03-14,21005.890000
2009-03-15,21003.170000
2009-03-16,21000.460000
2009-03-17,20997.740000
2009-03-18,20995.030000
2009-03-19,20992.310000
2009-03-20,20989.600000
2009-03-21,20986.880000
2009-03-22,20984.170000
2009-03-23,20981.460000
2009-03-24,20978.750000
2009-03-25,20976.030000
2009-03-26,20973.320000
2009-03-27,20970.610000
2009-03-28,20967.900000
2009-03-29,20965.190000
2009-03-30,20962.480000
2009-03-31,20959.770000
2009-04-01,20957.060000
2009-04-02,20954.350000
2009-04-03,20951.640000
2009-04-04,20948.930000
2009-04-05,20946.220000
2009-04-06,20943.510000
2009-04-07,20940.810000
2009-04-08,20938.100000
2009-04-09,20935.390000
2009-04-10,20938.180000
2009-04-11,20940.960000
2009-04-12,20943.750000
2009-04-13,20946.540000
2009-04-14,20949.320000
2009-04-15,20952.110000
2009-04-16,20954.900000
2009-04-17,20957.690000
2009-04-18,20960.480000
2009-04-19,20963.270000
2009-04-20,20966.060000
2009-04-21,20968.850000
2009-04-22,20971.640000
2009-04-23,20974.430000
2009-04-24,20977.220000
2009-04-25,20980.010000
2009-04-26,20982.800000
2009-04-27,20985.590000
2009-04-28,20988.390000
2009-04-29,20991.180000
2009-04-30,20993.970000
2009-05-01,20996.770000
2009-05-02,20999.560000
2009-05-03,21002.360000
2009-05-04,21005.150000
2009-05-05,21007.950000
2009-05-06,21010.740000
2009-05-07,21013.540000
2009-05-08,21016.330000
2009-05-09,21019.130000
2009-05-10,21017.770000
2009-05-11,21016.420000
2009-05-12,21015.060000
2009-05-13,21013.700000
2009-05-14,21012.340000
2009-05-15,21010.990000
2009-05-16,21009.630000
2009-05-17,21008.270000
2009-05-18,21006.920000
2009-05-19,21005.560000
2009-05-20,21004.200000
2009-05-21,21002.850000
2009-05-22,21001.490000
2009-05-23,21000.130000
2009-05-24,20998.780000
2009-05-25,20997.420000
2009-05-26,20996.070000
2009-05-27,20994.710000
2009-05-28,20993.350000
2009-05-29,20992.000000
2009-05-30,20990.640000
2009-05-31,20989.290000
2009-06-01,20987.930000
2009-06-02,20986.580000
2009-06-03,20985.220000
2009-06-04,20983.870000
2009-06-05,20982.510000
2009-06-06,20981.160000
2009-06-07,20979.800000
2009-06-08,20978.450000
2009-06-09,20977.090000
2009-06-10,20974.990000
2009-06-11,20972.890000
2009-06-12,20970.790000
2009-06-13,20968.690000
2009-06-14,20966.590000
2009-06-15,20964.490000
2009-06-16,20962.390000
2009-06-17,20960.290000
2009-06-18,20958.190000
2009-06-19,20956.090000
2009-06-20,20953.990000
2009-06-21,20951.890000
2009-06-22,20949.800000
2009-06-23,20947.700000
2009-06-24,20945.600000
2009-06-25,20943.500000
2009-06-26,20941.410000
2009-06-27,20939.310000
2009-06-28,20937.210000
2009-06-29,20935.110000
2009-06-30,20933.020000
2009-07-01,20930.920000
2009-07-02,20928.830000
2009-07-03,20926.730000
2009-07-04,20924.630000
2009-07-05,20922.540000
2009-07-06,20920.440000
2009-07-07,20918.350000
2009-07-08,20916.250000
2009-07-09,20914.160000
2009-07-10,20916.180000
2009-07-11,20918.200000
2009-07-12,20920.220000
2009-07-13,20922.250000
2009-07-14,20924.270000
2009-07-15,20926.290000
2009-07-16,20928.310000
2009-07-17,20930.330000
2009-07-18,20932.360000
2009-07-19,20934.380000
2009-07-20,20936.400000
2009-07-21,20938.430000
2009-07-22,20940.450000
2009-07-23,20942.470000
2009-07-24,20944.500000
2009-07-25,20946.520000
2009-07-26,20948.540000
2009-07-27,20950.570000
2009-07-28,20952.590000
2009-07-29,20954.620000
2009-07-30,20956.640000
2009-07-31,20958.670000
2009-08-01,20960.690000
2009-08-02,20962.720000
2009-08-03,20964.740000
2009-08-04,20966.770000
2009-08-05,20968.800000
2009-08-06,20970.820000
2009-08-07,20972.850000
2009-08-08,20974.880000
2009-08-09,20976.900000
2009-08-10,20974.190000
2009-08-11,20971.480000
2009-08-12,20968.770000
2009-08-13,20966.050000
2009-08-14,20963.340000
2009-08-15,20960.630000
2009-08-16,20957.920000
2009-08-17,20955.210000
2009-08-18,20952.510000
2009-08-19,20949.800000
2009-08-20,20947.090000
2009-08-21,20944.380000
2009-08-22,20941.670000
2009-08-23,20938.960000
2009-08-24,20936.260000
2009-08-25,20933.550000
2009-08-26,20930.840000
2009-08-27,20928.140000
2009-08-28,20925.430000
2009-08-29,20922.730000
2009-08-30,20920.020000
2009-08-31,20917.320000
2009-09-01,20914.610000
2009-09-02,20911.910000
2009-09-03,20909.210000
2009-09-04,20906.500000
2009-09-05,20903.800000
2009-09-06,20901.100000
2009-09-07,20898.400000
2009-09-08,20895.690000
2009-09-09,20892.990000
2009-09-10,20890.200000
2009-09-11,20887.410000
2009-09-12,20884.620000
2009-09-13,20881.830000
2009-09-14,20879.040000
2009-09-15,20876.250000
2009-09-16,20873.460000
2009-09-17,20870.670000
2009-09-18,20867.880000
2009-09-19,20865.100000
2009-09-20,20862.310000
2009-09-21,20859.520000
2009-09-22,20856.730000
2009-09-23,20853.950000
2009-09-24,20851.160000
2009-09-25,20848.380000
2009-09-26,20845.590000
2009-09-27,20842.810000
2009-09-28,20840.020000
2009-09-29,20837.240000
2009-09-30,20834.450000
2009-10-01,20831.670000
2009-10-02,20828.890000
2009-10-03,20826.110000
2009-10-04,20823.320000
2009-10-05,20820.540000
2009-10-06,20817.760000
2009-10-07,20814.980000
2009-10-08,20812.200000
2009-10-09,20809.420000
2009-10-10,20816.100000
2009-10-11,20822.780000
2009-10-12,20829.470000
2009-10-13,20836.150000
2009-10-14,20842.840000
2009-10-15,20849.530000
2009-10-16,20856.230000
2009-10-17,20862.920000
2009-10-18,20869.620000
2009-10-19,20876.320000
2009-10-20,20883.020000
2009-10-21,20889.730000
2009-10-22,20896.430000
2009-10-23,20903.140000
2009-10-24,20909.850000
2009-10-25,20916.560000
2009-10-26,20923.280000
2009-10-27,20930.000000
2009-10-28,20936.720000
2009-10-29,20943.440000
2009-10-30,20950.160000
2009-10-31,20956.890000
2009-11-01,20963.610000
2009-11-02,20970.340000
2009-11-03,20977.080000
2009-11-04,20983.810000
2009-11-05,20990.550000
2009-11-06,20997.290000
2009-11-07,21004.030000
2009-11-08,21010.770000
2009-11-09,21017.510000
2009-11-10,21017.510000
2009-11-11,21017.510000
2009-11-12,21017.510000
2009-11-13,21017.510000
2009-11-14,21017.510000
2009-11-15,21017.510000
2009-11-16,21017.510000
2009-11-17,21017.510000
2009-11-18,21017.510000
2009-11-19,21017.510000
2009-11-20,21017.510000
2009-11-21,21017.510000
2009-11-22,21017.510000
2009-11-23,21017.510000
2009-11-24,21017.510000
2009-11-25,21017.510000
2009-11-26,21017.510000
2009-11-27,21017.510000
2009-11-28,21017.510000
2009-11-29,21017.510000
2009-11-30,21017.510000
2009-12-01,21017.510000
2009-12-02,21017.510000
2009-12-03,21017.510000
2009-12-04,21017.510000
2009-12-05,21017.510000
2009-12-06,21017.510000
2009-12-07,21017.510000
2009-12-08,21017.510000
2009-12-09,21017.510000
2009-12-10,21014.110000
2009-12-11,21010.710000
2009-12-12,21007.320000
2009-12-13,21003.920000
2009-12-14,21000.520000
2009-12-15,20997.130000
2009-12-16,20993.730000
2009-12-17,20990.340000
2009-12-18,20986.950000
2009-12-19,20983.550000
2009-12-20,20980.160000
2009-12-21,20976.770000
2009-12-22,20973.380000
2009-12-23,20969.990000
2009-12-24,20966.600000
2009-12-25,20963.210000
2009-12-26,20959.820000
2009-12-27,20956.430000
2009-12-28,20953.040000
2009-12-29,20949.650000
2009-12-30,20946.260000
2009-12-31,20942.880000
2010-01-01,20939.490000
2010-01-02,20936.110000
2010-01-03,20932.720000
2010-01-04,20929.340000
2010-01-05,20925.950000
2010-01-06,20922.570000
2010-01-07,20919.190000
2010-01-08,20915.800000
2010-01-09,20912.420000
2010-01-10,20910.390000
2010-01-11,20908.370000
2010-01-12,20906.340000
2010-01-13,20904.310000
2010-01-14,20902.290000
2010-01-15,20900.260000
2010-01-16,20898.240000
2010-01-17,20896.210000
2010-01-18,20894.190000
2010-01-19,20892.160000
2010-01-20,20890.140000
2010-01-21,20888.110000
2010-01-22,20886.090000
2010-01-23,20884.060000
2010-01-24,20882.040000
2010-01-25,20880.020000
2010-01-26,20877.990000
2010-01-27,20875.970000
2010-01-28,20873.950000
2010-01-29,20871.920000
2010-01-30,20869.900000
2010-01-31,20867.880000
2010-02-01,20865.850000
2010-02-02,20863.830000
2010-02-03,20861.810000
2010-02-04,20859.790000
2010-02-05,20857.770000
2010-02-06,20855.750000
2010-02-07,20853.720000
2010-02-08,20851.700000
2010-02-09,20849.680000
2010-02-10,20853.390000
2010-02-11,20857.110000
2010-02-12,20860.820000
2010-02-13,20864.540000
2010-02-14,20868.260000
2010-02-15,20871.980000
2010-02-16,20875.690000
2010-02-17,20879.410000
2010-02-18,20883.130000
2010-02-19,20886.850000
2010-02-20,20890.570000
2010-02-21,20894.290000
2010-02-22,20898.020000
2010-02-23,20901.740000
2010-02-24,20905.460000
2010-02-25,20909.190000
2010-02-26,20912.910000
2010-02-27,20916.640000
2010-02-28,20920.360000
2010-03-01,20924.090000
2010-03-02,20927.820000
2010-03-03,20931.550000
2010-03-04,20935.270000
2010-03-05,20939.000000
2010-03-06,20942.730000
2010-03-07,20946.460000
2010-03-08,20950.200000
2010-03-09,20953.930000
2010-03-10,20955.950000
2010-03-11,20957.980000
2010-03-12,20960.010000
2010-03-13,20962.030000
2010-03-14,20964.060000
2010-03-15,20966.080000
2010-03-16,20968.110000
2010-03-17,20970.130000
2010-03-18,20972.160000
2010-03-19,20974.190000
2010-03-20,20976.210000
2010-03-21,20978.240000
2010-03-22,20980.270000
2010-03-23,20982.300000
2010-03-24,20984.320000
2010-03-25,20986.350000
2010-03-26,20988.380000
2010-03-27,20990.410000
2010-03-28,20992.440000
2010-03-29,20994.460000
2010-03-30,20996.490000
2010-03-31,20998.520000
2010-04-01,21000.550000
2010-04-02,21002.580000
2010-04-03,21004.610000
2010-04-04,21006.640000
2010-04-05,21008.670000
2010-04-06,21010.700000
2010-04-07,21012.730000
2010-04-08,21014.760000
2010-04-09,21016.790000
2010-04-10,21017.490000
2010-04-11,21018.190000
2010-04-12,21018.890000
2010-04-13,21019.590000
2010-04-14,21020.290000
2010-04-15,21020.990000
2010-04-16,21021.690000
2010-04-17,21022.390000
2010-04-18,21023.090000
2010-04-19,21023.790000
2010-04-20,21024.490000
2010-04-21,21025.190000
2010-04-22,21025.890000
2010-04-23,21026.600000
2010-04-24,21027.300000
2010-04-25,21028.000000
2010-04-26,21028.700000
2010-04-27,21029.400000
2010-04-28,21030.100000
2010-04-29,21030.800000
2010-04-30,21031.500000
2010-05-01,21032.200000
2010-05-02,21032.900000
2010-05-03,21033.600000
2010-05-04,21034.300000
2010-05-05,21035.000000
2010-05-06,21035.700000
2010-05-07,21036.410000
2010-05-08,21037.110000
2010-05-09,21037.810000
2010-05-10,21041.200000
2010-05-11,21044.580000
2010-05-12,21047.970000
2010-05-13,21051.350000
2010-05-14,21054.740000
2010-05-15,21058.130000
2010-05-16,21061.520000
2010-05-17,21064.910000
2010-05-18,21068.290000
2010-05-19,21071.680000
2010-05-20,21075.080000
2010-05-21,21078.470000
2010-05-22,21081.860000
2010-05-23,21085.250000
2010-05-24,21088.640000
2010-05-25,21092.040000
2010-05-26,21095.430000
2010-05-27,21098.820000
2010-05-28,21102.220000
2010-05-29,21105.610000
2010-05-30,21109.010000
2010-05-31,21112.410000
2010-06-01,21115.800000
2010-06-02,21119.200000
2010-06-03,21122.600000
2010-06-04,21126.000000
2010-06-05,21129.400000
2010-06-06,21132.800000
2010-06-07,21136.200000
2010-06-08,21139.600000
2010-06-09,21143.000000
2010-06-10,21145.810000
2010-06-11,21148.630000
2010-06-12,21151.440000
2010-06-13,21154.260000
2010-06-14,21157.070000
2010-06-15,21159.890000
2010-06-16,21162.700000
2010-06-17,21165.520000
2010-06-18,21168.340000
2010-06-19,21171.150000
2010-06-20,21173.970000
2010-06-21,21176.790000
2010-06-22,21179.610000
2010-06-23,21182.420000
2010-06-24,21185.240000
2010-06-25,21188.060000
2010-06-26,21190.880000
2010-06-27,21193.700000
2010-06-28,21196.520000
2010-06-29,21199.340000
2010-06-30,21202.160000
2010-07-01,21204.990000
2010-07-02,21207.810000
2010-07-03,21210.630000
2010-07-04,21213.450000
2010-07-05,21216.280000
2010-07-06,21219.100000
2010-07-07,21221.920000
2010-07-08,21224.750000
2010-07-09,21227.570000
2010-07-10,21227.570000
2010-07-11,21227.570000
2010-07-12,21227.570000
2010-07-13,21227.570000
2010-07-14,21227.570000
2010-07-15,21227.570000
2010-07-16,21227.570000
2010-07-17,21227.570000
2010-07-18,21227.570000
2010-07-19,21227.570000
2010-07-20,21227.570000
2010-07-21,21227.570000
2010-07-22,21227.570000
2010-07-23,21227.570000
2010-07-24,21227.570000
2010-07-25,21227.570000
2010-07-26,21227.570000
2010-07-27,21227.570000
2010-07-28,21227.570000
2010-07-29,21227.570000
2010-07-30,21227.570000
2010-07-31,21227.570000
2010-08-01,21227.570000
2010-08-02,21227.570000
2010-08-03,21227.570000
2010-08-04,21227.570000
2010-08-05,21227.570000
2010-08-06,21227.570000
2010-08-07,21227.570000
2010-08-08,21227.570000
2010-08-09,21227.570000
2010-08-10,21231.670000
2010-08-11,21235.760000
2010-08-12,21239.860000
2010-08-13,21243.960000
2010-08-14,21248.060000
2010-08-15,21252.160000
2010-08-16,21256.260000
2010-08-17,21260.370000
2010-08-18,21264.470000
2010-08-19,21268.570000
2010-08-20,21272.680000
2010-08-21,21276.780000
2010-08-22,21280.890000
2010-08-23,21285.000000
2010-08-24,21289.100000
2010-08-25,21293.210000
2010-08-26,21297.320000
2010-08-27,21301.430000
2010-08-28,21305.540000
2010-08-29,21309.650000
2010-08-30,21313.770000
2010-08-31,21317.880000
2010-09-01,21321.990000
2010-09-02,21326.110000
2010-09-03,21330.220000
2010-09-04,21334.340000
2010-09-05,21338.460000
2010-09-06,21342.580000
2010-09-07,21346.700000
2010-09-08,21350.810000
2010-09-09,21354.940000
2010-09-10,21354.230000
2010-09-11,21353.520000
2010-09-12,21352.800000
2010-09-13,21352.090000
2010-09-14,21351.380000
2010-09-15,21350.670000
2010-09-16,21349.960000
2010-09-17,21349.240000
2010-09-18,21348.530000
2010-09-19,21347.820000
2010-09-20,21347.110000
2010-09-21,21346.400000
2010-09-22,21345.680000
2010-09-23,21344.970000
2010-09-24,21344.260000
2010-09-25,21343.550000
2010-09-26,21342.840000
2010-09-27,21342.120000
2010-09-28,21341.410000
2010-09-29,21340.700000
2010-09-30,21339.990000
2010-10-01,21339.280000
2010-10-02,21338.570000
2010-10-03,21337.850000
2010-10-04,21337.140000
2010-10-05,21336.430000
2010-10-06,21335.720000
2010-10-07,21335.010000
2010-10-08,21334.300000
2010-10-09,21333.590000
2010-10-10,21336.340000
2010-10-11,21339.090000
2010-10-12,21341.830000
2010-10-13,21344.580000
2010-10-14,21347.330000
2010-10-15,21350.080000
2010-10-16,21352.830000
2010-10-17,21355.580000
2010-10-18,21358.330000
2010-10-19,21361.080000
2010-10-20,21363.830000
2010-10-21,21366.580000
2010-10-22,21369.330000
2010-10-23,21372.090000
2010-10-24,21374.840000
2010-10-25,21377.590000
2010-10-26,21380.340000
2010-10-27,21383.100000
2010-10-28,21385.850000
2010-10-29,21388.610000
2010-10-30,21391.360000
2010-10-31,21394.110000
2010-11-01,21396.870000
2010-11-02,21399.630000
2010-11-03,21402.380000
2010-11-04,21405.140000
2010-11-05,21407.890000
2010-11-06,21410.650000
2010-11-07,21413.410000
2010-11-08,21416.170000
2010-11-09,21418.920000
2010-11-10,21419.630000
2010-11-11,21420.350000
2010-11-12,21421.060000
2010-11-13,21421.770000
2010-11-14,21422.490000
2010-11-15,21423.200000
2010-11-16,21423.920000
2010-11-17,21424.630000
2010-11-18,21425.340000
2010-11-19,21426.060000
2010-11-20,21426.770000
2010-11-21,21427.480000
2010-11-22,21428.200000
2010-11-23,21428.910000
2010-11-24,21429.630000
2010-11-25,21430.340000
2010-11-26,21431.050000
2010-11-27,21431.770000
2010-11-28,21432.480000
2010-11-29,21433.200000
2010-11-30,21433.910000
2010-12-01,21434.630000
2010-12-02,21435.340000
2010-12-03,21436.050000
2010-12-04,21436.770000
2010-12-05,21437.480000
2010-12-06,21438.200000
2010-12-07,21438.910000
2010-12-08,21439.620000
2010-12-09,21440.340000
2010-12-10,21441.030000
2010-12-11,21441.720000
2010-12-12,21442.410000
2010-12-13,21443.110000
2010-12-14,21443.800000
2010-12-15,21444.490000
2010-12-16,21445.180000
2010-12-17,21445.870000
2010-12-18,21446.560000
2010-12-19,21447.250000
2010-12-20,21447.950000
2010-12-21,21448.640000
2010-12-22,21449.330000
2010-12-23,21450.020000
2010-12-24,21450.710000
2010-12-25,21451.400000
2010-12-26,21452.090000
2010-12-27,21452.790000
2010-12-28,21453.480000
2010-12-29,21454.170000
2010-12-30,21454.860000
2010-12-31,21455.550000
2011-01-01,21456.250000
2011-01-02,21456.940000
2011-01-03,21457.630000
2011-01-04,21458.320000
2011-01-05,21459.010000
2011-01-06,21459.700000
2011-01-07,21460.400000
2011-01-08,21461.090000
2011-01-09,21461.780000
2011-01-10,21462.470000
2011-01-11,21463.160000
2011-01-12,21463.860000
2011-01-13,21464.550000
2011-01-14,21465.240000
2011-01-15,21465.930000
2011-01-16,21466.620000
2011-01-17,21467.320000
2011-01-18,21468.010000
2011-01-19,21468.700000
2011-01-20,21469.390000
2011-01-21,21470.090000
2011-01-22,21470.780000
2011-01-23,21471.470000
2011-01-24,21472.160000
2011-01-25,21472.850000
2011-01-26,21473.550000
2011-01-27,21474.240000
2011-01-28,21474.930000
2011-01-29,21475.620000
2011-01-30,21476.320000
2011-01-31,21477.010000
2011-02-01,21477.700000
2011-02-02,21478.390000
2011-02-03,21479.090000
2011-02-04,21479.780000
2011-02-05,21480.470000
2011-02-06,21481.160000
2011-02-07,21481.860000
2011-02-08,21482.550000
2011-02-09,21483.240000
2011-02-10,21485.540000
2011-02-11,21487.840000
2011-02-12,21490.140000
2011-02-13,21492.440000
2011-02-14,21494.730000
2011-02-15,21497.030000
2011-02-16,21499.330000
2011-02-17,21501.630000
2011-02-18,21503.930000
2011-02-19,21506.240000
2011-02-20,21508.540000
2011-02-21,21510.840000
2011-02-22,21513.140000
2011-02-23,21515.440000
2011-02-24,21517.740000
2011-02-25,21520.040000
2011-02-26,21522.350000
2011-02-27,21524.650000
2011-02-28,21526.950000
2011-03-01,21529.260000
2011-03-02,21531.560000
2011-03-03,21533.860000
2011-03-04,21536.170000
2011-03-05,21538.470000
2011-03-06,21540.780000
2011-03-07,21543.080000
2011-03-08,21545.380000
2011-03-09,21547.690000
2011-03-10,21549.080000
2011-03-11,21550.470000
2011-03-12,21551.860000
2011-03-13,21553.250000
2011-03-14,21554.640000
2011-03-15,21556.020000
2011-03-16,21557.410000
2011-03-17,21558.800000
2011-03-18,21560.190000
2011-03-19,21561.580000
2011-03-20,21562.970000
2011-03-21,21564.360000
2011-03-22,21565.750000
2011-03-23,21567.140000
2011-03-24,21568.530000
2011-03-25,21569.920000
2011-03-26,21571.310000
2011-03-27,21572.700000
2011-03-28,21574.090000
2011-03-29,21575.480000
2011-03-30,21576.870000
2011-03-31,21578.260000
2011-04-01,21579.660000
2011-04-02,21581.050000
2011-04-03,21582.440000
2011-04-04,21583.830000
2011-04-05,21585.220000
2011-04-06,21586.610000
2011-04-07,21588.000000
2011-04-08,21589.390000
2011-04-09,21590.790000
2011-04-10,21596.530000
2011-04-11,21602.260000
2011-04-12,21608.000000
2011-04-13,21613.740000
2011-04-14,21619.480000
2011-04-15,21625.230000
2011-04-16,21630.970000
2011-04-17,21636.720000
2011-04-18,21642.460000
2011-04-19,21648.210000
2011-04-20,21653.960000
2011-04-21,21659.720000
2011-04-22,21665.470000
2011-04-23,21671.220000
2011-04-24,21676.980000
2011-04-25,21682.740000
2011-04-26,21688.500000
2011-04-27,21694.260000
2011-04-28,21700.020000
2011-04-29,21705.790000
2011-04-30,21711.550000
2011-05-01,21717.320000
2011-05-02,21723.090000
2011-05-03,21728.860000
2011-05-04,21734.630000
2011-05-05,21740.410000
2011-05-06,21746.180000
2011-05-07,21751.960000
2011-05-08,21757.740000
2011-05-09,21763.520000
2011-05-10,21765.620000
2011-05-11,21767.730000
2011-05-12,21769.830000
2011-05-13,21771.930000
2011-05-14,21774.040000
2011-05-15,21776.140000
2011-05-16,21778.250000
2011-05-17,21780.350000
2011-05-18,21782.460000
2011-05-19,21784.560000
2011-05-20,21786.670000
2011-05-21,21788.770000
2011-05-22,21790.880000
2011-05-23,21792.980000
2011-05-24,21795.090000
2011-05-25,21797.190000
2011-05-26,21799.300000
2011-05-27,21801.410000
2011-05-28,21803.510000
2011-05-29,21805.620000
2011-05-30,21807.730000
2011-05-31,21809.840000
2011-06-01,21811.940000
2011-06-02,21814.050000
2011-06-03,21816.160000
2011-06-04,21818.270000
2011-06-05,21820.370000
2011-06-06,21822.480000
2011-06-07,21824.590000
2011-06-08,21826.700000
2011-06-09,21828.810000
2011-06-10,21831.710000
2011-06-11,21834.620000
2011-06-12,21837.530000
2011-06-13,21840.430000
2011-06-14,21843.340000
2011-06-15,21846.250000
2011-06-16,21849.150000
2011-06-17,21852.060000
2011-06-18,21854.970000
2011-06-19,21857.880000
2011-06-20,21860.790000
2011-06-21,21863.690000
2011-06-22,21866.600000
2011-06-23,21869.510000
2011-06-24,21872.420000
2011-06-25,21875.330000
2011-06-26,21878.250000
2011-06-27,21881.160000
2011-06-28,21884.070000
2011-06-29,21886.980000
2011-06-30,21889.890000
2011-07-01,21892.810000
2011-07-02,21895.720000
2011-07-03,21898.630000
2011-07-04,21901.550000
2011-07-05,21904.460000
2011-07-06,21907.380000
2011-07-07,21910.290000
2011-07-08,21913.210000
2011-07-09,21916.130000
2011-07-10,21917.540000
2011-07-11,21918.960000
2011-07-12,21920.370000
2011-07-13,21921.780000
2011-07-14,21923.190000
2011-07-15,21924.610000
2011-07-16,21926.020000
2011-07-17,21927.430000
2011-07-18,21928.850000
2011-07-19,21930.260000
2011-07-20,21931.670000
2011-07-21,21933.090000
2011-07-22,21934.500000
2011-07-23,21935.910000
2011-07-24,21937.330000
2011-07-25,21938.740000
2011-07-26,21940.160000
2011-07-27,21941.570000
2011-07-28,21942.980000
2011-07-29,21944.400000
2011-07-30,21945.810000
2011-07-31,21947.230000
2011-08-01,21948.640000
2011-08-02,21950.060000
2011-08-03,21951.470000
2011-08-04,21952.890000
2011-08-05,21954.300000
2011-08-06,21955.720000
2011-08-07,21957.130000
2011-08-08,21958.550000
2011-08-09,21959.960000
2011-08-10,21960.670000
2011-08-11,21961.380000
2011-08-12,21962.080000
2011-08-13,21962.790000
2011-08-14,21963.500000
2011-08-15,21964.210000
2011-08-16,21964.920000
2011-08-17,21965.620000
2011-08-18,21966.330000
2011-08-19,21967.040000
2011-08-20,21967.750000
2011-08-21,21968.460000
2011-08-22,21969.170000
2011-08-23,21969.870000
2011-08-24,21970.580000
2011-08-25,21971.290000
2011-08-26,21972.000000
2011-08-27,21972.710000
2011-08-28,21973.420000
2011-08-29,21974.130000
2011-08-30,21974.830000
2011-08-31,21975.540000
2011-09-01,21976.250000
2011-09-02,21976.960000
2011-09-03,21977.670000
2011-09-04,21978.380000
2011-09-05,21979.090000
2011-09-06,21979.790000
2011-09-07,21980.500000
2011-09-08,21981.210000
2011-09-09,21981.920000
2011-09-10,21983.380000
2011-09-11,21984.850000
2011-09-12,21986.310000
2011-09-13,21987.780000
2011-09-14,21989.240000
2011-09-15,21990.710000
2011-09-16,21992.170000
2011-09-17,21993.640000
2011-09-18,21995.100000
2011-09-19,21996.560000
2011-09-20,21998.030000
2011-09-21,21999.490000
2011-09-22,22000.960000
2011-09-23,22002.430000
2011-09-24,22003.890000
2011-09-25,22005.360000
2011-09-26,22006.820000
2011-09-27,22008.290000
2011-09-28,22009.750000
2011-09-29,22011.220000
2011-09-30,22012.690000
2011-10-01,22014.150000
2011-10-02,22015.620000
2011-10-03,22017.080000
2011-10-04,22018.550000
2011-10-05,22020.020000
2011-10-06,22021.480000
2011-10-07,22022.950000
2011-10-08,22024.420000
2011-10-09,22025.880000
2011-10-10,22029.420000
2011-10-11,22032.970000
2011-10-12,22036.510000
2011-10-13,22040.060000
2011-10-14,22043.610000
2011-10-15,22047.150000
2011-10-16,22050.700000
2011-10-17,22054.250000
2011-10-18,22057.800000
2011-10-19,22061.350000
2011-10-20,22064.900000
2011-10-21,22068.450000
2011-10-22,22072.000000
2011-10-23,22075.550000
2011-10-24,22079.100000
2011-10-25,22082.650000
2011-10-26,22086.210000
2011-10-27,22089.760000
2011-10-28,22093.310000
2011-10-29,22096.870000
2011-10-30,22100.420000
2011-10-31,22103.980000
2011-11-01,22107.540000
2011-11-02,22111.090000
2011-11-03,22114.650000
2011-11-04,22118.210000
2011-11-05,22121.770000
2011-11-06,22125.330000
2011-11-07,22128.890000
2011-11-08,22132.450000
2011-11-09,22136.010000
2011-11-10,22139.690000
2011-11-11,22143.370000
2011-11-12,22147.050000
2011-11-13,22150.740000
2011-11-14,22154.420000
2011-11-15,22158.100000
2011-11-16,22161.790000
2011-11-17,22165.470000
2011-11-18,22169.160000
2011-11-19,22172.840000
2011-11-20,22176.530000
2011-11-21,22180.220000
2011-11-22,22183.900000
2011-11-23,22187.590000
2011-11-24,22191.280000
2011-11-25,22194.970000
2011-11-26,22198.660000
2011-11-27,22202.350000
2011-11-28,22206.040000
2011-11-29,22209.740000
2011-11-30,22213.430000
2011-12-01,22217.120000
2011-12-02,22220.820000
2011-12-03,22224.510000
2011-12-04,22228.210000
2011-12-05,22231.900000
2011-12-06,22235.600000
2011-12-07,22239.290000
2011-12-08,22242.990000
2011-12-09,22246.690000
2011-12-10,22248.840000
2011-12-11,22250.990000
2011-12-12,22253.140000
2011-12-13,22255.290000
2011-12-14,22257.440000
2011-12-15,22259.590000
2011-12-16,22261.740000
2011-12-17,22263.890000
2011-12-18,22266.050000
2011-12-19,22268.200000
2011-12-20,22270.350000
2011-12-21,22272.500000
2011-12-22,22274.650000
2011-12-23,22276.810000
2011-12-24,22278.960000
2011-12-25,22281.110000
2011-12-26,22283.260000
2011-12-27,22285.420000
2011-12-28,22287.570000
2011-12-29,22289.730000
2011-12-30,22291.880000
2011-12-31,22294.030000
2012-01-01,22296.190000
2012-01-02,22298.340000
2012-01-03,22300.500000
2012-01-04,22302.650000
2012-01-05,22304.810000
2012-01-06,22306.960000
2012-01-07,22309.120000
2012-01-08,22311.270000
2012-01-09,22313.430000
2012-01-10,22317.740000
2012-01-11,22322.040000
2012-01-12,22326.350000
2012-01-13,22330.660000
2012-01-14,22334.970000
2012-01-15,22339.280000
2012-01-16,22343.590000
2012-01-17,22347.900000
2012-01-18,22352.220000
2012-01-19,22356.530000
2012-01-20,22360.840000
2012-01-21,22365.160000
2012-01-22,22369.480000
2012-01-23,22373.790000
2012-01-24,22378.110000
2012-01-25,22382.430000
2012-01-26,22386.750000
2012-01-27,22391.070000
2012-01-28,22395.390000
2012-01-29,22399.710000
2012-01-30,22404.040000
2012-01-31,22408.360000
2012-02-01,22412.680000
2012-02-02,22417.010000
2012-02-03,22421.340000
2012-02-04,22425.660000
2012-02-05,22429.990000
2012-02-06,22434.320000
2012-02-07,22438.650000
2012-02-08,22442.980000
2012-02-09,22447.310000
2012-02-10,22448.080000
2012-02-11,22448.860000
2012-02-12,22449.630000
2012-02-13,22450.400000
2012-02-14,22451.180000
2012-02-15,22451.950000
2012-02-16,22452.730000
2012-02-17,22453.500000
2012-02-18,22454.270000
2012-02-19,22455.050000
2012-02-20,22455.820000
2012-02-21,22456.600000
2012-02-22,22457.370000
2012-02-23,22458.140000
2012-02-24,22458.920000
2012-02-25,22459.690000
2012-02-26,22460.470000
2012-02-27,22461.240000
2012-02-28,22462.010000
2012-02-29,22462.790000
2012-03-01,22463.560000
2012-03-02,22464.340000
2012-03-03,22465.110000
2012-03-04,22465.890000
2012-03-05,22466.660000
2012-03-06,22467.430000
2012-03-07,22468.210000
2012-03-08,22468.980000
2012-03-09,22469.760000
2012-03-10,22472.650000
2012-03-11,22475.550000
2012-03-12,22478.440000
2012-03-13,22481.340000
2012-03-14,22484.230000
2012-03-15,22487.130000
2012-03-16,22490.020000
2012-03-17,22492.920000
2012-03-18,22495.820000
2012-03-19,22498.710000
2012-03-20,22501.610000
2012-03-21,22504.510000
2012-03-22,22507.410000
2012-03-23,22510.310000
2012-03-24,22513.210000
2012-03-25,22516.100000
2012-03-26,22519.000000
2012-03-27,22521.900000
2012-03-28,22524.800000
2012-03-29,22527.710000
2012-03-30,22530.610000
2012-03-31,22533.510000
2012-04-01,22536.410000
2012-04-02,22539.310000
2012-04-03,22542.220000
2012-04-04,22545.120000
2012-04-05,22548.020000
2012-04-06,22550.930000
2012-04-07,22553.830000
2012-04-08,22556.730000
2012-04-09,22559.640000
2012-04-10,22561.140000
2012-04-11,22562.650000
2012-04-12,22564.150000
2012-04-13,22565.650000
2012-04-14,22567.150000
2012-04-15,22568.660000
2012-04-16,22570.160000
2012-04-17,22571.660000
2012-04-18,22573.170000
2012-04-19,22574.670000
2012-04-20,22576.170000
2012-04-21,22577.680000
2012-04-22,22579.180000
2012-04-23,22580.680000
2012-04-24,22582.190000
2012-04-25,22583.690000
2012-04-26,22585.200000
2012-04-27,22586.700000
2012-04-28,22588.210000
2012-04-29,22589.710000
2012-04-30,22591.210000
2012-05-01,22592.720000
2012-05-02,22594.220000
2012-05-03,22595.730000
2012-05-04,22597.230000
2012-05-05,22598.740000
2012-05-06,22600.240000
2012-05-07,22601.750000
2012-05-08,22603.250000
2012-05-09,22604.760000
2012-05-10,22605.490000
2012-05-11,22606.220000
2012-05-12,22606.950000
2012-05-13,22607.680000
2012-05-14,22608.400000
2012-05-15,22609.130000
2012-05-16,22609.860000
2012-05-17,22610.590000
2012-05-18,22611.320000
2012-05-19,22612.050000
2012-05-20,22612.780000
2012-05-21,22613.510000
2012-05-22,22614.240000
2012-05-23,22614.970000
2012-05-24,22615.690000
2012-05-25,22616.420000
2012-05-26,22617.150000
2012-05-27,22617.880000
2012-05-28,22618.610000
2012-05-29,22619.340000
2012-05-30,22620.070000
2012-05-31,22620.800000
2012-06-01,22621.530000
2012-06-02,22622.260000
2012-06-03,22622.990000
2012-06-04,22623.720000
2012-06-05,22624.450000
2012-06-06,22625.180000
2012-06-07,22625.910000
2012-06-08,22626.640000
2012-06-09,22627.360000
2012-06-10,22627.360000
2012-06-11,22627.360000
2012-06-12,22627.360000
2012-06-13,22627.360000
2012-06-14,22627.360000
2012-06-15,22627.360000
2012-06-16,22627.360000
2012-06-17,22627.360000
2012-06-18,22627.360000
2012-06-19,22627.360000
2012-06-20,22627.360000
2012-06-21,22627.360000
2012-06-22,22627.360000
2012-06-23,22627.360000
2012-06-24,22627.360000
2012-06-25,22627.360000
2012-06-26,22627.360000
2012-06-27,22627.360000
2012-06-28,22627.360000
2012-06-29,22627.360000
2012-06-30,22627.360000
2012-07-01,22627.360000
2012-07-02,22627.360000
2012-07-03,22627.360000
2012-07-04,22627.360000
2012-07-05,22627.360000
2012-07-06,22627.360000
2012-07-07,22627.360000
2012-07-08,22627.360000
2012-07-09,22627.360000
2012-07-10,22625.170000
2012-07-11,22622.970000
2012-07-12,22620.780000
2012-07-13,22618.590000
2012-07-14,22616.400000
2012-07-15,22614.210000
2012-07-16,22612.010000
2012-07-17,22609.820000
2012-07-18,22607.630000
2012-07-19,22605.440000
2012-07-20,22603.250000
2012-07-21,22601.060000
2012-07-22,22598.870000
2012-07-23,22596.680000
2012-07-24,22594.490000
2012-07-25,22592.300000
2012-07-26,22590.110000
2012-07-27,22587.920000
2012-07-28,22585.730000
2012-07-29,22583.540000
2012-07-30,22581.350000
2012-07-31,22579.160000
2012-08-01,22576.980000
2012-08-02,22574.790000
2012-08-03,22572.600000
2012-08-04,22570.410000
2012-08-05,22568.230000
2012-08-06,22566.040000
2012-08-07,22563.850000
2012-08-08,22561.660000
2012-08-09,22559.480000
2012-08-10,22559.480000
2012-08-11,22559.480000
2012-08-12,22559.480000
2012-08-13,22559.480000
2012-08-14,22559.480000
2012-08-15,22559.480000
2012-08-16,22559.480000
2012-08-17,22559.480000
2012-08-18,22559.480000
2012-08-19,22559.480000
2012-08-20,22559.480000
2012-08-21,22559.480000
2012-08-22,22559.480000
2012-08-23,22559.480000
2012-08-24,22559.480000
2012-08-25,22559.480000
2012-08-26,22559.480000
2012-08-27,22559.480000
2012-08-28,22559.480000
2012-08-29,22559.480000
2012-08-30,22559.480000
2012-08-31,22559.480000
2012-09-01,22559.480000
2012-09-02,22559.480000
2012-09-03,22559.480000
2012-09-04,22559.480000
2012-09-05,22559.480000
2012-09-06,22559.480000
2012-09-07,22559.480000
2012-09-08,22559.480000
2012-09-09,22559.480000
2012-09-10,22560.980000
2012-09-11,22562.490000
2012-09-12,22563.990000
2012-09-13,22565.490000
2012-09-14,22566.990000
2012-09-15,22568.500000
2012-09-16,22570.000000
2012-09-17,22571.500000
2012-09-18,22573.010000
2012-09-19,22574.510000
2012-09-20,22576.010000
2012-09-21,22577.520000
2012-09-22,22579.020000
2012-09-23,22580.520000
2012-09-24,22582.030000
2012-09-25,22583.530000
2012-09-26,22585.040000
2012-09-27,22586.540000
2012-09-28,22588.040000
2012-09-29,22589.550000
2012-09-30,22591.050000
2012-10-01,22592.560000
2012-10-02,22594.060000
2012-10-03,22595.570000
2012-10-04,22597.070000
2012-10-05,22598.580000
2012-10-06,22600.080000
2012-10-07,22601.590000
2012-10-08,22603.090000
2012-10-09,22604.600000
2012-10-10,22610.410000
2012-10-11,22616.220000
2012-10-12,22622.040000
2012-10-13,22627.850000
2012-10-14,22633.670000
2012-10-15,22639.490000
2012-10-16,22645.310000
2012-10-17,22651.130000
2012-10-18,22656.950000
2012-10-19,22662.780000
2012-10-20,22668.600000
2012-10-21,22674.430000
2012-10-22,22680.260000
2012-10-23,22686.090000
2012-10-24,22691.920000
2012-10-25,22697.760000
2012-10-26,22703.590000
2012-10-27,22709.430000
2012-10-28,22715.260000
2012-10-29,22721.100000
2012-10-30,22726.940000
2012-10-31,22732.790000
2012-11-01,22738.630000
2012-11-02,22744.480000
2012-11-03,22750.320000
2012-11-04,22756.170000
2012-11-05,22762.020000
2012-11-06,22767.870000
2012-11-07,22773.730000
2012-11-08,22779.580000
2012-11-09,22785.440000
2012-11-10,22789.980000
2012-11-11,22794.530000
2012-11-12,22799.070000
2012-11-13,22803.620000
2012-11-14,22808.170000
2012-11-15,22812.720000
2012-11-16,22817.270000
2012-11-17,22821.820000
2012-11-18,22826.370000
2012-11-19,22830.920000
2012-11-20,22835.470000
2012-11-21,22840.030000
2012-11-22,22844.580000
2012-11-23,22849.140000
2012-11-24,22853.690000
2012-11-25,22858.250000
2012-11-26,22862.810000
2012-11-27,22867.370000
2012-11-28,22871.930000
2012-11-29,22876.490000
2012-11-30,22881.050000
2012-12-01,22885.620000
2012-12-02,22890.180000
2012-12-03,22894.740000
2012-12-04,22899.310000
2012-12-05,22903.880000
2012-12-06,22908.440000
2012-12-07,22913.010000
2012-12-08,22917.580000
2012-12-09,22922.150000
2012-12-10,22918.440000
2012-12-11,22914.740000
2012-12-12,22911.030000
2012-12-13,22907.330000
2012-12-14,22903.630000
2012-12-15,22899.920000
2012-12-16,22896.220000
2012-12-17,22892.520000
2012-12-18,22888.820000
2012-12-19,22885.120000
2012-12-20,22881.420000
2012-12-21,22877.720000
2012-12-22,22874.020000
2012-12-23,22870.320000
2012-12-24,22866.620000
2012-12-25,22862.920000
2012-12-26,22859.230000
2012-12-27,22855.530000
2012-12-28,22851.840000
2012-12-29,22848.140000
2012-12-30,22844.450000
2012-12-31,22840.750000
2013-01-01,22837.060000
2013-01-02,22833.370000
2013-01-03,22829.680000
2013-01-04,22825.990000
2013-01-05,22822.300000
2013-01-06,22818.610000
2013-01-07,22814.920000
2013-01-08,22811.230000
2013-01-09,22807.540000
2013-01-10,22807.540000
2013-01-11,22807.540000
2013-01-12,22807.540000
2013-01-13,22807.540000
2013-01-14,22807.540000
2013-01-15,22807.540000
2013-01-16,22807.540000
2013-01-17,22807.540000
2013-01-18,22807.540000
2013-01-19,22807.540000
2013-01-20,22807.540000
2013-01-21,22807.540000
2013-01-22,22807.540000
2013-01-23,22807.540000
2013-01-24,22807.540000
2013-01-25,22807.540000
2013-01-26,22807.540000
2013-01-27,22807.540000
2013-01-28,22807.540000
2013-01-29,22807.540000
2013-01-30,22807.540000
2013-01-31,22807.540000
2013-02-01,22807.540000
2013-02-02,22807.540000
2013-02-03,22807.540000
2013-02-04,22807.540000
2013-02-05,22807.540000
2013-02-06,22807.540000
2013-02-07,22807.540000
2013-02-08,22807.540000
2013-02-09,22807.540000
2013-02-10,22809.170000
2013-02-11,22810.800000
2013-02-12,22812.420000
2013-02-13,22814.050000
2013-02-14,22815.680000
2013-02-15,22817.310000
2013-02-16,22818.940000
2013-02-17,22820.560000
2013-02-18,22822.190000
2013-02-19,22823.820000
2013-02-20,22825.450000
2013-02-21,22827.080000
2013-02-22,22828.710000
2013-02-23,22830.340000
2013-02-24,22831.970000
2013-02-25,22833.590000
2013-02-26,22835.220000
2013-02-27,22836.850000
2013-02-28,22838.480000
2013-03-01,22840.110000
2013-03-02,22841.740000
2013-03-03,22843.370000
2013-03-04,22845.000000
2013-03-05,22846.630000
2013-03-06,22848.260000
2013-03-07,22849.890000
2013-03-08,22851.520000
2013-03-09,22853.160000
2013-03-10,22853.900000
2013-03-11,22854.630000
2013-03-12,22855.370000
2013-03-13,22856.110000
2013-03-14,22856.840000
2013-03-15,22857.580000
2013-03-16,22858.320000
2013-03-17,22859.060000
2013-03-18,22859.790000
2013-03-19,22860.530000
2013-03-20,22861.270000
2013-03-21,22862.000000
2013-03-22,22862.740000
2013-03-23,22863.480000
2013-03-24,22864.220000
2013-03-25,22864.950000
2013-03-26,22865.690000
2013-03-27,22866.430000
2013-03-28,22867.160000
2013-03-29,22867.900000
2013-03-30,22868.640000
2013-03-31,22869.380000
2013-04-01,22870.110000
2013-04-02,22870.850000
2013-04-03,22871.590000
2013-04-04,22872.330000
2013-04-05,22873.060000
2013-04-06,22873.800000
2013-04-07,22874.540000
2013-04-08,22875.280000
2013-04-09,22876.010000
2013-04-10,22879.050000
2013-04-11,22882.100000
2013-04-12,22885.140000
2013-04-13,22888.190000
2013-04-14,22891.240000
2013-04-15,22894.280000
2013-04-16,22897.330000
2013-04-17,22900.380000
2013-04-18,22903.420000
2013-04-19,22906.470000
2013-04-20,22909.520000
2013-04-21,22912.570000
2013-04-22,22915.620000
2013-04-23,22918.670000
2013-04-24,22921.720000
2013-04-25,22924.770000
2013-04-26,22927.820000
2013-04-27,22930.870000
2013-04-28,22933.920000
2013-04-29,22936.970000
2013-04-30,22940.020000
2013-05-01,22943.080000
2013-05-02,22946.130000
2013-05-03,22949.180000
2013-05-04,22952.240000
2013-05-05,22955.290000
2013-05-06,22958.350000
2013-05-07,22961.400000
2013-05-08,22964.460000
2013-05-09,22967.510000
2013-05-10,22963.800000
2013-05-11,22960.080000
2013-05-12,22956.370000
2013-05-13,22952.660000
2013-05-14,22948.950000
2013-05-15,22945.240000
2013-05-16,22941.530000
2013-05-17,22937.820000
2013-05-18,22934.110000
2013-05-19,22930.400000
2013-05-20,22926.700000
2013-05-21,22922.990000
2013-05-22,22919.280000
2013-05-23,22915.580000
2013-05-24,22911.870000
2013-05-25,22908.170000
2013-05-26,22904.460000
2013-05-27,22900.760000
2013-05-28,22897.060000
2013-05-29,22893.360000
2013-05-30,22889.650000
2013-05-31,22885.950000
2013-06-01,22882.250000
2013-06-02,22878.550000
2013-06-03,22874.850000
2013-06-04,22871.160000
2013-06-05,22867.460000
2013-06-06,22863.760000
2013-06-07,22860.060000
2013-06-08,22856.370000
2013-06-09,22852.670000
2013-06-10,22852.670000
2013-06-11,22852.670000
2013-06-12,22852.670000
2013-06-13,22852.670000
2013-06-14,22852.670000
2013-06-15,22852.670000
2013-06-16,22852.670000
2013-06-17,22852.670000
2013-06-18,22852.670000
2013-06-19,22852.670000
2013-06-20,22852.670000
2013-06-21,22852.670000
2013-06-22,22852.670000
2013-06-23,22852.670000
2013-06-24,22852.670000
2013-06-25,22852.670000
2013-06-26,22852.670000
2013-06-27,22852.670000
2013-06-28,22852.670000
2013-06-29,22852.670000
2013-06-30,22852.670000
2013-07-01,22852.670000
2013-07-02,22852.670000
2013-07-03,22852.670000
2013-07-04,22852.670000
2013-07-05,22852.670000
2013-07-06,22852.670000
2013-07-07,22852.670000
2013-07-08,22852.670000
2013-07-09,22852.670000
2013-07-10,22857.080000
2013-07-11,22861.490000
2013-07-12,22865.900000
2013-07-13,22870.320000
2013-07-14,22874.730000
2013-07-15,22879.140000
2013-07-16,22883.560000
2013-07-17,22887.980000
2013-07-18,22892.390000
2013-07-19,22896.810000
2013-07-20,22901.230000
2013-07-21,22905.650000
2013-07-22,22910.070000
2013-07-23,22914.490000
2013-07-24,22918.910000
2013-07-25,22923.340000
2013-07-26,22927.760000
2013-07-27,22932.190000
2013-07-28,22936.610000
2013-07-29,22941.040000
2013-07-30,22945.470000
2013-07-31,22949.890000
2013-08-01,22954.320000
2013-08-02,22958.750000
2013-08-03,22963.180000
2013-08-04,22967.620000
2013-08-05,22972.050000
2013-08-06,22976.480000
2013-08-07,22980.920000
2013-08-08,22985.350000
2013-08-09,22989.790000
2013-08-10,22992.010000
2013-08-11,22994.230000
2013-08-12,22996.460000
2013-08-13,22998.680000
2013-08-14,23000.900000
2013-08-15,23003.120000
2013-08-16,23005.350000
2013-08-17,23007.570000
2013-08-18,23009.790000
2013-08-19,23012.020000
2013-08-20,23014.240000
2013-08-21,23016.460000
2013-08-22,23018.690000
2013-08-23,23020.910000
2013-08-24,23023.140000
2013-08-25,23025.360000
2013-08-26,23027.590000
2013-08-27,23029.810000
2013-08-28,23032.040000
2013-08-29,23034.260000
2013-08-30,23036.490000
2013-08-31,23038.710000
2013-09-01,23040.940000
2013-09-02,23043.170000
2013-09-03,23045.390000
2013-09-04,23047.620000
2013-09-05,23049.850000
2013-09-06,23052.080000
2013-09-07,23054.300000
2013-09-08,23056.530000
2013-09-09,23058.760000
2013-09-10,23060.300000
2013-09-11,23061.830000
2013-09-12,23063.370000
2013-09-13,23064.900000
2013-09-14,23066.440000
2013-09-15,23067.980000
2013-09-16,23069.510000
2013-09-17,23071.050000
2013-09-18,23072.590000
2013-09-19,23074.120000
2013-09-20,23075.660000
2013-09-21,23077.200000
2013-09-22,23078.730000
2013-09-23,23080.270000
2013-09-24,23081.810000
2013-09-25,23083.340000
2013-09-26,23084.880000
2013-09-27,23086.420000
2013-09-28,23087.960000
2013-09-29,23089.490000
2013-09-30,23091.030000
2013-10-01,23092.570000
2013-10-02,23094.110000
2013-10-03,23095.650000
2013-10-04,23097.180000
2013-10-05,23098.720000
2013-10-06,23100.260000
2013-10-07,23101.800000
2013-10-08,23103.340000
2013-10-09,23104.880000
2013-10-10,23108.600000
2013-10-11,23112.320000
2013-10-12,23116.030000
2013-10-13,23119.750000
2013-10-14,23123.470000
2013-10-15,23127.190000
2013-10-16,23130.920000
2013-10-17,23134.640000
2013-10-18,23138.360000
2013-10-19,23142.080000
2013-10-20,23145.810000
2013-10-21,23149.530000
2013-10-22,23153.260000
2013-10-23,23156.980000
2013-10-24,23160.710000
2013-10-25,23164.430000
2013-10-26,23168.160000
2013-10-27,23171.890000
2013-10-28,23175.620000
2013-10-29,23179.350000
2013-10-30,23183.080000
2013-10-31,23186.810000
2013-11-01,23190.540000
2013-11-02,23194.270000
2013-11-03,23198.000000
2013-11-04,23201.730000
2013-11-05,23205.470000
2013-11-06,23209.200000
2013-11-07,23212.930000
2013-11-08,23216.670000
2013-11-09,23220.400000
2013-11-10,23221.170000
2013-11-11,23221.950000
2013-11-12,23222.720000
2013-11-13,23223.490000
2013-11-14,23224.270000
2013-11-15,23225.040000
2013-11-16,23225.820000
2013-11-17,23226.590000
2013-11-18,23227.360000
2013-11-19,23228.140000
2013-11-20,23228.910000
2013-11-21,23229.690000
2013-11-22,23230.460000
2013-11-23,23231.230000
2013-11-24,23232.010000
2013-11-25,23232.780000
2013-11-26,23233.560000
2013-11-27,23234.330000
2013-11-28,23235.100000
2013-11-29,23235.880000
2013-11-30,23236.650000
2013-12-01,23237.430000
2013-12-02,23238.200000
2013-12-03,23238.970000
2013-12-04,23239.750000
2013-12-05,23240.520000
2013-12-06,23241.300000
2013-12-07,23242.070000
2013-12-08,23242.850000
2013-12-09,23243.620000
2013-12-10,23246.610000
2013-12-11,23249.610000
2013-12-12,23252.600000
2013-12-13,23255.600000
2013-12-14,23258.590000
2013-12-15,23261.590000
2013-12-16,23264.580000
2013-12-17,23267.580000
2013-12-18,23270.570000
2013-12-19,23273.570000
2013-12-20,23276.570000
2013-12-21,23279.570000
2013-12-22,23282.560000
2013-12-23,23285.560000
2013-12-24,23288.560000
2013-12-25,23291.560000
2013-12-26,23294.560000
2013-12-27,23297.560000
2013-12-28,23300.560000
2013-12-29,23303.560000
2013-12-30,23306.560000
2013-12-31,23309.560000
2014-01-01,23312.570000
2014-01-02,23315.570000
2014-01-03,23318.570000
2014-01-04,23321.570000
2014-01-05,23324.580000
2014-01-06,23327.580000
2014-01-07,23330.580000
2014-01-08,23333.590000
2014-01-09,23336.590000
2014-01-10,23341.090000
2014-01-11,23345.600000
2014-01-12,23350.100000
2014-01-13,23354.610000
2014-01-14,23359.120000
2014-01-15,23363.630000
2014-01-16,23368.130000
2014-01-17,23372.640000
2014-01-18,23377.150000
2014-01-19,23381.670000
2014-01-20,23386.180000
2014-01-21,23390.690000
2014-01-22,23395.210000
2014-01-23,23399.720000
2014-01-24,23404.240000
2014-01-25,23408.750000
2014-01-26,23413.270000
2014-01-27,23417.790000
2014-01-28,23422.310000
2014-01-29,23426.830000
2014-01-30,23431.350000
2014-01-31,23435.870000
2014-02-01,23440.400000
2014-02-02,23444.920000
2014-02-03,23449.440000
2014-02-04,23453.970000
2014-02-05,23458.500000
2014-02-06,23463.020000
2014-02-07,23467.550000
2014-02-08,23472.080000
2014-02-09,23476.610000
2014-02-10,23478.290000
2014-02-11,23479.960000
2014-02-12,23481.640000
2014-02-13,23483.310000
2014-02-14,23484.990000
2014-02-15,23486.660000
2014-02-16,23488.340000
2014-02-17,23490.020000
2014-02-18,23491.690000
2014-02-19,23493.370000
2014-02-20,23495.040000
2014-02-21,23496.720000
2014-02-22,23498.400000
2014-02-23,23500.070000
2014-02-24,23501.750000
2014-02-25,23503.430000
2014-02-26,23505.110000
2014-02-27,23506.780000
2014-02-28,23508.460000
2014-03-01,23510.140000
2014-03-02,23511.820000
2014-03-03,23513.490000
2014-03-04,23515.170000
2014-03-05,23516.850000
2014-03-06,23518.530000
2014-03-07,23520.210000
2014-03-08,23521.880000
2014-03-09,23523.560000
2014-03-10,23527.340000
2014-03-11,23531.130000
2014-03-12,23534.920000
2014-03-13,23538.700000
2014-03-14,23542.490000
2014-03-15,23546.280000
2014-03-16,23550.070000
2014-03-17,23553.860000
2014-03-18,23557.650000
2014-03-19,23561.440000
2014-03-20,23565.230000
2014-03-21,23569.020000
2014-03-22,23572.810000
2014-03-23,23576.610000
2014-03-24,23580.400000
2014-03-25,23584.190000
2014-03-26,23587.990000
2014-03-27,23591.780000
2014-03-28,23595.580000
2014-03-29,23599.380000
2014-03-30,23603.170000
2014-03-31,23606.970000
2014-04-01,23610.770000
2014-04-02,23614.570000
2014-04-03,23618.370000
2014-04-04,23622.170000
2014-04-05,23625.970000
2014-04-06,23629.770000
2014-04-07,23633.570000
2014-04-08,23637.370000
2014-04-09,23641.180000
2014-04-10,23647.460000
2014-04-11,23653.740000
2014-04-12,23660.030000
2014-04-13,23666.310000
2014-04-14,23672.600000
2014-04-15,23678.890000
2014-04-16,23685.180000
2014-04-17,23691.470000
2014-04-18,23697.760000
2014-04-19,23704.060000
2014-04-20,23710.350000
2014-04-21,23716.650000
2014-04-22,23722.950000
2014-04-23,23729.250000
2014-04-24,23735.560000
2014-04-25,23741.860000
2014-04-26,23748.170000
2014-04-27,23754.480000
2014-04-28,23760.790000
2014-04-29,23767.100000
2014-04-30,23773.410000
2014-05-01,23779.730000
2014-05-02,23786.040000
2014-05-03,23792.360000
2014-05-04,23798.680000
2014-05-05,23805.010000
2014-05-06,23811.330000
2014-05-07,23817.650000
2014-05-08,23823.980000
2014-05-09,23830.310000
2014-05-10,23834.910000
2014-05-11,23839.510000
2014-05-12,23844.110000
2014-05-13,23848.710000
2014-05-14,23853.310000
2014-05-15,23857.920000
2014-05-16,23862.520000
2014-05-17,23867.130000
2014-05-18,23871.730000
2014-05-19,23876.340000
2014-05-20,23880.950000
2014-05-21,23885.560000
2014-05-22,23890.170000
2014-05-23,23894.780000
2014-05-24,23899.390000
2014-05-25,23904.000000
2014-05-26,23908.610000
2014-05-27,23913.230000
2014-05-28,23917.840000
2014-05-29,23922.460000
2014-05-30,23927.080000
2014-05-31,23931.690000
2014-06-01,23936.310000
2014-06-02,23940.930000
2014-06-03,23945.550000
2014-06-04,23950.170000
2014-06-05,23954.790000
2014-06-06,23959.420000
2014-06-07,23964.040000
2014-06-08,23968.670000
2014-06-09,23973.290000
2014-06-10,23975.680000
2014-06-11,23978.080000
2014-06-12,23980.470000
2014-06-13,23982.870000
2014-06-14,23985.260000
2014-06-15,23987.660000
2014-06-16,23990.050000
2014-06-17,23992.450000
2014-06-18,23994.840000
2014-06-19,23997.240000
2014-06-20,23999.640000
2014-06-21,24002.030000
2014-06-22,24004.430000
2014-06-23,24006.830000
2014-06-24,24009.220000
2014-06-25,24011.620000
2014-06-26,24014.020000
2014-06-27,24016.420000
2014-06-28,24018.810000
2014-06-29,24021.210000
2014-06-30,24023.610000
2014-07-01,24026.010000
2014-07-02,24028.410000
2014-07-03,24030.810000
2014-07-04,24033.210000
2014-07-05,24035.610000
2014-07-06,24038.010000
2014-07-07,24040.410000
2014-07-08,24042.810000
2014-07-09,24045.210000
2014-07-10,24045.990000
2014-07-11,24046.760000
2014-07-12,24047.540000
2014-07-13,24048.310000
2014-07-14,24049.090000
2014-07-15,24049.860000
2014-07-16,24050.640000
2014-07-17,24051.410000
2014-07-18,24052.190000
2014-07-19,24052.960000
2014-07-20,24053.740000
2014-07-21,24054.510000
2014-07-22,24055.290000
2014-07-23,24056.070000
2014-07-24,24056.840000
2014-07-25,24057.620000
2014-07-26,24058.390000
2014-07-27,24059.170000
2014-07-28,24059.940000
2014-07-29,24060.720000
2014-07-30,24061.500000
2014-07-31,24062.270000
2014-08-01,24063.050000
2014-08-02,24063.820000
2014-08-03,24064.600000
2014-08-04,24065.380000
2014-08-05,24066.150000
2014-08-06,24066.930000
2014-08-07,24067.700000
2014-08-08,24068.480000
2014-08-09,24069.260000
2014-08-10,24070.810000
2014-08-11,24072.360000
2014-08-12,24073.910000
2014-08-13,24075.470000
2014-08-14,24077.020000
2014-08-15,24078.570000
2014-08-16,24080.120000
2014-08-17,24081.670000
2014-08-18,24083.230000
2014-08-19,24084.780000
2014-08-20,24086.330000
2014-08-21,24087.880000
2014-08-22,24089.440000
2014-08-23,24090.990000
2014-08-24,24092.540000
2014-08-25,24094.090000
2014-08-26,24095.650000
2014-08-27,24097.200000
2014-08-28,24098.750000
2014-08-29,24100.310000
2014-08-30,24101.860000
2014-08-31,24103.410000
2014-09-01,24104.970000
2014-09-02,24106.520000
2014-09-03,24108.070000
2014-09-04,24109.630000
2014-09-05,24111.180000
2014-09-06,24112.740000
2014-09-07,24114.290000
2014-09-08,24115.840000
2014-09-09,24117.400000
2014-09-10,24119.810000
2014-09-11,24122.220000
2014-09-12,24124.630000
2014-09-13,24127.030000
2014-09-14,24129.440000
2014-09-15,24131.850000
2014-09-16,24134.260000
2014-09-17,24136.670000
2014-09-18,24139.080000
2014-09-19,24141.490000
2014-09-20,24143.900000
2014-09-21,24146.310000
2014-09-22,24148.730000
2014-09-23,24151.140000
2014-09-24,24153.550000
2014-09-25,24155.960000
2014-09-26,24158.370000
2014-09-27,24160.790000
2014-09-28,24163.200000
2014-09-29,24165.610000
2014-09-30,24168.020000
2014-10-01,24170.440000
2014-10-02,24172.850000
2014-10-03,24175.260000
2014-10-04,24177.680000
2014-10-05,24180.090000
2014-10-06,24182.510000
2014-10-07,24184.920000
2014-10-08,24187.340000
2014-10-09,24189.750000
2014-10-10,24195.970000
2014-10-11,24202.190000
2014-10-12,24208.410000
2014-10-13,24214.630000
2014-10-14,24220.860000
2014-10-15,24227.080000
2014-10-16,24233.310000
2014-10-17,24239.540000
2014-10-18,24245.770000
2014-10-19,24252.010000
2014-10-20,24258.240000
2014-10-21,24264.480000
2014-10-22,24270.720000
2014-10-23,24276.950000
2014-10-24,24283.200000
2014-10-25,24289.440000
2014-10-26,24295.680000
2014-10-27,24301.930000
2014-10-28,24308.170000
2014-10-29,24314.420000
2014-10-30,24320.670000
2014-10-31,24326.930000
2014-11-01,24333.180000
2014-11-02,24339.440000
2014-11-03,24345.690000
2014-11-04,24351.950000
2014-11-05,24358.210000
2014-11-06,24364.470000
2014-11-07,24370.740000
2014-11-08,24377.000000
2014-11-09,24383.270000
2014-11-10,24391.360000
2014-11-11,24399.450000
2014-11-12,24407.540000
2014-11-13,24415.640000
2014-11-14,24423.740000
2014-11-15,24431.840000
2014-11-16,24439.950000
2014-11-17,24448.060000
2014-11-18,24456.170000
2014-11-19,24464.280000
2014-11-20,24472.390000
2014-11-21,24480.510000
2014-11-22,24488.630000
2014-11-23,24496.760000
2014-11-24,24504.880000
2014-11-25,24513.010000
2014-11-26,24521.140000
2014-11-27,24529.280000
2014-11-28,24537.420000
2014-11-29,24545.560000
2014-11-30,24553.700000
2014-12-01,24561.840000
2014-12-02,24569.990000
2014-12-03,24578.140000
2014-12-04,24586.300000
2014-12-05,24594.450000
2014-12-06,24602.610000
2014-12-07,24610.770000
2014-12-08,24618.940000
2014-12-09,24627.100000
2014-12-10,24627.100000
2014-12-11,24627.100000
2014-12-12,24627.100000
2014-12-13,24627.100000
2014-12-14,24627.100000
2014-12-15,24627.100000
2014-12-16,24627.100000
2014-12-17,24627.100000
2014-12-18,24627.100000
2014-12-19,24627.100000
2014-12-20,24627.100000
2014-12-21,24627.100000
2014-12-22,24627.100000
2014-12-23,24627.100000
2014-12-24,24627.100000
2014-12-25,24627.100000
2014-12-26,24627.100000
2014-12-27,24627.100000
2014-12-28,24627.100000
2014-12-29,24627.100000
2014-12-30,24627.100000
2014-12-31,24627.100000
2015-01-01,24627.100000
2015-01-02,24627.100000
2015-01-03,24627.100000
2015-01-04,24627.100000
2015-01-05,24627.100000
2015-01-06,24627.100000
2015-01-07,24627.100000
2015-01-08,24627.100000
2015-01-09,24627.100000
2015-01-10,24623.920000
2015-01-11,24620.730000
2015-01-12,24617.550000
2015-01-13,24614.370000
2015-01-14,24611.180000
2015-01-15,24608.000000
2015-01-16,24604.820000
2015-01-17,24601.640000
2015-01-18,24598.460000
2015-01-19,24595.280000
2015-01-20,24592.100000
2015-01-21,24588.920000
2015-01-22,24585.740000
2015-01-23,24582.560000
2015-01-24,24579.390000
2015-01-25,24576.210000
2015-01-26,24573.030000
2015-01-27,24569.850000
2015-01-28,24566.680000
2015-01-29,24563.500000
2015-01-30,24560.330000
2015-01-31,24557.150000
2015-02-01,24553.980000
2015-02-02,24550.800000
2015-02-03,24547.630000
2015-02-04,24544.450000
2015-02-05,24541.280000
2015-02-06,24538.110000
2015-02-07,24534.940000
2015-02-08,24531.760000
2015-02-09,24528.590000
2015-02-10,24529.470000
2015-02-11,24530.340000
2015-02-12,24531.220000
2015-02-13,24532.090000
2015-02-14,24532.970000
2015-02-15,24533.840000
2015-02-16,24534.720000
2015-02-17,24535.600000
2015-02-18,24536.470000
2015-02-19,24537.350000
2015-02-20,24538.220000
2015-02-21,24539.100000
2015-02-22,24539.980000
2015-02-23,24540.850000
2015-02-24,24541.730000
2015-02-25,24542.600000
2015-02-26,24543.480000
2015-02-27,24544.360000
2015-02-28,24545.230000
2015-03-01,24546.110000
2015-03-02,24546.980000
2015-03-03,24547.860000
2015-03-04,24548.740000
2015-03-05,24549.610000
2015-03-06,24550.490000
2015-03-07,24551.370000
2015-03-08,24552.240000
2015-03-09,24553.120000
2015-03-10,24556.280000
2015-03-11,24559.440000
2015-03-12,24562.610000
2015-03-13,24565.770000
2015-03-14,24568.930000
2015-03-15,24572.100000
2015-03-16,24575.260000
2015-03-17,24578.430000
2015-03-18,24581.590000
2015-03-19,24584.760000
2015-03-20,24587.920000
2015-03-21,24591.090000
2015-03-22,24594.260000
2015-03-23,24597.430000
2015-03-24,24600.590000
2015-03-25,24603.760000
2015-03-26,24606.930000
2015-03-27,24610.100000
2015-03-28,24613.270000
2015-03-29,24616.440000
2015-03-30,24619.610000
2015-03-31,24622.780000
2015-04-01,24625.950000
2015-04-02,24629.120000
2015-04-03,24632.290000
2015-04-04,24635.470000
2015-04-05,24638.640000
2015-04-06,24641.810000
2015-04-07,24644.980000
2015-04-08,24648.160000
2015-04-09,24651.330000
2015-04-10,24656.250000
2015-04-11,24661.160000
2015-04-12,24666.080000
2015-04-13,24671.000000
2015-04-14,24675.920000
2015-04-15,24680.840000
2015-04-16,24685.760000
2015-04-17,24690.690000
2015-04-18,24695.610000
2015-04-19,24700.530000
2015-04-20,24705.460000
2015-04-21,24710.390000
2015-04-22,24715.310000
2015-04-23,24720.240000
2015-04-24,24725.170000
2015-04-25,24730.100000
2015-04-26,24735.040000
2015-04-27,24739.970000
2015-04-28,24744.900000
2015-04-29,24749.840000
2015-04-30,24754.770000
2015-05-01,24759.710000
2015-05-02,24764.650000
2015-05-03,24769.590000
2015-05-04,24774.530000
2015-05-05,24779.470000
2015-05-06,24784.410000
2015-05-07,24789.350000
2015-05-08,24794.290000
2015-05-09,24799.240000
2015-05-10,24804.030000
2015-05-11,24808.810000
2015-05-12,24813.600000
2015-05-13,24818.390000
2015-05-14,24823.180000
2015-05-15,24827.970000
2015-05-16,24832.760000
2015-05-17,24837.550000
2015-05-18,24842.350000
2015-05-19,24847.140000
2015-05-20,24851.940000
2015-05-21,24856.730000
2015-05-22,24861.530000
2015-05-23,24866.330000
2015-05-24,24871.130000
2015-05-25,24875.930000
2015-05-26,24880.730000
2015-05-27,24885.530000
2015-05-28,24890.330000
2015-05-29,24895.140000
2015-05-30,24899.940000
2015-05-31,24904.750000
2015-06-01,24909.550000
2015-06-02,24914.360000
2015-06-03,24919.170000
2015-06-04,24923.980000
2015-06-05,24928.790000
2015-06-06,24933.600000
2015-06-07,24938.410000
2015-06-08,24943.220000
2015-06-09,24948.040000
2015-06-10,24949.700000
2015-06-11,24951.360000
2015-06-12,24953.030000
2015-06-13,24954.690000
2015-06-14,24956.350000
2015-06-15,24958.010000
2015-06-16,24959.670000
2015-06-17,24961.340000
2015-06-18,24963.000000
2015-06-19,24964.660000
2015-06-20,24966.320000
2015-06-21,24967.990000
2015-06-22,24969.650000
2015-06-23,24971.310000
2015-06-24,24972.980000
2015-06-25,24974.640000
2015-06-26,24976.300000
2015-06-27,24977.970000
2015-06-28,24979.630000
2015-06-29,24981.290000
2015-06-30,24982.960000
2015-07-01,24984.620000
2015-07-02,24986.280000
2015-07-03,24987.950000
2015-07-04,24989.610000
2015-07-05,24991.280000
2015-07-06,24992.940000
2015-07-07,24994.610000
2015-07-08,24996.270000
2015-07-09,24997.940000
2015-07-10,25001.960000
2015-07-11,25005.990000
2015-07-12,25010.010000
2015-07-13,25014.030000
2015-07-14,25018.060000
2015-07-15,25022.080000
2015-07-16,25026.110000
2015-07-17,25030.140000
2015-07-18,25034.160000
2015-07-19,25038.190000
2015-07-20,25042.220000
2015-07-21,25046.250000
2015-07-22,25050.280000
2015-07-23,25054.310000
2015-07-24,25058.340000
2015-07-25,25062.370000
2015-07-26,25066.410000
2015-07-27,25070.440000
2015-07-28,25074.470000
2015-07-29,25078.510000
2015-07-30,25082.540000
2015-07-31,25086.580000
2015-08-01,25090.610000
2015-08-02,25094.650000
2015-08-03,25098.690000
2015-08-04,25102.730000
2015-08-05,25106.770000
2015-08-06,25110.810000
2015-08-07,25114.850000
2015-08-08,25118.890000
2015-08-09,25122.930000
2015-08-10,25126.170000
2015-08-11,25129.400000
2015-08-12,25132.640000
2015-08-13,25135.870000
2015-08-14,25139.110000
2015-08-15,25142.350000
2015-08-16,25145.590000
2015-08-17,25148.820000
2015-08-18,25152.060000
2015-08-19,25155.300000
2015-08-20,25158.540000
2015-08-21,25161.780000
2015-08-22,25165.020000
2015-08-23,25168.260000
2015-08-24,25171.500000
2015-08-25,25174.750000
2015-08-26,25177.990000
2015-08-27,25181.230000
2015-08-28,25184.470000
2015-08-29,25187.720000
2015-08-30,25190.960000
2015-08-31,25194.210000
2015-09-01,25197.450000
2015-09-02,25200.690000
2015-09-03,25203.940000
2015-09-04,25207.190000
2015-09-05,25210.430000
2015-09-06,25213.680000
2015-09-07,25216.930000
2015-09-08,25220.170000
2015-09-09,25223.420000
2015-09-10,25229.290000
2015-09-11,25235.150000
2015-09-12,25241.020000
2015-09-13,25246.890000
2015-09-14,25252.760000
2015-09-15,25258.630000
2015-09-16,25264.510000
2015-09-17,25270.380000
2015-09-18,25276.260000
2015-09-19,25282.140000
2015-09-20,25288.020000
2015-09-21,25293.900000
2015-09-22,25299.780000
2015-09-23,25305.660000
2015-09-24,25311.550000
2015-09-25,25317.430000
2015-09-26,25323.320000
2015-09-27,25329.210000
2015-09-28,25335.100000
2015-09-29,25340.990000
2015-09-30,25346.890000
2015-10-01,25352.780000
2015-10-02,25358.680000
2015-10-03,25364.570000
2015-10-04,25370.470000
2015-10-05,25376.370000
2015-10-06,25382.270000
2015-10-07,25388.170000
2015-10-08,25394.080000
2015-10-09,25399.980000
2015-10-10,25404.070000
2015-10-11,25408.150000
2015-10-12,25412.240000
2015-10-13,25416.330000
2015-10-14,25420.420000
2015-10-15,25424.510000
2015-10-16,25428.600000
2015-10-17,25432.690000
2015-10-18,25436.790000
2015-10-19,25440.880000
2015-10-20,25444.970000
2015-10-21,25449.070000
2015-10-22,25453.160000
2015-10-23,25457.260000
2015-10-24,25461.350000
2015-10-25,25465.450000
2015-10-26,25469.550000
2015-10-27,25473.640000
2015-10-28,25477.740000
2015-10-29,25481.840000
2015-10-30,25485.940000
2015-10-31,25490.040000
2015-11-01,25494.150000
2015-11-02,25498.250000
2015-11-03,25502.350000
2015-11-04,25506.450000
2015-11-05,25510.560000
2015-11-06,25514.660000
2015-11-07,25518.770000
2015-11-08,25522.870000
2015-11-09,25526.980000
2015-11-10,25530.380000
2015-11-11,25533.770000
2015-11-12,25537.170000
2015-11-13,25540.570000
2015-11-14,25543.970000
2015-11-15,25547.370000
2015-11-16,25550.770000
2015-11-17,25554.170000
2015-11-18,25557.570000
2015-11-19,25560.970000
2015-11-20,25564.370000
2015-11-21,25567.770000
2015-11-22,25571.180000
2015-11-23,25574.580000
2015-11-24,25577.980000
2015-11-25,25581.390000
2015-11-26,25584.790000
2015-11-27,25588.200000
2015-11-28,25591.600000
2015-11-29,25595.010000
2015-11-30,25598.410000
2015-12-01,25601.820000
2015-12-02,25605.230000
2015-12-03,25608.630000
2015-12-04,25612.040000
2015-12-05,25615.450000
2015-12-06,25618.860000
2015-12-07,25622.270000
2015-12-08,25625.680000
2015-12-09,25629.090000
2015-12-10,25629.090000
2015-12-11,25629.090000
2015-12-12,25629.090000
2015-12-13,25629.090000
2015-12-14,25629.090000
2015-12-15,25629.090000
2015-12-16,25629.090000
2015-12-17,25629.090000
2015-12-18,25629.090000
2015-12-19,25629.090000
2015-12-20,25629.090000
2015-12-21,25629.090000
2015-12-22,25629.090000
2015-12-23,25629.090000
2015-12-24,25629.090000
2015-12-25,25629.090000
2015-12-26,25629.090000
2015-12-27,25629.090000
2015-12-28,25629.090000
2015-12-29,25629.090000
2015-12-30,25629.090000
2015-12-31,25629.090000
2016-01-01,25629.090000
2016-01-02,25629.090000
2016-01-03,25629.090000
2016-01-04,25629.090000
2016-01-05,25629.090000
2016-01-06,25629.090000
2016-01-07,25629.090000
2016-01-08,25629.090000
2016-01-09,25629.090000
2016-01-10,25629.090000
2016-01-11,25629.090000
2016-01-12,25629.090000
2016-01-13,25629.090000
2016-01-14,25629.090000
2016-01-15,25629.090000
2016-01-16,25629.090000
2016-01-17,25629.090000
2016-01-18,25629.090000
2016-01-19,25629.090000
2016-01-20,25629.090000
2016-01-21,25629.090000
2016-01-22,25629.090000
2016-01-23,25629.090000
2016-01-24,25629.090000
2016-01-25,25629.090000
2016-01-26,25629.090000
2016-01-27,25629.090000
2016-01-28,25629.090000
2016-01-29,25629.090000
2016-01-30,25629.090000
2016-01-31,25629.090000
2016-02-01,25629.090000
2016-02-02,25629.090000
2016-02-03,25629.090000
2016-02-04,25629.090000
2016-02-05,25629.090000
2016-02-06,25629.090000
2016-02-07,25629.090000
2016-02-08,25629.090000
2016-02-09,25629.090000
2016-02-10,25633.500000
2016-02-11,25637.910000
2016-02-12,25642.320000
2016-02-13,25646.730000
2016-02-14,25651.140000
2016-02-15,25655.550000
2016-02-16,25659.960000
2016-02-17,25664.380000
2016-02-18,25668.790000
2016-02-19,25673.210000
2016-02-20,25677.620000
2016-02-21,25682.040000
2016-02-22,25686.460000
2016-02-23,25690.870000
2016-02-24,25695.290000
2016-02-25,25699.710000
2016-02-26,25704.130000
2016-02-27,25708.550000
2016-02-28,25712.980000
2016-02-29,25717.400000
2016-03-01,25721.820000
2016-03-02,25726.250000
2016-03-03,25730.670000
2016-03-04,25735.100000
2016-03-05,25739.520000
2016-03-06,25743.950000
2016-03-07,25748.380000
2016-03-08,25752.810000
2016-03-09,25757.240000
2016-03-10,25759.730000
2016-03-11,25762.220000
2016-03-12,25764.710000
2016-03-13,25767.200000
2016-03-14,25769.690000
2016-03-15,25772.180000
2016-03-16,25774.670000
2016-03-17,25777.160000
2016-03-18,25779.650000
2016-03-19,25782.140000
2016-03-20,25784.630000
2016-03-21,25787.120000
2016-03-22,25789.620000
2016-03-23,25792.110000
2016-03-24,25794.600000
2016-03-25,25797.090000
2016-03-26,25799.590000
2016-03-27,25802.080000
2016-03-28,25804.570000
2016-03-29,25807.070000
2016-03-30,25809.560000
2016-03-31,25812.050000
2016-04-01,25814.550000
2016-04-02,25817.040000
2016-04-03,25819.540000
2016-04-04,25822.030000
2016-04-05,25824.530000
2016-04-06,25827.020000
2016-04-07,25829.520000
2016-04-08,25832.020000
2016-04-09,25834.510000
2016-04-10,25837.950000
2016-04-11,25841.390000
2016-04-12,25844.830000
2016-04-13,25848.260000
2016-04-14,25851.700000
2016-04-15,25855.140000
2016-04-16,25858.590000
2016-04-17,25862.030000
2016-04-18,25865.470000
2016-04-19,25868.910000
2016-04-20,25872.350000
2016-04-21,25875.800000
2016-04-22,25879.240000
2016-04-23,25882.680000
2016-04-24,25886.130000
2016-04-25,25889.570000
2016-04-26,25893.020000
2016-04-27,25896.460000
2016-04-28,25899.910000
2016-04-29,25903.360000
2016-04-30,25906.800000
2016-05-01,25910.250000
2016-05-02,25913.700000
2016-05-03,25917.150000
2016-05-04,25920.600000
2016-05-05,25924.050000
2016-05-06,25927.500000
2016-05-07,25930.950000
2016-05-08,25934.400000
2016-05-09,25937.850000
2016-05-10,25940.360000
2016-05-11,25942.860000
2016-05-12,25945.370000
2016-05-13,25947.880000
2016-05-14,25950.380000
2016-05-15,25952.890000
2016-05-16,25955.400000
2016-05-17,25957.910000
2016-05-18,25960.420000
2016-05-19,25962.930000
2016-05-20,25965.430000
2016-05-21,25967.940000
2016-05-22,25970.450000
2016-05-23,25972.960000
2016-05-24,25975.470000
2016-05-25,25977.980000
2016-05-26,25980.490000
2016-05-27,25983.000000
2016-05-28,25985.510000
2016-05-29,25988.030000
2016-05-30,25990.540000
2016-05-31,25993.050000
2016-06-01,25995.560000
2016-06-02,25998.070000
2016-06-03,26000.580000
2016-06-04,26003.100000
2016-06-05,26005.610000
2016-06-06,26008.120000
2016-06-07,26010.640000
2016-06-08,26013.150000
2016-06-09,26015.660000
2016-06-10,26017.390000
2016-06-11,26019.130000
2016-06-12,26020.860000
2016-06-13,26022.590000
2016-06-14,26024.320000
2016-06-15,26026.060000
2016-06-16,26027.790000
2016-06-17,26029.520000
2016-06-18,26031.260000
2016-06-19,26032.990000
2016-06-20,26034.730000
2016-06-21,26036.460000
2016-06-22,26038.190000
2016-06-23,26039.930000
2016-06-24,26041.660000
2016-06-25,26043.400000
2016-06-26,26045.130000
2016-06-27,26046.870000
2016-06-28,26048.600000
2016-06-29,26050.340000
2016-06-30,26052.070000
2016-07-01,26053.810000
2016-07-02,26055.540000
2016-07-03,26057.280000
2016-07-04,26059.010000
2016-07-05,26060.750000
2016-07-06,26062.480000
2016-07-07,26064.220000
2016-07-08,26065.960000
2016-07-09,26067.690000
2016-07-10,26071.050000
2016-07-11,26074.400000
2016-07-12,26077.760000
2016-07-13,26081.120000
2016-07-14,26084.480000
2016-07-15,26087.840000
2016-07-16,26091.200000
2016-07-17,26094.560000
2016-07-18,26097.920000
2016-07-19,26101.280000
2016-07-20,26104.640000
2016-07-21,26108.000000
2016-07-22,26111.370000
2016-07-23,26114.730000
2016-07-24,26118.090000
2016-07-25,26121.460000
2016-07-26,26124.820000
2016-07-27,26128.180000
2016-07-28,26131.550000
2016-07-29,26134.910000
2016-07-30,26138.280000
2016-07-31,26141.650000
2016-08-01,26145.010000
2016-08-02,26148.380000
2016-08-03,26151.750000
2016-08-04,26155.110000
2016-08-05,26158.480000
2016-08-06,26161.850000
2016-08-07,26165.220000
2016-08-08,26168.590000
2016-08-09,26171.960000
2016-08-10,26173.650000
2016-08-11,26175.330000
2016-08-12,26177.020000
2016-08-13,26178.710000
2016-08-14,26180.400000
2016-08-15,26182.080000
2016-08-16,26183.770000
2016-08-17,26185.460000
2016-08-18,26187.150000
2016-08-19,26188.830000
2016-08-20,26190.520000
2016-08-21,26192.210000
2016-08-22,26193.900000
2016-08-23,26195.590000
2016-08-24,26197.270000
2016-08-25,26198.960000
2016-08-26,26200.650000
2016-08-27,26202.340000
2016-08-28,26204.030000
2016-08-29,26205.720000
2016-08-30,26207.410000
2016-08-31,26209.100000
2016-09-01,26210.790000
2016-09-02,26212.480000
2016-09-03,26214.160000
2016-09-04,26215.850000
2016-09-05,26217.540000
2016-09-06,26219.230000
2016-09-07,26220.920000
2016-09-08,26222.610000
2016-09-09,26224.300000
2016-09-10,26224.300000
2016-09-11,26224.300000
2016-09-12,26224.300000
2016-09-13,26224.300000
2016-09-14,26224.300000
2016-09-15,26224.300000
2016-09-16,26224.300000
2016-09-17,26224.300000
2016-09-18,26224.300000
2016-09-19,26224.300000
2016-09-20,26224.300000
2016-09-21,26224.300000
2016-09-22,26224.300000
2016-09-23,26224.300000
2016-09-24,26224.300000
2016-09-25,26224.300000
2016-09-26,26224.300000
2016-09-27,26224.300000
2016-09-28,26224.300000
2016-09-29,26224.300000
2016-09-30,26224.300000
2016-10-01,26224.300000
2016-10-02,26224.300000
2016-10-03,26224.300000
2016-10-04,26224.300000
2016-10-05,26224.300000
2016-10-06,26224.300000
2016-10-07,26224.300000
2016-10-08,26224.300000
2016-10-09,26224.300000
2016-10-10,26225.990000
2016-10-11,26227.680000
2016-10-12,26229.370000
2016-10-13,26231.060000
2016-10-14,26232.750000
2016-10-15,26234.440000
2016-10-16,26236.130000
2016-10-17,26237.830000
2016-10-18,26239.520000
2016-10-19,26241.210000
2016-10-20,26242.900000
2016-10-21,26244.590000
2016-10-22,26246.280000
2016-10-23,26247.970000
2016-10-24,26249.670000
2016-10-25,26251.360000
2016-10-26,26253.050000
2016-10-27,26254.740000
2016-10-28,26256.430000
2016-10-29,26258.130000
2016-10-30,26259.820000
2016-10-31,26261.510000
2016-11-01,26263.200000
2016-11-02,26264.900000
2016-11-03,26266.590000
2016-11-04,26268.280000
2016-11-05,26269.980000
2016-11-06,26271.670000
2016-11-07,26273.360000
2016-11-08,26275.060000
2016-11-09,26276.750000
2016-11-10,26278.500000
2016-11-11,26280.250000
2016-11-12,26282.000000
2016-11-13,26283.750000
2016-11-14,26285.500000
2016-11-15,26287.250000
2016-11-16,26289.000000
2016-11-17,26290.750000
2016-11-18,26292.510000
2016-11-19,26294.260000
2016-11-20,26296.010000
2016-11-21,26297.760000
2016-11-22,26299.510000
2016-11-23,26301.260000
2016-11-24,26303.010000
2016-11-25,26304.770000
2016-11-26,26306.520000
2016-11-27,26308.270000
2016-11-28,26310.020000
2016-11-29,26311.770000
2016-11-30,26313.530000
2016-12-01,26315.280000
2016-12-02,26317.030000
2016-12-03,26318.780000
2016-12-04,26320.540000
2016-12-05,26322.290000
2016-12-06,26324.040000
2016-12-07,26325.800000
2016-12-08,26327.550000
2016-12-09,26329.300000
2016-12-10,26330.150000
2016-12-11,26331.000000
2016-12-12,26331.850000
2016-12-13,26332.700000
2016-12-14,26333.540000
2016-12-15,26334.390000
2016-12-16,26335.240000
2016-12-17,26336.090000
2016-12-18,26336.940000
2016-12-19,26337.790000
2016-12-20,26338.640000
2016-12-21,26339.490000
2016-12-22,26340.340000
2016-12-23,26341.190000
2016-12-24,26342.040000
2016-12-25,26342.890000
2016-12-26,26343.740000
2016-12-27,26344.580000
2016-12-28,26345.430000
2016-12-29,26346.280000
2016-12-30,26347.130000
2016-12-31,26347.980000
2017-01-01,26348.830000
2017-01-02,26349.680000
2017-01-03,26350.530000
2017-01-04,26351.380000
2017-01-05,26352.230000
2017-01-06,26353.080000
2017-01-07,26353.930000
2017-01-08,26354.780000
2017-01-09,26355.630000
2017-01-10,26353.930000
2017-01-11,26352.230000
2017-01-12,26350.520000
2017-01-13,26348.820000
2017-01-14,26347.120000
2017-01-15,26345.420000
2017-01-16,26343.720000
2017-01-17,26342.020000
2017-01-18,26340.320000
2017-01-19,26338.610000
2017-01-20,26336.910000
2017-01-21,26335.210000
2017-01-22,26333.510000
2017-01-23,26331.810000
2017-01-24,26330.110000
2017-01-25,26328.410000
2017-01-26,26326.710000
2017-01-27,26325.010000
2017-01-28,26323.310000
2017-01-29,26321.610000
2017-01-30,26319.910000
2017-01-31,26318.210000
2017-02-01,26316.510000
2017-02-02,26314.810000
2017-02-03,26313.110000
2017-02-04,26311.410000
2017-02-05,26309.710000
2017-02-06,26308.020000
2017-02-07,26306.320000
2017-02-08,26304.620000
2017-02-09,26302.920000
2017-02-10,26307.610000
2017-02-11,26312.290000
2017-02-12,26316.980000
2017-02-13,26321.670000
2017-02-14,26326.360000
2017-02-15,26331.050000
2017-02-16,26335.740000
2017-02-17,26340.430000
2017-02-18,26345.120000
2017-02-19,26349.810000
2017-02-20,26354.510000
2017-02-21,26359.200000
2017-02-22,26363.900000
2017-02-23,26368.600000
2017-02-24,26373.290000
2017-02-25,26377.990000
2017-02-26,26382.690000
2017-02-27,26387.390000
2017-02-28,26392.090000
2017-03-01,26396.790000
2017-03-02,26401.490000
2017-03-03,26406.200000
2017-03-04,26410.900000
2017-03-05,26415.610000
2017-03-06,26420.310000
2017-03-07,26425.020000
2017-03-08,26429.730000
2017-03-09,26434.430000
2017-03-10,26436.130000
2017-03-11,26437.840000
2017-03-12,26439.540000
2017-03-13,26441.250000
2017-03-14,26442.950000
2017-03-15,26444.650000
2017-03-16,26446.360000
2017-03-17,26448.060000
2017-03-18,26449.770000
2017-03-19,26451.470000
2017-03-20,26453.180000
2017-03-21,26454.880000
2017-03-22,26456.590000
2017-03-23,26458.290000
2017-03-24,26460.000000
2017-03-25,26461.700000
2017-03-26,26463.410000
2017-03-27,26465.120000
2017-03-28,26466.820000
2017-03-29,26468.530000
2017-03-30,26470.230000
2017-03-31,26471.940000
2017-04-01,26473.650000
2017-04-02,26475.350000
2017-04-03,26477.060000
2017-04-04,26478.760000
2017-04-05,26480.470000
2017-04-06,26482.180000
2017-04-07,26483.880000
2017-04-08,26485.590000
2017-04-09,26487.300000
2017-04-10,26490.820000
2017-04-11,26494.350000
2017-04-12,26497.880000
2017-04-13,26501.400000
2017-04-14,26504.930000
2017-04-15,26508.460000
2017-04-16,26511.980000
2017-04-17,26515.510000
2017-04-18,26519.040000
2017-04-19,26522.570000
2017-04-20,26526.100000
2017-04-21,26529.630000
2017-04-22,26533.160000
2017-04-23,26536.690000
2017-04-24,26540.220000
2017-04-25,26543.750000
2017-04-26,26547.290000
2017-04-27,26550.820000
2017-04-28,26554.350000
2017-04-29,26557.890000
2017-04-30,26561.420000
2017-05-01,26564.950000
2017-05-02,26568.490000
2017-05-03,26572.030000
2017-05-04,26575.560000
2017-05-05,26579.100000
2017-05-06,26582.640000
2017-05-07,26586.170000
2017-05-08,26589.710000
2017-05-09,26593.250000
2017-05-10,26594.960000
2017-05-11,26596.680000
2017-05-12,26598.390000
2017-05-13,26600.110000
2017-05-14,26601.820000
2017-05-15,26603.540000
2017-05-16,26605.250000
2017-05-17,26606.970000
2017-05-18,26608.680000
2017-05-19,26610.400000
2017-05-20,26612.110000
2017-05-21,26613.830000
2017-05-22,26615.540000
2017-05-23,26617.260000
2017-05-24,26618.970000
2017-05-25,26620.690000
2017-05-26,26622.400000
2017-05-27,26624.120000
2017-05-28,26625.840000
2017-05-29,26627.550000
2017-05-30,26629.270000
2017-05-31,26630.980000
2017-06-01,26632.700000
2017-06-02,26634.420000
2017-06-03,26636.130000
2017-06-04,26637.850000
2017-06-05,26639.570000
2017-06-06,26641.280000
2017-06-07,26643.000000
2017-06-08,26644.720000
2017-06-09,26646.440000
2017-06-10,26647.330000
2017-06-11,26648.220000
2017-06-12,26649.100000
2017-06-13,26649.990000
2017-06-14,26650.880000
2017-06-15,26651.770000
2017-06-16,26652.660000
2017-06-17,26653.540000
2017-06-18,26654.430000
2017-06-19,26655.320000
2017-06-20,26656.210000
2017-06-21,26657.100000
2017-06-22,26657.980000
2017-06-23,26658.870000
2017-06-24,26659.760000
2017-06-25,26660.650000
2017-06-26,26661.540000
2017-06-27,26662.420000
2017-06-28,26663.310000
2017-06-29,26664.200000
2017-06-30,26665.090000
2017-07-01,26665.980000
2017-07-02,26666.870000
2017-07-03,26667.760000
2017-07-04,26668.640000
2017-07-05,26669.530000
2017-07-06,26670.420000
2017-07-07,26671.310000
2017-07-08,26672.200000
2017-07-09,26673.090000
2017-07-10,26669.640000
2017-07-11,26666.190000
2017-07-12,26662.750000
2017-07-13,26659.300000
2017-07-14,26655.850000
2017-07-15,26652.410000
2017-07-16,26648.960000
2017-07-17,26645.520000
2017-07-18,26642.070000
2017-07-19,26638.630000
2017-07-20,26635.180000
2017-07-21,26631.740000
2017-07-22,26628.300000
2017-07-23,26624.850000
2017-07-24,26621.410000
2017-07-25,26617.970000
2017-07-26,26614.530000
2017-07-27,26611.090000
2017-07-28,26607.650000
2017-07-29,26604.210000
2017-07-30,26600.770000
2017-07-31,26597.330000
2017-08-01,26593.890000
2017-08-02,26590.450000
2017-08-03,26587.010000
2017-08-04,26583.580000
2017-08-05,26580.140000
2017-08-06,26576.700000
2017-08-07,26573.270000
2017-08-08,26569.830000
2017-08-09,26566.400000
2017-08-10,26568.110000
2017-08-11,26569.820000
2017-08-12,26571.540000
2017-08-13,26573.250000
2017-08-14,26574.960000
2017-08-15,26576.680000
2017-08-16,26578.390000
2017-08-17,26580.100000
2017-08-18,26581.810000
2017-08-19,26583.530000
2017-08-20,26585.240000
2017-08-21,26586.950000
2017-08-22,26588.670000
2017-08-23,26590.380000
2017-08-24,26592.100000
2017-08-25,26593.810000
2017-08-26,26595.520000
2017-08-27,26597.240000
2017-08-28,26598.950000
2017-08-29,26600.670000
2017-08-30,26602.380000
2017-08-31,26604.100000
2017-09-01,26605.810000
2017-09-02,26607.530000
2017-09-03,26609.240000
2017-09-04,26610.960000
2017-09-05,26612.670000
2017-09-06,26614.390000
2017-09-07,26616.100000
2017-09-08,26617.820000
2017-09-09,26619.530000
2017-09-10,26621.300000
2017-09-11,26623.080000
2017-09-12,26624.850000
2017-09-13,26626.620000
2017-09-14,26628.400000
2017-09-15,26630.170000
2017-09-16,26631.940000
2017-09-17,26633.720000
2017-09-18,26635.490000
2017-09-19,26637.260000
2017-09-20,26639.040000
2017-09-21,26640.810000
2017-09-22,26642.590000
2017-09-23,26644.360000
2017-09-24,26646.140000
2017-09-25,26647.910000
2017-09-26,26649.690000
2017-09-27,26651.460000
2017-09-28,26653.240000
2017-09-29,26655.010000
2017-09-30,26656.790000
2017-10-01,26658.560000
2017-10-02,26660.340000
2017-10-03,26662.110000
2017-10-04,26663.890000
2017-10-05,26665.660000
2017-10-06,26667.440000
2017-10-07,26669.220000
2017-10-08,26670.990000
2017-10-09,26672.770000
2017-10-10,26671.050000
2017-10-11,26669.330000
2017-10-12,26667.600000
2017-10-13,26665.880000
2017-10-14,26664.160000
2017-10-15,26662.440000
2017-10-16,26660.710000
2017-10-17,26658.990000
2017-10-18,26657.270000
2017-10-19,26655.550000
2017-10-20,26653.830000
2017-10-21,26652.110000
2017-10-22,26650.390000
2017-10-23,26648.670000
2017-10-24,26646.940000
2017-10-25,26645.220000
2017-10-26,26643.500000
2017-10-27,26641.780000
2017-10-28,26640.060000
2017-10-29,26638.340000
2017-10-30,26636.620000
2017-10-31,26634.900000
2017-11-01,26633.180000
2017-11-02,26631.460000
2017-11-03,26629.740000
2017-11-04,26628.020000
2017-11-05,26626.300000
2017-11-06,26624.580000
2017-11-07,26622.860000
2017-11-08,26621.140000
2017-11-09,26619.420000
2017-11-10,26624.730000
2017-11-11,26630.040000
2017-11-12,26635.350000
2017-11-13,26640.660000
2017-11-14,26645.970000
2017-11-15,26651.290000
2017-11-16,26656.600000
2017-11-17,26661.920000
2017-11-18,26667.230000
2017-11-19,26672.550000
2017-11-20,26677.870000
2017-11-21,26683.190000
2017-11-22,26688.510000
2017-11-23,26693.840000
2017-11-24,26699.160000
2017-11-25,26704.480000
2017-11-26,26709.810000
2017-11-27,26715.140000
2017-11-28,26720.460000
2017-11-29,26725.790000
2017-11-30,26731.120000
2017-12-01,26736.450000
2017-12-02,26741.780000
2017-12-03,26747.120000
2017-12-04,26752.450000
2017-12-05,26757.790000
2017-12-06,26763.120000
2017-12-07,26768.460000
2017-12-08,26773.800000
2017-12-09,26779.140000
2017-12-10,26780.000000
2017-12-11,26780.870000
2017-12-12,26781.730000
2017-12-13,26782.590000
2017-12-14,26783.460000
2017-12-15,26784.320000
2017-12-16,26785.180000
2017-12-17,26786.050000
2017-12-18,26786.910000
2017-12-19,26787.780000
2017-12-20,26788.640000
2017-12-21,26789.500000
2017-12-22,26790.370000
2017-12-23,26791.230000
2017-12-24,26792.090000
2017-12-25,26792.960000
2017-12-26,26793.820000
2017-12-27,26794.690000
2017-12-28,26795.550000
2017-12-29,26796.410000
2017-12-30,26797.280000
2017-12-31,26798.140000
2018-01-01,26799.010000
2018-01-02,26799.870000
2018-01-03,26800.730000
2018-01-04,26801.600000
2018-01-05,26802.460000
2018-01-06,26803.330000
2018-01-07,26804.190000
2018-01-08,26805.050000
2018-01-09,26805.920000
2018-01-10,26806.780000
2018-01-11,26807.650000
2018-01-12,26808.510000
2018-01-13,26809.380000
2018-01-14,26810.240000
2018-01-15,26811.110000
2018-01-16,26811.970000
2018-01-17,26812.840000
2018-01-18,26813.700000
2018-01-19,26814.560000
2018-01-20,26815.430000
2018-01-21,26816.290000
2018-01-22,26817.160000
2018-01-23,26818.020000
2018-01-24,26818.890000
2018-01-25,26819.750000
2018-01-26,26820.620000
2018-01-27,26821.480000
2018-01-28,26822.350000
2018-01-29,26823.210000
2018-01-30,26824.080000
2018-01-31,26824.940000
2018-02-01,26825.810000
2018-02-02,26826.670000
2018-02-03,26827.540000
2018-02-04,26828.400000
2018-02-05,26829.270000
2018-02-06,26830.130000
2018-02-07,26831.000000
2018-02-08,26831.860000
2018-02-09,26832.730000
2018-02-10,26837.510000
2018-02-11,26842.290000
2018-02-12,26847.070000
2018-02-13,26851.860000
2018-02-14,26856.640000
2018-02-15,26861.420000
2018-02-16,26866.210000
2018-02-17,26870.990000
2018-02-18,26875.780000
2018-02-19,26880.570000
2018-02-20,26885.360000
2018-02-21,26890.150000
2018-02-22,26894.940000
2018-02-23,26899.730000
2018-02-24,26904.520000
2018-02-25,26909.310000
2018-02-26,26914.110000
2018-02-27,26918.900000
2018-02-28,26923.700000
2018-03-01,26928.490000
2018-03-02,26933.290000
2018-03-03,26938.090000
2018-03-04,26942.890000
2018-03-05,26947.690000
2018-03-06,26952.490000
2018-03-07,26957.290000
2018-03-08,26962.090000
2018-03-09,26966.890000
2018-03-10,26966.890000
2018-03-11,26966.890000
2018-03-12,26966.890000
2018-03-13,26966.890000
2018-03-14,26966.890000
2018-03-15,26966.890000
2018-03-16,26966.890000
2018-03-17,26966.890000
2018-03-18,26966.890000
2018-03-19,26966.890000
2018-03-20,26966.890000
2018-03-21,26966.890000
2018-03-22,26966.890000
2018-03-23,26966.890000
2018-03-24,26966.890000
2018-03-25,26966.890000
2018-03-26,26966.890000
2018-03-27,26966.890000
2018-03-28,26966.890000
2018-03-29,26966.890000
2018-03-30,26966.890000
2018-03-31,26966.890000
2018-04-01,26966.890000
2018-04-02,26966.890000
2018-04-03,26966.890000
2018-04-04,26966.890000
2018-04-05,26966.890000
2018-04-06,26966.890000
2018-04-07,26966.890000
2018-04-08,26966.890000
2018-04-09,26966.890000
2018-04-10,26968.690000
2018-04-11,26970.480000
2018-04-12,26972.280000
2018-04-13,26974.070000
2018-04-14,26975.870000
2018-04-15,26977.670000
2018-04-16,26979.460000
2018-04-17,26981.260000
2018-04-18,26983.060000
2018-04-19,26984.860000
2018-04-20,26986.650000
2018-04-21,26988.450000
2018-04-22,26990.250000
2018-04-23,26992.050000
2018-04-24,26993.840000
2018-04-25,26995.640000
2018-04-26,26997.440000
2018-04-27,26999.240000
2018-04-28,27001.040000
2018-04-29,27002.830000
2018-04-30,27004.630000
2018-05-01,27006.430000
2018-05-02,27008.230000
2018-05-03,27010.030000
2018-05-04,27011.830000
2018-05-05,27013.630000
2018-05-06,27015.430000
2018-05-07,27017.220000
2018-05-08,27019.020000
2018-05-09,27020.820000
2018-05-10,27023.430000
2018-05-11,27026.040000
2018-05-12,27028.650000
2018-05-13,27031.270000
2018-05-14,27033.880000
2018-05-15,27036.490000
2018-05-16,27039.100000
2018-05-17,27041.720000
2018-05-18,27044.330000
2018-05-19,27046.940000
2018-05-20,27049.560000
2018-05-21,27052.170000
2018-05-22,27054.780000
2018-05-23,27057.400000
2018-05-24,27060.010000
2018-05-25,27062.630000
2018-05-26,27065.240000
2018-05-27,27067.860000
2018-05-28,27070.470000
2018-05-29,27073.090000
2018-05-30,27075.710000
2018-05-31,27078.320000
2018-06-01,27080.940000
2018-06-02,27083.560000
2018-06-03,27086.170000
2018-06-04,27088.790000
2018-06-05,27091.410000
2018-06-06,27094.030000
2018-06-07,27096.650000
2018-06-08,27099.260000
2018-06-09,27101.880000
2018-06-10,27104.590000
2018-06-11,27107.290000
2018-06-12,27110.000000
2018-06-13,27112.710000
2018-06-14,27115.410000
2018-06-15,27118.120000
2018-06-16,27120.830000
2018-06-17,27123.540000
2018-06-18,27126.250000
2018-06-19,27128.950000
2018-06-20,27131.660000
2018-06-21,27134.370000
2018-06-22,27137.080000
2018-06-23,27139.790000
2018-06-24,27142.500000
2018-06-25,27145.210000
2018-06-26,27147.920000
2018-06-27,27150.630000
2018-06-28,27153.350000
2018-06-29,27156.060000
2018-06-30,27158.770000
2018-07-01,27161.480000
2018-07-02,27164.190000
2018-07-03,27166.910000
2018-07-04,27169.620000
2018-07-05,27172.330000
2018-07-06,27175.040000
2018-07-07,27177.760000
2018-07-08,27180.470000
2018-07-09,27183.190000
2018-07-10,27184.070000
2018-07-11,27184.940000
2018-07-12,27185.820000
2018-07-13,27186.700000
2018-07-14,27187.570000
2018-07-15,27188.450000
2018-07-16,27189.330000
2018-07-17,27190.200000
2018-07-18,27191.080000
2018-07-19,27191.960000
2018-07-20,27192.830000
2018-07-21,27193.710000
2018-07-22,27194.590000
2018-07-23,27195.460000
2018-07-24,27196.340000
2018-07-25,27197.220000
2018-07-26,27198.090000
2018-07-27,27198.970000
2018-07-28,27199.850000
2018-07-29,27200.720000
2018-07-30,27201.600000
2018-07-31,27202.480000
2018-08-01,27203.360000
2018-08-02,27204.230000
2018-08-03,27205.110000
2018-08-04,27205.990000
2018-08-05,27206.860000
2018-08-06,27207.740000
2018-08-07,27208.620000
2018-08-08,27209.500000
2018-08-09,27210.370000
2018-08-10,27213.870000
2018-08-11,27217.380000
2018-08-12,27220.880000
2018-08-13,27224.390000
2018-08-14,27227.900000
2018-08-15,27231.400000
2018-08-16,27234.910000
2018-08-17,27238.420000
2018-08-18,27241.920000
2018-08-19,27245.430000
2018-08-20,27248.940000
2018-08-21,27252.450000
2018-08-22,27255.960000
2018-08-23,27259.470000
2018-08-24,27262.980000
2018-08-25,27266.490000
2018-08-26,27270.000000
2018-08-27,27273.520000
2018-08-28,27277.030000
2018-08-29,27280.540000
2018-08-30,27284.050000
2018-08-31,27287.570000
2018-09-01,27291.080000
2018-09-02,27294.600000
2018-09-03,27298.110000
2018-09-04,27301.630000
2018-09-05,27305.140000
2018-09-06,27308.660000
2018-09-07,27312.180000
2018-09-08,27315.690000
2018-09-09,27319.210000
2018-09-10,27321.030000
2018-09-11,27322.850000
2018-09-12,27324.670000
2018-09-13,27326.490000
2018-09-14,27328.310000
2018-09-15,27330.130000
2018-09-16,27331.950000
2018-09-17,27333.770000
2018-09-18,27335.590000
2018-09-19,27337.410000
2018-09-20,27339.230000
2018-09-21,27341.050000
2018-09-22,27342.870000
2018-09-23,27344.690000
2018-09-24,27346.520000
2018-09-25,27348.340000
2018-09-26,27350.160000
2018-09-27,27351.980000
2018-09-28,27353.800000
2018-09-29,27355.620000
2018-09-30,27357.450000
2018-10-01,27359.270000
2018-10-02,27361.090000
2018-10-03,27362.910000
2018-10-04,27364.730000
2018-10-05,27366.560000
2018-10-06,27368.380000
2018-10-07,27370.200000
2018-10-08,27372.030000
2018-10-09,27373.850000
2018-10-10,27376.500000
2018-10-11,27379.140000
2018-10-12,27381.790000
2018-10-13,27384.430000
2018-10-14,27387.080000
2018-10-15,27389.730000
2018-10-16,27392.370000
2018-10-17,27395.020000
2018-10-18,27397.670000
2018-10-19,27400.310000
2018-10-20,27402.960000
2018-10-21,27405.610000
2018-10-22,27408.260000
2018-10-23,27410.910000
2018-10-24,27413.560000
2018-10-25,27416.200000
2018-10-26,27418.850000
2018-10-27,27421.500000
2018-10-28,27424.150000
2018-10-29,27426.800000
2018-10-30,27429.450000
2018-10-31,27432.100000
2018-11-01,27434.760000
2018-11-02,27437.410000
2018-11-03,27440.060000
2018-11-04,27442.710000
2018-11-05,27445.360000
2018-11-06,27448.010000
2018-11-07,27450.670000
2018-11-08,27453.320000
2018-11-09,27455.970000
2018-11-10,27459.620000
2018-11-11,27463.280000
2018-11-12,27466.930000
2018-11-13,27470.590000
2018-11-14,27474.240000
2018-11-15,27477.900000
2018-11-16,27481.560000
2018-11-17,27485.210000
2018-11-18,27488.870000
2018-11-19,27492.530000
2018-11-20,27496.190000
2018-11-21,27499.850000
2018-11-22,27503.510000
2018-11-23,27507.170000
2018-11-24,27510.830000
2018-11-25,27514.490000
2018-11-26,27518.150000
2018-11-27,27521.810000
2018-11-28,27525.470000
2018-11-29,27529.140000
2018-11-30,27532.800000
2018-12-01,27536.460000
2018-12-02,27540.130000
2018-12-03,27543.790000
2018-12-04,27547.460000
2018-12-05,27551.130000
2018-12-06,27554.790000
2018-12-07,27558.460000
2018-12-08,27562.130000
2018-12-09,27565.790000
2018-12-10,27565.790000
2018-12-11,27565.790000
2018-12-12,27565.790000
2018-12-13,27565.790000
2018-12-14,27565.790000
2018-12-15,27565.790000
2018-12-16,27565.790000
2018-12-17,27565.790000
2018-12-18,27565.790000
2018-12-19,27565.790000
2018-12-20,27565.790000
2018-12-21,27565.790000
2018-12-22,27565.790000
2018-12-23,27565.790000
2018-12-24,27565.790000
2018-12-25,27565.790000
2018-12-26,27565.790000
2018-12-27,27565.790000
2018-12-28,27565.790000
2018-12-29,27565.790000
2018-12-30,27565.790000
2018-12-31,27565.790000
2019-01-01,27565.790000
2019-01-02,27565.790000
2019-01-03,27565.790000
2019-01-04,27565.790000
2019-01-05,27565.790000
2019-01-06,27565.790000
2019-01-07,27565.790000
2019-01-08,27565.790000
2019-01-09,27565.790000
2019-01-10,27564.900000
2019-01-11,27564.010000
2019-01-12,27563.120000
2019-01-13,27562.230000
2019-01-14,27561.340000
2019-01-15,27560.450000
2019-01-16,27559.560000
2019-01-17,27558.670000
2019-01-18,27557.780000
2019-01-19,27556.890000
2019-01-20,27556.010000
2019-01-21,27555.120000
2019-01-22,27554.230000
2019-01-23,27553.340000
2019-01-24,27552.450000
2019-01-25,27551.560000
2019-01-26,27550.670000
2019-01-27,27549.780000
2019-01-28,27548.890000
2019-01-29,27548.000000
2019-01-30,27547.110000
2019-01-31,27546.220000
2019-02-01,27545.340000
2019-02-02,27544.450000
2019-02-03,27543.560000
2019-02-04,27542.670000
2019-02-05,27541.780000
2019-02-06,27540.890000
2019-02-07,27540.000000
2019-02-08,27539.110000
2019-02-09,27538.220000
2019-02-10,27539.200000
2019-02-11,27540.190000
2019-02-12,27541.170000
2019-02-13,27542.150000
2019-02-14,27543.140000
2019-02-15,27544.120000
2019-02-16,27545.100000
2019-02-17,27546.090000
2019-02-18,27547.070000
2019-02-19,27548.050000
2019-02-20,27549.040000
2019-02-21,27550.020000
2019-02-22,27551.000000
2019-02-23,27551.990000
2019-02-24,27552.970000
2019-02-25,27553.950000
2019-02-26,27554.940000
2019-02-27,27555.920000
2019-02-28,27556.900000
2019-03-01,27557.890000
2019-03-02,27558.870000
2019-03-03,27559.850000
2019-03-04,27560.840000
2019-03-05,27561.820000
2019-03-06,27562.810000
2019-03-07,27563.790000
2019-03-08,27564.770000
2019-03-09,27565.760000
2019-03-10,27565.760000
2019-03-11,27565.760000
2019-03-12,27565.760000
2019-03-13,27565.760000
2019-03-14,27565.760000
2019-03-15,27565.760000
2019-03-16,27565.760000
2019-03-17,27565.760000
2019-03-18,27565.760000
2019-03-19,27565.760000
2019-03-20,27565.760000
2019-03-21,27565.760000
2019-03-22,27565.760000
2019-03-23,27565.760000
2019-03-24,27565.760000
2019-03-25,27565.760000
2019-03-26,27565.760000
2019-03-27,27565.760000
2019-03-28,27565.760000
2019-03-29,27565.760000
2019-03-30,27565.760000
2019-03-31,27565.760000
2019-04-01,27565.760000
2019-04-02,27565.760000
2019-04-03,27565.760000
2019-04-04,27565.760000
2019-04-05,27565.760000
2019-04-06,27565.760000
2019-04-07,27565.760000
2019-04-08,27565.760000
2019-04-09,27565.760000
2019-04-10,27570.340000
2019-04-11,27574.930000
2019-04-12,27579.510000
2019-04-13,27584.100000
2019-04-14,27588.680000
2019-04-15,27593.270000
2019-04-16,27597.860000
2019-04-17,27602.450000
2019-04-18,27607.040000
2019-04-19,27611.630000
2019-04-20,27616.220000
2019-04-21,27620.810000
2019-04-22,27625.400000
2019-04-23,27629.990000
2019-04-24,27634.590000
2019-04-25,27639.180000
2019-04-26,27643.780000
2019-04-27,27648.370000
2019-04-28,27652.970000
2019-04-29,27657.570000
2019-04-30,27662.170000
2019-05-01,27666.770000
2019-05-02,27671.370000
2019-05-03,27675.970000
2019-05-04,27680.570000
2019-05-05,27685.170000
2019-05-06,27689.770000
2019-05-07,27694.380000
2019-05-08,27698.980000
2019-05-09,27703.590000
2019-05-10,27706.270000
2019-05-11,27708.940000
2019-05-12,27711.620000
2019-05-13,27714.300000
2019-05-14,27716.980000
2019-05-15,27719.660000
2019-05-16,27722.340000
2019-05-17,27725.010000
2019-05-18,27727.690000
2019-05-19,27730.370000
2019-05-20,27733.050000
2019-05-21,27735.730000
2019-05-22,27738.410000
2019-05-23,27741.090000
2019-05-24,27743.770000
2019-05-25,27746.450000
2019-05-26,27749.140000
2019-05-27,27751.820000
2019-05-28,27754.500000
2019-05-29,27757.180000
2019-05-30,27759.860000
2019-05-31,27762.550000
2019-06-01,27765.230000
2019-06-02,27767.910000
2019-06-03,27770.600000
2019-06-04,27773.280000
2019-06-05,27775.960000
2019-06-06,27778.650000
2019-06-07,27781.330000
2019-06-08,27784.020000
2019-06-09,27786.700000
2019-06-10,27792.240000
2019-06-11,27797.780000
2019-06-12,27803.330000
2019-06-13,27808.870000
2019-06-14,27814.420000
2019-06-15,27819.960000
2019-06-16,27825.510000
2019-06-17,27831.060000
2019-06-18,27836.610000
2019-06-19,27842.160000
2019-06-20,27847.710000
2019-06-21,27853.270000
2019-06-22,27858.820000
2019-06-23,27864.380000
2019-06-24,27869.940000
2019-06-25,27875.490000
2019-06-26,27881.050000
2019-06-27,27886.610000
2019-06-28,27892.170000
2019-06-29,27897.740000
2019-06-30,27903.300000
2019-07-01,27908.860000
2019-07-02,27914.430000
2019-07-03,27920.000000
2019-07-04,27925.560000
2019-07-05,27931.130000
2019-07-06,27936.700000
2019-07-07,27942.270000
2019-07-08,27947.850000
2019-07-09,27953.420000
2019-07-10,27953.420000
2019-07-11,27953.420000
2019-07-12,27953.420000
2019-07-13,27953.420000
2019-07-14,27953.420000
2019-07-15,27953.420000
2019-07-16,27953.420000
2019-07-17,27953.420000
2019-07-18,27953.420000
2019-07-19,27953.420000
2019-07-20,27953.420000
2019-07-21,27953.420000
2019-07-22,27953.420000
2019-07-23,27953.420000
2019-07-24,27953.420000
2019-07-25,27953.420000
2019-07-26,27953.420000
2019-07-27,27953.420000
2019-07-28,27953.420000
2019-07-29,27953.420000
2019-07-30,27953.420000
2019-07-31,27953.420000
2019-08-01,27953.420000
2019-08-02,27953.420000
2019-08-03,27953.420000
2019-08-04,27953.420000
2019-08-05,27953.420000
2019-08-06,27953.420000
2019-08-07,27953.420000
2019-08-08,27953.420000
2019-08-09,27953.420000
2019-08-10,27955.220000
2019-08-11,27957.020000
2019-08-12,27958.830000
2019-08-13,27960.630000
2019-08-14,27962.430000
2019-08-15,27964.230000
2019-08-16,27966.030000
2019-08-17,27967.840000
2019-08-18,27969.640000
2019-08-19,27971.440000
2019-08-20,27973.250000
2019-08-21,27975.050000
2019-08-22,27976.850000
2019-08-23,27978.650000
2019-08-24,27980.460000
2019-08-25,27982.260000
2019-08-26,27984.060000
2019-08-27,27985.870000
2019-08-28,27987.670000
2019-08-29,27989.480000
2019-08-30,27991.280000
2019-08-31,27993.080000
2019-09-01,27994.890000
2019-09-02,27996.690000
2019-09-03,27998.500000
2019-09-04,28000.300000
2019-09-05,28002.110000
2019-09-06,28003.910000
2019-09-07,28005.720000
2019-09-08,28007.520000
2019-09-09,28009.330000
2019-09-10,28011.200000
2019-09-11,28013.060000
2019-09-12,28014.930000
2019-09-13,28016.790000
2019-09-14,28018.660000
2019-09-15,28020.520000
2019-09-16,28022.390000
2019-09-17,28024.260000
2019-09-18,28026.120000
2019-09-19,28027.990000
2019-09-20,28029.860000
2019-09-21,28031.720000
2019-09-22,28033.590000
2019-09-23,28035.460000
2019-09-24,28037.330000
2019-09-25,28039.190000
2019-09-26,28041.060000
2019-09-27,28042.930000
2019-09-28,28044.800000
2019-09-29,28046.660000
2019-09-30,28048.530000
2019-10-01,28050.400000
2019-10-02,28052.270000
2019-10-03,28054.140000
2019-10-04,28056.000000
2019-10-05,28057.870000
2019-10-06,28059.740000
2019-10-07,28061.610000
2019-10-08,28063.480000
2019-10-09,28065.350000
2019-10-10,28065.350000
2019-10-11,28065.350000
2019-10-12,28065.350000
2019-10-13,28065.350000
2019-10-14,28065.350000
2019-10-15,28065.350000
2019-10-16,28065.350000
2019-10-17,28065.350000
2019-10-18,28065.350000
2019-10-19,28065.350000
2019-10-20,28065.350000
2019-10-21,28065.350000
2019-10-22,28065.350000
2019-10-23,28065.350000
2019-10-24,28065.350000
2019-10-25,28065.350000
2019-10-26,28065.350000
2019-10-27,28065.350000
2019-10-28,28065.350000
2019-10-29,28065.350000
2019-10-30,28065.350000
2019-10-31,28065.350000
2019-11-01,28065.350000
2019-11-02,28065.350000
2019-11-03,28065.350000
2019-11-04,28065.350000
2019-11-05,28065.350000
2019-11-06,28065.350000
2019-11-07,28065.350000
2019-11-08,28065.350000
2019-11-09,28065.350000
2019-11-10,28072.810000
2019-11-11,28080.260000
2019-11-12,28087.720000
2019-11-13,28095.180000
2019-11-14,28102.650000
2019-11-15,28110.110000
2019-11-16,28117.580000
2019-11-17,28125.050000
2019-11-18,28132.520000
2019-11-19,28139.990000
2019-11-20,28147.470000
2019-11-21,28154.940000
2019-11-22,28162.420000
2019-11-23,28169.900000
2019-11-24,28177.390000
2019-11-25,28184.870000
2019-11-26,28192.360000
2019-11-27,28199.850000
2019-11-28,28207.340000
2019-11-29,28214.830000
2019-11-30,28222.330000
2019-12-01,28229.830000
2019-12-02,28237.320000
2019-12-03,28244.830000
2019-12-04,28252.330000
2019-12-05,28259.830000
2019-12-06,28267.340000
2019-12-07,28274.850000
2019-12-08,28282.360000
2019-12-09,28289.870000
2019-12-10,28290.780000
2019-12-11,28291.690000
2019-12-12,28292.610000
2019-12-13,28293.520000
2019-12-14,28294.430000
2019-12-15,28295.340000
2019-12-16,28296.260000
2019-12-17,28297.170000
2019-12-18,28298.080000
2019-12-19,28298.990000
2019-12-20,28299.910000
2019-12-21,28300.820000
2019-12-22,28301.730000
2019-12-23,28302.640000
2019-12-24,28303.560000
2019-12-25,28304.470000
2019-12-26,28305.380000
2019-12-27,28306.290000
2019-12-28,28307.210000
2019-12-29,28308.120000
2019-12-30,28309.030000
2019-12-31,28309.940000
2020-01-01,28310.860000
2020-01-02,28311.770000
2020-01-03,28312.680000
2020-01-04,28313.600000
2020-01-05,28314.510000
2020-01-06,28315.420000
2020-01-07,28316.330000
2020-01-08,28317.250000
2020-01-09,28318.160000
2020-01-10,28319.070000
2020-01-11,28319.990000
2020-01-12,28320.900000
2020-01-13,28321.810000
2020-01-14,28322.730000
2020-01-15,28323.640000
2020-01-16,28324.550000
2020-01-17,28325.470000
2020-01-18,28326.380000
2020-01-19,28327.290000
2020-01-20,28328.210000
2020-01-21,28329.120000
2020-01-22,28330.030000
2020-01-23,28330.950000
2020-01-24,28331.860000
2020-01-25,28332.770000
2020-01-26,28333.690000
2020-01-27,28334.600000
2020-01-28,28335.510000
2020-01-29,28336.430000
2020-01-30,28337.340000
2020-01-31,28338.250000
2020-02-01,28339.170000
2020-02-02,28340.080000
2020-02-03,28341.000000
2020-02-04,28341.910000
2020-02-05,28342.820000
2020-02-06,28343.740000
2020-02-07,28344.650000
2020-02-08,28345.560000
2020-02-09,28346.480000
2020-02-10,28352.330000
2020-02-11,28358.180000
2020-02-12,28364.030000
2020-02-13,28369.880000
2020-02-14,28375.730000
2020-02-15,28381.590000
2020-02-16,28387.440000
2020-02-17,28393.300000
2020-02-18,28399.150000
2020-02-19,28405.010000
2020-02-20,28410.870000
2020-02-21,28416.730000
2020-02-22,28422.600000
2020-02-23,28428.460000
2020-02-24,28434.320000
2020-02-25,28440.190000
2020-02-26,28446.060000
2020-02-27,28451.930000
2020-02-28,28457.800000
2020-02-29,28463.670000
2020-03-01,28469.540000
2020-03-02,28475.410000
2020-03-03,28481.290000
2020-03-04,28487.160000
2020-03-05,28493.040000
2020-03-06,28498.920000
2020-03-07,28504.800000
2020-03-08,28510.680000
2020-03-09,28516.560000
2020-03-10,28520.230000
2020-03-11,28523.910000
2020-03-12,28527.580000
2020-03-13,28531.250000
2020-03-14,28534.930000
2020-03-15,28538.600000
2020-03-16,28542.280000
2020-03-17,28545.950000
2020-03-18,28549.630000
2020-03-19,28553.310000
2020-03-20,28556.980000
2020-03-21,28560.660000
2020-03-22,28564.340000
2020-03-23,28568.020000
2020-03-24,28571.700000
2020-03-25,28575.380000
2020-03-26,28579.060000
2020-03-27,28582.740000
2020-03-28,28586.420000
2020-03-29,28590.100000
2020-03-30,28593.780000
2020-03-31,28597.460000
2020-04-01,28601.150000
2020-04-02,28604.830000
2020-04-03,28608.510000
2020-04-04,28612.200000
2020-04-05,28615.880000
2020-04-06,28619.570000
2020-04-07,28623.250000
2020-04-08,28626.940000
2020-04-09,28630.630000
2020-04-10,28633.490000
2020-04-11,28636.350000
2020-04-12,28639.210000
2020-04-13,28642.070000
2020-04-14,28644.930000
2020-04-15,28647.790000
2020-04-16,28650.650000
2020-04-17,28653.510000
2020-04-18,28656.370000
2020-04-19,28659.230000
2020-04-20,28662.090000
2020-04-21,28664.960000
2020-04-22,28667.820000
2020-04-23,28670.680000
2020-04-24,28673.540000
2020-04-25,28676.410000
2020-04-26,28679.270000
2020-04-27,28682.130000
2020-04-28,28685.000000
2020-04-29,28687.860000
2020-04-30,28690.730000
2020-05-01,28693.590000
2020-05-02,28696.460000
2020-05-03,28699.320000
2020-05-04,28702.190000
2020-05-05,28705.050000
2020-05-06,28707.920000
2020-05-07,28710.790000
2020-05-08,28713.650000
2020-05-09,28716.520000
2020-05-10,28716.520000
2020-05-11,28716.520000
2020-05-12,28716.520000
2020-05-13,28716.520000
2020-05-14,28716.520000
2020-05-15,28716.520000
2020-05-16,28716.520000
2020-05-17,28716.520000
2020-05-18,28716.520000
2020-05-19,28716.520000
2020-05-20,28716.520000
2020-05-21,28716.520000
2020-05-22,28716.520000
2020-05-23,28716.520000
2020-05-24,28716.520000
2020-05-25,28716.520000
2020-05-26,28716.520000
2020-05-27,28716.520000
2020-05-28,28716.520000
2020-05-29,28716.520000
2020-05-30,28716.520000
2020-05-31,28716.520000
2020-06-01,28716.520000
2020-06-02,28716.520000
2020-06-03,28716.520000
2020-06-04,28716.520000
2020-06-05,28716.520000
2020-06-06,28716.520000
2020-06-07,28716.520000
2020-06-08,28716.520000
2020-06-09,28716.520000
2020-06-10,28715.560000
2020-06-11,28714.600000
2020-06-12,28713.650000
2020-06-13,28712.690000
2020-06-14,28711.730000
2020-06-15,28710.770000
2020-06-16,28709.820000
2020-06-17,28708.860000
2020-06-18,28707.900000
2020-06-19,28706.940000
2020-06-20,28705.990000
2020-06-21,28705.030000
2020-06-22,28704.070000
2020-06-23,28703.120000
2020-06-24,28702.160000
2020-06-25,28701.200000
2020-06-26,28700.240000
2020-06-27,28699.290000
2020-06-28,28698.330000
2020-06-29,28697.370000
2020-06-30,28696.420000
2020-07-01,28695.460000
2020-07-02,28694.500000
2020-07-03,28693.540000
2020-07-04,28692.590000
2020-07-05,28691.630000
2020-07-06,28690.670000
2020-07-07,28689.720000
2020-07-08,28688.760000
2020-07-09,28687.800000
2020-07-10,28686.870000
2020-07-11,28685.950000
2020-07-12,28685.020000
2020-07-13,28684.100000
2020-07-14,28683.170000
2020-07-15,28682.250000
2020-07-16,28681.320000
2020-07-17,28680.390000
2020-07-18,28679.470000
2020-07-19,28678.540000
2020-07-20,28677.620000
2020-07-21,28676.690000
2020-07-22,28675.770000
2020-07-23,28674.840000
2020-07-24,28673.920000
2020-07-25,28672.990000
2020-07-26,28672.060000
2020-07-27,28671.140000
2020-07-28,28670.210000
2020-07-29,28669.290000
2020-07-30,28668.360000
2020-07-31,28667.440000
2020-08-01,28666.510000
2020-08-02,28665.590000
2020-08-03,28664.660000
2020-08-04,28663.740000
2020-08-05,28662.810000
2020-08-06,28661.890000
2020-08-07,28660.960000
2020-08-08,28660.040000
2020-08-09,28659.110000
2020-08-10,28660.030000
2020-08-11,28660.960000
2020-08-12,28661.880000
2020-08-13,28662.810000
2020-08-14,28663.730000
2020-08-15,28664.650000
2020-08-16,28665.580000
2020-08-17,28666.500000
2020-08-18,28667.430000
2020-08-19,28668.350000
2020-08-20,28669.280000
2020-08-21,28670.200000
2020-08-22,28671.120000
2020-08-23,28672.050000
2020-08-24,28672.970000
2020-08-25,28673.900000
2020-08-26,28674.820000
2020-08-27,28675.750000
2020-08-28,28676.670000
2020-08-29,28677.600000
2020-08-30,28678.520000
2020-08-31,28679.450000
2020-09-01,28680.370000
2020-09-02,28681.300000
2020-09-03,28682.220000
2020-09-04,28683.140000
2020-09-05,28684.070000
2020-09-06,28684.990000
2020-09-07,28685.920000
2020-09-08,28686.840000
2020-09-09,28687.770000
2020-09-10,28688.730000
2020-09-11,28689.680000
2020-09-12,28690.640000
2020-09-13,28691.590000
2020-09-14,28692.550000
2020-09-15,28693.510000
2020-09-16,28694.460000
2020-09-17,28695.420000
2020-09-18,28696.370000
2020-09-19,28697.330000
2020-09-20,28698.290000
2020-09-21,28699.240000
2020-09-22,28700.200000
2020-09-23,28701.150000
2020-09-24,28702.110000
2020-09-25,28703.070000
2020-09-26,28704.020000
2020-09-27,28704.980000
2020-09-28,28705.940000
2020-09-29,28706.890000
2020-09-30,28707.850000
2020-10-01,28708.800000
2020-10-02,28709.760000
2020-10-03,28710.720000
2020-10-04,28711.670000
2020-10-05,28712.630000
2020-10-06,28713.590000
2020-10-07,28714.540000
2020-10-08,28715.500000
2020-10-09,28716.460000
2020-10-10,28722.000000
2020-10-11,28727.540000
2020-10-12,28733.090000
2020-10-13,28738.630000
2020-10-14,28744.180000
2020-10-15,28749.730000
2020-10-16,28755.280000
2020-10-17,28760.830000
2020-10-18,28766.380000
2020-10-19,28771.930000
2020-10-20,28777.480000
2020-10-21,28783.030000
2020-10-22,28788.590000
2020-10-23,28794.140000
2020-10-24,28799.700000
2020-10-25,28805.260000
2020-10-26,28810.820000
2020-10-27,28816.380000
2020-10-28,28821.940000
2020-10-29,28827.500000
2020-10-30,28833.070000
2020-10-31,28838.630000
2020-11-01,28844.200000
2020-11-02,28849.760000
2020-11-03,28855.330000
2020-11-04,28860.900000
2020-11-05,28866.470000
2020-11-06,28872.040000
2020-11-07,28877.610000
2020-11-08,28883.180000
2020-11-09,28888.760000
2020-11-10,28895.480000
2020-11-11,28902.200000
2020-11-12,28908.920000
2020-11-13,28915.640000
2020-11-14,28922.370000
2020-11-15,28929.090000
2020-11-16,28935.820000
2020-11-17,28942.550000
2020-11-18,28949.280000
2020-11-19,28956.010000
2020-11-20,28962.740000
2020-11-21,28969.480000
2020-11-22,28976.220000
2020-11-23,28982.950000
2020-11-24,28989.690000
2020-11-25,28996.440000
2020-11-26,29003.180000
2020-11-27,29009.920000
2020-11-28,29016.670000
2020-11-29,29023.420000
2020-11-30,29030.170000
2020-12-01,29036.920000
2020-12-02,29043.670000
2020-12-03,29050.420000
2020-12-04,29057.180000
2020-12-05,29063.940000
2020-12-06,29070.700000
2020-12-07,29077.460000
2020-12-08,29084.220000
2020-12-09,29090.980000
2020-12-10,29090.040000
2020-12-11,29089.100000
2020-12-12,29088.160000
2020-12-13,29087.220000
2020-12-14,29086.290000
2020-12-15,29085.350000
2020-12-16,29084.410000
2020-12-17,29083.470000
2020-12-18,29082.530000
2020-12-19,29081.590000
2020-12-20,29080.650000
2020-12-21,29079.720000
2020-12-22,29078.780000
2020-12-23,29077.840000
2020-12-24,29076.900000
2020-12-25,29075.960000
2020-12-26,29075.020000
2020-12-27,29074.080000
2020-12-28,29073.150000
2020-12-29,29072.210000
2020-12-30,29071.270000
2020-12-31,29070.330000
2021-01-01,29069.390000
2021-01-02,29068.460000
2021-01-03,29067.520000
2021-01-04,29066.580000
2021-01-05,29065.640000
2021-01-06,29064.700000
2021-01-07,29063.760000
2021-01-08,29062.830000
2021-01-09,29061.890000
2021-01-10,29064.700000
2021-01-11,29067.510000
2021-01-12,29070.320000
2021-01-13,29073.130000
2021-01-14,29075.930000
2021-01-15,29078.740000
2021-01-16,29081.550000
2021-01-17,29084.360000
2021-01-18,29087.180000
2021-01-19,29089.990000
2021-01-20,29092.800000
2021-01-21,29095.610000
2021-01-22,29098.420000
2021-01-23,29101.230000
2021-01-24,29104.040000
2021-01-25,29106.860000
2021-01-26,29109.670000
2021-01-27,29112.480000
2021-01-28,29115.300000
2021-01-29,29118.110000
2021-01-30,29120.920000
2021-01-31,29123.740000
2021-02-01,29126.550000
2021-02-02,29129.370000
2021-02-03,29132.180000
2021-02-04,29135.000000
2021-02-05,29137.810000
2021-02-06,29140.630000
2021-02-07,29143.440000
2021-02-08,29146.260000
2021-02-09,29149.080000
2021-02-10,29156.340000
2021-02-11,29163.610000
2021-02-12,29170.870000
2021-02-13,29178.140000
2021-02-14,29185.410000
2021-02-15,29192.680000
2021-02-16,29199.960000
2021-02-17,29207.230000
2021-02-18,29214.510000
2021-02-19,29221.790000
2021-02-20,29229.070000
2021-02-21,29236.350000
2021-02-22,29243.640000
2021-02-23,29250.920000
2021-02-24,29258.210000
2021-02-25,29265.500000
2021-02-26,29272.790000
2021-02-27,29280.090000
2021-02-28,29287.380000
2021-03-01,29294.680000
2021-03-02,29301.980000
2021-03-03,29309.280000
2021-03-04,29316.580000
2021-03-05,29323.890000
2021-03-06,29331.190000
2021-03-07,29338.500000
2021-03-08,29345.810000
2021-03-09,29353.120000
2021-03-10,29355.010000
2021-03-11,29356.900000
2021-03-12,29358.800000
2021-03-13,29360.690000
2021-03-14,29362.580000
2021-03-15,29364.470000
2021-03-16,29366.370000
2021-03-17,29368.260000
2021-03-18,29370.150000
2021-03-19,29372.040000
2021-03-20,29373.940000
2021-03-21,29375.830000
2021-03-22,29377.720000
2021-03-23,29379.620000
2021-03-24,29381.510000
2021-03-25,29383.410000
2021-03-26,29385.300000
2021-03-27,29387.190000
2021-03-28,29389.090000
2021-03-29,29390.980000
2021-03-30,29392.880000
2021-03-31,29394.770000
2021-04-01,29396.670000
2021-04-02,29398.560000
2021-04-03,29400.450000
2021-04-04,29402.350000
2021-04-05,29404.240000
2021-04-06,29406.140000
2021-04-07,29408.040000
2021-04-08,29409.930000
2021-04-09,29411.830000
2021-04-10,29415.740000
2021-04-11,29419.660000
2021-04-12,29423.570000
2021-04-13,29427.490000
2021-04-14,29431.410000
2021-04-15,29435.320000
2021-04-16,29439.240000
2021-04-17,29443.160000
2021-04-18,29447.070000
2021-04-19,29450.990000
2021-04-20,29454.910000
2021-04-21,29458.830000
2021-04-22,29462.750000
2021-04-23,29466.670000
2021-04-24,29470.590000
2021-04-25,29474.520000
2021-04-26,29478.440000
2021-04-27,29482.360000
2021-04-28,29486.290000
2021-04-29,29490.210000
2021-04-30,29494.130000
2021-05-01,29498.060000
2021-05-02,29501.980000
2021-05-03,29505.910000
2021-05-04,29509.840000
2021-05-05,29513.760000
2021-05-06,29517.690000
2021-05-07,29521.620000
2021-05-08,29525.550000
2021-05-09,29529.480000
2021-05-10,29533.280000
2021-05-11,29537.090000
2021-05-12,29540.890000
2021-05-13,29544.690000
2021-05-14,29548.500000
2021-05-15,29552.300000
2021-05-16,29556.110000
2021-05-17,29559.920000
2021-05-18,29563.720000
2021-05-19,29567.530000
2021-05-20,29571.340000
2021-05-21,29575.150000
2021-05-22,29578.960000
2021-05-23,29582.770000
2021-05-24,29586.570000
2021-05-25,29590.390000
2021-05-26,29594.200000
2021-05-27,29598.010000
2021-05-28,29601.820000
2021-05-29,29605.630000
2021-05-30,29609.440000
2021-05-31,29613.260000
2021-06-01,29617.070000
2021-06-02,29620.880000
2021-06-03,29624.700000
2021-06-04,29628.510000
2021-06-05,29632.330000
2021-06-06,29636.150000
2021-06-07,29639.960000
2021-06-08,29643.780000
2021-06-09,29647.600000
2021-06-10,29650.560000
2021-06-11,29653.520000
2021-06-12,29656.480000
2021-06-13,29659.440000
2021-06-14,29662.410000
2021-06-15,29665.370000
2021-06-16,29668.330000
2021-06-17,29671.290000
2021-06-18,29674.250000
2021-06-19,29677.220000
2021-06-20,29680.180000
2021-06-21,29683.150000
2021-06-22,29686.110000
2021-06-23,29689.070000
2021-06-24,29692.040000
2021-06-25,29695.000000
2021-06-26,29697.970000
2021-06-27,29700.930000
2021-06-28,29703.900000
2021-06-29,29706.870000
2021-06-30,29709.830000
2021-07-01,29712.800000
2021-07-02,29715.770000
2021-07-03,29718.730000
2021-07-04,29721.700000
2021-07-05,29724.670000
2021-07-06,29727.640000
2021-07-07,29730.600000
2021-07-08,29733.570000
2021-07-09,29736.540000
2021-07-10,29737.500000
2021-07-11,29738.460000
2021-07-12,29739.420000
2021-07-13,29740.380000
2021-07-14,29741.330000
2021-07-15,29742.290000
2021-07-16,29743.250000
2021-07-17,29744.210000
2021-07-18,29745.170000
2021-07-19,29746.130000
2021-07-20,29747.090000
2021-07-21,29748.050000
2021-07-22,29749.010000
2021-07-23,29749.970000
2021-07-24,29750.920000
2021-07-25,29751.880000
2021-07-26,29752.840000
2021-07-27,29753.800000
2021-07-28,29754.760000
2021-07-29,29755.720000
2021-07-30,29756.680000
2021-07-31,29757.640000
2021-08-01,29758.600000
2021-08-02,29759.560000
2021-08-03,29760.520000
2021-08-04,29761.480000
2021-08-05,29762.440000
2021-08-06,29763.400000
2021-08-07,29764.360000
2021-08-08,29765.320000
2021-08-09,29766.280000
2021-08-10,29773.930000
2021-08-11,29781.590000
2021-08-12,29789.240000
2021-08-13,29796.900000
2021-08-14,29804.560000
2021-08-15,29812.220000
2021-08-16,29819.890000
2021-08-17,29827.550000
2021-08-18,29835.220000
2021-08-19,29842.890000
2021-08-20,29850.560000
2021-08-21,29858.230000
2021-08-22,29865.910000
2021-08-23,29873.590000
2021-08-24,29881.270000
2021-08-25,29888.950000
2021-08-26,29896.630000
2021-08-27,29904.320000
2021-08-28,29912.010000
2021-08-29,29919.700000
2021-08-30,29927.390000
2021-08-31,29935.080000
2021-09-01,29942.780000
2021-09-02,29950.470000
2021-09-03,29958.170000
2021-09-04,29965.870000
2021-09-05,29973.580000
2021-09-06,29981.280000
2021-09-07,29988.990000
2021-09-08,29996.700000
2021-09-09,30004.410000
2021-09-10,30008.400000
2021-09-11,30012.400000
2021-09-12,30016.390000
2021-09-13,30020.380000
2021-09-14,30024.380000
2021-09-15,30028.380000
2021-09-16,30032.370000
2021-09-17,30036.370000
2021-09-18,30040.360000
2021-09-19,30044.360000
2021-09-20,30048.360000
2021-09-21,30052.360000
2021-09-22,30056.360000
2021-09-23,30060.360000
2021-09-24,30064.360000
2021-09-25,30068.360000
2021-09-26,30072.360000
2021-09-27,30076.360000
2021-09-28,30080.370000
2021-09-29,30084.370000
2021-09-30,30088.370000
2021-10-01,30092.380000
2021-10-02,30096.380000
2021-10-03,30100.390000
2021-10-04,30104.390000
2021-10-05,30108.400000
2021-10-06,30112.400000
2021-10-07,30116.410000
2021-10-08,30120.420000
2021-10-09,30124.430000
2021-10-10,30136.020000
2021-10-11,30147.620000
2021-10-12,30159.230000
2021-10-13,30170.830000
2021-10-14,30182.440000
2021-10-15,30194.060000
2021-10-16,30205.680000
2021-10-17,30217.310000
2021-10-18,30228.940000
2021-10-19,30240.570000
2021-10-20,30252.210000
2021-10-21,30263.850000
2021-10-22,30275.500000
2021-10-23,30287.150000
2021-10-24,30298.810000
2021-10-25,30310.470000
2021-10-26,30322.130000
2021-10-27,30333.800000
2021-10-28,30345.480000
2021-10-29,30357.160000
2021-10-30,30368.840000
2021-10-31,30380.530000
2021-11-01,30392.220000
2021-11-02,30403.920000
2021-11-03,30415.620000
2021-11-04,30427.330000
2021-11-05,30439.040000
2021-11-06,30450.750000
2021-11-07,30462.470000
2021-11-08,30474.190000
2021-11-09,30485.920000
2021-11-10,30499.050000
2021-11-11,30512.180000
2021-11-12,30525.320000
2021-11-13,30538.470000
2021-11-14,30551.620000
2021-11-15,30564.770000
2021-11-16,30577.940000
2021-11-17,30591.100000
2021-11-18,30604.280000
2021-11-19,30617.460000
2021-11-20,30630.640000
2021-11-21,30643.830000
2021-11-22,30657.030000
2021-11-23,30670.230000
2021-11-24,30683.440000
2021-11-25,30696.650000
2021-11-26,30709.870000
2021-11-27,30723.100000
2021-11-28,30736.330000
2021-11-29,30749.560000
2021-11-30,30762.800000
2021-12-01,30776.050000
2021-12-02,30789.300000
2021-12-03,30802.560000
2021-12-04,30815.830000
2021-12-05,30829.100000
2021-12-06,30842.370000
2021-12-07,30855.660000
2021-12-08,30868.940000
2021-12-09,30882.240000
2021-12-10,30887.210000
2021-12-11,30892.180000
2021-12-12,30897.150000
2021-12-13,30902.120000
2021-12-14,30907.090000
2021-12-15,30912.070000
2021-12-16,30917.040000
2021-12-17,30922.010000
2021-12-18,30926.990000
2021-12-19,30931.970000
2021-12-20,30936.940000
2021-12-21,30941.920000
2021-12-22,30946.900000
2021-12-23,30951.880000
2021-12-24,30956.860000
2021-12-25,30961.840000
2021-12-26,30966.820000
2021-12-27,30971.800000
2021-12-28,30976.790000
2021-12-29,30981.770000
2021-12-30,30986.760000
2021-12-31,30991.740000
2022-01-01,30996.730000
2022-01-02,31001.720000
2022-01-03,31006.710000
2022-01-04,31011.690000
2022-01-05,31016.680000
2022-01-06,31021.670000
2022-01-07,31026.670000
2022-01-08,31031.660000
2022-01-09,31036.650000
2022-01-10,31044.630000
2022-01-11,31052.610000
2022-01-12,31060.590000
2022-01-13,31068.580000
2022-01-14,31076.560000
2022-01-15,31084.550000
2022-01-16,31092.540000
2022-01-17,31100.540000
2022-01-18,31108.530000
2022-01-19,31116.530000
2022-01-20,31124.530000
2022-01-21,31132.530000
2022-01-22,31140.530000
2022-01-23,31148.540000
2022-01-24,31156.540000
2022-01-25,31164.550000
2022-01-26,31172.570000
2022-01-27,31180.580000
2022-01-28,31188.590000
2022-01-29,31196.610000
2022-01-30,31204.630000
2022-01-31,31212.650000
2022-02-01,31220.680000
2022-02-02,31228.700000
2022-02-03,31236.730000
2022-02-04,31244.760000
2022-02-05,31252.790000
2022-02-06,31260.830000
2022-02-07,31268.860000
2022-02-08,31276.900000
2022-02-09,31284.940000
2022-02-10,31298.270000
2022-02-11,31311.610000
2022-02-12,31324.950000
2022-02-13,31338.300000
2022-02-14,31351.650000
2022-02-15,31365.010000
2022-02-16,31378.380000
2022-02-17,31391.750000
2022-02-18,31405.120000
2022-02-19,31418.500000
2022-02-20,31431.890000
2022-02-21,31445.290000
2022-02-22,31458.680000
2022-02-23,31472.090000
2022-02-24,31485.500000
2022-02-25,31498.920000
2022-02-26,31512.340000
2022-02-27,31525.770000
2022-02-28,31539.200000
2022-03-01,31552.640000
2022-03-02,31566.080000
2022-03-03,31579.530000
2022-03-04,31592.990000
2022-03-05,31606.450000
2022-03-06,31619.920000
2022-03-07,31633.390000
2022-03-08,31646.870000
2022-03-09,31660.360000
2022-03-10,31663.420000
2022-03-11,31666.480000
2022-03-12,31669.540000
2022-03-13,31672.600000
2022-03-14,31675.660000
2022-03-15,31678.720000
2022-03-16,31681.780000
2022-03-17,31684.840000
2022-03-18,31687.910000
2022-03-19,31690.970000
2022-03-20,31694.030000
2022-03-21,31697.090000
2022-03-22,31700.160000
2022-03-23,31703.220000
2022-03-24,31706.280000
2022-03-25,31709.350000
2022-03-26,31712.410000
2022-03-27,31715.480000
2022-03-28,31718.540000
2022-03-29,31721.610000
2022-03-30,31724.670000
2022-03-31,31727.740000
2022-04-01,31730.800000
2022-04-02,31733.870000
2022-04-03,31736.940000
2022-04-04,31740.000000
2022-04-05,31743.070000
2022-04-06,31746.140000
2022-04-07,31749.200000
2022-04-08,31752.270000
2022-04-09,31755.340000
2022-04-10,31775.270000
2022-04-11,31795.210000
2022-04-12,31815.170000
2022-04-13,31835.130000
2022-04-14,31855.110000
2022-04-15,31875.100000
2022-04-16,31895.110000
2022-04-17,31915.120000
2022-04-18,31935.150000
2022-04-19,31955.200000
2022-04-20,31975.250000
2022-04-21,31995.320000
2022-04-22,32015.400000
2022-04-23,32035.490000
2022-04-24,32055.600000
2022-04-25,32075.710000
2022-04-26,32095.840000
2022-04-27,32115.990000
2022-04-28,32136.140000
2022-04-29,32156.310000
2022-04-30,32176.490000
2022-05-01,32196.690000
2022-05-02,32216.890000
2022-05-03,32237.110000
2022-05-04,32257.340000
2022-05-05,32277.590000
2022-05-06,32297.840000
2022-05-07,32318.110000
2022-05-08,32338.400000
2022-05-09,32358.690000
2022-05-10,32373.210000
2022-05-11,32387.730000
2022-05-12,32402.260000
2022-05-13,32416.790000
2022-05-14,32431.330000
2022-05-15,32445.880000
2022-05-16,32460.440000
2022-05-17,32475.000000
2022-05-18,32489.560000
2022-05-19,32504.140000
2022-05-20,32518.720000
2022-05-21,32533.310000
2022-05-22,32547.900000
2022-05-23,32562.500000
2022-05-24,32577.110000
2022-05-25,32591.720000
2022-05-26,32606.340000
2022-05-27,32620.970000
2022-05-28,32635.600000
2022-05-29,32650.240000
2022-05-30,32664.890000
2022-05-31,32679.540000
2022-06-01,32694.200000
2022-06-02,32708.870000
2022-06-03,32723.540000
2022-06-04,32738.220000
2022-06-05,32752.900000
2022-06-06,32767.600000
2022-06-07,32782.290000
2022-06-08,32797.000000
2022-06-09,32811.710000
2022-06-10,32824.760000
2022-06-11,32837.810000
2022-06-12,32850.870000
2022-06-13,32863.940000
2022-06-14,32877.010000
2022-06-15,32890.080000
2022-06-16,32903.160000
2022-06-17,32916.250000
2022-06-18,32929.340000
2022-06-19,32942.440000
2022-06-20,32955.540000
2022-06-21,32968.640000
2022-06-22,32981.750000
2022-06-23,32994.870000
2022-06-24,33007.990000
2022-06-25,33021.120000
2022-06-26,33034.250000
2022-06-27,33047.390000
2022-06-28,33060.530000
2022-06-29,33073.680000
2022-06-30,33086.830000
2022-07-01,33099.990000
2022-07-02,33113.160000
2022-07-03,33126.330000
2022-07-04,33139.500000
2022-07-05,33152.680000
2022-07-06,33165.860000
2022-07-07,33179.050000
2022-07-08,33192.250000
2022-07-09,33205.450000
2022-07-10,33215.050000
2022-07-11,33224.650000
2022-07-12,33234.250000
2022-07-13,33243.860000
2022-07-14,33253.470000
2022-07-15,33263.080000
2022-07-16,33272.700000
2022-07-17,33282.320000
2022-07-18,33291.940000
2022-07-19,33301.560000
2022-07-20,33311.190000
2022-07-21,33320.820000
2022-07-22,33330.450000
2022-07-23,33340.080000
2022-07-24,33349.720000
2022-07-25,33359.360000
2022-07-26,33369.000000
2022-07-27,33378.650000
2022-07-28,33388.300000
2022-07-29,33397.950000
2022-07-30,33407.600000
2022-07-31,33417.260000
2022-08-01,33426.920000
2022-08-02,33436.580000
2022-08-03,33446.250000
2022-08-04,33455.920000
2022-08-05,33465.590000
2022-08-06,33475.260000
2022-08-07,33484.940000
2022-08-08,33494.620000
2022-08-09,33504.300000
2022-08-10,33519.330000
2022-08-11,33534.370000
2022-08-12,33549.410000
2022-08-13,33564.460000
2022-08-14,33579.510000
2022-08-15,33594.580000
2022-08-16,33609.650000
2022-08-17,33624.720000
2022-08-18,33639.810000
2022-08-19,33654.900000
2022-08-20,33669.990000
2022-08-21,33685.100000
2022-08-22,33700.210000
2022-08-23,33715.330000
2022-08-24,33730.450000
2022-08-25,33745.580000
2022-08-26,33760.720000
2022-08-27,33775.860000
2022-08-28,33791.010000
2022-08-29,33806.170000
2022-08-30,33821.340000
2022-08-31,33836.510000
2022-09-01,33851.690000
2022-09-02,33866.870000
2022-09-03,33882.060000
2022-09-04,33897.260000
2022-09-05,33912.470000
2022-09-06,33927.680000
2022-09-07,33942.900000
2022-09-08,33958.130000
2022-09-09,33973.360000
2022-09-10,33986.870000
2022-09-11,34000.390000
2022-09-12,34013.910000
2022-09-13,34027.440000
2022-09-14,34040.970000
2022-09-15,34054.510000
2022-09-16,34068.050000
2022-09-17,34081.600000
2022-09-18,34095.150000
2022-09-19,34108.710000
2022-09-20,34122.280000
2022-09-21,34135.850000
2022-09-22,34149.420000
2022-09-23,34163.010000
2022-09-24,34176.590000
2022-09-25,34190.180000
2022-09-26,34203.780000
2022-09-27,34217.380000
2022-09-28,34230.990000
2022-09-29,34244.610000
2022-09-30,34258.230000
2022-10-01,34271.850000
2022-10-02,34285.480000
2022-10-03,34299.110000
2022-10-04,34312.760000
2022-10-05,34326.400000
2022-10-06,34340.050000
2022-10-07,34353.710000
2022-10-08,34367.370000
2022-10-09,34381.040000
2022-10-10,34390.980000
2022-10-11,34400.920000
2022-10-12,34410.860000
2022-10-13,34420.810000
2022-10-14,34430.760000
2022-10-15,34440.710000
2022-10-16,34450.670000
2022-10-17,34460.630000
2022-10-18,34470.590000
2022-10-19,34480.550000
2022-10-20,34490.520000
2022-10-21,34500.490000
2022-10-22,34510.460000
2022-10-23,34520.440000
2022-10-24,34530.420000
2022-10-25,34540.400000
2022-10-26,34550.380000
2022-10-27,34560.370000
2022-10-28,34570.360000
2022-10-29,34580.350000
2022-10-30,34590.350000
2022-10-31,34600.350000
2022-11-01,34610.350000
2022-11-02,34620.360000
2022-11-03,34630.360000
2022-11-04,34640.370000
2022-11-05,34650.390000
2022-11-06,34660.400000
2022-11-07,34670.420000
2022-11-08,34680.440000
2022-11-09,34690.470000
2022-11-10,34696.240000
2022-11-11,34702.010000
2022-11-12,34707.780000
2022-11-13,34713.550000
2022-11-14,34719.320000
2022-11-15,34725.090000
2022-11-16,34730.860000
2022-11-17,34736.640000
2022-11-18,34742.410000
2022-11-19,34748.190000
2022-11-20,34753.970000
2022-11-21,34759.750000
2022-11-22,34765.530000
2022-11-23,34771.310000
2022-11-24,34777.090000
2022-11-25,34782.870000
2022-11-26,34788.650000
2022-11-27,34794.440000
2022-11-28,34800.220000
2022-11-29,34806.010000
2022-11-30,34811.800000
2022-12-01,34817.580000
2022-12-02,34823.370000
2022-12-03,34829.160000
2022-12-04,34834.950000
2022-12-05,34840.750000
2022-12-06,34846.540000
2022-12-07,34852.330000
2022-12-08,34858.130000
2022-12-09,34863.920000
2022-12-10,34875.110000
2022-12-11,34886.310000
2022-12-12,34897.510000
2022-12-13,34908.710000
2022-12-14,34919.920000
2022-12-15,34931.130000
2022-12-16,34942.340000
2022-12-17,34953.560000
2022-12-18,34964.780000
2022-12-19,34976.010000
2022-12-20,34987.230000
2022-12-21,34998.470000
2022-12-22,35009.700000
2022-12-23,35020.940000
2022-12-24,35032.180000
2022-12-25,35043.430000
2022-12-26,35054.680000
2022-12-27,35065.930000
2022-12-28,35077.190000
2022-12-29,35088.450000
2022-12-30,35099.720000
2022-12-31,35110.980000
2023-01-01,35122.260000
2023-01-02,35133.530000
2023-01-03,35144.810000
2023-01-04,35156.090000
2023-01-05,35167.380000
2023-01-06,35178.670000
2023-01-07,35189.960000
2023-01-08,35201.260000
2023-01-09,35212.560000
2023-01-10,35215.960000
2023-01-11,35219.370000
2023-01-12,35222.770000
2023-01-13,35226.170000
2023-01-14,35229.580000
2023-01-15,35232.980000
2023-01-16,35236.390000
2023-01-17,35239.790000
2023-01-18,35243.200000
2023-01-19,35246.600000
2023-01-20,35250.010000
2023-01-21,35253.410000
2023-01-22,35256.820000
2023-01-23,35260.230000
2023-01-24,35263.640000
2023-01-25,35267.040000
2023-01-26,35270.450000
2023-01-27,35273.860000
2023-01-28,35277.270000
2023-01-29,35280.680000
2023-01-30,35284.090000
2023-01-31,35287.500000
2023-02-01,35290.910000
2023-02-02,35294.320000
2023-02-03,35297.730000
2023-02-04,35301.140000
2023-02-05,35304.550000
2023-02-06,35307.960000
2023-02-07,35311.370000
2023-02-08,35314.790000
2023-02-09,35318.200000
2023-02-10,35328.250000
2023-02-11,35338.310000
2023-02-12,35348.370000
2023-02-13,35358.430000
2023-02-14,35368.490000
2023-02-15,35378.560000
2023-02-16,35388.630000
2023-02-17,35398.700000
2023-02-18,35408.770000
2023-02-19,35418.850000
2023-02-20,35428.930000
2023-02-21,35439.020000
2023-02-22,35449.100000
2023-02-23,35459.190000
2023-02-24,35469.280000
2023-02-25,35479.380000
2023-02-26,35489.480000
2023-02-27,35499.580000
2023-02-28,35509.680000
2023-03-01,35519.790000
2023-03-02,35529.900000
2023-03-03,35540.010000
2023-03-04,35550.130000
2023-03-05,35560.240000
2023-03-06,35570.370000
2023-03-07,35580.490000
2023-03-08,35590.620000
2023-03-09,35600.750000
2023-03-10,35599.600000
2023-03-11,35598.450000
2023-03-12,35597.300000
2023-03-13,35596.150000
2023-03-14,35595.010000
2023-03-15,35593.860000
2023-03-16,35592.710000
2023-03-17,35591.560000
2023-03-18,35590.410000
2023-03-19,35589.260000
2023-03-20,35588.110000
2023-03-21,35586.960000
2023-03-22,35585.820000
2023-03-23,35584.670000
2023-03-24,35583.520000
2023-03-25,35582.370000
2023-03-26,35581.220000
2023-03-27,35580.070000
2023-03-28,35578.930000
2023-03-29,35577.780000
2023-03-30,35576.630000
2023-03-31,35575.480000
2023-04-01,35574.330000
2023-04-02,35573.190000
2023-04-03,35572.040000
2023-04-04,35570.890000
2023-04-05,35569.740000
2023-04-06,35568.590000
2023-04-07,35567.440000
2023-04-08,35566.300000
2023-04-09,35565.150000
2023-04-10,35578.120000
2023-04-11,35591.100000
2023-04-12,35604.080000
2023-04-13,35617.070000
2023-04-14,35630.060000
2023-04-15,35643.050000
2023-04-16,35656.050000
2023-04-17,35669.060000
2023-04-18,35682.070000
2023-04-19,35695.080000
2023-04-20,35708.100000
2023-04-21,35721.120000
2023-04-22,35734.150000
2023-04-23,35747.190000
2023-04-24,35760.220000
2023-04-25,35773.270000
2023-04-26,35786.310000
2023-04-27,35799.370000
2023-04-28,35812.420000
2023-04-29,35825.490000
2023-04-30,35838.550000
2023-05-01,35851.620000
2023-05-02,35864.700000
2023-05-03,35877.780000
2023-05-04,35890.870000
2023-05-05,35903.960000
2023-05-06,35917.050000
2023-05-07,35930.150000
2023-05-08,35943.260000
2023-05-09,35956.370000
2023-05-10,35959.840000
2023-05-11,35963.320000
2023-05-12,35966.790000
2023-05-13,35970.270000
2023-05-14,35973.750000
2023-05-15,35977.220000
2023-05-16,35980.700000
2023-05-17,35984.180000
2023-05-18,35987.650000
2023-05-19,35991.130000
2023-05-20,35994.610000
2023-05-21,35998.090000
2023-05-22,36001.570000
2023-05-23,36005.050000
2023-05-24,36008.520000
2023-05-25,36012.000000
2023-05-26,36015.480000
2023-05-27,36018.960000
2023-05-28,36022.440000
2023-05-29,36025.930000
2023-05-30,36029.410000
2023-05-31,36032.890000
2023-06-01,36036.370000
2023-06-02,36039.850000
2023-06-03,36043.340000
2023-06-04,36046.820000
2023-06-05,36050.300000
2023-06-06,36053.790000
2023-06-07,36057.270000
2023-06-08,36060.750000
2023-06-09,36064.240000
2023-06-10,36065.440000
2023-06-11,36066.640000
2023-06-12,36067.840000
2023-06-13,36069.050000
2023-06-14,36070.250000
2023-06-15,36071.450000
2023-06-16,36072.650000
2023-06-17,36073.850000
2023-06-18,36075.060000
2023-06-19,36076.260000
2023-06-20,36077.460000
2023-06-21,36078.660000
2023-06-22,36079.860000
2023-06-23,36081.070000
2023-06-24,36082.270000
2023-06-25,36083.470000
2023-06-26,36084.670000
2023-06-27,36085.870000
2023-06-28,36087.080000
2023-06-29,36088.280000
2023-06-30,36089.480000
2023-07-01,36090.680000
2023-07-02,36091.890000
2023-07-03,36093.090000
2023-07-04,36094.290000
2023-07-05,36095.490000
2023-07-06,36096.700000
2023-07-07,36097.900000
2023-07-08,36099.100000
2023-07-09,36100.300000
2023-07-10,36097.970000
2023-07-11,36095.640000
2023-07-12,36093.310000
2023-07-13,36090.980000
2023-07-14,36088.640000
2023-07-15,36086.310000
2023-07-16,36083.980000
2023-07-17,36081.650000
2023-07-18,36079.320000
2023-07-19,36076.990000
2023-07-20,36074.660000
2023-07-21,36072.330000
2023-07-22,36070.000000
2023-07-23,36067.680000
2023-07-24,36065.350000
2023-07-25,36063.020000
2023-07-26,36060.690000
2023-07-27,36058.360000
2023-07-28,36056.030000
2023-07-29,36053.700000
2023-07-30,36051.370000
2023-07-31,36049.050000
2023-08-01,36046.720000
2023-08-02,36044.390000
2023-08-03,36042.060000
2023-08-04,36039.730000
2023-08-05,36037.410000
2023-08-06,36035.080000
2023-08-07,36032.750000
2023-08-08,36030.430000
2023-08-09,36028.100000
2023-08-10,36032.740000
2023-08-11,36037.380000
2023-08-12,36042.020000
2023-08-13,36046.660000
2023-08-14,36051.310000
2023-08-15,36055.950000
2023-08-16,36060.590000
2023-08-17,36065.240000
2023-08-18,36069.880000
2023-08-19,36074.530000
2023-08-20,36079.170000
2023-08-21,36083.820000
2023-08-22,36088.460000
2023-08-23,36093.110000
2023-08-24,36097.760000
2023-08-25,36102.410000
2023-08-26,36107.060000
2023-08-27,36111.710000
2023-08-28,36116.360000
2023-08-29,36121.010000
2023-08-30,36125.660000
2023-08-31,36130.310000
2023-09-01,36134.970000
2023-09-02,36139.620000
2023-09-03,36144.270000
2023-09-04,36148.930000
2023-09-05,36153.580000
2023-09-06,36158.240000
2023-09-07,36162.900000
2023-09-08,36167.550000
2023-09-09,36172.210000
2023-09-10,36173.420000
2023-09-11,36174.620000
2023-09-12,36175.830000
2023-09-13,36177.030000
2023-09-14,36178.240000
2023-09-15,36179.440000
2023-09-16,36180.650000
2023-09-17,36181.850000
2023-09-18,36183.060000
2023-09-19,36184.260000
2023-09-20,36185.470000
2023-09-21,36186.670000
2023-09-22,36187.880000
2023-09-23,36189.090000
2023-09-24,36190.290000
2023-09-25,36191.500000
2023-09-26,36192.700000
2023-09-27,36193.910000
2023-09-28,36195.110000
2023-09-29,36196.320000
2023-09-30,36197.530000
2023-10-01,36198.730000
2023-10-02,36199.940000
2023-10-03,36201.140000
2023-10-04,36202.350000
2023-10-05,36203.560000
2023-10-06,36204.760000
2023-10-07,36205.970000
2023-10-08,36207.180000
2023-10-09,36208.380000
2023-10-10,36216.530000
2023-10-11,36224.680000
2023-10-12,36232.830000
2023-10-13,36240.990000
2023-10-14,36249.140000
2023-10-15,36257.300000
2023-10-16,36265.460000
2023-10-17,36273.620000
2023-10-18,36281.780000
2023-10-19,36289.950000
2023-10-20,36298.110000
2023-10-21,36306.280000
2023-10-22,36314.450000
2023-10-23,36322.630000
2023-10-24,36330.800000
2023-10-25,36338.980000
2023-10-26,36347.150000
2023-10-27,36355.330000
2023-10-28,36363.520000
2023-10-29,36371.700000
2023-10-30,36379.880000
2023-10-31,36388.070000
2023-11-01,36396.260000
2023-11-02,36404.450000
2023-11-03,36412.640000
2023-11-04,36420.840000
2023-11-05,36429.030000
2023-11-06,36437.230000
2023-11-07,36445.430000
2023-11-08,36453.630000
2023-11-09,36461.840000
2023-11-10,36466.690000
2023-11-11,36471.550000
2023-11-12,36476.400000
2023-11-13,36481.250000
2023-11-14,36486.110000
2023-11-15,36490.960000
2023-11-16,36495.820000
2023-11-17,36500.680000
2023-11-18,36505.530000
2023-11-19,36510.390000
2023-11-20,36515.250000
2023-11-21,36520.110000
2023-11-22,36524.970000
2023-11-23,36529.830000
2023-11-24,36534.690000
2023-11-25,36539.550000
2023-11-26,36544.420000
2023-11-27,36549.280000
2023-11-28,36554.140000
2023-11-29,36559.010000
2023-11-30,36563.870000
2023-12-01,36568.740000
2023-12-02,36573.600000
2023-12-03,36578.470000
2023-12-04,36583.340000
2023-12-05,36588.210000
2023-12-06,36593.080000
2023-12-07,36597.950000
2023-12-08,36602.820000
2023-12-09,36607.690000
2023-12-10,36615.930000
2023-12-11,36624.170000
2023-12-12,36632.410000
2023-12-13,36640.650000
2023-12-14,36648.900000
2023-12-15,36657.150000
2023-12-16,36665.400000
2023-12-17,36673.650000
2023-12-18,36681.900000
2023-12-19,36690.160000
2023-12-20,36698.410000
2023-12-21,36706.670000
2023-12-22,36714.930000
2023-12-23,36723.200000
2023-12-24,36731.460000
2023-12-25,36739.730000
2023-12-26,36747.990000
2023-12-27,36756.260000
2023-12-28,36764.540000
2023-12-29,36772.810000
2023-12-30,36781.090000
2023-12-31,36789.360000
2024-01-01,36797.640000
2024-01-02,36805.920000
2024-01-03,36814.210000
2024-01-04,36822.490000
2024-01-05,36830.780000
2024-01-06,36839.070000
2024-01-07,36847.360000
2024-01-08,36855.650000
2024-01-09,36863.940000
2024-01-10,36857.980000
2024-01-11,36852.020000
2024-01-12,36846.060000
2024-01-13,36840.100000
2024-01-14,36834.150000
2024-01-15,36828.190000
2024-01-16,36822.240000
2024-01-17,36816.290000
2024-01-18,36810.330000
2024-01-19,36804.380000
2024-01-20,36798.430000
2024-01-21,36792.480000
2024-01-22,36786.530000
2024-01-23,36780.580000
2024-01-24,36774.640000
2024-01-25,36768.690000
2024-01-26,36762.750000
2024-01-27,36756.800000
2024-01-28,36750.860000
2024-01-29,36744.920000
2024-01-30,36738.980000
2024-01-31,36733.040000
2024-02-01,36727.100000
2024-02-02,36721.160000
2024-02-03,36715.220000
2024-02-04,36709.290000
2024-02-05,36703.350000
2024-02-06,36697.420000
2024-02-07,36691.480000
2024-02-08,36685.550000
2024-02-09,36679.620000
2024-02-10,36688.440000
2024-02-11,36697.270000
2024-02-12,36706.100000
2024-02-13,36714.930000
2024-02-14,36723.760000
2024-02-15,36732.600000
2024-02-16,36741.430000
2024-02-17,36750.270000
2024-02-18,36759.110000
2024-02-19,36767.950000
2024-02-20,36776.800000
2024-02-21,36785.650000
2024-02-22,36794.500000
2024-02-23,36803.350000
2024-02-24,36812.200000
2024-02-25,36821.060000
2024-02-26,36829.920000
2024-02-27,36838.780000
2024-02-28,36847.640000
2024-02-29,36856.500000
2024-03-01,36865.370000
2024-03-02,36874.240000
2024-03-03,36883.110000
2024-03-04,36891.980000
2024-03-05,36900.860000
2024-03-06,36909.730000
2024-03-07,36918.610000
2024-03-08,36927.490000
2024-03-09,36936.380000
2024-03-10,36943.510000
2024-03-11,36950.640000
2024-03-12,36957.770000
2024-03-13,36964.900000
2024-03-14,36972.040000
2024-03-15,36979.170000
2024-03-16,36986.310000
2024-03-17,36993.440000
2024-03-18,37000.580000
2024-03-19,37007.720000
2024-03-20,37014.870000
2024-03-21,37022.010000
2024-03-22,37029.160000
2024-03-23,37036.300000
2024-03-24,37043.450000
2024-03-25,37050.600000
2024-03-26,37057.750000
2024-03-27,37064.900000
2024-03-28,37072.050000
2024-03-29,37079.210000
2024-03-30,37086.360000
2024-03-31,37093.520000
2024-04-01,37100.680000
2024-04-02,37107.840000
2024-04-03,37115.000000
2024-04-04,37122.160000
2024-04-05,37129.330000
2024-04-06,37136.490000
2024-04-07,37143.660000
2024-04-08,37150.830000
2024-04-09,37158.000000
2024-04-10,37162.940000
2024-04-11,37167.890000
2024-04-12,37172.840000
2024-04-13,37177.780000
2024-04-14,37182.730000
2024-04-15,37187.680000
2024-04-16,37192.630000
2024-04-17,37197.580000
2024-04-18,37202.530000
2024-04-19,37207.480000
2024-04-20,37212.430000
2024-04-21,37217.380000
2024-04-22,37222.330000
2024-04-23,37227.290000
2024-04-24,37232.240000
2024-04-25,37237.200000
2024-04-26,37242.150000
2024-04-27,37247.110000
2024-04-28,37252.060000
2024-04-29,37257.020000
2024-04-30,37261.980000
2024-05-01,37266.940000
2024-05-02,37271.900000
2024-05-03,37276.860000
2024-05-04,37281.820000
2024-05-05,37286.780000
2024-05-06,37291.740000
2024-05-07,37296.700000
2024-05-08,37301.670000
2024-05-09,37306.630000
2024-05-10,37312.630000
2024-05-11,37318.640000
2024-05-12,37324.640000
2024-05-13,37330.650000
2024-05-14,37336.650000
2024-05-15,37342.660000
2024-05-16,37348.670000
2024-05-17,37354.680000
2024-05-18,37360.690000
2024-05-19,37366.700000
2024-05-20,37372.710000
2024-05-21,37378.730000
2024-05-22,37384.740000
2024-05-23,37390.760000
2024-05-24,37396.770000
2024-05-25,37402.790000
2024-05-26,37408.810000
2024-05-27,37414.830000
2024-05-28,37420.850000
2024-05-29,37426.870000
2024-05-30,37432.890000
2024-05-31,37438.910000
2024-06-01,37444.940000
2024-06-02,37450.960000
2024-06-03,37456.990000
2024-06-04,37463.010000
2024-06-05,37469.040000
2024-06-06,37475.070000
2024-06-07,37481.100000
2024-06-08,37487.130000
2024-06-09,37493.160000
2024-06-10,37496.900000
2024-06-11,37500.650000
2024-06-12,37504.390000
2024-06-13,37508.140000
2024-06-14,37511.880000
2024-06-15,37515.630000
2024-06-16,37519.380000
2024-06-17,37523.120000
2024-06-18,37526.870000
2024-06-19,37530.620000
2024-06-20,37534.360000
2024-06-21,37538.110000
2024-06-22,37541.860000
2024-06-23,37545.610000
2024-06-24,37549.360000
2024-06-25,37553.110000
2024-06-26,37556.860000
2024-06-27,37560.610000
2024-06-28,37564.360000
2024-06-29,37568.110000
2024-06-30,37571.860000
2024-07-01,37575.610000
2024-07-02,37579.360000
2024-07-03,37583.120000
2024-07-04,37586.870000
2024-07-05,37590.620000
2024-07-06,37594.380000
2024-07-07,37598.130000
2024-07-08,37601.880000
2024-07-09,37605.640000
2024-07-10,37604.430000
2024-07-11,37603.210000
2024-07-12,37602.000000
2024-07-13,37600.790000
2024-07-14,37599.570000
2024-07-15,37598.360000
2024-07-16,37597.150000
2024-07-17,37595.930000
2024-07-18,37594.720000
2024-07-19,37593.510000
2024-07-20,37592.290000
2024-07-21,37591.080000
2024-07-22,37589.870000
2024-07-23,37588.650000
2024-07-24,37587.440000
2024-07-25,37586.230000
2024-07-26,37585.010000
2024-07-27,37583.800000
2024-07-28,37582.590000
2024-07-29,37581.370000
2024-07-30,37580.160000
2024-07-31,37578.950000
2024-08-01,37577.740000
2024-08-02,37576.520000
2024-08-03,37575.310000
2024-08-04,37574.100000
2024-08-05,37572.880000
2024-08-06,37571.670000
2024-08-07,37570.460000
2024-08-08,37569.250000
2024-08-09,37568.030000
2024-08-10,37576.480000
2024-08-11,37584.940000
2024-08-12,37593.400000
2024-08-13,37601.860000
2024-08-14,37610.320000
2024-08-15,37618.790000
2024-08-16,37627.250000
2024-08-17,37635.720000
2024-08-18,37644.190000
2024-08-19,37652.660000
2024-08-20,37661.130000
2024-08-21,37669.610000
2024-08-22,37678.090000
2024-08-23,37686.570000
2024-08-24,37695.050000
2024-08-25,37703.530000
2024-08-26,37712.020000
2024-08-27,37720.500000
2024-08-28,37728.990000
2024-08-29,37737.480000
2024-08-30,37745.970000
2024-08-31,37754.470000
2024-09-01,37762.970000
2024-09-02,37771.460000
2024-09-03,37779.960000
2024-09-04,37788.470000
2024-09-05,37796.970000
2024-09-06,37805.480000
2024-09-07,37813.980000
2024-09-08,37822.490000
2024-09-09,37831.010000
2024-09-10,37834.790000
2024-09-11,37838.570000
2024-09-12,37842.340000
2024-09-13,37846.120000
2024-09-14,37849.900000
2024-09-15,37853.680000
2024-09-16,37857.460000
2024-09-17,37861.240000
2024-09-18,37865.020000
2024-09-19,37868.800000
2024-09-20,37872.580000
2024-09-21,37876.370000
2024-09-22,37880.150000
2024-09-23,37883.930000
2024-09-24,37887.710000
2024-09-25,37891.500000
2024-09-26,37895.280000
2024-09-27,37899.070000
2024-09-28,37902.850000
2024-09-29,37906.630000
2024-09-30,37910.420000
2024-10-01,37914.200000
2024-10-02,37917.990000
2024-10-03,37921.780000
2024-10-04,37925.560000
2024-10-05,37929.350000
2024-10-06,37933.140000
2024-10-07,37936.930000
2024-10-08,37940.710000
2024-10-09,37944.500000
2024-10-10,37945.720000
2024-10-11,37946.950000
2024-10-12,37948.170000
2024-10-13,37949.390000
2024-10-14,37950.620000
2024-10-15,37951.840000
2024-10-16,37953.060000
2024-10-17,37954.290000
2024-10-18,37955.510000
2024-10-19,37956.740000
2024-10-20,37957.960000
2024-10-21,37959.180000
2024-10-22,37960.410000
2024-10-23,37961.630000
2024-10-24,37962.860000
2024-10-25,37964.080000
2024-10-26,37965.300000
2024-10-27,37966.530000
2024-10-28,37967.750000
2024-10-29,37968.980000
2024-10-30,37970.200000
2024-10-31,37971.420000
2024-11-01,37972.650000
2024-11-02,37973.870000
2024-11-03,37975.100000
2024-11-04,37976.320000
2024-11-05,37977.550000
2024-11-06,37978.770000
2024-11-07,37980.000000
2024-11-08,37981.220000
2024-11-09,37982.440000
2024-11-10,37995.040000
2024-11-11,38007.640000
2024-11-12,38020.250000
2024-11-13,38032.870000
2024-11-14,38045.480000
2024-11-15,38058.100000
2024-11-16,38070.730000
2024-11-17,38083.360000
2024-11-18,38095.990000
2024-11-19,38108.630000
2024-11-20,38121.270000
2024-11-21,38133.920000
2024-11-22,38146.570000
2024-11-23,38159.220000
2024-11-24,38171.880000
2024-11-25,38184.540000
2024-11-26,38197.210000
2024-11-27,38209.880000
2024-11-28,38222.560000
2024-11-29,38235.240000
2024-11-30,38247.920000
2024-12-01,38260.610000
2024-12-02,38273.300000
2024-12-03,38286.000000
2024-12-04,38298.700000
2024-12-05,38311.400000
2024-12-06,38324.110000
2024-12-07,38336.830000
2024-12-08,38349.540000
2024-12-09,38362.260000
2024-12-10,38364.730000
2024-12-11,38367.210000
2024-12-12,38369.680000
2024-12-13,38372.150000
2024-12-14,38374.620000
2024-12-15,38377.100000
2024-12-16,38379.570000
2024-12-17,38382.050000
2024-12-18,38384.520000
2024-12-19,38386.990000
2024-12-20,38389.470000
2024-12-21,38391.940000
2024-12-22,38394.420000
2024-12-23,38396.890000
2024-12-24,38399.370000
2024-12-25,38401.840000
2024-12-26,38404.320000
2024-12-27,38406.790000
2024-12-28,38409.270000
2024-12-29,38411.740000
2024-12-30,38414.220000
2024-12-31,38416.690000
2025-01-01,38419.170000
2025-01-02,38421.650000
2025-01-03,38424.120000
2025-01-04,38426.600000
2025-01-05,38429.080000
2025-01-06,38431.550000
2025-01-07,38434.030000
2025-01-08,38436.510000
2025-01-09,38438.980000
2025-01-10,38436.500000
2025-01-11,38434.020000
2025-01-12,38431.530000
2025-01-13,38429.050000
2025-01-14,38426.570000
2025-01-15,38424.090000
2025-01-16,38421.610000
2025-01-17,38419.130000
2025-01-18,38416.640000
2025-01-19,38414.160000
2025-01-20,38411.680000
2025-01-21,38409.200000
2025-01-22,38406.720000
2025-01-23,38404.240000
2025-01-24,38401.760000
2025-01-25,38399.280000
2025-01-26,38396.800000
2025-01-27,38394.320000
2025-01-28,38391.840000
2025-01-29,38389.360000
2025-01-30,38386.880000
2025-01-31,38384.410000
2025-02-01,38381.930000
2025-02-02,38379.450000
2025-02-03,38376.970000
2025-02-04,38374.490000
2025-02-05,38372.010000
2025-02-06,38369.540000
2025-02-07,38367.060000
2025-02-08,38364.580000
2025-02-09,38362.100000
2025-02-10,38377.090000
2025-02-11,38392.090000
2025-02-12,38407.090000
2025-02-13,38422.100000
2025-02-14,38437.120000
2025-02-15,38452.140000
2025-02-16,38467.160000
2025-02-17,38482.200000
2025-02-18,38497.230000
2025-02-19,38512.280000
2025-02-20,38527.330000
2025-02-21,38542.380000
2025-02-22,38557.450000
2025-02-23,38572.510000
2025-02-24,38587.590000
2025-02-25,38602.670000
2025-02-26,38617.750000
2025-02-27,38632.840000
2025-02-28,38647.940000
2025-03-01,38663.050000
2025-03-02,38678.150000
2025-03-03,38693.270000
2025-03-04,38708.390000
2025-03-05,38723.520000
2025-03-06,38738.650000
2025-03-07,38753.790000
2025-03-08,38768.930000
2025-03-09,38784.080000
2025-03-10,38789.070000
2025-03-11,38794.070000
2025-03-12,38799.070000
2025-03-13,38804.060000
2025-03-14,38809.060000
2025-03-15,38814.060000
2025-03-16,38819.060000
2025-03-17,38824.060000
2025-03-18,38829.060000
2025-03-19,38834.060000
2025-03-20,38839.060000
2025-03-21,38844.060000
2025-03-22,38849.060000
2025-03-23,38854.060000
2025-03-24,38859.070000
2025-03-25,38864.070000
2025-03-26,38869.080000
2025-03-27,38874.080000
2025-03-28,38879.090000
2025-03-29,38884.100000
2025-03-30,38889.100000
2025-03-31,38894.110000
2025-04-01,38899.120000
2025-04-02,38904.130000
2025-04-03,38909.140000
2025-04-04,38914.150000
2025-04-05,38919.160000
2025-04-06,38924.180000
2025-04-07,38929.190000
2025-04-08,38934.200000
2025-04-09,38939.220000
2025-04-10,38945.690000
2025-04-11,38952.170000
2025-04-12,38958.650000
2025-04-13,38965.120000
2025-04-14,38971.600000
2025-04-15,38978.080000
2025-04-16,38984.560000
2025-04-17,38991.040000
2025-04-18,38997.530000
2025-04-19,39004.010000
2025-04-20,39010.500000
2025-04-21,39016.980000
2025-04-22,39023.470000
2025-04-23,39029.960000
2025-04-24,39036.450000
2025-04-25,39042.940000
2025-04-26,39049.430000
2025-04-27,39055.920000
2025-04-28,39062.410000
2025-04-29,39068.910000
2025-04-30,39075.410000
2025-05-01,39081.900000
2025-05-02,39088.400000
2025-05-03,39094.900000
2025-05-04,39101.400000
2025-05-05,39107.900000
2025-05-06,39114.400000
2025-05-07,39120.910000
2025-05-08,39127.410000
2025-05-09,39133.920000
2025-05-10,39136.440000
2025-05-11,39138.960000
2025-05-12,39141.490000
2025-05-13,39144.010000
2025-05-14,39146.530000
2025-05-15,39149.060000
2025-05-16,39151.580000
2025-05-17,39154.100000
2025-05-18,39156.630000
2025-05-19,39159.150000
2025-05-20,39161.670000
2025-05-21,39164.200000
2025-05-22,39166.720000
2025-05-23,39169.250000
2025-05-24,39171.770000
2025-05-25,39174.300000
2025-05-26,39176.820000
2025-05-27,39179.350000
2025-05-28,39181.870000
2025-05-29,39184.400000
2025-05-30,39186.920000
2025-05-31,39189.450000
2025-06-01,39191.970000
2025-06-02,39194.500000
2025-06-03,39197.030000
2025-06-04,39199.550000
2025-06-05,39202.080000
2025-06-06,39204.610000
2025-06-07,39207.130000
2025-06-08,39209.660000
2025-06-09,39212.190000
2025-06-10,39214.800000
2025-06-11,39217.410000
2025-06-12,39220.030000
2025-06-13,39222.640000
2025-06-14,39225.250000
2025-06-15,39227.860000
2025-06-16,39230.480000
2025-06-17,39233.090000
2025-06-18,39235.700000
2025-06-19,39238.310000
2025-06-20,39240.930000
2025-06-21,39243.540000
2025-06-22,39246.150000
2025-06-23,39248.770000
2025-06-24,39251.380000
2025-06-25,39254.000000
2025-06-26,39256.610000
2025-06-27,39259.230000
2025-06-28,39261.840000
2025-06-29,39264.460000
2025-06-30,39267.070000
2025-07-01,39269.690000
2025-07-02,39272.300000
2025-07-03,39274.920000
2025-07-04,39277.530000
2025-07-05,39280.150000
2025-07-06,39282.760000
2025-07-07,39285.380000
2025-07-08,39288.000000
2025-07-09,39290.610000
2025-07-10,39285.530000
2025-07-11,39280.450000
2025-07-12,39275.370000
2025-07-13,39270.300000
2025-07-14,39265.220000
2025-07-15,39260.140000
2025-07-16,39255.070000
2025-07-17,39249.990000
2025-07-18,39244.920000
2025-07-19,39239.840000
2025-07-20,39234.770000
2025-07-21,39229.700000
2025-07-22,39224.630000
2025-07-23,39219.560000
2025-07-24,39214.480000
2025-07-25,39209.420000
2025-07-26,39204.350000
2025-07-27,39199.280000
2025-07-28,39194.210000
2025-07-29,39189.140000
2025-07-30,39184.080000
2025-07-31,39179.010000
2025-08-01,39173.950000
2025-08-02,39168.880000
2025-08-03,39163.820000
2025-08-04,39158.750000
2025-08-05,39153.690000
2025-08-06,39148.630000
2025-08-07,39143.570000
2025-08-08,39138.510000
2025-08-09,39133.450000
2025-08-10,39144.760000
2025-08-11,39156.080000
2025-08-12,39167.400000
2025-08-13,39178.720000
2025-08-14,39190.040000
2025-08-15,39201.370000
2025-08-16,39212.700000
2025-08-17,39224.040000
2025-08-18,39235.380000
2025-08-19,39246.720000
2025-08-20,39258.060000
2025-08-21,39269.410000
2025-08-22,39280.760000
2025-08-23,39292.120000
2025-08-24,39303.480000
2025-08-25,39314.840000
2025-08-26,39326.200000
2025-08-27,39337.570000
2025-08-28,39348.940000
2025-08-29,39360.320000
2025-08-30,39371.690000
2025-08-31,39383.070000
2025-09-01,39394.460000
2025-09-02,39405.850000
2025-09-03,39417.240000
2025-09-04,39428.630000
2025-09-05,39440.030000
2025-09-06,39451.430000
2025-09-07,39462.830000
2025-09-08,39474.240000
2025-09-09,39485.650000
2025-09-10,39485.650000
2025-09-11,39485.650000
2025-09-12,39485.650000
2025-09-13,39485.650000
2025-09-14,39485.650000
2025-09-15,39485.650000
2025-09-16,39485.650000
2025-09-17,39485.650000
2025-09-18,39485.650000
2025-09-19,39485.650000
2025-09-20,39485.650000
2025-09-21,39485.650000
2025-09-22,39485.650000
2025-09-23,39485.650000
2025-09-24,39485.650000
2025-09-25,39485.650000
2025-09-26,39485.650000
2025-09-27,39485.650000
2025-09-28,39485.650000
2025-09-29,39485.650000
2025-09-30,39485.650000
2025-10-01,39485.650000
2025-10-02,39485.650000
2025-10-03,39485.650000
2025-10-04,39485.650000
2025-10-05,39485.650000
2025-10-06,39485.650000
2025-10-07,39485.650000
2025-10-08,39485.650000
2025-10-09,39485.650000
2025-10-10,39490.740000
2025-10-11,39495.820000
2025-10-12,39500.910000
2025-10-13,39505.990000
2025-10-14,39511.080000
2025-10-15,39516.170000
2025-10-16,39521.260000
2025-10-17,39526.350000
2025-10-18,39531.440000
2025-10-19,39536.530000
2025-10-20,39541.620000
2025-10-21,39546.710000
2025-10-22,39551.810000
2025-10-23,39556.900000
2025-10-24,39562.000000
2025-10-25,39567.090000
2025-10-26,39572.190000
2025-10-27,39577.280000
2025-10-28,39582.380000
2025-10-29,39587.480000
2025-10-30,39592.570000
2025-10-31,39597.670000
2025-11-01,39602.770000
2025-11-02,39607.870000
2025-11-03,39612.970000
2025-11-04,39618.080000
2025-11-05,39623.180000
2025-11-06,39628.280000
2025-11-07,39633.380000
2025-11-08,39638.490000
2025-11-09,39643.590000
2025-11-10,39643.590000
2025-11-11,39643.590000
2025-11-12,39643.590000
2025-11-13,39643.590000
2025-11-14,39643.590000
2025-11-15,39643.590000
2025-11-16,39643.590000
2025-11-17,39643.590000
2025-11-18,39643.590000
2025-11-19,39643.590000
2025-11-20,39643.590000
2025-11-21,39643.590000
2025-11-22,39643.590000
2025-11-23,39643.590000
2025-11-24,39643.590000
2025-11-25,39643.590000
2025-11-26,39643.590000
2025-11-27,39643.590000
2025-11-28,39643.590000
2025-11-29,39643.590000
2025-11-30,39643.590000
2025-12-01,39643.590000
2025-12-02,39643.590000
2025-12-03,39643.590000
2025-12-04,39643.590000
2025-12-05,39643.590000
2025-12-06,39643.590000
2025-12-07,39643.590000
2025-12-08,39643.590000
2025-12-09,39643.590000
2025-12-10,39647.420000
2025-12-11,39651.250000
2025-12-12,39655.080000
2025-12-13,39658.920000
2025-12-14,39662.750000
2025-12-15,39666.580000
2025-12-16,39670.410000
2025-12-17,39674.250000
2025-12-18,39678.080000
2025-12-19,39681.920000
2025-12-20,39685.750000
2025-12-21,39689.590000
2025-12-22,39693.420000
2025-12-23,39697.260000
2025-12-24,39701.090000
2025-12-25,39704.930000
2025-12-26,39708.770000
2025-12-27,39712.600000
2025-12-28,39716.440000
2025-12-29,39720.280000
2025-12-30,39724.120000
2025-12-31,39727.960000
2026-01-01,39731.790000
2026-01-02,39735.630000
2026-01-03,39739.470000
2026-01-04,39743.310000
2026-01-05,39747.150000
2026-01-06,39751.000000
2026-01-07,39754.840000
2026-01-08,39758.680000
2026-01-09,39762.520000
2026-01-10,39759.950000
2026-01-11,39757.380000
2026-01-12,39754.820000
2026-01-13,39752.250000
2026-01-14,39749.680000
2026-01-15,39747.120000
2026-01-16,39744.550000
2026-01-17,39741.980000
2026-01-18,39739.420000
2026-01-19,39736.850000
2026-01-20,39734.280000
2026-01-21,39731.720000
2026-01-22,39729.150000
2026-01-23,39726.590000
2026-01-24,39724.020000
2026-01-25,39721.450000
2026-01-26,39718.890000
2026-01-27,39716.320000
2026-01-28,39713.760000
2026-01-29,39711.200000
2026-01-30,39708.630000
2026-01-31,39706.070000
2026-02-01,39703.500000
2026-02-02,39700.940000
2026-02-03,39698.370000
2026-02-04,39695.810000
2026-02-05,39693.250000
2026-02-06,39690.680000
2026-02-07,39688.120000
2026-02-08,39685.560000
2026-02-09,39682.990000
2026-02-10,39688.650000
2026-02-11,39694.310000
2026-02-12,39699.970000
2026-02-13,39705.630000
2026-02-14,39711.290000
2026-02-15,39716.950000
2026-02-16,39722.610000
2026-02-17,39728.280000
2026-02-18,39733.940000
2026-02-19,39739.610000
2026-02-20,39745.270000
2026-02-21,39750.940000
2026-02-22,39756.610000
2026-02-23,39762.280000
2026-02-24,39767.950000
2026-02-25,39773.620000
2026-02-26,39779.290000
2026-02-27,39784.960000
2026-02-28,39790.630000
2026-03-01,39796.310000
2026-03-02,39801.980000
2026-03-03,39807.650000
2026-03-04,39813.330000
2026-03-05,39819.010000
2026-03-06,39824.680000
2026-03-07,39830.360000
2026-03-08,39836.040000
2026-03-09,39841.720000
2026-03-10,39841.720000
2026-03-11,39841.720000
2026-03-12,39841.720000
2026-03-13,39841.720000
2026-03-14,39841.720000
2026-03-15,39841.720000
2026-03-16,39841.720000
2026-03-17,39841.720000
2026-03-18,39841.720000
2026-03-19,39841.720000
2026-03-20,39841.720000
2026-03-21,39841.720000
2026-03-22,39841.720000
2026-03-23,39841.720000
2026-03-24,39841.720000
2026-03-25,39841.720000
2026-03-26,39841.720000
2026-03-27,39841.720000
2026-03-28,39841.720000
2026-03-29,39841.720000
2026-03-30,39841.720000
2026-03-31,39841.720000
2026-04-01,39841.720000
2026-04-02,39841.720000
2026-04-03,39841.720000
2026-04-04,39841.720000
2026-04-05,39841.720000
2026-04-06,39841.720000
2026-04-07,39841.720000
2026-04-08,39841.720000
2026-04-09,39841.720000
2026-04-10,39854.940000
2026-04-11,39868.160000
2026-04-12,39881.380000
2026-04-13,39894.610000
2026-04-14,39907.850000
2026-04-15,39921.090000
2026-04-16,39934.330000
2026-04-17,39947.580000
2026-04-18,39960.830000
2026-04-19,39974.090000
2026-04-20,39987.350000
2026-04-21,40000.610000
2026-04-22,40013.880000
2026-04-23,40027.150000
2026-04-24,40040.430000
2026-04-25,40053.720000
2026-04-26,40067.000000
2026-04-27,40080.290000
2026-04-28,40093.590000
2026-04-29,40106.890000
2026-04-30,40120.200000
2026-05-01,40133.500000
2026-05-02,40146.820000
2026-05-03,40160.140000
2026-05-04,40173.460000
2026-05-05,40186.790000
2026-05-06,40200.120000
2026-05-07,40213.450000
2026-05-08,40226.790000
2026-05-09,40240.140000
2026-05-10,40256.910000
2026-05-11,40273.690000
2026-05-12,40290.470000
2026-05-13,40307.260000
2026-05-14,40324.060000
2026-05-15,40340.860000
2026-05-16,40357.670000
2026-05-17,40374.490000
2026-05-18,40391.320000
2026-05-19,40408.150000
2026-05-20,40424.990000
2026-05-21,40441.840000
2026-05-22,40458.690000
2026-05-23,40475.550000
2026-05-24,40492.420000
2026-05-25,40509.290000
2026-05-26,40526.180000
2026-05-27,40543.070000
2026-05-28,40559.960000
2026-05-29,40576.860000
2026-05-30,40593.770000
2026-05-31,40610.690000
2026-06-01,40627.620000
2026-06-02,40644.550000
2026-06-03,40661.480000
2026-06-04,40678.430000
2026-06-05,40695.380000
2026-06-06,40712.340000
2026-06-07,40729.310000
2026-06-08,40746.280000
2026-06-09,40763.260000
2026-06-10,40765.970000
2026-06-11,40768.690000
2026-06-12,40771.410000
2026-06-13,40774.120000
2026-06-14,40776.840000
2026-06-15,40779.550000
2026-06-16,40782.270000
2026-06-17,40784.980000
2026-06-18,40787.700000
2026-06-19,40790.420000
2026-06-20,40793.130000
2026-06-21,40795.850000
2026-06-22,40798.570000
2026-06-23,40801.290000
2026-06-24,40804.000000
2026-06-25,40806.720000
2026-06-26,40809.440000
2026-06-27,40812.160000
2026-06-28,40814.870000
2026-06-29,40817.590000
2026-06-30,40820.310000
2026-07-01,40823.030000
2026-07-02,40825.750000
2026-07-03,40828.470000
2026-07-04,40831.190000
2026-07-05,40833.910000
2026-07-06,40836.630000
2026-07-07,40839.350000
2026-07-08,40842.070000
2026-07-09,40844.790000
2026-07-10,40844.790000
2026-07-11,40844.790000
2026-07-12,40844.790000
2026-07-13,40844.790000
2026-07-14,40844.790000
2026-07-15,40844.790000
2026-07-16,40844.790000
2026-07-17,40844.790000
2026-07-18,40844.790000
2026-07-19,40844.790000
2026-07-20,40844.790000
2026-07-21,40844.790000
2026-07-22,40844.790000
2026-07-23,40844.790000
2026-07-24,40844.790000
2026-07-25,40844.790000
2026-07-26,40844.790000
2026-07-27,40844.790000
2026-07-28,40844.790000
2026-07-29,40844.790000
2026-07-30,40844.790000
2026-07-31,40844.790000
2026-08-01,40844.790000
2026-08-02,40844.790000
2026-08-03,40844.790000
2026-08-04,40844.790000
2026-08-05,40844.790000
2026-08-06,40844.790000
2026-08-07,40844.790000
2026-08-08,40844.790000
2026-08-09,40844.790000
2026-08-10,40846.110000
2026-08-11,40847.420000
2026-08-12,40848.740000
2026-08-13,40850.060000
2026-08-14,40851.380000
2026-08-15,40852.690000
2026-08-16,40854.010000
2026-08-17,40855.330000
2026-08-18,40856.640000
2026-08-19,40857.960000
2026-08-20,40859.280000
2026-08-21,40860.600000
2026-08-22,40861.910000
2026-08-23,40863.230000
2026-08-24,40864.550000
2026-08-25,40865.870000
2026-08-26,40867.180000
2026-08-27,40868.500000
2026-08-28,40869.820000
2026-08-29,40871.140000
2026-08-30,40872.450000
2026-08-31,40873.770000
2026-09-01,40875.090000
2026-09-02,40876.410000
2026-09-03,40877.730000
2026-09-04,40879.040000
2026-09-05,40880.360000
2026-09-06,40881.680000
2026-09-07,40883.000000
2026-09-08,40884.320000
2026-09-09,40885.630000
2026-09-10,40893.780000
2026-09-11,40901.940000
2026-09-12,40910.100000
2026-09-13,40918.250000
2026-09-14,40926.410000
2026-09-15,40934.580000
2026-09-16,40942.740000
2026-09-17,40950.900000
2026-09-18,40959.070000
2026-09-19,40967.240000
2026-09-20,40975.410000
2026-09-21,40983.580000
2026-09-22,40991.750000
2026-09-23,40999.930000
2026-09-24,41008.100000
2026-09-25,41016.280000
2026-09-26,41024.460000
